Trend,103-AirHeater-HIEU1,06/07/2025,09:01:49
,TagNo,Description,Units
1,20CJA10DE012.out,NET MW,MW
2,20HNA21CT001XQ01.out,ECO O/L FG TEMP,degC
3,20HNA31CT001XQ01.out,AH O/L FG TEMP,degC
4,20HFE21CT001XQ01.out,AH I/L PA TEMP,degC
5,20HFE30CT001XQ01.out,AH O/L PA TEMP,degC
6,20HLA21CT001XQ01.out,AH I/L SECAIR TEMP,degC
7,20HLA30CT001XQ01.out,AH O/L SECAIR TEMP,degC
8,20HLA30CT501XQ01.out,AH O/L SECAIR TEMP,degC
9,20HNA21EE101.s1v,ECO O/L FG ANALR 1 PRB O2 DNSTY 1 VLU,vol%
10,20HNA21EE101.s2v,ECO O/L FG ANALR 1 PRB O2 DNSTY 2 VLU,vol%
11,20HNA21EE102.s1v,ECO O/L FG ANALR 2 PRB O2 DNSTY 1 VLU,vol%
12,20HNA21EE102.s2v,ECO O/L FG ANALR 2 PRB O2 DNSTY 2 VLU,vol%
13,20HNA21CP001XQ01.out,ECO O/L FG PRS,kPa
14,20HNA31CP001XQ01.out,AH O/L FG PRS,kPa
15,20HFE21CP001XQ01.out,PAF A O/L AIR PRS,kPa
16,20HFE22CP001XQ01.out,PAF B O/L AIR PRS,kPa

Date,Time,1,2,3,4,5,6,7,8,9,10,11,12,13,14,15,16
01/06/2025,00:00:00,267.4313,296.0938,120.2625,50.8625,282.65,39.6062,280.2188,280.2812,5.7016,5.2188,5.2562,6.2469,-0.6841,-1.8295,12.6045,12.5265
01/06/2025,00:30:00,415.3312,315.3125,116.225,50.9688,288.375,38.6812,295.4375,295.5,4.9656,4.3594,4.2937,4.0219,-0.8499,-2.6255,13.5632,13.4706
01/06/2025,01:00:00,472.4938,327.0312,117.4125,49.775,298.975,38.1688,307.5625,307.6562,3.3562,3.9469,4.3609,3.9297,-1.0323,-3.067,13.7257,13.6169
01/06/2025,01:30:00,509.8938,336.625,119.6,49.5,307.1,38.075,316.5938,316.6875,3.2953,3.6375,3.9766,3.625,-0.975,-3.178,13.5502,13.4381
01/06/2025,02:00:00,509.575,338.8438,120.725,49.6875,308.95,38.0938,318.7812,318.7812,3.0484,3.5719,4.0453,3.9469,-0.9921,-3.1595,13.5795,13.3861
01/06/2025,02:30:00,510.9563,334.9375,120.3625,50.4812,306.875,38.5062,316.7188,316.8125,3.2094,3.5469,3.8953,3.8422,-0.9724,-3.16,13.5974,13.4804
01/06/2025,03:00:00,508.1937,329.5625,120.2375,50.6562,304.775,38.8563,314.0312,314.125,3.0156,3.3953,3.7984,3.6656,-0.9579,-3.075,13.5047,13.3926
01/06/2025,03:30:00,508.8313,327.4688,119.3875,50.3312,302.675,38.6437,312.0312,312.0625,3.2188,3.2859,3.7437,3.7078,-0.9886,-3.128,13.4674,13.3617
01/06/2025,04:00:00,509.15,327.0312,118.2,50.6312,301.9,38.6562,311.2812,311.3125,3.2312,3.4281,3.825,3.8984,-0.947,-3.165,13.6461,13.547
01/06/2025,04:30:00,509.2562,326.9062,117.7125,49.7937,301.65,38.325,311.4375,311.4688,3.2266,3.3312,3.7672,3.7703,-1.0231,-3.1735,13.6087,13.5047
01/06/2025,05:00:00,507.9812,326.625,117.15,49.225,301.7,37.9188,311.2188,311.2812,3.2234,3.375,3.6328,4.0453,-1.0174,-3.1015,13.4885,13.378
01/06/2025,05:30:00,507.45,326.0938,117.7,49.1187,302.05,37.7313,311.4062,311.4375,2.9844,3.4187,3.8766,3.8687,-0.9549,-3.079,13.8314,13.7014
01/06/2025,06:00:00,436.2625,320.5,117.0625,48.275,299.85,37.4562,307.0312,307.0625,4.2906,3.8203,4.0625,5.1375,-0.8477,-2.5375,12.5623,12.4339
01/06/2025,06:30:00,328.95,317.9375,115.6125,48.9937,296.525,37.4062,301.875,301.9375,4.2437,4.0797,4.9266,4.7234,-0.821,-1.995,12.5216,12.4501
01/06/2025,07:00:00,266.0499,293.75,125.175,50.6562,284.35,39.0938,281.875,281.9062,5.2672,5.4484,5.3687,5.7375,-0.5983,-1.747,12.7816,12.7134
01/06/2025,07:30:00,266.475,290,118.95,51.2812,278.475,39.9375,277.5,277.5312,5.3266,5.4641,5.5734,6.2031,-0.6176,-1.8445,12.7686,12.6874
01/06/2025,08:00:00,265.625,288.2188,119.3125,51.5187,277.5,40.2687,275.25,275.2812,5.5141,5.3969,5.5422,6.1391,-0.6412,-1.848,12.6597,12.5752
01/06/2025,08:30:00,266.7937,287.4062,120.025,51.9062,277,40.6812,274.25,274.2188,5.3516,5.8172,5.8687,6.7156,-0.5961,-1.901,12.7686,12.7004
01/06/2025,09:00:00,265.9437,286.9062,119.45,52.3,276.475,41.0062,274.0625,274.0938,5.1656,5.4984,5.4656,6.1469,-0.6364,-1.851,12.7183,12.6435
01/06/2025,09:30:00,261.0563,286.7812,118.675,52.8187,276.3,41.8812,273.9062,274.0312,5.3391,5.3562,5.2719,6.2312,-0.6705,-1.794,12.8401,12.754
01/06/2025,10:00:00,266.5812,286.9062,118.425,53.4812,275.925,42.6437,274.5625,274.6562,5.4672,5.3969,5.6156,6.1969,-0.6622,-1.761,12.6792,12.6207
01/06/2025,10:30:00,266.2625,287.125,118.225,53.3875,276,42.8125,275.3125,275.4375,5.6437,5.6375,5.5625,5.5125,-0.7318,-1.8585,12.6419,12.5623
01/06/2025,11:00:00,265.2,287,118.0875,53.9688,276.225,43.1562,275.6562,275.7812,5.6187,5.6734,5.6156,6.4078,-0.6416,-1.8375,12.7897,12.7166
01/06/2025,11:30:00,266.9,287.9375,117.7375,54.1125,276.225,43.175,276.0938,276.1875,5.8734,5.6281,5.9766,5.6953,-0.6355,-1.8785,12.6727,12.5866
01/06/2025,12:00:00,267.1124,288.5938,117.725,55.1875,276.325,43.9312,276.6875,276.7812,5.7328,5.2766,5.7016,6.3359,-0.6836,-1.983,12.7036,12.6272
01/06/2025,12:30:00,266.6875,289.7188,116.8375,55.425,276.225,44.2687,277.2812,277.375,5.8516,5.4094,5.4578,5.4953,-0.6574,-2.003,12.832,12.7459
01/06/2025,13:00:00,266.2625,289.875,116.425,55.6625,276.35,44.4562,277.6875,277.75,5.9094,5.3328,5.8578,6.0406,-0.6661,-2.087,12.8482,12.7719
01/06/2025,13:30:00,265.5187,290.2188,116.175,55.925,276.275,44.6,278.0312,278.125,6.0953,5.6328,5.3234,5.4375,-0.6049,-2.058,12.7946,12.7215
01/06/2025,14:00:00,266.9,290.75,115.1625,55.8875,276.35,44.55,278.3438,278.4062,5.55,5.3812,5.5875,5.7188,-0.7213,-1.958,12.7426,12.6711
01/06/2025,14:30:00,350.0938,302.25,113.0125,53.4812,281.525,41.1187,286.9375,287,5.4391,5.1344,4.6953,4.2703,-0.8403,-2.4315,13.0221,12.9506
01/06/2025,15:00:00,439.2374,319.0625,115,52.5,294.225,40.1875,301.7812,301.875,4.05,3.4875,3.6672,3.625,-0.9715,-2.884,13.1342,13.0156
01/06/2025,15:30:00,508.4062,334.0938,119,52.4,304.75,40.2375,314.3125,314.4062,3.1359,3.5094,3.9797,3.8906,-1.0013,-3.244,13.7696,13.6819
01/06/2025,16:00:00,508.6188,333.6875,120.5375,52.1937,305.05,39.95,314.5625,314.5938,3.4016,3.6281,4.0062,3.9828,-0.9737,-3.204,13.6185,13.5145
01/06/2025,16:30:00,507.6625,330.875,120.625,53.475,303.525,41.125,313.1562,313.1875,3.2125,3.6328,4.0094,3.6859,-0.9829,-3.2065,13.6477,13.5421
01/06/2025,17:00:00,508.0875,327.4062,121.5875,53.6562,302.925,42.0375,311.9062,311.9062,3.2031,3.6312,3.8625,3.9906,-1.0153,-3.1905,13.5356,13.4414
01/06/2025,17:30:00,508.3,325.1875,120.925,53.4688,300.8,41.8812,309.8438,309.875,3.3234,3.6953,3.9109,3.9187,-0.9142,-3.0635,13.6055,13.5031
01/06/2025,18:00:00,505.75,324.625,119.45,53.2188,299.8,41.6687,308.9688,309,3.3281,3.45,3.7875,3.8281,-0.9916,-3.1645,13.6575,13.5616
01/06/2025,18:30:00,506.7063,325.1562,119.0875,52.775,299.75,41.3125,309.0312,309.0938,3.3625,3.6047,3.8797,3.9375,-1.0249,-3.2555,13.508,13.3991
01/06/2025,19:00:00,507.875,325.3125,118.8875,52.5125,300.05,41,309.3438,309.4688,3.1766,3.5422,3.8797,3.8281,-1.0157,-3.1845,13.5372,13.43
01/06/2025,19:30:00,508.8313,325.5625,118.7375,52.4562,300.4,40.9437,309.5625,309.6562,3.1,3.2266,3.6031,4.2797,-0.9978,-3.1505,13.5876,13.482
01/06/2025,20:00:00,508.4062,326.2188,118.925,52.3187,300.75,40.7062,309.875,309.9688,3.0031,3.4422,3.8906,3.8578,-0.9746,-3.1205,13.6087,13.4852
01/06/2025,20:30:00,509.15,326.3125,118.9625,52.1062,301,40.6,310.0938,310.0938,3.2422,3.6406,4.0062,3.9375,-0.9855,-3.1815,13.5941,13.4885
01/06/2025,21:00:00,507.45,326.7812,118.9,51.9625,301.275,40.4125,310.4375,310.5312,3.1734,3.1906,3.5547,4.3453,-0.9444,-3.18,13.5746,13.4625
01/06/2025,21:30:00,508.3,326.5938,118.825,51.9062,301.55,40.2312,310.625,310.7188,3.1734,3.2125,3.4484,4.0156,-0.9719,-3.22,13.5779,13.4592
01/06/2025,22:00:00,576.9375,335.7188,120.0625,51.9562,305.85,40.1437,316.6562,316.7812,3.1141,3.0875,3.3141,3.0859,-1.1093,-3.751,13.976,13.8557
01/06/2025,22:30:00,665.2312,347.6562,123.2,51.6875,312.825,39.6875,326.1875,326.2812,2.5609,2.5141,2.8547,2.5406,-1.2799,-4.4905,14.8519,14.7202
01/06/2025,23:00:00,563.2312,346.375,125.3625,51.15,317.625,39.65,327.6875,327.6875,3.0141,2.8766,3.1078,3.4187,-1.0612,-3.5455,13.7257,13.6039
01/06/2025,23:30:00,505.1125,332.4375,121.925,50.95,306.95,39.5312,315.875,315.9062,3.0578,3.3844,3.8719,3.775,-0.9697,-3.112,13.3146,13.2139
02/06/2025,00:00:00,507.025,327.5312,119.35,50.8125,302.5,39.2687,311.4375,311.4375,3.1062,3.575,4.0906,4.1922,-0.996,-3.2985,13.6559,13.5454
02/06/2025,00:30:00,451.6687,319.5625,118.8375,50.3937,298.7,39.1125,306.0625,306.0938,3.9531,4.35,4.6797,4.7562,-0.9243,-2.878,13.0238,12.9214
02/06/2025,01:00:00,436.9,314.2812,119.1625,50.375,294.725,39.025,301.25,301.3125,3.9016,4.3734,4.5375,3.8797,-0.8783,-2.743,13.1895,13.0855
02/06/2025,01:30:00,369.325,307.3438,117.3125,51.675,289.9,39.5375,293.625,293.6875,4.5781,4.9406,5.1375,5.0672,-0.7886,-2.3275,13.1082,13.0173
02/06/2025,02:00:00,264.5625,295.5,126.4625,51.2625,285.975,40.0687,282.375,282.4688,5.0844,5.5266,5.6094,6.2516,-0.6193,-1.728,12.6337,12.5492
02/06/2025,02:30:00,265.2,290.0312,119.1125,50.975,278.05,39.775,277.3125,277.3438,5.0266,5.4891,5.4328,6.3016,-0.6469,-1.7825,12.7118,12.6224
02/06/2025,03:00:00,264.4562,287.5312,119.7375,50.9187,276.75,39.6375,273.9375,274,5.4516,5.2609,5.3234,5.8797,-0.6959,-1.844,12.7052,12.6143
02/06/2025,03:30:00,264.1375,286.875,120.5875,50.9125,276.25,39.5312,272.6875,272.7188,5.2516,5.6547,5.7328,6.4484,-0.66,-1.917,12.7946,12.7166
02/06/2025,04:00:00,265.625,286.5625,120.8375,50.5875,276.175,39.1875,272.1875,272.2188,5.3453,5.6891,5.7531,6.1906,-0.6298,-1.8845,12.8076,12.7247
02/06/2025,04:30:00,264.8812,286.4062,120.725,50.3562,276.425,38.95,272.0625,272.125,5.4484,5.6812,5.5328,6.2109,-0.7112,-1.8665,12.6224,12.5574
02/06/2025,05:00:00,265.2,286.4375,121.2125,50.4875,276.7,38.925,271.9062,272,5.4859,5.5016,5.6594,6.7844,-0.6451,-1.76,12.6744,12.5655
02/06/2025,05:30:00,286.5563,288.9062,120.675,51.2812,277.125,39.0875,274.0625,274.1562,5.2656,5.5234,5.3969,5.9094,-0.6928,-1.9355,12.8645,12.7881
02/06/2025,06:00:00,265.9437,288.5,122.25,51.5,278.25,39.625,273.7812,273.8438,5.6891,5.7031,5.6859,6.5781,-0.6587,-1.8195,12.6987,12.6224
02/06/2025,06:30:00,264.8812,288.7812,120.4625,51.225,277.425,39.7188,274.1562,274.2188,5.8453,5.5328,5.4922,4.7547,-0.6482,-1.9415,12.7572,12.6874
02/06/2025,07:00:00,265.2,292.0938,121.075,51.3562,278.775,39.8125,276.1875,276.25,5.3344,5.4328,5.5125,6.7172,-0.7077,-1.958,12.7686,12.6841
02/06/2025,07:30:00,266.0499,293.2188,120.2375,51.3937,279.75,40.1125,277.4062,277.5,5.1812,5.4562,5.4359,6.2719,-0.6753,-1.951,12.65,12.5639
02/06/2025,08:00:00,265.4125,292.875,120.5875,51.3062,279.975,40.275,277.6875,277.75,5.45,5.7297,5.6531,6.35,-0.6666,-1.9945,12.9051,12.806
02/06/2025,08:30:00,305.8937,299.0625,119.175,51.9937,283.35,40.1,283.3438,283.4375,5.1281,5.2969,5.3125,6.0219,-0.7777,-2.35,12.9019,12.8255
02/06/2025,09:00:00,263.6062,296.125,121.9375,52.2125,283.675,40.8187,281.0625,281.125,5.2766,5.2687,5.2969,6.2047,-0.7422,-1.966,12.5249,12.4485
02/06/2025,09:30:00,259.6749,292.9375,118.675,52.175,279.775,40.675,279.1875,279.2188,5.5875,5.8031,5.6172,5.9828,-0.5913,-1.749,12.7832,12.7036
02/06/2025,10:00:00,263.7125,292,118.8375,52.8062,279.775,40.9375,278.6875,278.7188,5.3469,5.4844,5.7719,6.7109,-0.6836,-1.8315,12.6711,12.5915
02/06/2025,10:30:00,276.1437,292.5625,118.7375,52.925,279.45,40.9562,279.1562,279.25,5.1031,5.5875,5.775,6.0297,-0.7213,-1.904,12.5655,12.4875
02/06/2025,11:00:00,264.2438,292.5938,119.95,53.2562,280.025,41.3812,278.9062,279,5.0766,5.4328,5.6312,5.9437,-0.6657,-1.8565,12.7962,12.7312
02/06/2025,11:30:00,264.0312,289.1875,119.4125,53.2437,278.275,41.3312,278.2188,278.25,5.4562,5.7687,5.7891,6.3937,-0.6211,-1.852,12.8174,12.7394
02/06/2025,12:00:00,264.1375,289.4688,118.5875,53.85,278.025,41.8687,278.2812,278.3125,5.2906,5.4422,5.625,6.1875,-0.6648,-1.8285,12.6565,12.5769
02/06/2025,12:30:00,263.7125,288.875,117.6125,54.2437,276.775,42.5687,277.3438,277.4062,5.4609,5.0828,4.9781,6.2547,-0.6302,-1.8345,12.7572,12.689
02/06/2025,13:00:00,293.6749,290.1562,117.2375,55.1062,276.35,43.5562,278.5938,278.6875,5.0187,5.5156,5.5922,6.3469,-0.6368,-2.1025,12.9441,12.8678
02/06/2025,13:30:00,291.975,291.0312,115.8,55.1812,277.3,43.5562,279.4062,279.5312,5.1141,5.5391,5.4547,5.7406,-0.7663,-2.107,12.8531,12.7654
02/06/2025,14:00:00,344.8875,299.2188,114.2125,54.9437,281.025,43.2,285.7812,285.8438,4.8266,4.9016,5.1297,5.2344,-0.8245,-2.351,12.8547,12.7589
02/06/2025,14:30:00,421.4938,313,112.85,54.3812,287.225,42.3375,294.7812,294.875,4.2219,4.175,4.0141,4.2125,-0.8831,-2.7765,13.9451,13.8427
02/06/2025,15:00:00,460.3812,322.5938,115.775,53.825,295.325,42.3937,304.0625,304.1562,3.4672,3.5125,4.3375,4.7141,-0.9702,-2.8715,12.9961,12.8743
02/06/2025,15:30:00,436.0499,321.2812,121.0625,53.725,298.05,42.3562,304.6875,304.6875,4.6016,3.4688,3.7781,4.5406,-0.9015,-2.7425,13.2334,13.1245
02/06/2025,16:00:00,581.7188,327.5,119.5,54.1562,296.525,42.475,307.7812,307.875,3.4109,2.9516,3.2297,4.1469,-1.283,-4.4995,15.367,15.2272
02/06/2025,16:30:00,660.3438,349.6562,126.1,53.9937,314.6,42.2062,327.3125,327.4062,3.0297,2.2906,2.5078,3.4531,-1.3307,-4.4265,14.7332,14.6114
02/06/2025,17:00:00,572.3688,343.4062,125.1625,53.5,311.525,41.8812,322.0938,322.125,3.5547,2.9734,2.9688,4.2797,-1.1189,-3.6865,13.8655,13.755
02/06/2025,17:30:00,574.7063,340.5,122.825,53.2188,308.775,41.425,319.4688,319.5312,3.2297,2.925,3.025,3.8719,-1.1036,-3.699,14.1353,14.0134
02/06/2025,18:00:00,575.45,339.3125,122.65,53.2,308.025,41.4688,318.6562,318.7188,3.0891,2.6625,2.7062,4.1094,-1.1137,-3.7455,14.1564,14.0442
02/06/2025,18:30:00,574.4938,336.1562,122.075,53.1875,305.9,41.5062,316.4688,316.5,3.2578,2.5453,2.7687,4.1094,-1.1347,-3.6875,14.1255,14.0036
02/06/2025,19:00:00,574.175,336.3125,121.6125,52.9688,305.8,41.1562,316.375,316.4375,3.1844,3.0016,3.1344,4.1031,-1.1509,-3.684,14.1369,14.0069
02/06/2025,19:30:00,575.2375,337.0312,121.3,52.7062,306.425,40.9125,316.8125,316.9062,2.9828,2.8047,3.1453,4.1594,-1.0984,-3.613,14.0865,13.9776
02/06/2025,20:00:00,660.3438,337.6562,122.05,52.925,304.975,40.95,317.0938,317.1875,2.6,2.9141,3.1953,4.0109,-1.3228,-4.607,15.5994,15.4417
02/06/2025,20:30:00,662.15,346.75,123.6625,52.8937,311.95,40.9812,324.6875,324.8438,2.3656,2.2766,2.5453,3.5078,-1.3552,-4.38,14.7657,14.6325
02/06/2025,21:00:00,662.7875,347.5,124.7125,53.0062,313.475,41.0187,326.3125,326.4375,2.6234,2.4937,2.6797,4.0109,-1.2948,-4.407,14.8584,14.7284
02/06/2025,21:30:00,663.85,347.6875,125,52.8187,314.5,40.8438,326.8125,326.9062,2.4016,2.4766,2.7703,3.6109,-1.311,-4.3895,14.7869,14.6585
02/06/2025,22:00:00,664.5938,348.0938,125.4625,52.85,315.225,40.8562,327.1562,327.25,2.5469,2.6969,2.9594,3.6875,-1.3009,-4.379,14.7024,14.5691
02/06/2025,22:30:00,664.9125,349.9688,125.5625,52.875,316,40.8687,328.2812,328.375,2.5406,2.4312,2.7406,3.5828,-1.2904,-4.403,14.9039,14.7804
02/06/2025,23:00:00,666.2937,351.625,126.625,52.6875,317.375,40.7437,329.5,329.5938,2.6609,2.4953,2.5984,3.5547,-1.3604,-4.4775,14.8324,14.7202
02/06/2025,23:30:00,623.475,354.0938,126.725,52.6,318.725,40.6375,330.9375,331.0312,2.9187,2.8797,3.1453,3.8734,-1.2467,-4.006,13.8834,13.794
03/06/2025,00:00:00,457.8312,330.375,124.35,52.0125,306.6,40.675,313.4062,313.4688,3.9922,3.6094,3.9437,5.2812,-0.856,-2.741,13.2496,13.1424
03/06/2025,00:30:00,436.1562,319.5312,122.2375,51.8125,297.85,40.6187,303.75,303.7812,3.9719,3.3062,3.4187,4.8016,-0.9002,-2.5915,13.4219,13.313
03/06/2025,01:00:00,262.4375,300.7188,124.375,52.8,289.05,41.6125,287.9375,287.9062,5.4406,5.2344,5.4203,5.7719,-0.6989,-1.708,12.507,12.4631
03/06/2025,01:30:00,369.4313,304.5,113.1,52.425,280.775,40.3937,286.5938,286.7188,4.525,4.4922,4.6578,5.5344,-0.7318,-2.271,13.2675,13.1635
03/06/2025,02:00:00,369.8562,304.5,116.9625,52.3375,286.175,40.3312,288.6875,288.7188,5.1797,4.5734,4.6328,5.4406,-0.7895,-2.342,13.1196,13.0351
03/06/2025,02:30:00,370.8125,304.1562,119.55,52.2375,286.925,40.2875,288.375,288.4062,4.5094,4.3984,4.6875,5.7516,-0.7711,-2.3615,12.9425,12.8564
03/06/2025,03:00:00,370.4938,304.2188,119.875,52.125,287,40.1562,288.25,288.3125,4.8266,4.475,4.5672,5.4219,-0.7773,-2.4215,13.222,13.1407
03/06/2025,03:30:00,369.8562,304.3438,119.9875,52.125,287.15,40.1,288.2812,288.375,4.4984,4.3656,4.7234,5.5375,-0.8569,-2.5555,13.1131,13.0806
03/06/2025,04:00:00,369.6437,305.7812,119.925,51.9,287.575,39.9437,288.8438,288.9062,4.2578,4.3031,4.2266,5.325,-0.8039,-2.531,13.0709,12.9896
03/06/2025,04:30:00,369.0062,307.7812,119.8875,51.5375,288.7,39.6,290.0938,290.1875,4.5578,4.8766,4.8438,5.5891,-0.7296,-2.343,13.0465,12.949
03/06/2025,05:00:00,369.6437,305.7812,120.2625,51.1812,288.975,39.2687,289.4688,289.5312,4.8375,4.7766,5.0266,5.7562,-0.751,-2.2965,13.1554,12.9977
03/06/2025,05:30:00,370.2812,306.5625,121.05,50.6875,289.65,38.75,289.5,289.625,4.7125,4.4203,4.9688,5.8516,-0.8136,-2.38,13.0465,12.9409
03/06/2025,06:00:00,369.325,306.1562,121.4625,50.775,289.625,38.7,289.3125,289.4062,4.8281,4.6453,4.7625,5.5375,-0.8293,-2.416,13.2106,13.1115
03/06/2025,06:30:00,279.0125,297.4062,127.4,51.2375,286.175,39.9437,281.1875,281.2812,5.1234,5.3969,5.3953,5.8922,-0.7344,-1.943,12.7183,12.6435
03/06/2025,07:00:00,263.7125,293.2812,120.7375,51.0375,279.3,40.0312,277.6875,277.7188,5.5516,5.4594,5.5391,6.2172,-0.625,-1.777,12.7247,12.6321
03/06/2025,07:30:00,370.4938,305.5,114.2625,51.725,282.725,39.8562,286.7812,286.9688,4.6719,4.6047,4.9922,5.9406,-0.828,-2.585,13.1619,13.079
03/06/2025,08:00:00,369.6437,309.3125,119.7125,52.2562,290.275,40.3875,290.9688,291.0625,4.7547,4.9891,4.8641,5.5484,-0.7632,-2.5565,13.1797,13.1017
03/06/2025,08:30:00,370.1749,310,120.425,52.3687,290.375,40.5938,292.5,292.5312,4.7609,4.6328,4.7078,5.2641,-0.8276,-2.6385,13.157,13.0546
03/06/2025,09:00:00,370.6,309.6562,119.3375,53.0687,289.625,41.225,292.875,292.9375,4.4672,4.8859,5.2625,5.7625,-0.7724,-2.5145,13.1196,13.027
03/06/2025,09:30:00,282.0938,309.375,119.25,53.525,292.125,41.9437,291.9062,291.9375,5.2656,4.7891,4.8797,5.7203,-0.7554,-1.8745,12.4128,12.3266
03/06/2025,10:00:00,265.3063,297.6562,122.85,54.075,281.925,43.175,281.9062,281.9688,5.3875,5.3562,5.4359,6.25,-0.7147,-1.7885,12.6792,12.6029
03/06/2025,10:30:00,265.0938,291.875,117.1375,54.2875,276.625,43.4688,278.2812,278.3438,5.5516,5.2875,5.4234,6.0203,-0.6596,-1.721,12.7052,12.6354
03/06/2025,11:00:00,264.5625,290.5312,115.225,54.5437,275.125,43.8062,276.2812,276.3125,5.5437,5.5469,5.6047,6.4078,-0.6635,-1.8,12.6809,12.598
03/06/2025,11:30:00,263.9249,290.8125,116.2625,55.1,275.45,44.2687,275.7812,275.875,5.5844,5.6109,5.6984,5.9359,-0.7427,-1.9205,12.6711,12.5866
03/06/2025,12:00:00,265.4125,289.8125,116.725,55.3,275.1,44.3062,275.5,275.5312,5.4422,5.4187,5.3922,5.9094,-0.7094,-1.956,12.8466,12.7654
03/06/2025,12:30:00,264.9874,289.875,116.35,55.6312,274.75,44.5312,275.3438,275.4688,5.6203,5.5328,5.5953,5.9547,-0.646,-1.972,12.7118,12.637
03/06/2025,13:00:00,264.2438,290.6562,115.975,55.4688,275.025,44.3375,275.875,275.9062,5.4625,5.4,5.4953,6.0328,-0.6937,-2.0565,12.8076,12.7231
03/06/2025,13:30:00,264.4562,288.75,116.3,56.0312,274.925,44.7625,276.0625,276.125,5.3656,5.5031,5.4797,6.0609,-0.6171,-1.8835,12.9084,12.7849
03/06/2025,14:00:00,264.1375,290.375,114.925,55.8875,274.35,44.7687,275.9375,276.0625,5.7984,5.4641,5.6953,6.0484,-0.5843,-1.782,12.7069,12.598
03/06/2025,14:30:00,288.8937,290.875,114.8125,55.9062,275.3,44.7687,276.4688,276.5625,5.4578,5.4359,5.5328,6.0797,-0.6867,-2.026,12.884,12.793
03/06/2025,15:00:00,372.1937,307.9062,113.125,56.1125,282.7,44.1312,289.625,289.625,4.5797,4.6547,4.8844,5.5328,-0.7698,-2.341,13.2675,13.1927
03/06/2025,15:30:00,372.0875,310.8438,115.0625,55.8687,287.275,43.9937,293.2812,293.3125,4.4328,4.875,5.0891,5.4781,-0.7803,-2.3755,12.9718,12.923
03/06/2025,16:00:00,372.2999,310.7188,116.425,55.5687,288.05,43.7125,293.6562,293.7188,4.6141,4.4359,4.7391,5.7469,-0.8044,-2.432,13.0059,12.9295
03/06/2025,16:30:00,371.025,310.1562,116.75,55.4625,288.075,43.5187,293.5938,293.6562,4.4562,4.2703,4.3719,5.2969,-0.8503,-2.5095,12.9912,12.8954
03/06/2025,17:00:00,367.8375,309.6562,116.55,55.3,287.75,43.2062,293.2188,293.25,4.5875,4.5187,4.4031,5.3234,-0.7794,-2.5,13.1944,13.1131
03/06/2025,17:30:00,371.9812,310.2188,116.65,53.1437,288.95,40.675,293.4375,293.5,4.7812,4.4812,4.6672,5.6781,-0.8171,-2.602,13.0871,13.001
03/06/2025,18:00:00,371.45,310.875,119.125,54.5187,290,42.1875,293.875,293.9688,4.675,4.2641,4.5328,5.3672,-0.8389,-2.6515,12.9847,12.8921
03/06/2025,18:30:00,371.7687,313.875,118.2875,53.925,290.375,41.9312,295.5625,295.5312,4.7516,4.5703,4.8547,5.6391,-0.7711,-2.5125,13.1245,13.0351
03/06/2025,19:00:00,372.0875,313.6562,117.725,54.0562,290.5,42.0687,295.5938,295.625,4.8172,4.4906,4.7328,5.4781,-0.8424,-2.4675,13.0546,12.9701
03/06/2025,19:30:00,371.2374,313.9688,117.0875,53.6625,291.225,41.8062,295.9688,296.0625,4.3078,4.3203,4.5703,5.3062,-0.7471,-2.308,12.962,12.8596
03/06/2025,20:00:00,371.9812,312.8125,118.1375,53.5562,291.55,41.5875,295.875,295.9062,4.7766,4.5625,4.7422,5.6578,-0.7562,-2.3485,13.0546,12.9587
03/06/2025,20:30:00,372.9375,312.6562,118.5625,52.7312,291.725,40.8625,295.5625,295.6562,4.4906,4.4859,4.7406,5.4719,-0.7768,-2.4395,13.0205,12.9295
03/06/2025,21:00:00,372.1937,312.125,119.275,52.6687,291.9,40.725,295.3438,295.4062,4.5641,4.5891,4.7766,5.6906,-0.8424,-2.515,13.0302,12.9392
03/06/2025,21:30:00,372.1937,312.375,119.4625,52.9875,292,40.9,295.4375,295.5,4.65,4.5172,4.7188,5.6062,-0.7523,-2.4465,13.0595,12.9604
03/06/2025,22:00:00,371.6625,310.8438,119.5375,53.15,290.75,41.175,294.5312,294.625,4.6562,4.55,4.7781,5.2203,-0.7978,-2.516,13.2009,13.1082
03/06/2025,22:30:00,371.2374,310.3438,118.825,52.3062,290.425,40.4312,294.125,294.1875,4.3375,4.4672,4.8406,5.7297,-0.8306,-2.5415,13.1846,13.0839
03/06/2025,23:00:00,371.9812,309.9688,118.825,52.5187,290.325,40.5437,293.6875,293.7188,4.6156,4.4531,4.6687,5.3187,-0.8092,-2.521,13.014,12.9262
03/06/2025,23:30:00,372.0875,310.375,119.1125,52.9875,290.85,40.8937,293.875,293.9688,4.2687,4.2422,4.7484,5.75,-0.7978,-2.431,13.2236,13.1278
04/06/2025,00:00:00,371.6625,311.2188,118.9875,52.7937,291.425,40.8625,294.5938,294.625,4.6125,4.6078,5.075,5.6781,-0.793,-2.383,13.092,12.9961
04/06/2025,00:30:00,291.975,301.0938,124.725,52.8812,288.05,41.2062,286,286.0312,5.0031,5.0391,5.1859,6.1547,-0.6674,-1.851,12.6126,12.5232
04/06/2025,01:00:00,332.2438,298.9688,118.35,52.6187,280.75,40.6437,283.8438,283.9375,4.8562,4.8312,4.8312,5.4172,-0.7081,-2.144,12.9522,12.8564
04/06/2025,01:30:00,360.9313,305.2188,115.0625,52.2437,285.875,40.2562,288.875,288.9688,4.6781,4.9797,5.0547,5.7047,-0.8166,-2.4285,13.0611,12.975
04/06/2025,02:00:00,360.7188,312.375,120,52.05,291.4,40.0125,292.375,292.5,4.1344,4.6484,4.6344,5.3547,-0.8315,-2.483,13.0627,12.975
04/06/2025,02:30:00,359.4437,311.7188,120.9125,52.2312,291.65,40.1687,293.875,293.9062,4.6328,4.9984,5.0531,5.3875,-0.7821,-2.451,13.1131,13.0124
04/06/2025,03:00:00,360.0812,309.8438,120.45,51.8312,290.85,39.8312,293.4375,293.5312,4.6828,4.6109,5.0344,5.5453,-0.7549,-2.4805,13.0709,12.9701
04/06/2025,03:30:00,360.2937,309.5625,119.5375,52.0125,290.175,39.95,292.9375,292.9375,4.6609,4.5891,4.8672,5.5734,-0.7825,-2.481,12.8889,12.8076
04/06/2025,04:00:00,359.4437,309.0312,119.8125,52.0812,290.2,40.0062,292.5,292.5625,4.7969,4.5953,4.6766,5.3656,-0.7781,-2.5185,13.131,13.0514
04/06/2025,04:30:00,360.4,309.6562,119.5375,51.725,290.275,39.8312,292.4688,292.5312,4.6297,4.3438,4.3734,5.1672,-0.7882,-2.434,13.1099,13.0189
04/06/2025,05:00:00,360.6124,309.4375,120.05,51.9312,291.125,39.975,292.5625,292.6562,4.7031,4.4375,4.6594,5.5531,-0.8538,-2.392,12.8954,12.7995
04/06/2025,05:30:00,358.275,310.625,120.4,51.7062,291.775,39.75,293.3438,293.375,4.9109,4.7687,4.9453,6.1344,-0.7073,-2.284,13.0254,12.9425
04/06/2025,06:00:00,361.8875,311.75,120.4625,52.125,292.15,39.6562,294.25,294.3125,4.6781,4.6078,4.9719,6.0234,-0.7453,-2.32,12.9457,12.8564
04/06/2025,06:30:00,359.5499,311.875,120.1875,51.75,292.25,39.8312,294.5,294.5,4.9922,4.5094,4.7687,5.6234,-0.7838,-2.394,12.8564,12.7767
04/06/2025,07:00:00,359.4437,312.0938,120.2375,52.1187,292.15,40.3812,294.5312,294.625,4.6078,4.375,4.7062,5.4203,-0.7724,-2.476,13.1602,13.066
04/06/2025,07:30:00,359.6562,313.4688,119.9375,52.325,292.15,40.7,295.6875,295.75,4.8906,4.7609,5.0281,5.7484,-0.7676,-2.4005,12.9847,12.8856
04/06/2025,08:00:00,360.4,314.3125,119.175,52.3687,292.825,40.95,296.1875,296.2812,4.6375,4.6141,4.85,5.8312,-0.7597,-2.4275,12.8954,12.8076
04/06/2025,08:30:00,360.4,313.625,119.45,52.5938,292.65,41.1125,296.0312,296.0625,4.5062,4.7031,4.9547,5.6609,-0.7707,-2.502,13.0367,12.9425
04/06/2025,09:00:00,359.5499,313,119.175,53.5062,291.9,41.9562,295.8438,295.9688,4.7781,4.475,4.4703,5.55,-0.8214,-2.5085,12.9214,12.8385
04/06/2025,09:30:00,317.6875,307.875,120.525,53.9688,289.925,42.725,291.625,291.6875,4.9734,5.0531,5.2641,6.0031,-0.7702,-2.154,12.572,12.4842
04/06/2025,10:00:00,315.775,304.3438,117.7875,54.2625,286.3,43.0062,289.25,289.2812,4.9375,4.7719,5.0469,5.9406,-0.7304,-2.094,12.7816,12.7101
04/06/2025,10:30:00,318.4313,303.25,116.675,54.4812,284.975,43.35,288.125,288.1875,5.0562,5.2578,5.3859,6.0797,-0.7392,-2.145,12.8206,12.7345
04/06/2025,11:00:00,314.075,303.7188,116.975,55.0375,285.15,43.7,288.5312,288.5312,5.1922,4.9328,5.1047,5.9547,-0.7969,-2.1935,12.6906,12.5801
04/06/2025,11:30:00,319.0687,298.7188,116.6875,54.9937,281.65,43.2812,285.1562,285.2812,4.9516,4.9922,5.2641,5.9437,-0.8013,-2.176,12.8076,12.7247
04/06/2025,12:00:00,316.8375,298.7812,115.2875,54.45,281.125,42.1562,284.5,284.5625,5.2016,5.1703,5.3062,6.1047,-0.7007,-2.057,12.7524,12.663
04/06/2025,12:30:00,318.325,296.8438,116.7625,54.0312,282.05,41.9062,284.1875,284.2188,4.8766,5.0781,5.2437,5.6859,-0.8481,-2.283,12.7329,12.6451
04/06/2025,13:00:00,317.3688,298.4375,118.5375,53.5125,283.275,40.9312,283.9062,284,4.8172,4.7203,4.9016,6.0094,-0.7134,-2.2565,12.9506,12.8954
04/06/2025,13:30:00,317.6875,299.9688,119.3375,52.6375,284.125,40.0187,284.4688,284.5,5.4656,5.2453,5.275,6.0422,-0.7147,-2.2135,12.8352,12.7914
04/06/2025,14:00:00,316.625,299.9375,119.3625,52.8687,284.225,40.3625,283.9688,284.0625,4.8219,4.8203,5.0266,5.9922,-0.8118,-2.2695,12.7183,12.637
04/06/2025,14:30:00,318.4313,301.0625,119.3375,53.0437,284.925,40.7312,284.6875,284.8125,4.8766,4.7531,4.8828,5.5281,-0.7759,-2.1325,12.9002,12.8125
04/06/2025,15:00:00,363.6937,307.3125,117.4875,52.05,286.775,39.4375,289.7188,289.8438,4.9437,5.1047,4.9312,5.6109,-0.8678,-2.4885,12.9864,12.9051
04/06/2025,15:30:00,361.4625,310.5625,119.9375,52.2937,291.775,39.65,293.0625,293.1562,4.5531,4.8875,4.8781,5.4266,-0.8569,-2.488,13.0075,12.91
04/06/2025,16:00:00,362.4187,310.9375,120.8375,51.7625,292,39.6625,293.9688,294.0625,4.3797,4.7109,4.9016,5.6344,-0.8061,-2.438,12.9961,12.897
04/06/2025,16:30:00,507.45,325.0625,117.6,50.525,295.375,39.2125,305,305.1562,3.5812,3.7703,3.8953,5.0516,-1.1448,-3.868,14.5675,14.4456
04/06/2025,17:00:00,430.1,326.3125,118.9375,50.4812,303.725,39.25,309.9375,309.9688,4.45,4.6891,5.0062,5.5781,-0.8451,-2.755,12.8905,12.7767
04/06/2025,17:30:00,357.85,323.2812,119.5875,50.9187,300.2,38.4875,305,305.0625,4.3375,4.8484,5.0031,5.4672,-0.6701,-2.2705,12.8824,12.7881
04/06/2025,18:00:00,359.8688,318.1875,119.5625,50.6937,294.8,38.2625,298.625,298.6875,4.5312,4.8219,4.8812,5.5047,-0.7484,-2.4965,13.0449,12.9555
04/06/2025,18:30:00,360.9313,313.125,120.5625,50.625,292.675,38.275,295.5625,295.5938,4.4516,4.8312,4.8281,5.4375,-0.8582,-2.493,12.8775,12.7946
04/06/2025,19:00:00,361.6749,312.375,120.9,50.525,292.45,38.0687,294.5938,294.5938,4.3891,4.8281,4.8031,5.5766,-0.7265,-2.3395,13.0367,12.9441
04/06/2025,19:30:00,360.9313,311.5312,121.3875,50.325,292.75,37.8187,293.6562,293.6875,4.5406,4.9344,4.8828,5.5922,-0.7803,-2.377,12.9457,12.8466
04/06/2025,20:00:00,361.1437,311.0312,122.2,50.2625,292.425,37.9375,292.9375,293.0625,4.4922,4.8016,4.8828,5.5016,-0.7659,-2.377,12.9051,12.8206
04/06/2025,20:30:00,539.5375,321.4375,117.1375,49.675,292.875,37.8062,302.4375,302.5,3.4109,3.1219,2.8625,4.0125,-1.1955,-4.3245,15.0566,14.925
04/06/2025,21:00:00,663.9563,343.3438,119.4125,49.3625,308.45,37.4125,322.0938,322.2188,2.8766,2.5437,3.0203,2.7016,-1.3127,-4.4815,14.4716,14.3465
04/06/2025,21:30:00,662.6813,346.8438,121.4125,48.9812,311.85,37.025,325.3125,325.4062,2.8266,2.5359,2.6359,3.2437,-1.3145,-4.5035,14.5139,14.3855
04/06/2025,22:00:00,663,347.6875,121.5,48.4625,312.875,36.0938,326.2812,326.375,2.7641,2.3406,2.6297,3.1687,-1.297,-4.4915,14.4391,14.3237
04/06/2025,22:30:00,595.2125,342,120.9875,48.5938,311.15,36.3812,321.9062,322,3.1469,2.8812,2.9969,3.7312,-1.1693,-3.8955,13.6689,13.5616
04/06/2025,23:00:00,436.2625,325.3125,119.5875,48.5187,303.15,36.5687,310.1562,310.2188,4.3359,4.2672,4.1906,4.6266,-0.8407,-2.666,12.6597,12.5281
04/06/2025,23:30:00,359.0187,321.2812,116.6,49.1625,297.275,36.8,303.0312,303.1562,4.2578,4.3125,4.9359,5.7547,-0.744,-2.1385,12.6792,12.5671
05/06/2025,00:00:00,362.2062,309.7188,120.3125,48.8312,292.275,36.6875,293.5312,293.5625,4.6844,4.7625,4.8359,5.5859,-0.7838,-2.3155,12.8076,12.7264
05/06/2025,00:30:00,362.1,307.8125,122.6375,48.8687,291.65,36.9125,290.8438,290.9375,4.5531,4.7234,4.7906,5.6328,-0.8004,-2.3745,12.7995,12.7199
05/06/2025,01:00:00,264.8812,304.1562,125.575,49.4,291.75,37.425,286.5,286.5312,5.5828,5.2047,5.3109,5.5766,-0.6442,-1.7115,12.5411,12.4631
05/06/2025,01:30:00,262.4375,291.0312,124.425,48.7937,280,37.7437,276.6875,276.6875,5.5984,5.4297,5.5016,6.3438,-0.7637,-1.8905,12.637,12.5557
05/06/2025,02:00:00,263.6062,288.0625,121,48.9187,277.5,37.4375,273.5,273.5312,5.5344,5.5891,5.6359,6.3578,-0.6604,-1.912,12.7166,12.5801
05/06/2025,02:30:00,361.4625,300.4062,117.85,48.4,284.25,36.6562,283.9688,284,4.8187,4.9844,4.95,5.7672,-0.8127,-2.6345,13.1391,13.053
05/06/2025,03:00:00,360.4,302.9375,124.3375,48.3625,289.625,36.5687,286.875,287.0312,4.6625,4.4062,4.5719,5.5203,-0.8136,-2.597,13.0173,12.9246
05/06/2025,03:30:00,360.7188,303.5,123.525,48.3375,289.575,36.625,287.4375,287.5625,4.6172,4.5891,4.8562,5.7797,-0.8079,-2.628,13.1261,13.0335
05/06/2025,04:00:00,360.9313,303.7812,123.675,48.475,290.275,36.6375,288.125,288.2188,4.6109,4.6703,4.8375,5.7062,-0.7191,-2.5825,13.1164,13.04
05/06/2025,04:30:00,360.7188,304.0938,123.1625,48.225,290.3,36.6125,288.1562,288.1875,4.5062,4.3469,4.5062,5.1922,-0.8337,-2.5365,13.1294,13.0351
05/06/2025,05:00:00,360.1875,304.5625,123.5875,47.9812,291.05,36.4437,288.4375,288.5312,4.6953,4.7578,4.9562,5.7016,-0.8289,-2.4165,13.079,12.9831
05/06/2025,05:30:00,360.5062,305.5,123.95,47.6625,291.525,36.275,288.8125,288.875,4.7641,4.7406,4.9953,5.5391,-0.7663,-2.3615,13.0107,12.9246
05/06/2025,06:00:00,361.4625,306.125,124.2,48.1875,291.8,36.0812,289.1562,289.25,4.3562,4.5578,4.725,5.6687,-0.7921,-2.417,12.9912,12.8986
05/06/2025,06:30:00,361.1437,306.875,123.8875,48.7562,291.95,36.4312,289.625,289.75,4.5344,4.55,4.6625,5.5281,-0.8276,-2.4865,12.8759,12.7767
05/06/2025,07:00:00,360.4,306.9688,123.35,49.4812,291.675,37.0438,289.9375,290.0312,4.7109,4.6187,4.7828,5.7016,-0.7843,-2.507,13.0302,12.9555
05/06/2025,07:30:00,361.9938,307.4688,122.6,50.2125,291.4,37.6937,290.4375,290.5312,4.5312,4.5734,4.7859,5.5375,-0.8188,-2.5865,13.0319,12.9311
05/06/2025,08:00:00,360.9313,308.3438,121.975,50.3625,291.65,37.8625,291.3125,291.4062,4.6969,4.4547,4.725,5.6891,-0.7234,-2.543,12.8889,12.8027
05/06/2025,08:30:00,361.0375,308,121.975,50.8937,291.625,38.4375,291.5625,291.6562,4.7047,4.6,4.8391,5.5609,-0.7676,-2.633,13.157,13.0693
05/06/2025,09:00:00,359.125,306,121.325,51.0875,290.3,38.5875,291.4375,291.5,4.5344,4.5687,5.0516,6.0766,-0.8254,-2.497,13.0075,12.91
05/06/2025,09:30:00,361.3562,306.0938,120.275,51.3375,289.825,38.8438,290.7812,290.8125,4.6516,4.5047,4.6984,5.5562,-0.8424,-2.4365,12.858,12.7719
05/06/2025,10:00:00,361.3562,306.5625,120.75,51.175,290.5,38.5812,290.75,290.8438,4.5328,4.6516,4.7844,5.7125,-0.8026,-2.409,13.053,12.9571
05/06/2025,10:30:00,361.25,308.0312,121.25,51.0625,291.025,38.425,291.3125,291.4375,4.6312,4.5391,4.8078,5.6641,-0.828,-2.4745,13.053,12.9555
05/06/2025,11:00:00,360.1875,307.875,121.4,51.55,291.275,38.8875,292,292.0938,4.4859,4.5141,4.8297,5.6406,-0.8783,-2.556,12.9181,12.8011
05/06/2025,11:30:00,361.6749,310.0938,120.775,51.2562,291.175,38.5625,292.75,292.8438,4.6047,4.7828,4.9844,5.875,-0.7593,-2.4395,13.2188,13.118
05/06/2025,12:00:00,361.4625,312.8438,121.6625,51.2687,293,38.6125,294.6875,294.7812,4.7109,4.6641,5.0078,5.9094,-0.7829,-2.582,13.248,13.1505
05/06/2025,12:30:00,361.25,308.5,121.325,51.6375,290.8,39.2625,293.3438,293.375,4.5375,5.1484,5.4609,5.8609,-0.8503,-2.478,13.0644,12.975
05/06/2025,13:00:00,360.4,309.7188,119.7875,51.9562,290.875,39.3,293.3125,293.4062,4.3328,4.8375,5.0203,5.775,-0.8232,-2.5015,13.1537,13.0595
05/06/2025,13:30:00,360.4,306.8125,120.4375,51.2687,290.1,38.475,291.875,291.9375,4.5281,4.6656,5.0547,5.8281,-0.7326,-2.4725,13.2155,13.1261
05/06/2025,14:00:00,361.1437,305.875,120.6125,51.7812,290,38.9437,291.1875,291.25,4.5016,4.5281,4.9,5.8234,-0.7974,-2.469,13.1505,13.0449
05/06/2025,14:30:00,360.4,305.375,120.625,51.5,290.25,38.6937,290.875,290.9375,4.5641,4.6359,4.8281,5.6969,-0.8175,-2.4395,13.105,13.014
05/06/2025,15:00:00,360.9313,305.9688,121.125,51.7312,290.625,39.1,291.1562,291.25,4.8281,4.7219,4.9609,5.7109,-0.8276,-2.4785,13.1781,13.1066
05/06/2025,15:30:00,361.3562,306.9688,120.8625,51.575,290.575,39.15,291.5312,291.6562,4.2906,4.4,4.8969,5.7,-0.8731,-2.541,13.1733,13.0871
05/06/2025,16:00:00,360.7188,308.1562,120.725,51.3562,291.25,38.7938,292.25,292.3125,4.5672,4.6047,4.8281,5.4656,-0.7576,-2.437,13.0124,12.9198
05/06/2025,16:30:00,361.1437,309.0312,121.1625,50.9875,292.1,38.4312,292.6562,292.7812,4.4469,4.7281,4.9672,5.6312,-0.8044,-2.568,13.1733,13.0904
05/06/2025,17:00:00,360.6124,308.2188,121.5375,51,292.175,38.4062,292.5312,292.625,4.6109,4.7359,5.0547,5.7094,-0.8306,-2.659,13.1196,13.0254
05/06/2025,17:30:00,360.5062,308.6562,121.4875,50.9375,292.025,38.5625,292.75,292.8438,4.4625,4.4797,4.8,5.7812,-0.8018,-2.6395,13.0822,12.9896
05/06/2025,18:00:00,359.7625,309.125,121.425,51.0187,292.35,38.8187,293.1562,293.25,4.6297,4.5609,4.5187,5.5797,-0.8368,-2.694,13.0644,12.9685
05/06/2025,18:30:00,359.6562,309.75,121.1,50.6625,292.475,38.825,293.7188,293.7812,4.6469,4.6047,4.8094,5.8359,-0.7886,-2.645,13.0969,13.0481
05/06/2025,19:00:00,359.5499,311.375,120.9,50.7437,293.05,38.7125,294.25,294.3125,4.5906,4.9641,4.9891,5.6797,-0.7348,-2.453,13.0351,12.9522
05/06/2025,19:30:00,359.2312,311.7188,121.425,50.7312,294,38.5125,294.8125,294.8438,4.8578,4.7328,4.6906,5.4812,-0.7983,-2.433,12.8629,12.7751
05/06/2025,20:00:00,387.7062,311.4688,121.7875,49.7875,294.25,38.2,295.0312,295.0938,3.8922,4.2797,4.6078,5.5953,-0.8346,-2.754,13.6624,13.5437
05/06/2025,20:30:00,597.0188,334.8125,118.025,48.975,298.975,37.6437,311.7812,312.0312,2.9109,3.3187,3.1328,3.8797,-1.2611,-4.783,15.2727,15.1427
05/06/2025,21:00:00,660.9812,356.25,123.2125,48.8562,317.475,37.5562,331.8125,331.9062,3.0391,2.4125,2.8328,2.6406,-1.3215,-4.6135,14.509,14.392
05/06/2025,21:30:00,660.45,358.0625,125.0625,48.7687,320.6,37.3937,334.4375,334.5312,2.6641,2.2125,2.6937,3.2594,-1.2511,-4.491,14.3319,14.197
05/06/2025,22:00:00,658.325,356.0938,124.7125,49.025,319.4,37.425,333.0938,333.0938,2.8016,2.4172,2.7516,3.3531,-1.1824,-4.483,14.522,14.392
05/06/2025,22:30:00,541.025,343.9062,123.2875,49.2188,313.45,37.475,323.5938,323.5938,3.1297,3.3531,3.2625,3.5703,-1.1032,-3.6305,13.5405,13.4154
05/06/2025,23:00:00,431.9062,324.5938,120.325,48.525,303.8,37.25,310.5312,310.625,4.0187,4.0578,4.3406,4.9266,-0.8893,-2.803,12.975,12.858
05/06/2025,23:30:00,398.9688,319.6562,118.8,48.4312,296.8,37.0938,303.5938,303.6562,4.6437,5.075,5.2172,5.2594,-0.6933,-2.463,12.9327,12.845
06/06/2025,00:00:00,438.9187,319.0625,111.45,49.5562,291.6,37.0687,300.3438,300.5,3.6781,4.0609,3.9047,4.8594,-0.9295,-2.851,13.5405,13.4349
06/06/2025,00:30:00,432.9688,320.5312,112.625,49.6875,293.75,37.2062,301.9688,302.0938,4.0672,4.1531,3.9906,4.7297,-0.9116,-2.868,13.4105,13.3146
06/06/2025,01:00:00,432.5437,320.9062,114.3375,49.6812,294.275,37.0812,302,302.0312,4.0234,4.1625,4.1062,4.9094,-0.8394,-2.927,13.781,13.6949
06/06/2025,01:30:00,374.3187,311.3125,126.725,49.75,296.725,37.6625,293.4688,293.5938,4.8203,4.9187,4.9656,5.7094,-0.8617,-2.764,13.222,13.1213
06/06/2025,02:00:00,372.6188,312.6562,120.925,49.6937,293.025,37.3438,295.4062,295.4688,4.5344,4.6453,4.5969,5.4312,-0.7948,-2.48,12.9376,12.8466
06/06/2025,02:30:00,373.3624,310.4375,121.8875,49.675,293.4,37.3,293.9062,293.9375,4.4344,4.6,4.9984,5.75,-0.7733,-2.4535,13.17,13.0774
06/06/2025,03:00:00,372.1937,310.25,122.375,49.1125,293.3,37.1562,293.25,293.2812,4.4078,4.5172,4.6625,5.8578,-0.765,-2.435,13.1066,13.0254
06/06/2025,03:30:00,373.3624,310.9062,122.9875,49.05,293.875,37.075,293.5,293.625,4.3078,4.4547,4.7875,5.325,-0.9011,-2.6105,13.105,13.0124
06/06/2025,04:00:00,373.575,311.625,122.8375,48.9875,294.2,36.7188,293.9688,294.0938,4.3672,4.5187,4.5703,5.3578,-0.7681,-2.5485,13.1684,13.0758
06/06/2025,04:30:00,372.4062,312.25,123.025,49.0312,294.65,36.8062,294.3125,294.375,4.3594,4.6891,4.7641,5.5953,-0.8311,-2.53,13.0351,12.9376
06/06/2025,05:00:00,372.725,314.1562,122.975,48.7125,295.375,37.1375,295.5,295.625,4.3078,4.7234,4.8234,5.5266,-0.8403,-2.495,13.0173,12.9409
06/06/2025,05:30:00,371.9812,314.1875,123.15,48.9437,295.9,36.7313,295.7812,295.8438,4.525,4.8297,4.8547,5.3141,-0.8184,-2.4825,13.0351,12.9376
06/06/2025,06:00:00,373.2562,314.5312,123.175,49.2312,295.9,36.7437,296.0625,296.1875,4.625,4.8266,4.9531,5.6094,-0.7387,-2.48,13.0449,12.9392
06/06/2025,06:30:00,297.3937,302.0312,128.35,49.4062,290.325,37.2875,286.375,286.4375,5.1828,5.3516,5.45,5.9359,-0.6959,-2.0185,12.715,12.6191
06/06/2025,07:00:00,375.0625,309.6875,117.2375,49.3687,288.75,36.8812,292.2188,292.3125,4.6328,4.9297,5.0078,5.7969,-0.8083,-2.595,13.1147,13.0124
06/06/2025,07:30:00,374,314.75,121.975,49.9312,295.575,37.45,295.625,295.7188,4.3625,4.6281,4.7969,5.4172,-0.7536,-2.6445,13.1082,13.0173
06/06/2025,08:00:00,373.8937,314.3438,122.4375,50.3062,295.125,37.8375,296.8125,296.9375,4.4781,4.6609,4.7203,5.3875,-0.8109,-2.686,13.066,12.9977
06/06/2025,08:30:00,374.85,315.4375,121.55,50.8125,295.55,38.1187,297.875,297.9688,4.5547,4.6937,4.5875,5.3078,-0.8035,-2.691,12.9002,12.8125
06/06/2025,09:00:00,374.85,314.125,120.95,50.75,295.125,38.0562,298.0938,298.0312,4.3578,4.6469,4.6766,5.525,-0.7523,-2.6615,13.0579,12.9766
06/06/2025,09:30:00,375.3812,316.625,120.8625,50.8687,296.025,38.2375,298.7812,298.875,4.1375,4.3,4.4688,5.4719,-0.8232,-2.578,13.0351,12.9392
06/06/2025,10:00:00,374,316.2188,121.3125,51.2,296.175,38.5312,299.3438,299.375,4.7078,4.8438,4.9781,5.4047,-0.8101,-2.5205,12.9246,12.8417
06/06/2025,10:30:00,376.5499,319.1875,121.475,51.3375,297.275,38.7875,301.0938,301.1875,4.625,4.8125,4.8141,5.5562,-0.7908,-2.5285,13.0173,12.9376
06/06/2025,11:00:00,375.7,315.9688,120.9625,51.525,295.425,38.975,299.625,299.7188,4.375,4.7469,4.8547,5.5859,-0.8569,-2.541,12.9977,12.9165
06/06/2025,11:30:00,265.5187,300,126.6875,51.7125,289.8,39.9937,286.75,286.8125,5.4594,5.2734,5.5,5.8891,-0.7138,-1.8085,12.4956,12.4225
06/06/2025,12:00:00,267.2188,293.8125,119.825,51.3062,280.1,39.35,280.3125,280.3438,5.5187,5.6641,5.6344,5.8453,-0.6801,-1.8485,12.7767,12.6874
06/06/2025,12:30:00,373.8937,307.8438,114.05,51.1562,285.65,38.425,290.8125,290.875,4.6047,4.85,4.7859,5.7094,-0.8389,-2.653,13.1359,13.0514
06/06/2025,13:00:00,372.8312,311.4375,120.9125,51.2437,292.975,38.6125,294.6562,294.7812,4.0687,4.4453,4.5828,5.4875,-0.7926,-2.556,13.079,13.0026
06/06/2025,13:30:00,372.6188,312.7812,120.9625,51.325,293.225,38.7562,295.8438,295.9375,4.5547,4.6781,4.7609,5.7391,-0.793,-2.6235,13.196,13.1099
06/06/2025,14:00:00,372.1937,312.3438,120.65,51.5562,293.25,38.85,296.1562,296.1875,4.2719,4.6125,4.7594,5.8047,-0.8337,-2.609,13.1684,13.0822
06/06/2025,14:30:00,373.2562,311.0625,120.375,51.2937,293.325,38.5812,295.8438,295.8438,4.3734,4.4937,4.6172,5.3672,-0.8136,-2.5,13.1034,13.0107
06/06/2025,15:00:00,539.2188,321.4375,117.3125,49.8812,294.675,37.775,304.375,304.4688,3.6125,3.2422,3.6109,4.6391,-1.1784,-4.217,15.3816,15.2272
06/06/2025,15:30:00,661.0875,348.7188,120.5625,48.95,312.225,37.0187,326.5312,326.5625,3.0141,2.6766,2.925,2.7344,-1.2799,-4.5635,14.8129,14.7024
06/06/2025,16:00:00,662.0437,352.125,122.0375,47.2875,316.275,36.1063,330.4688,330.5938,2.6797,2.2656,2.8375,3.1187,-1.4055,-4.6355,14.7934,14.6666
06/06/2025,16:30:00,662.4688,351.5312,121.95,47.35,316.525,35.3438,330.4375,330.5312,2.7156,2.3703,2.8156,2.8,-1.3022,-4.525,14.5805,14.4667
06/06/2025,17:00:00,443.8063,328.4062,121.7,47.1812,307.875,35.3312,315.1875,315.2188,4.5859,4.6766,4.8359,5.3438,-0.7523,-2.605,13.079,12.9604
06/06/2025,17:30:00,384.3063,320.375,116.8,47.5938,297.05,35.2188,304.0625,304.125,4.7312,4.5359,5.0469,5.4766,-0.8096,-2.3565,12.8482,12.7572
06/06/2025,18:00:00,371.7687,308.3438,121.15,48.2062,293.325,36.0062,294.3125,294.3438,4.5391,4.2641,4.6125,5.4828,-0.9028,-2.6185,13.0644,12.9669
06/06/2025,18:30:00,371.025,306.4375,122.8125,47.9875,291.85,35.625,290.625,290.6875,4.6844,4.8141,4.8375,5.6062,-0.8074,-2.462,13.222,13.1391
06/06/2025,19:00:00,371.5563,307.25,123.675,47.8125,291.8,36,290.3438,290.375,4.4859,4.5109,4.6484,5.6937,-0.8079,-2.4485,13.1147,13.0384
06/06/2025,19:30:00,372.0875,306.5,123.875,47.675,291.825,35.8687,289.75,289.7812,4.2609,4.675,4.6047,5.0938,-0.8591,-2.4915,12.9815,12.8889
06/06/2025,20:00:00,371.45,307.2188,124.3875,47.625,292.125,35.9937,289.9375,290.0312,4.5437,4.775,4.7578,5.5734,-0.7099,-2.3805,13.1992,13.1066
06/06/2025,20:30:00,372.725,307.3125,124.3,47.6437,292.35,35.8312,290.1562,290.1875,4.4297,4.7172,4.6375,5.2687,-0.8223,-2.499,13.0969,13.0059
06/06/2025,21:00:00,372.4062,304.6875,124.75,47.6562,292.05,35.7812,289.8438,289.875,4.3781,4.5109,4.6344,5.6484,-0.8744,-2.607,12.884,12.7784
06/06/2025,21:30:00,372.6188,305.1562,123.8,47.7062,291.35,35.7188,289.125,289.1562,4.4781,4.6141,4.7031,5.5594,-0.8193,-2.533,13.1944,13.105
06/06/2025,22:00:00,371.7687,304.9688,124.4875,47.9,291.525,35.5062,289.0312,289.125,4.6,4.6109,4.6906,5.7672,-0.7576,-2.5345,13.1927,13.1099
06/06/2025,22:30:00,371.7687,304.1875,124.65,47.85,291.75,35.5375,289.375,289.4375,4.525,4.6062,4.6422,5.5578,-0.8123,-2.64,13.1927,13.1115
06/06/2025,23:00:00,370.9187,306.0312,124.5625,47.6437,291.975,35.6875,289.5,289.5938,4.3703,4.6516,4.6312,5.3344,-0.849,-2.653,13.0384,12.9587
06/06/2025,23:30:00,372.4062,307.9375,123.8375,47.6562,291.9,35.85,290.1875,290.2812,4.2422,4.5266,4.7125,5.7719,-0.772,-2.519,13.17,13.0758
07/06/2025,00:00:00,372.5125,307,123.525,47.9688,291.525,35.8375,290,290.0312,4.6875,4.7109,4.9422,5.9109,-0.8057,-2.4675,13.0384,12.9441
07/06/2025,00:30:00,315.8812,306.4375,125.75,48.2188,293.525,36.025,288.0312,288.125,5.2984,4.9625,4.9641,5.7156,-0.6683,-1.9885,12.7231,12.6419
07/06/2025,01:00:00,358.5938,306.5,122.975,47.8812,289.8,35.6937,289.1875,289.2812,4.3859,4.4781,4.6062,5.5594,-0.7707,-2.369,12.9327,12.858
07/06/2025,01:30:00,361.7812,305.875,123.9125,47.7312,291.975,35.45,289.1562,289.1875,4.7547,4.7156,4.9562,5.6766,-0.7584,-2.428,13.0286,12.9425
07/06/2025,02:00:00,361.4625,305.875,124.725,47.7937,291.85,35.4188,289.25,289.3125,4.3531,4.3891,4.6391,5.6312,-0.8206,-2.5025,12.9198,12.8287
07/06/2025,02:30:00,361.5687,306.2812,124.3875,47.6375,291.925,35.35,289.375,289.4375,4.6469,4.4859,4.9859,5.7594,-0.7777,-2.4905,12.9929,12.9067
07/06/2025,03:00:00,360.0812,306.2188,124.7375,47.9,292.025,35.3937,289.375,289.3438,4.7906,4.7578,4.9844,5.9922,-0.7606,-2.5265,12.8824,12.7979
07/06/2025,03:30:00,360.1875,306.6875,124.5625,47.25,292.25,35.4688,289.5625,289.6562,4.6531,4.5812,4.9797,5.9266,-0.7812,-2.55,12.9766,12.8856
07/06/2025,04:00:00,361.1437,307.3125,124.85,47.5187,292.55,35.6125,290.0312,290.1875,4.5453,4.6516,4.5422,5.1937,-0.9225,-2.691,12.9084,12.8287
07/06/2025,04:30:00,359.6562,309.1562,124.15,47.3562,293.175,35.5812,290.8438,290.8438,4.7687,4.4594,4.5594,5.6922,-0.7278,-2.413,13.04,12.9555
07/06/2025,05:00:00,360.2937,308.75,124.475,47.6312,293.5,35.6812,290.8125,290.875,4.6875,4.5875,4.9266,5.8109,-0.8131,-2.4125,12.8726,12.7524
07/06/2025,05:30:00,360.7188,308.8438,124.3625,47.675,293.3,35.475,290.7812,290.7812,4.4062,4.5938,5.0094,5.8062,-0.8359,-2.411,12.7118,12.6467
07/06/2025,06:00:00,354.9812,309.0625,124.65,47.7375,293.675,35.5875,291,291.0625,4.9328,4.8141,5.1312,5.8578,-0.7335,-2.3855,12.871,12.7914
07/06/2025,06:30:00,311.8438,302.7188,127.825,48.4812,290.1,36.4437,285.5,285.5,4.9578,4.7625,5.1734,6.1484,-0.7602,-2.1495,12.715,12.6386
07/06/2025,07:00:00,359.6562,305.875,120.525,49.1,287.15,36.8812,288.625,288.7188,4.7453,4.4547,4.7,5.9125,-0.6889,-2.3965,12.9571,12.8515
07/06/2025,07:30:00,359.0187,309.9062,121.7625,49.6625,292.775,37.275,291.7812,291.9062,4.7922,4.9781,5.2188,5.8719,-0.7895,-2.5,12.8011,12.7134
07/06/2025,08:00:00,359.3375,310.6875,122.9375,49.7,293.275,37.2812,292.7188,292.7812,4.8516,5.0578,4.9656,5.4688,-0.807,-2.5415,12.7654,12.6987
07/06/2025,08:30:00,359.0187,311,122.4125,50.1812,293.1,37.6812,293,293.0938,4.6734,4.5344,4.6937,5.5844,-0.7654,-2.5225,12.7264,12.637
07/06/2025,09:00:00,360.0812,311.75,122.0125,50.4,293.375,37.975,294.125,294.1562,4.5125,4.6156,4.7937,5.7344,-0.6841,-2.4545,13.0302,12.9522
07/06/2025,09:30:00,358.8063,308.5625,121.4625,50.95,291.85,38.5312,292.9688,293.0625,4.8453,4.9125,5.1547,6.1406,-0.8206,-2.4505,12.8011,12.7312
07/06/2025,10:00:00,358.4874,308.0938,120.7,50.7875,291.875,38.2875,292.7188,292.8125,4.3594,4.3719,4.5734,5.4297,-0.8757,-2.4585,12.8239,12.7264
07/06/2025,10:30:00,358.275,308.8438,121.625,50.7875,292.275,38.325,292.625,292.6875,4.5187,4.4594,4.7922,5.9562,-0.7856,-2.3905,12.845,12.7589
07/06/2025,11:00:00,357.85,308.625,121.5375,51.0437,291.875,38.4688,292.6875,292.7812,4.5391,4.4703,4.7422,5.6391,-0.7195,-2.3775,12.9847,12.9067
07/06/2025,11:30:00,359.3375,306.875,121.55,51.2937,291.05,38.7313,292.5312,292.5625,4.7859,4.6703,4.8687,5.9578,-0.8503,-2.4645,12.9002,12.8158
07/06/2025,12:00:00,358.4874,306.4062,120.275,51.5375,290.175,38.9062,291.5938,291.5625,4.2578,4.3812,4.6578,5.6922,-0.7843,-2.407,12.8141,12.7296
07/06/2025,12:30:00,359.6562,306.875,120.7,51.575,290.55,38.8312,291.5938,291.6875,4.1875,4.4156,4.7328,5.5969,-0.7934,-2.5025,13.0205,12.9327
07/06/2025,13:00:00,357.85,309.0938,121.2625,51.375,291.55,38.525,292.5938,292.6875,4.6422,4.5969,4.9562,5.5875,-0.8389,-2.659,13.014,12.9262
07/06/2025,13:30:00,358.7,310.9688,121.2875,52.0812,292.225,39.4625,294.5312,294.625,4.5531,4.5062,4.7406,5.6406,-0.8228,-2.6265,12.9994,12.9084
07/06/2025,14:00:00,360.0812,309.3438,119.3875,51.4562,290.425,38.6875,293.2188,293.2812,4.7344,4.6187,4.9328,5.9062,-0.6985,-2.3895,13.0741,12.9961
07/06/2025,14:30:00,371.9812,310.6875,119.525,51.45,291.875,38.5187,294.0312,294.0625,4.6734,4.3531,4.45,5.3656,-0.8127,-2.4995,13.0676,12.9766
07/06/2025,15:00:00,264.2438,302.25,126.3125,51.9,291.575,39.6625,286.3125,286.3438,5.4312,5.1141,5.2641,6.2453,-0.6289,-1.7365,12.5639,12.4777
07/06/2025,15:30:00,361.9938,307.4688,119.3375,52.0187,284.4,39.2375,289.1875,289.25,4.5703,4.4484,4.7781,5.7016,-0.7449,-2.3955,13.1099,13.0351
07/06/2025,16:00:00,359.6562,309.4688,116.3125,52.075,289.95,39.4437,292.6875,292.7188,4.6234,4.5734,4.8078,5.6219,-0.8534,-2.542,13.0335,12.9409
07/06/2025,16:30:00,361.7812,309.7188,120.775,52.2375,291.75,39.7437,293,293.0312,4.5437,4.5016,4.8328,5.4266,-0.7554,-2.472,12.9165,12.8174
07/06/2025,17:00:00,361.5687,313.3438,120.575,52.025,292.425,39.625,294.9375,295.0312,4.6031,4.8078,4.8984,5.8922,-0.7497,-2.5315,13.1424,13.0367
07/06/2025,17:30:00,360.825,313.9688,120.5625,51.7375,293.4,39.7812,296.25,296.2812,4.5812,4.5312,4.9047,5.6844,-0.7851,-2.5845,13.001,12.897
07/06/2025,18:00:00,361.4625,312.0625,120.3,51.9,292.4,39.8125,295.25,295.3438,4.6094,4.4266,4.6,5.7719,-0.8512,-2.637,12.845,12.7556
07/06/2025,18:30:00,360.7188,310.9375,119.9375,51.5812,292.175,39.6312,295.0938,295.125,4.4891,4.675,4.7406,5.5844,-0.7562,-2.595,13.0481,12.9669
07/06/2025,19:00:00,360.9313,311.375,119.975,50.9875,292.775,39.2062,294.8438,294.9062,4.9984,4.9219,5.0125,5.6234,-0.7348,-2.466,12.91,12.832
07/06/2025,19:30:00,360.7188,311.4375,120.9375,50.8312,293.6,39.2,295,295.0938,4.475,4.6812,5.0469,6.0906,-0.786,-2.404,12.8027,12.7199
07/06/2025,20:00:00,362.6312,313.1562,121.275,50.6062,294.225,38.9125,295.7188,295.7812,4.3141,4.4266,4.7891,5.3266,-0.7899,-2.444,13.0059,12.9084
07/06/2025,20:30:00,361.0375,312.3438,121.3875,51.1,294.15,38.9937,295.875,295.9062,4.6406,4.5203,4.7562,5.7703,-0.8201,-2.4905,12.9262,12.8417
07/06/2025,21:00:00,361.8875,314.25,121.125,51.3375,294.375,39.15,296.7188,296.8125,4.6672,4.5625,4.8391,5.7453,-0.793,-2.4905,12.7166,12.6094
07/06/2025,21:30:00,360.5062,316,121.125,51.5187,295.55,39.125,298.5625,298.5312,4.5656,4.3656,4.4437,5.7594,-0.8363,-2.6185,12.9734,12.8759
07/06/2025,22:00:00,360.825,312.2812,120.5625,52.125,293.375,39.875,296.6562,296.6875,4.7531,4.6344,4.7141,5.6172,-0.7357,-2.4615,12.8352,12.7524
07/06/2025,22:30:00,540.3875,326.6875,116.9875,49.0625,296.9,37.3062,307.1875,307.3438,3.7906,3.6891,3.925,4.575,-1.1028,-4.3965,15.1785,15.042
07/06/2025,23:00:00,660.7688,356.4688,121.5,49.1125,316.75,36.8563,331.0312,331.125,2.7547,2.4219,2.7969,2.4781,-1.2808,-4.6025,14.8015,14.6666
07/06/2025,23:30:00,452.5187,343.0625,124.45,48.9,315.525,37.0875,323.75,323.7188,4.6687,4.5812,4.7828,5.0719,-0.8971,-2.8535,12.8791,12.7784
08/06/2025,00:00:00,390.3624,333.7812,120.7375,48.8125,304.825,36.6187,312.3438,312.3438,5.0687,5.0844,5.4312,5.7781,-0.8731,-2.468,12.6906,12.6029
08/06/2025,00:30:00,298.775,316.7812,125.8375,48.875,299.125,36.525,297.875,297.875,5.1594,5.1391,5.3469,5.8438,-0.6692,-2.035,12.858,12.7654
08/06/2025,01:00:00,340.6375,307.9375,118.8125,48.2625,290.575,35.9562,291.4375,291.4062,4.7766,4.8672,4.8172,5.6141,-0.7681,-2.3205,12.9279,12.832
08/06/2025,01:30:00,371.6625,308.4375,120.1,49.0938,289.925,36.45,290.8125,290.9062,4.4984,4.6203,4.5047,5.3578,-0.8451,-2.463,13.1131,13.0335
08/06/2025,02:00:00,370.6,309.5,122.45,49.8,292.475,37.1437,291.7188,291.7812,4.4312,4.6609,4.7016,5.8391,-0.7961,-2.443,13.4982,13.4121
08/06/2025,02:30:00,370.9187,308.7812,122.2125,50.2875,292,37.8187,291.4062,291.4688,4.5094,4.5109,4.6047,5.375,-0.8136,-2.4975,13.456,13.3682
08/06/2025,03:00:00,369.6437,308.5625,121.575,50.1437,291.875,37.4937,291.25,291.3125,4.4375,4.4969,4.8656,5.675,-0.709,-2.4055,13.7079,13.638
08/06/2025,03:30:00,371.45,309.0938,121.75,50.175,292.225,37.6625,291.375,291.4062,4.3969,4.5125,4.7828,5.525,-0.8455,-2.5805,13.768,13.6672
08/06/2025,04:00:00,369.2188,309.8125,121.9625,50.175,292.9,37.8812,291.875,292,4.4078,4.5203,4.6297,5.2234,-0.8477,-2.5855,13.9305,13.8492
08/06/2025,04:30:00,279.7562,301.8438,127.6875,50.2,290.25,38.1937,284.0625,284.125,5.3672,5.1781,5.4344,6.2594,-0.5979,-1.8285,13.1619,13.0822
08/06/2025,05:00:00,265.4125,299.4688,121.425,50.1,284.475,38.35,280.4062,280.4375,5.6203,5.3062,5.2687,5.8281,-0.7164,-1.849,13.0173,12.9392
08/06/2025,05:30:00,264.5625,296.3125,120.9375,50.2188,282.625,38.4188,278.1562,278.1875,5.8297,5.5109,5.5453,5.9219,-0.7156,-1.8575,12.9035,12.8141
08/06/2025,06:00:00,264.9874,297.2188,121.6625,50.2437,282.825,38.4875,278.1562,278.25,5.3,5.2875,5.5437,6.175,-0.6167,-1.7645,13.2902,13.2074
08/06/2025,06:30:00,264.775,297.2812,121.475,50.425,283.65,38.5062,279.0312,279.125,5.5437,5.5406,5.6156,6.0453,-0.6591,-1.7925,13.1375,13.0579
08/06/2025,07:00:00,263.8187,297.2188,121.3625,50.6062,283.725,38.6437,278.9062,279.0312,5.2453,5.2594,5.4781,6.5219,-0.6696,-1.8185,13.1261,13.0416
08/06/2025,07:30:00,263.8187,298,121.5375,50.5875,284.425,38.6375,279.8125,279.9688,5.4984,5.4281,5.4062,6.4,-0.6596,-1.826,13.287,13.2171
08/06/2025,08:00:00,265.2,298.4062,121.375,50.525,284.875,38.5875,280.3438,280.4688,5.5531,5.5156,5.5062,6.1937,-0.6456,-1.813,13.1326,13.0546
08/06/2025,08:30:00,264.35,299.75,121.45,50.5312,285.55,38.625,281,281.1875,5.2297,5.2812,5.6359,6.5547,-0.6464,-1.8095,13.1472,13.066
08/06/2025,09:00:00,265.2,299.125,121.35,50.2062,285.7,38.4375,281.3438,281.4375,5.6672,5.3625,5.3734,6.0891,-0.6499,-1.8145,13.0871,12.9961
08/06/2025,09:30:00,265.9437,300.0312,122.0875,50.775,286.5,38.675,281.875,281.875,5.6937,5.4937,5.5719,6.1141,-0.6442,-1.826,13.1895,13.1245
08/06/2025,10:00:00,264.6687,298.4062,121.4,51.275,285.1,39.2312,280.5625,280.6562,5.5719,5.3375,5.4281,6.2109,-0.7213,-1.8575,13.1131,13.0514
08/06/2025,10:30:00,264.6687,300.5938,120.2625,53.2312,285.225,41.375,281.4375,281.5312,5.5375,5.3875,5.6266,6.4266,-0.6521,-1.806,13.0579,12.9701
08/06/2025,11:00:00,263.8187,300.875,118.525,52.9,284.95,41.325,282.5938,282.7188,5.3812,5.1766,5.2578,6.3156,-0.6355,-1.8425,13.2269,13.131
08/06/2025,11:30:00,264.6687,304.4688,119.2,52.0312,287.35,40.2437,284.875,285,5.4062,5.3406,5.6844,6.3953,-0.667,-1.839,13.0449,12.9571
08/06/2025,12:00:00,264.2438,303.1875,119.6125,51.9875,287.175,40.2188,284.625,284.6562,5.9734,5.5578,5.4234,6.0125,-0.7108,-1.797,13.0091,12.9262
08/06/2025,12:30:00,264.1375,303.4688,121,51.6187,287.875,39.6,285.1562,285.1875,5.5359,5.4516,5.4062,5.9172,-0.6998,-1.831,12.9994,12.8986
08/06/2025,13:00:00,263.5,304.9062,120.075,51.7062,288.175,39.7437,285.3438,285.4375,5.4203,5.4516,5.3969,6.2594,-0.6779,-1.79,13.0367,12.9392
08/06/2025,13:30:00,264.2438,302.5,120.6625,51.425,287.55,39.4,284.4688,284.5312,5.4734,5.1797,5.5219,6.1766,-0.6924,-1.8035,13.0595,12.9653
08/06/2025,14:00:00,270.2999,302.25,120.475,51.4562,287.5,39.4812,284.2812,284.3438,4.9219,5.0437,5.0469,6.0969,-0.5839,-1.844,13.0075,12.91
08/06/2025,14:30:00,371.3438,317.2188,117.575,51.0625,295.3,38.275,298.3438,298.4375,4.7,4.8297,5.1078,5.8703,-0.814,-2.4835,13.9012,13.8086
08/06/2025,15:00:00,371.025,321.8125,121.3125,51.3187,299.95,38.6625,301.375,301.4375,4.3531,4.2562,4.7156,5.4484,-0.8652,-2.4885,13.7079,13.6283
08/06/2025,15:30:00,370.6,322.75,120.875,51.2625,300.275,38.8375,302.5938,302.6875,4.4,4.5594,4.8953,5.8047,-0.8455,-2.481,13.8281,13.7127
08/06/2025,16:00:00,369.75,322.7812,120.925,50.9875,300.625,38.9312,303.0312,303.1562,4.2469,4.4078,4.8828,5.55,-0.8477,-2.4865,13.8541,13.7631
08/06/2025,16:30:00,370.4938,323.75,120.825,51.0625,301.075,39.1312,303.7812,303.875,4.4266,4.6422,5.0172,5.5078,-0.8,-2.4555,13.9971,13.9045
08/06/2025,17:00:00,370.4938,324.4688,120.675,50.5562,301.45,38.875,304.3438,304.4375,4.5625,4.4062,4.6484,5.5187,-0.8503,-2.511,13.8671,13.7664
08/06/2025,17:30:00,371.025,327.25,122.4375,49.45,303.925,37.6937,306.0938,306.1875,4.7016,4.7719,4.9937,5.775,-0.8074,-2.499,13.9516,13.859
08/06/2025,18:00:00,370.3875,327.125,122.525,49.4625,304.45,37.5312,305.9688,305.9688,4.5328,4.5453,4.8266,5.5078,-0.8193,-2.503,13.8687,13.7826
08/06/2025,18:30:00,370.0687,326.5,122.525,49.6625,304.275,37.5875,305.875,305.9375,4.5734,4.5453,4.7437,5.4734,-0.7794,-2.454,13.8606,13.7582
08/06/2025,19:00:00,369.8562,327.4688,122.325,49.7937,304.75,37.8687,306.7812,306.8125,4.3922,4.3469,4.6422,5.4094,-0.8298,-2.501,13.69,13.6006
08/06/2025,19:30:00,370.7062,327.7188,122.3625,49.875,305,37.9,307.2188,307.3125,4.75,4.6531,4.7594,5.6578,-0.7711,-2.4325,13.8232,13.729
08/06/2025,20:00:00,370.6,329.1562,122.175,50.0812,305.45,37.8812,308.0938,308.25,4.6109,4.5984,4.7203,5.2641,-0.8232,-2.465,13.8687,13.7631
08/06/2025,20:30:00,370.2812,329.5,122,50.4312,305.625,38.2625,308.75,308.7812,4.4734,4.5328,4.7203,5.3297,-0.8525,-2.492,13.6315,13.5486
08/06/2025,21:00:00,370.1749,330.0312,122.025,50.1375,306,37.9688,309.25,309.3125,4.3484,4.6172,4.8187,5.5547,-0.8368,-2.495,13.8687,13.7761
08/06/2025,21:30:00,370.2812,329.75,122.05,50.0687,305.95,37.9813,309.3438,309.4375,4.4641,4.6859,4.95,5.4688,-0.772,-2.4025,13.7257,13.6201
08/06/2025,22:00:00,370.7062,327.9375,122.375,49.8687,305.925,37.525,308.9375,309,4.6844,4.5687,4.8391,5.3984,-0.8858,-2.5665,13.7387,13.6559
08/06/2025,22:30:00,370.3875,327.0625,121.8875,49.825,305.075,37.35,308.0625,308.125,4.5437,4.6094,4.8641,5.4781,-0.8131,-2.418,13.5714,13.4852
08/06/2025,23:00:00,370.6,327.6562,122.5625,49.4125,305.675,36.8687,307.9062,307.9688,4.5016,4.5062,4.7078,5.1969,-0.7825,-2.463,13.7891,13.6965
08/06/2025,23:30:00,370.6,327.875,123,49.1812,306.125,36.6375,308.0938,308.0938,4.4391,4.5219,4.8453,5.4031,-0.8573,-2.502,13.5584,13.4576
09/06/2025,00:00:00,370.0687,327.3438,123.1125,49.0187,305.875,36.4062,307.5,307.5312,4.5266,4.6562,4.8687,5.4875,-0.8,-2.4355,13.5909,13.482
09/06/2025,00:30:00,358.7,327.2812,124.1125,48.7188,305.95,36.1875,306.4375,306.5312,4.5656,4.5672,4.7937,5.5766,-0.7838,-2.457,13.6152,13.5243
09/06/2025,01:00:00,415.65,329.5,123.175,48.9688,304.8,36.2,309.8438,309.9062,4.3766,4.7312,5.1156,5.65,-0.8827,-2.9395,14.4586,14.3579
09/06/2025,01:30:00,416.5,339.125,119.3125,50.9688,307.5,37.725,315.5625,315.5312,4.0922,4.2953,4.6062,5.3312,-0.8433,-2.689,14.1726,14.0702
09/06/2025,02:00:00,420.2188,345.125,116.8125,52.3562,307.525,39.5437,316.9375,317,4.2016,4.2844,4.6266,5.0719,-0.9085,-2.7645,14.3985,14.3091
09/06/2025,02:30:00,418.0938,346.3125,116.5125,52.6562,307.75,40.0375,317.75,317.8125,4.2734,4.4453,4.6687,5.175,-0.9103,-2.732,14.2652,14.1612
09/06/2025,03:00:00,416.8187,337.0625,115.7375,52.4625,303.825,39.9375,313.8438,313.9062,3.9047,4.0781,4.2391,5.0656,-0.8512,-2.6095,14.2019,14.0865
09/06/2025,03:30:00,417.4562,333.25,112.475,52.4625,299.825,40.025,310.1562,310.1562,4.2016,4.2844,4.3641,5.0828,-0.8674,-2.6335,14.2782,14.1824
09/06/2025,04:00:00,416.7125,333.125,113.1625,52.6625,300.075,40.0437,310.2188,310.3438,3.9437,4.2266,4.5422,5.35,-0.8967,-2.6615,14.21,14.1174
09/06/2025,04:30:00,417.4562,331.6562,113.975,52.1687,300.075,39.7062,309.8125,309.9062,3.8219,4.0687,4.3109,5.1484,-0.8998,-2.659,14.0849,13.9858
09/06/2025,05:00:00,416.8187,332.125,114.45,51.4812,301.3,38.9312,310.4688,310.5625,3.8969,4.1328,4.5,5.2781,-0.8245,-2.6015,14.2181,14.1369
09/06/2025,05:30:00,416.7125,333.3438,115.25,51.7625,302.275,38.7,311.2812,311.25,3.8281,4.3891,4.6797,5.3453,-0.8451,-2.6175,14.1856,14.0898
09/06/2025,06:00:00,416.8187,334.1875,115.65,52.3687,303,39.1875,312.125,312.2188,3.9391,4.3453,4.5219,5.1547,-0.9028,-2.72,14.223,14.1076
09/06/2025,06:30:00,417.35,334.375,116.125,52.3937,303.5,39.625,312.6875,312.75,4.3016,4.1344,4.3359,4.9937,-0.8105,-2.6425,14.3335,14.2279
09/06/2025,07:00:00,416.2875,334.3438,114.15,51.9812,301.65,39.2437,311.5312,311.5625,3.8484,4.3266,4.5797,5.1375,-0.9216,-2.6605,14.3107,14.2116
09/06/2025,07:30:00,417.1375,333.875,114.7375,51.1375,302.5,38.375,311.6562,311.6562,3.9344,3.9641,4.1422,4.9469,-0.8836,-2.6685,14.2279,14.1336
09/06/2025,08:00:00,417.8812,326.6875,114.5875,51.2562,298.8,38.5125,307.5938,307.625,3.6016,4.0641,4.3406,5.3875,-0.8556,-2.6165,14.2344,14.171
09/06/2025,08:30:00,416.5,328.8438,115.1125,51.1562,300.15,38.8687,308.5,308.5625,3.6906,4.2094,4.7109,5.2359,-0.9046,-2.6675,14.1629,14.054
09/06/2025,09:00:00,416.1813,331.6562,116.5625,51.2188,302.125,38.8438,310.5,310.5312,3.7953,4.0344,4.5484,5.3422,-0.8547,-2.619,13.9077,13.8005
09/06/2025,09:30:00,415.9688,332.0625,115.475,51.3875,301.775,38.9375,310.1875,310.3125,3.5281,3.9703,4.6547,5.3562,-0.8481,-2.627,14.1954,14.0865
09/06/2025,10:00:00,264.4562,309.5625,128.7625,51.5437,296.05,40.2312,292.5,292.5,5.2109,5.4469,5.3469,5.65,-0.6543,-1.6775,12.7784,12.702
09/06/2025,10:30:00,266.0499,310.7188,118.7125,51.9062,290.025,40.4875,290.0625,290.1562,5.2531,5.3516,5.7422,5.9969,-0.7322,-1.8255,12.7654,12.7069
09/06/2025,11:00:00,265.4125,312.1562,119.575,52.65,290.7,41.075,290.5312,290.625,5.5859,5.5328,5.8453,6.1844,-0.6688,-1.7585,12.7832,12.7069
09/06/2025,11:30:00,260.7374,311.8438,119.175,52.3937,290.675,40.6937,290.8125,290.875,5.6187,5.5141,6.0672,6.2719,-0.6981,-1.7725,12.7914,12.7118
09/06/2025,12:00:00,264.4562,311.2812,119.4,51.5375,290.525,39.9375,290.5625,290.5625,5.3844,5.0828,5.5734,6.1328,-0.7269,-1.748,12.7735,12.7069
09/06/2025,12:30:00,265.4125,311,120.175,51.3312,290.6,39.4812,290,290.0312,5.3828,5.2266,5.6531,6.1828,-0.7287,-1.826,12.8044,12.7215
09/06/2025,13:00:00,265.2,310.9062,120.725,51.075,290.95,39.25,289.9062,290,5.6391,5.6797,5.7594,6.0906,-0.6836,-1.7835,12.7995,12.7101
09/06/2025,13:30:00,264.9874,311.0938,121.1125,50.75,291.325,38.8812,289.8438,289.9062,5.4859,5.3422,5.7172,6.4094,-0.6937,-1.787,12.8076,12.7118
09/06/2025,14:00:00,265.2,310.0312,120.975,50.925,290.9,38.95,289.6875,289.7188,5.5234,5.4937,5.5953,6.1375,-0.7213,-1.8225,12.5931,12.5184
09/06/2025,14:30:00,264.4562,310.4375,120.8875,51.2375,291.175,39.2687,290.0625,290.0938,5.6672,5.4281,5.8359,6.4781,-0.6456,-1.75,12.8109,12.7215
09/06/2025,15:00:00,264.4562,309.875,120.7375,51.0938,290.85,39.0812,289.7188,289.7812,5.5453,5.5531,5.9172,6.2641,-0.7217,-1.81,12.7784,12.702
09/06/2025,15:30:00,417.6687,326.375,112.7875,50.95,295.525,37.9813,304.2188,304.3125,3.9953,4.1266,4.5,5.2266,-0.9474,-2.7555,13.8996,13.8037
09/06/2025,16:00:00,416.9249,334.0938,116.1375,50.625,304.925,37.775,313.1562,313.2188,3.7062,4.0578,4.2375,5.1312,-0.8665,-2.674,13.7517,13.6624
09/06/2025,16:30:00,417.0312,332.375,116.9,50.5125,304.625,38.125,312.9688,313,3.9641,4.2828,4.5266,5.4828,-0.9728,-2.7355,13.8395,13.7371
09/06/2025,17:00:00,416.6062,331.9688,116.6625,50.2375,303.5,38.225,312.0938,312.0625,3.8344,4.2531,4.7188,5.4594,-0.8858,-2.6465,13.8298,13.7339
09/06/2025,17:30:00,418.2,336.125,117.2,50.0375,304.85,38.0062,313.4688,313.5625,3.9578,4.0859,4.3125,5.0797,-0.8582,-2.662,14.0199,13.9224
09/06/2025,18:00:00,417.35,337.6562,117.3,50,305.775,38,314.5312,314.6562,3.9141,4.4422,5.0078,5.2219,-0.8818,-2.6905,13.8639,13.7778
09/06/2025,18:30:00,416.3937,335.9375,117.025,51,304.275,38.6125,313.1875,313.2188,3.6906,4.4875,4.8484,5.0172,-0.8114,-2.587,13.9354,13.8314
09/06/2025,19:00:00,417.1375,336.4375,115.3875,49.7625,304.15,37.175,313.0625,313.0938,3.6578,3.9922,4.4359,4.9719,-0.8971,-2.6255,13.9419,13.846
09/06/2025,19:30:00,417.0312,338.1875,116.825,49.5375,306.075,36.9688,314.2812,314.4062,3.775,4.2766,4.625,5.1859,-0.8354,-2.6225,14.1336,14.0394
09/06/2025,20:00:00,416.2875,335.4688,116.9,49.6812,305.175,37,313.5938,313.6562,3.9688,4.0938,4.3531,5.4578,-0.8704,-2.6385,14.0865,14.002
09/06/2025,20:30:00,416.6062,336.1875,117.85,48.625,306.625,35.8,314.2188,314.1875,3.8438,4.0266,4.3672,5.2844,-0.919,-2.7145,13.9549,13.8606
09/06/2025,21:00:00,417.0312,336.5938,118.45,48.3812,307.15,35.5312,314.1562,314.2812,3.8719,4.3859,4.4156,4.975,-0.8494,-2.6985,14.2262,14.1401
09/06/2025,21:30:00,416.075,338.4375,119.15,48.4937,308.125,35.7812,315.25,315.3438,4.1094,4.0938,4.3156,4.8562,-0.9168,-2.752,14.0898,13.976
09/06/2025,22:00:00,416.5,337.2812,118.55,49.0187,307.3,36.85,314.9062,314.9688,3.9219,3.9781,4.3344,5.2047,-0.9378,-2.7095,14.1482,14.0589
09/06/2025,22:30:00,415.7562,339.8125,118.0125,48.6875,308.15,36.0875,315.9375,315.9688,3.7172,4.0422,4.4922,5.1344,-0.8302,-2.639,14.0442,13.9321
09/06/2025,23:00:00,415.8624,337.25,117.575,48.4562,306.5,35.65,314.3125,314.2812,3.9344,4.2484,4.6,5.1266,-0.8324,-2.663,14.1239,14.0329
09/06/2025,23:30:00,416.3937,331,117.65,48.3812,303.775,35.4062,310.9688,311.0312,3.8031,4.2375,4.7031,5.1453,-0.8512,-2.6635,14.3562,14.2506
10/06/2025,00:00:00,416.5,330.5,118.4,48.0375,304.225,35.0312,310.0312,310.125,3.7312,4.2047,4.5687,4.8797,-0.8958,-2.714,14.184,14.0979
10/06/2025,00:30:00,328.8438,327.9062,129.0625,47.8312,309.8,35.2188,304.5312,304.625,5.2719,5.3266,5.7781,6.1719,-0.8144,-2.2665,13.4137,13.3228
10/06/2025,01:00:00,376.2312,323.3125,120.4375,48.4375,300.375,35.6562,301.5625,301.6562,4.3844,4.5781,4.9047,5.4953,-0.8608,-2.531,14.0637,13.9565
10/06/2025,01:30:00,421.0687,325.2812,116.6875,49.3937,299.675,36.3375,306.0938,306.1562,3.9953,4.3797,4.4266,4.9562,-0.9054,-2.752,14.7706,14.665
10/06/2025,02:00:00,420.5375,332.4688,118.45,49.0812,303.375,36.1937,309.8125,309.9375,3.8312,4.5297,4.4562,5.0953,-0.9256,-2.817,14.7544,14.6585
10/06/2025,02:30:00,420.1124,329.5938,117.6625,49.4812,302.825,36.5812,309.625,309.6875,3.8484,4.1281,4.4078,5.2047,-0.9781,-2.808,14.4342,14.3335
10/06/2025,03:00:00,419.475,329.9062,117.1125,50.0812,302.4,37.2188,309.75,309.8125,3.6922,3.9594,4.3531,5.1547,-0.8569,-2.6615,14.4164,14.3124
10/06/2025,03:30:00,419.9,331.375,116.8,52.2312,302,38.9312,310.1562,310.1875,3.7953,4.1078,4.4437,5.3094,-0.8512,-2.6775,14.5951,14.5106
10/06/2025,04:00:00,419.7937,332.2812,115.6375,52.225,302,39.4437,310.8125,310.9062,3.7594,4.0234,4.4859,5.1187,-0.912,-2.752,14.2344,14.1369
10/06/2025,04:30:00,419.6875,334.0312,115.8125,52.1625,302.75,39.5,311.75,311.8125,3.9516,4.1937,4.3875,5.1281,-0.9094,-2.7425,14.3091,14.2181
10/06/2025,05:00:00,420.9625,329.5625,114.75,52.1687,300.3,39.5812,309.2812,309.3438,3.9203,4.3922,4.8234,5.3297,-0.8748,-2.672,14.2977,14.2019
10/06/2025,05:30:00,419.5812,328.1875,114.5625,51.9688,299.8,39.4062,308.8125,308.875,3.7125,4.5125,4.5312,4.8219,-0.8617,-2.66,14.2035,14.1157
10/06/2025,06:00:00,419.5812,327.1875,113.825,51.575,298.275,39.1375,307.1875,307.1875,3.6734,4.1062,4.1031,4.8906,-0.7794,-2.548,14.3904,14.327
10/06/2025,06:30:00,390.6813,321.2812,118.85,51.5062,298.55,39.2687,303.6562,303.7188,3.95,4.4078,4.7,5.5281,-0.8599,-2.4915,13.6803,13.5828
10/06/2025,07:00:00,392.275,321.4375,118.2375,51.4875,298.1,39.2312,303.1875,303.2188,4.0703,4.3328,4.5562,5.5891,-0.8267,-2.4655,13.6526,13.5437
10/06/2025,07:30:00,418.7312,326.4062,114.975,51.4937,298.675,39.15,306.5938,306.75,3.9375,4.5031,4.4734,5.0687,-0.8949,-2.6655,14.2311,14.1418
10/06/2025,08:00:00,419.6875,327.5312,114.95,51.5375,298.55,39.2437,306.9688,307.0625,3.7422,4.45,4.7703,5.1672,-0.9072,-2.65,14.0247,13.9305
10/06/2025,08:30:00,419.475,326.8125,115.0375,51.9125,298.4,39.5625,306.875,306.9375,3.8031,4.2469,4.5703,5.1297,-0.8411,-2.6,14.0946,13.9971
10/06/2025,09:00:00,419.7937,329.0938,115.05,52.2,299.15,39.925,308.0312,308.0625,3.7078,4.1797,4.525,5.1719,-0.8507,-2.594,14.0898,14.0036
10/06/2025,09:30:00,418.5187,329.0312,114.575,52.425,299,40.3,308.0938,308.125,4.1047,4.2,4.4953,5.4219,-0.8604,-2.621,14.028,13.9321
10/06/2025,10:00:00,418.3063,328.5938,114.3,52.7937,298.75,40.6187,308.0312,308.0625,3.7062,3.9672,4.1344,5.2453,-0.9264,-2.6485,14.0833,13.989
10/06/2025,10:30:00,419.1562,329.1562,114.0125,52.7188,298.775,40.5687,308.1875,308.2188,3.7453,4.0594,4.3453,5.1375,-0.8556,-2.5655,14.028,13.9321
10/06/2025,11:00:00,418.3063,329.3125,113.925,52.8125,299.125,40.4812,308.4688,308.4688,3.9641,4.1578,4.4703,5.5094,-0.8411,-2.5935,14.0004,13.9012
10/06/2025,11:30:00,413.8438,329.8438,113.9875,52.9,299.5,40.65,308.9062,308.9375,3.8578,4.1609,4.4453,5.3875,-0.8538,-2.5715,13.9841,13.8866
10/06/2025,12:00:00,262.1188,309.9062,126.6625,52.8687,295.925,41.65,294.25,294.2188,5.0797,5.0281,5.3375,5.8281,-0.6355,-1.6515,12.8434,12.754
10/06/2025,12:30:00,264.2438,312.1562,117.6625,52.7,290.25,41.625,291.6875,291.7812,5.2984,5.4312,5.5906,6.1609,-0.6009,-1.6865,12.7946,12.7085
10/06/2025,13:00:00,419.5812,320.7812,111.1625,52.3,288.85,40.2437,298.3438,298.4375,3.6437,3.7906,4.1422,5.0344,-0.9348,-2.713,14.171,14.0719
10/06/2025,13:30:00,419.1562,332.9375,113.1625,52.0875,300.45,40.0062,309.4375,309.5,4.0578,4.2359,4.6016,5.4594,-0.8639,-2.6,13.885,13.8606
10/06/2025,14:00:00,418.8375,333.9688,114.8,52.7188,302.125,40.5312,311.4688,311.5625,3.6578,4.1141,4.5938,5.3141,-0.8455,-2.6095,14.0898,13.9874
10/06/2025,14:30:00,419.3688,334.3438,114.825,52.8375,302.825,40.7062,312.25,312.3125,3.7297,4.0625,4.4453,5.1922,-0.8984,-2.6385,13.7859,13.6981
10/06/2025,15:00:00,419.0499,335.0312,114.6375,52.7312,303.4,40.65,313.0625,313.0938,3.7422,4.0766,4.4406,5.2828,-0.9081,-2.745,13.7729,13.6786
10/06/2025,15:30:00,419.3688,336.2812,113.775,52.7,302.925,40.5375,313,313.0938,3.7812,4.3875,4.8156,5.3297,-0.8324,-2.587,13.9955,13.8883
10/06/2025,16:00:00,420.325,336.9688,113.8,52.6875,303.35,40.5312,313.5938,313.7188,3.7859,4.4609,4.7703,5.25,-0.8604,-2.616,13.8086,13.7014
10/06/2025,16:30:00,419.0499,335.8125,113.6875,52.3187,303.15,40.2188,313.2812,313.3125,3.8969,4.3875,4.7312,5.1016,-0.8433,-2.6075,13.7826,13.6705
10/06/2025,17:00:00,418.9437,336.9688,113.9875,52.1687,304.125,39.7687,314.125,314.2188,3.5156,4.2531,4.5625,5.1844,-0.856,-2.6075,13.9338,13.833
10/06/2025,17:30:00,417.9874,338.25,114.275,52.0812,305,39.7562,314.875,314.9688,3.6594,4.1984,4.5437,5.4141,-0.8223,-2.587,13.9581,13.8622
10/06/2025,18:00:00,419.0499,338.1875,114.5,52.675,305,40.2687,315.125,315.2188,3.7672,4.3641,4.5719,5.2531,-0.9019,-2.6505,13.9386,13.8363
10/06/2025,18:30:00,418.9437,337.9062,114.5,52.825,305,40.325,315.25,315.2812,3.7937,4.3,4.6922,5.5781,-0.8276,-2.579,13.8135,13.7127
10/06/2025,19:00:00,418.3063,339.5625,113.7625,52.7188,305.425,39.9437,315.9375,315.9688,3.6312,4.2641,4.5047,5.2484,-0.8971,-2.7045,14.1369,14.0556
10/06/2025,19:30:00,418.5187,339.875,114.325,52.6187,306.1,40.05,316.5312,316.5625,3.6812,4.0719,4.5,5.1766,-0.8678,-2.6315,14.0199,13.9175
10/06/2025,20:00:00,418.0938,339.4688,114.05,52.3562,305.9,39.825,316.4688,316.5312,3.5047,4.2188,4.625,5.3,-0.8862,-2.6365,13.9077,13.8037
10/06/2025,20:30:00,417.6687,340.4688,114.325,52.175,306.75,39.6,317.1562,317.1875,3.5797,4.2266,4.7812,5.3297,-0.8599,-2.6315,14.0394,13.9386
10/06/2025,21:00:00,419.1562,343.0625,115.0125,51.1312,308.675,38.8,318.6562,318.7812,3.8187,4.5047,4.5203,5.0484,-0.8472,-2.633,13.9858,13.8964
10/06/2025,21:30:00,418.9437,343.6562,115.3875,51.0875,309.35,38.4937,319.1562,319.2188,3.6031,4.3547,4.5234,5.2578,-0.9068,-2.6785,13.7371,13.6331
10/06/2025,22:00:00,418.7312,343.9688,115.675,51.0687,309.875,38.1375,319.5938,319.6875,3.575,4.2766,4.4031,5.2234,-0.8551,-2.652,13.8379,13.7306
10/06/2025,22:30:00,418.3063,344.1562,115.925,50.95,310.375,38.15,320.0625,320.0938,3.5531,4.2266,4.5797,5.1859,-0.8547,-2.64,13.8314,13.7371
10/06/2025,23:00:00,419.2625,344.1562,115.7375,50.75,310.425,37.7938,320.0625,320.125,3.6203,4.0969,4.4516,5.0703,-0.8827,-2.6685,13.6412,13.5437
10/06/2025,23:30:00,417.1375,339.875,115.525,50.95,308.15,38.125,317.7812,317.8438,3.7984,4.2188,4.5453,4.9562,-0.8184,-2.641,13.8899,13.7891
11/06/2025,00:00:00,418.9437,337.1562,115.6375,51.725,306.5,39.1937,315.8125,315.875,3.6687,4.0469,4.2312,4.9219,-0.9085,-2.743,13.8525,13.7599
11/06/2025,00:30:00,330.5437,331.6562,123.75,51.7062,307.5,39.6812,309.6875,309.75,5.1375,4.9234,5.2297,5.6922,-0.8193,-2.3025,13.0579,12.9539
11/06/2025,01:00:00,374.7438,329.2188,116.875,51.7687,300.625,39.525,307.6875,307.7188,4.2422,4.6656,4.9266,5.6328,-0.7943,-2.466,13.4836,13.3715
11/06/2025,01:30:00,269.025,316.6562,125.75,51.5938,299.575,40.125,298.1562,298.1875,5.1859,5.0734,5.1984,5.8172,-0.7134,-1.839,12.7329,12.6565
11/06/2025,02:00:00,269.6625,315.5938,118.45,51.4125,293.275,39.9062,293.9688,294.0312,5.1781,5.2172,5.5672,6.1516,-0.6552,-1.7245,12.7052,12.6175
11/06/2025,02:30:00,269.025,315.0938,119.75,51.2125,292.85,39.7812,293,293.0625,5.5094,5.4266,5.7703,6.2609,-0.6477,-1.7775,12.871,12.7914
11/06/2025,03:00:00,268.9187,305.0312,119.6125,51.4,288.3,39.9437,287.5625,287.5625,5.4141,5.3438,5.525,5.9828,-0.7003,-1.8055,12.8401,12.7556
11/06/2025,03:30:00,269.6625,311,120.2125,51.2125,290.6,39.8375,289.1875,289.3125,5.2094,5.1359,5.8766,6.3469,-0.6736,-1.8005,12.8807,12.7897
11/06/2025,04:00:00,270.4062,311.125,120.7875,50.6562,291.625,39.3812,290.125,290.1875,5.6406,5.4875,5.4484,6.2812,-0.6167,-1.7705,12.8336,12.7638
11/06/2025,04:30:00,270.0875,309.5312,120.9125,50.4187,291.025,39.0875,289.25,289.2812,5.6844,5.5516,5.3953,6.2891,-0.6355,-1.76,12.8369,12.7556
11/06/2025,05:00:00,269.1312,310.375,121.325,50.2875,291.725,38.9312,289.375,289.4688,5.3719,5.2219,5.2734,6.45,-0.6644,-1.7935,12.7686,12.689
11/06/2025,05:30:00,269.2374,310.5312,121.3375,50.2375,292.05,38.9,289.7812,289.875,5.2766,5.4094,5.8125,6.4734,-0.6434,-1.774,13.04,12.9457
11/06/2025,06:00:00,269.45,312.1562,121.675,50.2562,293.125,38.8875,290.8438,290.9375,5.4312,5.3328,5.625,6.3422,-0.6946,-1.831,13.0416,12.9522
11/06/2025,06:30:00,269.3438,312.4062,121.45,50.4562,293.025,39.0375,291.0312,291.0938,5.5312,5.2562,5.4828,6.2031,-0.6998,-1.819,12.9653,12.884
11/06/2025,07:00:00,269.2374,312.2188,121.325,50.2,293.5,38.8563,291.4375,291.5,5.3953,5.1516,5.6359,6.3469,-0.6604,-1.7855,12.9051,12.8531
11/06/2025,07:30:00,420.6437,331.125,113.925,50.1625,297.9,37.7562,306.7812,306.875,3.7375,4.3703,4.4828,4.8969,-0.8599,-2.7365,14.5675,14.4684
11/06/2025,08:00:00,418.9437,348.3125,117,50.3062,311.3,37.8187,320.25,320.3438,3.5844,4.4031,4.6,5.2578,-0.9046,-2.761,14.4879,14.4066
11/06/2025,08:30:00,419.7937,350.5938,117.025,50.4625,312.45,38.0625,322.0312,322.1562,3.7609,4.2672,4.2328,4.7469,-0.8836,-2.682,14.2181,14.1092
11/06/2025,09:00:00,418.9437,355.2812,117.5875,51.075,315.1,38.5687,324.8125,324.9375,3.875,4.2937,4.7016,4.9312,-0.8827,-2.7205,14.4212,14.3205
11/06/2025,09:30:00,419.1562,357.9688,117.675,50.5875,318.025,38.3,327.4375,327.4688,3.5719,4.4688,4.2656,4.8047,-0.9527,-2.75,14.1092,14.0052
11/06/2025,10:00:00,417.9874,357.1562,116.2375,51.1312,316.875,38.7313,326.8438,326.875,3.6516,4.5781,4.4531,4.9172,-0.961,-2.718,14.0556,13.9516
11/06/2025,10:30:00,417.8812,354.4688,115.325,51.35,314.225,38.9937,324.5,324.5938,3.7469,4.4406,4.4031,4.9859,-0.8634,-2.6635,14.2197,14.119
11/06/2025,11:00:00,419.2625,345.5625,113.725,51.3312,307.925,39.0687,318.5,318.5312,4.0422,4.6703,4.1359,4.7609,-0.891,-2.62,14.1434,14.054
11/06/2025,11:30:00,418.8375,335.6875,112.0625,50.9187,301.65,38.7062,311.9375,312,4.0875,4.2734,4.1641,4.6234,-0.9269,-2.6815,14.158,14.0507
11/06/2025,12:00:00,266.1562,310.5938,125.4875,51.1,296.95,39.8937,294.8438,294.9062,5.3031,5.4656,5.3406,5.7625,-0.6631,-1.688,12.8092,12.7946
11/06/2025,12:30:00,422.45,318.3438,113.6125,51.2625,288.375,39.0437,297.7812,297.8438,4.1172,4.4,4.3047,5.1297,-0.9536,-2.9255,14.6162,14.5171
11/06/2025,13:00:00,419.1562,336.25,113,51.1812,301.65,38.8812,310.6562,310.7812,3.8922,4.2391,4.1016,4.6969,-0.8739,-2.6245,14.3026,14.2116
11/06/2025,13:30:00,420.5375,335.9062,114.725,51.2812,303.05,38.9562,312.0938,312.1562,3.8828,4.2469,4.3297,5.0938,-0.9041,-2.679,14.3546,14.275
11/06/2025,14:00:00,419.3688,335.9688,115.2,51.275,303.75,39.0875,312.8438,312.875,3.7656,4.2203,4.5312,5.1781,-0.9173,-2.6905,14.2002,14.093
11/06/2025,14:30:00,420.1124,334.9688,115.2125,51.7312,303.6,39.375,312.75,312.8125,3.7312,4.3156,4.4797,5.25,-0.9072,-2.7005,14.1759,14.0686
11/06/2025,15:00:00,419.0499,333.9062,114.575,51.9187,302.775,39.6437,312.3438,312.4062,3.9141,4.0297,4.275,4.9703,-0.8604,-2.6055,14.1677,14.0865
11/06/2025,15:30:00,421.2812,333.9375,114.375,51.8125,302.95,39.5062,312.6562,312.75,3.9234,4.3406,4.6312,5.1812,-0.8184,-2.6025,14.2734,14.1759
11/06/2025,16:00:00,419.475,334.4375,114.65,51.5812,303.575,39.3125,313.0625,313.125,3.85,4.1906,4.4719,5,-0.8958,-2.651,14.2132,14.1255
11/06/2025,16:30:00,418.625,337.5,114.9125,51.5562,305.025,39.1625,314.5938,314.6875,3.9719,4.0969,4.15,5.0859,-0.9466,-2.7365,14.1255,14.0117
11/06/2025,17:00:00,420.2188,336.0625,115.0625,51.2937,305.25,38.9188,314.9375,314.9375,3.8234,4.0109,4.0594,5.0406,-0.8245,-2.612,14.3026,14.1938
11/06/2025,17:30:00,420.0062,335.6875,115.2625,50.4062,305.9,38.2687,315.1562,315.25,3.6937,3.9828,4.2234,5.1859,-0.8932,-2.654,13.9484,13.8525
11/06/2025,18:00:00,419.2625,337.625,116.275,49.9187,307.65,37.7562,316.5,316.5938,3.6047,3.9922,4.3922,5.3766,-0.9002,-2.663,13.7192,13.6071
11/06/2025,18:30:00,419.5812,337.3125,116.55,49.4875,308.05,37.3687,316.875,316.9375,3.8125,4.1516,4.425,5.2859,-0.8818,-2.664,13.8395,13.7517
11/06/2025,19:00:00,420.325,339.2812,117.0625,48.7437,309.5,36.6625,317.8125,317.875,3.4781,4.1094,4.625,5.2219,-0.8599,-2.647,13.7209,13.6315
11/06/2025,19:30:00,419.475,339.5312,117.7875,48.9,310.125,36.6562,318.2812,318.375,3.4875,3.8078,4.5375,5.4734,-0.9111,-2.686,13.6299,13.5957
11/06/2025,20:00:00,419.1562,339.875,117.6125,48.9875,310.325,36.7375,318.7188,318.8438,3.6672,4.025,4.5031,5.4219,-0.8604,-2.6385,13.7192,13.6234
11/06/2025,20:30:00,418.5187,339.125,117.3625,48.7875,310.325,36.5875,318.8125,318.8438,3.8141,4.2922,4.5906,5.5078,-0.8044,-2.595,13.7176,13.6071
11/06/2025,21:00:00,420.325,339.625,117.55,49.1937,310.55,36.8875,319.0625,319.0938,3.6016,3.9719,4.2719,5.3031,-0.8984,-2.683,13.8655,13.7778
11/06/2025,21:30:00,419.9,344.0625,118.7375,49.3937,312.275,37.0375,320.9375,321,3.9437,4.1906,4.5031,5.1156,-0.8569,-2.7135,13.9516,13.8541
11/06/2025,22:00:00,419.0499,343.0938,117.1625,49.5812,311.825,37.2437,320.8438,320.9375,3.5172,4.2422,4.6922,5.2875,-0.9019,-2.692,13.8671,13.7745
11/06/2025,22:30:00,419.7937,342.6562,118.025,49.9812,311.975,37.6875,321.1562,321.1875,3.3734,4.1359,4.4547,5.3812,-0.9588,-2.7695,13.5649,13.4674
11/06/2025,23:00:00,420.6437,350.125,118.5375,50.1437,315,37.875,323.8438,323.9375,4.0172,4.2109,4.8312,5.4141,-0.8438,-2.699,13.8167,13.7371
11/06/2025,23:30:00,418.9437,343,117.4,50.1375,311.35,37.7625,321.0312,321.0938,3.9344,4.5266,4.6687,5.3906,-0.8477,-2.66,13.6217,13.5243
12/06/2025,00:00:00,420.2188,350.2812,117.3,50.2625,314.475,37.925,323.5312,323.625,4.0234,4.15,4.2453,5.3031,-0.8634,-2.67,13.5763,13.4788
12/06/2025,00:30:00,351.7937,337.25,122.425,50.125,310.9,38.0187,315.2812,315.4062,4.7359,4.9125,5.275,5.3016,-0.7676,-2.2345,13.0822,12.9864
12/06/2025,01:00:00,411.9313,331.4688,118.4875,49.95,301.75,37.4375,310.0625,310.1562,3.8203,4.3266,4.4437,5.2266,-0.9391,-2.7325,13.9224,13.8379
12/06/2025,01:30:00,447.8438,339,114.525,49.8375,304.125,37.2125,314.6562,314.75,3.8,4.2828,3.8,4.2812,-0.9881,-2.9845,13.6591,13.5372
12/06/2025,02:00:00,445.825,346.25,118.0625,48.85,312.45,37.25,322.0625,322.1875,3.4234,4.2844,4.4078,4.7312,-0.8897,-2.7725,13.5145,13.3975
12/06/2025,02:30:00,444.3375,347.6562,120.1125,48.7937,315.225,37.2812,324.8125,324.875,3.4937,3.8875,4.1953,4.5656,-0.9116,-2.786,13.4072,13.2951
12/06/2025,03:00:00,445.7188,344.875,119.2,48.8375,313.275,37.4688,323.4375,323.4375,3.7281,4.1984,4.5125,4.5,-0.9501,-2.8325,13.3,13.1781
12/06/2025,03:30:00,445.1875,343.625,118.4625,49.075,312.275,37.6312,322.6875,322.6562,3.9234,3.6172,3.9484,4.8578,-0.8529,-2.7495,13.5616,13.4576
12/06/2025,04:00:00,427.4437,339.8125,120.7125,49.5312,311.2,37.8125,319.625,319.6562,4.8562,5.1062,4.9984,4.7094,-0.8564,-2.661,13.8005,13.6965
12/06/2025,04:30:00,264.5625,314,126.175,50.1375,300.325,38.7938,299.8438,299.875,5.1656,5.5406,5.4984,6.1656,-0.7121,-1.744,12.5395,12.5297
12/06/2025,05:00:00,449.4375,317.5,113.5375,50.0062,289.65,37.7437,298.4375,298.5,4.3156,4.2969,4.1922,3.7437,-0.9899,-3.1375,15.3118,15.2289
12/06/2025,05:30:00,446.25,338.2812,112.35,49.8687,304.5,37.3812,313.8125,313.9062,4.3734,4.6156,4.0531,3.975,-0.9212,-2.7985,14.3627,14.2474
12/06/2025,06:00:00,313.4375,324.0312,128.675,49.9875,306.975,38.2188,305.2188,305.2812,4.8266,5.2016,5.2891,5.7594,-0.7676,-2.0335,12.8336,12.7475
12/06/2025,06:30:00,266.475,307.1562,122.4,50.2937,291.875,38.8875,290.9062,290.9688,5.1516,5.7328,5.6109,6.0062,-0.6797,-1.754,12.8889,12.806
12/06/2025,07:00:00,266.6875,303.7812,120.1625,50.4062,287.7,39.0687,286.5938,286.5938,5.0719,5.5703,5.5266,6.0641,-0.6775,-1.771,12.8515,12.7816
12/06/2025,07:30:00,267.0062,301.4688,120.4625,50.6437,286.65,39.3562,284.0312,284.0938,5.45,5.8766,5.7391,6.1859,-0.7007,-1.799,12.7361,12.6435
12/06/2025,08:00:00,268.1749,300.7188,121.0625,50.8187,286.15,39.5437,282.9688,283.0312,5.3156,5.7141,5.6828,6.1812,-0.5974,-1.6995,12.9425,12.8369
12/06/2025,08:30:00,365.6062,315.25,115.8125,51.0187,292.125,38.9875,294.5938,294.625,4.6687,4.7078,5.2203,5.2016,-0.8394,-2.39,13.5795,13.4869
12/06/2025,09:00:00,449.9688,326.6875,116.4875,50.1687,298.25,38.675,305.9375,306.0312,3.9453,3.8281,4.5391,4.9562,-0.9938,-2.9275,13.5925,13.4999
12/06/2025,09:30:00,429.9938,326.1562,118.175,50.7312,300.3,39.025,307.4062,307.5,4.8344,4.9062,4.7312,4.6312,-0.7352,-2.4965,13.586,13.4934
12/06/2025,10:00:00,434.9874,317.4688,117.225,51.45,292.625,39.2437,300.0938,300.2188,4.4953,4.5906,4.3406,4.0703,-1.0354,-3.047,14.0995,14.0036
12/06/2025,10:30:00,448.9062,329.8438,114.8125,50.975,300.525,39.55,309.375,309.4062,3.925,3.6672,4.0453,4.4656,-0.9431,-2.8045,13.5275,13.4219
12/06/2025,11:00:00,426.0625,328.0938,118.3,51.6187,301.525,39.9062,309.1875,309.25,4.4969,4.8672,4.7828,4.5984,-0.7278,-2.506,13.9679,13.8704
12/06/2025,11:30:00,264.1375,307.0625,125.1125,52.5938,296.4,41.275,295.0625,295.125,5.2641,4.8969,4.9516,5.5437,-0.6377,-1.7065,12.7654,12.6809
12/06/2025,12:00:00,266.7937,302.375,117.3,52.5125,286.125,41.275,287.25,287.2812,5.0781,5.4656,5.1,5.7281,-0.6648,-1.7745,12.8271,12.7394
12/06/2025,12:30:00,266.9,296.9062,117.525,52.5,283.05,41.625,282.625,282.6875,5.3391,5.7219,5.3625,6.0125,-0.7186,-1.832,12.8921,12.8044
12/06/2025,13:00:00,267.2188,295.5938,117.875,52.625,281.625,41.5437,280.4062,280.4688,5.8922,5.6672,5.3687,5.7641,-0.66,-1.7145,12.6744,12.5996
12/06/2025,13:30:00,267.5375,294.7812,119.1625,51.2937,281.9,39.6437,279.3438,279.3438,5.0312,5.4594,5.4656,6.3766,-0.7134,-1.8215,12.7897,12.7118
12/06/2025,14:00:00,263.9249,293.9375,120.175,51.5187,282.125,39.575,278.5938,278.6875,5.4891,5.5,5.3953,6.3312,-0.6517,-1.768,12.8921,12.819
12/06/2025,14:30:00,267.4313,294.6562,120.2875,51.2562,282.725,39.5375,278.875,278.9375,5.1297,5.7875,5.6344,6.4672,-0.6723,-1.7775,12.8547,12.7605
12/06/2025,15:00:00,267.4313,294.875,120.6875,51.3562,283.075,39.4875,279.1562,279.25,5.5922,5.4453,5.2781,6.0062,-0.6736,-1.775,12.832,12.7491
12/06/2025,15:30:00,267.6437,295.0938,120.6125,51.3937,283.2,39.5625,279.4375,279.5312,5.3453,5.8266,5.6625,6.0891,-0.6351,-1.7655,12.9457,12.8385
12/06/2025,16:00:00,432.0125,316.625,114.025,50.5687,290.95,38.4188,297.4062,297.5625,4.0031,4.4781,5.0344,4.5766,-0.9378,-2.8435,13.846,13.7517
12/06/2025,16:30:00,450.075,333.0938,115.0625,50.5562,301,38.6875,310,310.125,3.9,3.8469,4.1234,4.2984,-0.9763,-3.002,13.9142,13.7469
12/06/2025,17:00:00,435.7312,335.0625,119.025,50.6437,305.45,38.7625,313.4688,313.5312,3.8812,4.0187,3.9875,4.225,-0.9313,-2.8255,14.0442,13.9224
12/06/2025,17:30:00,259.3562,320.9062,122.8125,51.5812,304.4,39.75,303.5625,303.625,5.0391,5.1172,5.5641,5.8687,-0.5686,-1.6265,12.7572,12.6857
12/06/2025,18:00:00,436.2625,323.875,111.975,50.4,292.75,38.7938,301.1562,301.25,4.35,4.2656,4.2266,3.8516,-0.9142,-2.8135,14.2197,14.0946
12/06/2025,18:30:00,450.075,333.7188,113.2125,49.4688,300.575,38.2812,310.375,310.5,4.1203,3.7797,4.0406,4.3953,-0.9234,-2.8785,13.937,13.833
12/06/2025,19:00:00,446.8875,337.0625,113.925,49.3937,303.725,38.0875,313.8438,313.9375,4.0531,3.6281,4.025,4.4484,-0.9116,-2.9255,13.9662,13.8525
12/06/2025,19:30:00,446.25,331.8125,113.7,49.525,301.25,38.3062,311.4688,311.5,3.4422,3.8125,4.4062,4.7609,-0.9352,-2.818,13.9906,13.8866
12/06/2025,20:00:00,447.1,332.1562,113.025,49.45,301.1,38.1875,311.5312,311.6562,3.9641,4.0203,4.3844,4.4219,-0.87,-2.786,14.015,13.8947
12/06/2025,20:30:00,448.5875,332.8125,112.85,49.0625,301.75,37.75,312.2812,312.4062,3.6187,3.9141,4.2922,4.4578,-0.9693,-2.882,13.8216,13.7144
12/06/2025,21:00:00,434.0312,332.2188,116.8375,49.35,303.425,37.9062,311.9062,311.9375,4.5844,4.025,3.7828,4.1984,-1.0384,-2.899,14.1482,14.0442
12/06/2025,21:30:00,261.1625,314.9688,124.75,49.725,302.325,38.6688,299.625,299.7188,5.4172,4.9422,4.95,5.725,-0.6084,-1.639,12.9669,12.8872
12/06/2025,22:00:00,265.5187,308.3125,120.4625,49.5375,290.625,38.6812,289.375,289.4375,5.8922,5.9719,5.6203,5.8797,-0.7501,-1.8735,13.0189,12.9295
12/06/2025,22:30:00,265.0938,306.0312,120.775,50.15,289.05,38.8937,285.625,285.6562,5.7422,5.5687,5.5766,6.4156,-0.6902,-1.803,12.9571,12.8661
12/06/2025,23:00:00,265.4125,304.6562,121.225,50.05,288.25,38.9375,284.25,284.3125,5.4844,5.5703,5.6344,6.4484,-0.6793,-1.8135,12.9035,12.8531
12/06/2025,23:30:00,264.0312,303.9688,121.4625,49.7812,288.375,38.3563,284.4062,284.4375,5.5687,5.7047,5.5219,6.0828,-0.6206,-1.7405,12.9912,12.9067
13/06/2025,00:00:00,265.3063,303.375,121.975,49.125,288.425,38.2812,284.125,284.1562,5.2937,5.6422,5.5422,6.0078,-0.6836,-1.8115,13.0887,13.0042
13/06/2025,00:30:00,265.0938,303.0312,122.475,49.9062,288.425,38.5875,283.8438,283.9062,5.4484,5.5875,5.4234,5.9469,-0.6355,-1.7435,12.9002,12.7962
13/06/2025,01:00:00,263.7125,303.375,122,49.5875,288.65,38.5187,284.25,284.3438,5.4828,5.6922,5.5125,5.9766,-0.6386,-1.735,13.0367,12.9718
13/06/2025,01:30:00,264.6687,303.7812,121.925,49.6937,288.825,38.7562,284.5,284.5938,5.7719,5.625,5.4156,6.2344,-0.6561,-1.746,12.949,12.8678
13/06/2025,02:00:00,264.35,304.1875,121.675,50.475,288.9,39.0187,284.9688,285.125,5.4203,5.5641,5.525,6.3047,-0.6841,-1.7895,12.8629,12.7784
13/06/2025,02:30:00,264.5625,304.1875,121.3875,49.9437,288.95,39.1062,285.2188,285.3125,5.1891,5.5234,5.5109,6.1828,-0.7156,-1.8015,12.9279,12.8336
13/06/2025,03:00:00,265.4125,304.75,121.65,49.6062,289.575,38.65,285.5938,285.625,5.4953,5.8062,5.7328,5.9672,-0.6154,-1.727,12.8369,12.754
13/06/2025,03:30:00,265.0938,304.9375,121.95,49.6812,289.9,38.7687,285.9062,285.9688,5.3234,5.4453,5.5047,6.0734,-0.6547,-1.7505,12.8921,12.8044
13/06/2025,04:00:00,266.0499,305.1562,121.9875,49.3125,290.225,38.2875,286.1562,286.3125,5.1562,5.4453,5.3344,6.0281,-0.7331,-1.852,12.9409,12.858
13/06/2025,04:30:00,265.2,304.875,122.1625,49.45,290.275,38.4,286.3125,286.375,5.6016,5.8984,5.675,6.3406,-0.6823,-1.7925,12.9327,12.8515
13/06/2025,05:00:00,265.0938,305.6875,122.425,49.3187,290.95,38.3375,286.7188,286.8125,5.3344,5.7281,5.5234,6.2172,-0.6972,-1.812,12.8856,12.8076
13/06/2025,05:30:00,264.8812,306.8438,122.225,49.6125,291.35,38.375,287.2812,287.4375,5.1219,5.5234,5.4812,6.2922,-0.6762,-1.779,12.9262,12.8385
13/06/2025,06:00:00,264.5625,303.8438,121.4,49.5,289.925,38.4875,286.1562,286.1562,5.4141,5.5891,5.65,6.375,-0.6486,-1.7655,12.9116,12.8417
13/06/2025,06:30:00,263.7125,305.3438,121.425,49.7375,290.4,38.675,286.6562,286.7812,5.0687,5.4422,5.3047,5.7,-0.6871,-1.8485,12.8369,12.7556
13/06/2025,07:00:00,264.8812,309.4062,121.2,50.0312,292.2,38.9625,289.3125,289.4062,5.3734,5.675,5.5547,5.8469,-0.681,-1.8475,12.8174,12.7345
13/06/2025,07:30:00,269.1312,301.375,119.9625,50.3562,287.725,39.2562,285.0938,285.125,5.4078,5.6484,5.5047,6.0734,-0.6233,-1.7855,13.1489,13.0611
13/06/2025,08:00:00,270.5125,300.75,120.475,51.1562,287.75,39.5437,284.4688,284.5,5.3766,5.5906,5.4,6.0797,-0.6749,-1.7985,12.8531,12.7719
13/06/2025,08:30:00,327.5687,301.5938,120.3875,52.125,287.675,40.4688,286.5312,286.625,5.2141,5.4812,5.3594,5.0047,-0.8394,-2.396,13.7631,13.6607
13/06/2025,09:00:00,269.9812,307.2188,122.8625,51.9562,291.925,40.2562,288.4375,288.4688,5.4297,5.4484,5.3672,6.0797,-0.639,-1.7565,13.118,12.9522
13/06/2025,09:30:00,269.9812,305.4062,119.5125,52,289.525,40.3,287.7188,287.7188,5.65,5.8031,5.5328,5.9219,-0.7256,-1.8635,12.9685,12.8856
13/06/2025,10:00:00,269.9812,304.9062,119.675,51.8062,289.7,40.3937,287.8125,287.9062,5.2859,5.7484,5.5781,5.9625,-0.7431,-1.8605,12.7865,12.7101
13/06/2025,10:30:00,265.625,305.3438,119.875,51.5625,290,40.6062,288.0312,288.0938,5.3453,5.7891,5.5578,5.9719,-0.7003,-1.8145,13.0335,12.9425
13/06/2025,11:00:00,265.5187,305.4062,119.675,51.825,289.7,41.1187,287.9688,288.0625,5.1719,5.6047,5.6625,6.2156,-0.667,-1.781,13.001,12.9084
13/06/2025,11:30:00,261.375,304.9062,119.6375,52.1812,289.7,41.2937,288.0625,288.0938,5.2219,5.4203,5.2797,5.8266,-0.6766,-1.786,12.78,12.6939
13/06/2025,12:00:00,265.5187,305.5312,119.1375,52.8438,289.725,41.7188,288.7188,288.8438,5.3625,5.6922,5.4375,5.9281,-0.6254,-1.7375,13.0693,12.9977
13/06/2025,12:30:00,265.3063,305.9688,118.6375,52.4688,289.8,41.5437,289.2188,289.2812,5.5687,5.9766,5.7578,5.7609,-0.6582,-1.7605,12.9051,12.8255
13/06/2025,13:00:00,265.7312,306.375,119.0625,52.1062,290.5,41.3187,289.625,289.6875,5.3156,5.5578,5.3344,5.8469,-0.7042,-1.8125,12.8515,12.7556
13/06/2025,13:30:00,264.2438,305.5938,119.3,53.1062,290.425,41.6125,289.9688,289.9688,5.3312,5.6172,5.5609,6.0422,-0.6044,-1.715,12.9864,12.9132
13/06/2025,14:00:00,266.1562,305.9688,118.5625,52.7188,290.525,41.2875,290.5,290.5938,5.3344,5.5219,5.4359,5.8344,-0.7597,-1.8845,12.8954,12.8044
13/06/2025,14:30:00,265.2,305.6875,119.35,52.65,291.15,41.275,291.0938,291.1875,5.4562,5.4812,5.2703,5.9125,-0.7186,-1.818,12.7735,12.6841
13/06/2025,15:00:00,273.1687,306.625,119.1875,52.8125,291.3,41.65,291.625,291.6875,5.05,5.0719,4.9781,6.0547,-0.6281,-1.791,12.8385,12.7507
13/06/2025,15:30:00,420.4313,333.5,112.1625,52.6687,302.25,40.675,312.2812,312.3438,4.1281,4.4594,4.8266,4.3594,-0.8451,-2.6625,13.8606,13.7582
13/06/2025,16:00:00,606.9,350.4688,120.875,51.975,314.175,40.4375,327.8438,328.0938,2.9453,2.7312,2.9859,3.1734,-1.2987,-4.6555,15.9471,15.7895
13/06/2025,16:30:00,663,379.625,130.1875,51.8,336.725,40.25,351.5312,351.6562,2.9172,2.7937,2.8703,2.7625,-1.3158,-4.6495,15.0355,14.8844
13/06/2025,17:00:00,651.8438,380.0625,131.5375,51.55,338.85,40.1,353.6875,353.7812,2.8328,3.1391,3.1078,2.8219,-1.3626,-4.6385,14.8291,14.6894
13/06/2025,17:30:00,663.2125,379.5,131.45,51.0437,339.05,39.7312,353.8125,353.875,2.5781,2.7766,2.7203,2.9375,-1.3946,-4.621,14.8145,14.6829
13/06/2025,18:00:00,662.3625,378.8125,131.4,50.6875,339.5,39.275,353.9375,353.9062,2.5172,2.7047,2.9688,2.9172,-1.311,-4.6045,15.2142,15.0729
13/06/2025,18:30:00,661.1937,378.0625,132.4625,49.9812,339.725,38.425,354,354.0938,2.5781,2.6172,2.7234,2.9453,-1.3526,-4.7605,15.2987,15.159
13/06/2025,19:00:00,662.6813,379.7188,131.375,50.1062,340.275,38.6063,354.9062,354.9688,2.4609,2.5687,2.7859,3.0344,-1.3136,-4.5475,15.2906,15.1704
13/06/2025,19:30:00,662.6813,376.9688,131.3,50.4,339.85,38.6875,353.8438,353.875,2.5375,2.6969,2.7031,2.9781,-1.2419,-4.4835,15.1558,15.0615
13/06/2025,20:00:00,663.5312,376.6875,131.0375,50.4812,339.325,38.8,353.4688,353.5,2.5516,2.8453,2.8187,3.0953,-1.2506,-4.511,15.1769,15.0664
13/06/2025,20:30:00,663.2125,375.8125,130.6125,50.35,338.725,38.0562,352.9375,352.9688,2.4031,2.6547,2.9375,3.1609,-1.2917,-4.5175,15.133,14.9835
13/06/2025,21:00:00,641.8562,379.75,131.4125,51.0187,340.1,38.5875,354.3438,354.375,2.4969,2.6484,3.0156,3.4531,-1.3294,-4.4415,14.7544,14.6244
13/06/2025,21:30:00,561.3187,370.7188,128.725,51.2812,333.775,38.775,345.5625,345.5938,3.0219,3.0875,3.4812,4.1734,-1.0546,-3.6635,14.0524,13.9419
13/06/2025,22:00:00,464.4187,357.6562,127.3625,51.8125,327.75,40.0375,336.75,336.8125,3.5672,3.6641,4.4937,4.5344,-0.9081,-2.89,13.4625,13.3439
13/06/2025,22:30:00,433.5,347.6562,126.7375,51.7125,317.975,39.9562,325.375,325.4062,3.2312,3.7875,4.5875,5.1109,-0.9527,-2.856,13.9045,13.8005
13/06/2025,23:00:00,262.9688,318.8438,126.4875,51.4625,304.95,39.6812,305.1875,305.2812,5.1094,4.8625,4.6469,5.6234,-0.6425,-1.677,12.8434,12.7605
13/06/2025,23:30:00,285.8125,317.1875,114.9,50.7687,294.85,39.4562,297.3438,297.4062,5.125,4.9656,4.7469,5.4391,-0.7077,-1.6975,12.6987,12.5915
14/06/2025,00:00:00,274.2312,314.875,120.1375,50.6062,293.425,39.4625,292.8438,292.875,5.9234,5.6547,5.3016,5.6594,-0.6941,-1.8875,13.0384,12.9604
14/06/2025,00:30:00,272.9562,310.1875,120,49.9937,291.475,39.1125,289.9062,289.875,5.4531,5.4187,5.1594,6.2578,-0.6727,-1.7985,12.9425,12.8694
14/06/2025,01:00:00,266.6875,308.3125,120.7375,49.875,291.05,38.8187,288.1875,288.25,5.425,5.2469,5.2656,6.0203,-0.6871,-1.7725,12.8255,12.7507
14/06/2025,01:30:00,265.7312,307,121.3875,49.6875,290.275,38.25,286.5625,286.625,5.3391,5.4359,5.4625,6.2297,-0.632,-1.7265,13.0481,12.9604
14/06/2025,02:00:00,266.7937,306.875,122.0875,49.2812,290.425,38.2,286.2188,286.3125,5.6375,5.2641,5.1687,6.1484,-0.7099,-1.825,12.9718,12.871
14/06/2025,02:30:00,266.1562,306.8438,122.8125,48.7188,290.8,37.9125,286.2812,286.375,5.075,5.3719,5.5687,6.3703,-0.6259,-1.7605,12.9376,12.8547
14/06/2025,03:00:00,266.0499,307.1562,122.8875,49.1937,291.025,37.9188,286.5,286.5625,5.3828,5.5734,5.4078,6.0516,-0.7296,-1.8855,12.9604,12.871
14/06/2025,03:30:00,267.1124,310.0938,122.05,49.4,292.4,38.1125,288.25,288.4062,5.6281,5.4531,5.2375,6.0641,-0.6622,-1.7705,12.8905,12.8011
14/06/2025,04:00:00,265.625,310.8125,122.375,49.3625,293.15,37.9,289.2812,289.3438,5.3547,5.2344,5.3203,6.2188,-0.5948,-1.734,13.0774,13.0026
14/06/2025,04:30:00,266.7937,309.7812,122.5375,49.125,292.9,37.6125,288.9062,288.875,5.1922,5.6484,5.7703,6.0234,-0.6368,-1.774,12.8726,12.7995
14/06/2025,05:00:00,266.6875,309.125,122.8375,49.15,292.95,37.4875,288.4375,288.5312,5.5062,5.4469,5.4047,6.2078,-0.6246,-1.747,12.9067,12.8271
14/06/2025,05:30:00,266.475,310.5625,123.2625,49.1687,293.75,37.65,289.5938,289.6875,5.0891,5.3969,5.3687,6.0094,-0.6779,-1.8415,12.8499,12.7605
14/06/2025,06:00:00,267.4313,310.6562,122.6,48.5312,293.925,37.5438,290.0938,290.1562,5.4875,5.6906,5.4844,6.0281,-0.7121,-1.8135,12.845,12.7638
14/06/2025,06:30:00,265.0938,310.8438,122.875,48.8062,294.125,37.8312,290.25,290.2188,5.3562,5.45,5.5312,6.6141,-0.6884,-1.7875,12.8515,12.7735
14/06/2025,07:00:00,267.5375,310.875,122.2,49.2937,293.75,38.1625,290.0938,290.2188,5.3906,5.7516,5.5547,6.0687,-0.7291,-1.83,12.8889,12.7995
14/06/2025,07:30:00,436.0499,332.5938,115.1875,49.4562,301.775,37.4,310,310.0625,3.6516,4.0094,4.2469,4.9312,-0.8451,-2.8205,13.911,13.8102
14/06/2025,08:00:00,434.9874,347.375,120.8125,48.9375,314.55,37.2375,322.6562,322.7188,3.6297,4.1156,3.9016,4.2609,-0.9374,-2.873,13.846,13.7274
14/06/2025,08:30:00,315.35,334.625,121.5625,50.175,313.05,37.7687,316.625,316.6875,5.2937,5.5156,5.3438,6.3422,-0.6941,-1.9215,12.8174,12.7394
14/06/2025,09:00:00,267.2188,313.0625,123.4125,50.4375,295.925,38.7062,296.1562,296.2188,5.5281,5.6125,5.6875,5.9953,-0.7134,-1.8365,12.8369,12.741
14/06/2025,09:30:00,265.5187,305.7188,119.275,50.8,289.6,38.9562,289.4688,289.5312,5.5781,5.8781,5.5328,6.1125,-0.7173,-1.8005,12.8515,12.7654
14/06/2025,10:00:00,265.2,303.7812,121.4625,50.9312,288.875,39.0687,286.7812,286.8438,5.5516,5.7516,5.6328,6.1656,-0.6233,-1.723,12.8174,12.7426
14/06/2025,10:30:00,265.8375,301.75,120.25,51,287.375,39.3062,284.4688,284.5312,5.2203,5.6547,5.5484,6.1094,-0.7532,-1.8335,12.8092,12.728
14/06/2025,11:00:00,265.5187,301.3438,120.5,51.3625,286.975,39.6812,283.8438,283.875,5.6906,5.6578,5.4516,6.0562,-0.7011,-1.797,12.7962,12.7085
14/06/2025,11:30:00,260.95,300.875,120.325,51.5687,286.875,39.7625,283.6562,283.6562,5.3969,5.8266,5.7875,6.3891,-0.6679,-1.777,12.8856,12.7654
14/06/2025,12:00:00,265.5187,301.5938,121.05,51.7312,287.25,39.775,284.4375,284.4688,5.2469,5.7578,5.6484,6.2437,-0.7077,-1.7965,12.9002,12.8158
14/06/2025,12:30:00,265.4125,301.9062,120.1375,51.6187,287.525,39.7375,284.5,284.5625,4.9922,5.4516,5.4172,6.3625,-0.6202,-1.714,12.9912,12.9002
14/06/2025,13:00:00,265.2,302.375,120.3125,51.825,287.875,40.0062,284.8438,284.9062,5.1781,5.8844,5.7172,6.2031,-0.7549,-1.842,12.9149,12.8352
14/06/2025,13:30:00,264.8812,302.5,119.9375,52.0125,287.825,40.1312,285,285.0938,5.0469,5.7062,5.6609,6.0828,-0.6556,-1.7345,12.8125,12.7296
14/06/2025,14:00:00,265.2,303.0625,120.0125,52.4375,288.15,40.5437,285.5938,285.6562,5.3062,5.7156,5.6156,6.2594,-0.6919,-1.803,12.9734,12.8889
14/06/2025,14:30:00,318.325,303.0312,119.725,52.0375,288.125,40.0562,287.2812,287.3438,5.1062,5.7188,5.4734,5.7031,-0.8258,-2.318,13.7631,13.6851
14/06/2025,15:00:00,352.4313,321.125,119.375,52.5938,298.7,40.3875,300.7812,300.9062,5.1344,4.9328,5.125,5.0234,-0.8241,-2.3595,13.5567,13.4121
14/06/2025,15:30:00,439.6625,334.9688,114.4125,52.25,302.95,39.6812,312.4688,312.5938,3.9281,4.3984,4.5812,4.7312,-0.8709,-2.824,14.0459,13.9467
14/06/2025,16:00:00,437.6437,345.5312,119.125,51.8125,312.1,39.9125,321.1875,321.25,3.8703,4.0844,4.7031,4.8625,-0.9557,-2.898,13.5714,13.4576
14/06/2025,16:30:00,436.3688,343.375,121.075,52.1875,312.625,40.8375,321.6562,321.6875,4.325,4.2188,4.2172,4.3625,-0.9383,-2.8445,13.5535,13.4495
14/06/2025,17:00:00,435.2,336.75,119.1,51.9875,308.1,40.3062,317.0938,317.25,3.4109,4.1875,4.775,4.6562,-0.8822,-2.767,13.5828,13.4771
14/06/2025,17:30:00,434.9874,335.1562,118.4,50.95,306.05,39.2375,315.125,315.1562,3.5687,4.0656,4.3219,4.6547,-0.8446,-2.734,13.5779,13.4722
14/06/2025,18:00:00,437.1124,331.1562,116.675,51.05,303.025,39.7875,312.1875,312.25,3.6328,4.0375,4.4437,4.8,-0.9116,-2.785,13.5535,13.4446
14/06/2025,18:30:00,436.475,329.8125,115.15,50.9625,301.65,39.3687,311.0625,311.1562,3.7562,4.2687,4.6469,4.8562,-0.8577,-2.736,13.5974,13.4885
14/06/2025,19:00:00,436.1562,330.4375,115.175,50.7312,302.2,39.2875,311.3438,311.4688,3.6594,4.0953,4.4375,4.5687,-0.9199,-2.8025,13.6283,13.5112
14/06/2025,19:30:00,437.0062,331.5,116.625,50.1375,303.775,38.625,312.75,312.7812,3.8016,4.0734,4.3891,4.5031,-0.9299,-2.854,13.4804,13.3748
14/06/2025,20:00:00,435.3063,333.4375,116.125,49.7875,304.925,38,314.0312,314.125,3.6109,4.1328,4.4906,4.9062,-0.912,-2.8305,13.4885,13.3942
14/06/2025,20:30:00,629.3187,358.0938,120.9125,50.3312,318.325,38.4125,332.7812,332.875,2.6906,2.6516,3.1359,3.0859,-1.2253,-4.187,14.9835,14.8454
14/06/2025,21:00:00,463.4625,358.875,125.0625,50.1,327.15,38.575,336.2812,336.375,2.8984,3.4609,4.1125,4.6969,-0.9557,-2.817,13.027,12.8645
14/06/2025,21:30:00,436.2625,343.0312,121.9875,49.6562,313.825,37.9312,322.7188,322.7812,3.5797,3.8125,4.2031,4.9172,-0.8814,-2.793,13.3357,13.2139
14/06/2025,22:00:00,436.0499,339.6875,118.875,49.175,309.6,37.3937,318.8125,318.875,4.0219,3.8578,3.85,4.8391,-0.9772,-2.919,13.3455,13.2512
14/06/2025,22:30:00,435.2,337.5,118.425,48.6375,308.55,36.825,317.5312,317.5938,4.225,3.9172,4.2062,4.8828,-0.9107,-2.7975,13.3049,13.1797
14/06/2025,23:00:00,436.6875,336.1875,116.65,48.2937,306.7,37.0687,315.8438,315.875,4.1281,3.9859,4.2828,4.8109,-0.9002,-2.8025,13.4089,13.2805
14/06/2025,23:30:00,435.4125,335.75,115.8875,47.825,306.025,36.8937,315.2188,315.2188,3.9828,3.8609,4.0281,5.0875,-0.9072,-2.777,13.3926,13.2708
15/06/2025,00:00:00,435.625,332.125,115.625,48.1,304.675,36.5438,313.75,313.8125,3.9547,4.1016,4.1109,4.8344,-0.9286,-2.823,13.2886,13.1716
15/06/2025,00:30:00,660.7688,352.9375,122.0625,49.6125,315.325,37.3875,330.3125,330.4375,2.7672,2.8531,3.2375,2.8125,-1.409,-4.669,15.2857,15.1411
15/06/2025,01:00:00,660.1312,360.1562,124.625,49.75,321.8,37.75,336.1562,336.25,2.5359,2.4016,2.7953,3.0312,-1.3005,-4.5305,15.0712,14.9543
15/06/2025,01:30:00,659.8125,363.4062,124.7125,50.0062,323.8,38.1187,338.5625,338.6562,2.6297,3.0656,2.7781,3.1109,-1.3473,-4.518,14.9965,14.8438
15/06/2025,02:00:00,659.3875,363.1562,125.2375,50.475,325.475,38.1187,339.4375,339.5312,2.7219,2.6891,2.8422,3.3156,-1.2673,-4.4425,15.1866,15.0631
15/06/2025,02:30:00,660.45,363.5625,125.5125,50.8687,325.7,38.25,340.0312,340.0938,2.5078,2.3937,2.75,3.5094,-1.2493,-4.4345,15.2727,15.1509
15/06/2025,03:00:00,660.6625,364.4062,126.05,50.7437,326.65,38.5062,340.9375,341.0625,2.5047,2.5359,2.8422,3.3266,-1.3499,-4.525,15.2354,15.0924
15/06/2025,03:30:00,659.3875,366.8125,126.425,50.5062,328.225,38.15,342.8438,342.9062,2.4578,2.4047,2.4781,3.2797,-1.2808,-4.4355,15.263,15.12
15/06/2025,04:00:00,659.7063,365.75,126.5875,50.7125,328.1,38.3062,342.4688,342.5312,2.7,2.4531,2.6281,3.3922,-1.3289,-4.5005,15.2776,15.1362
15/06/2025,04:30:00,659.9187,366.6562,126.6125,50.375,328.3,38.1937,342.75,342.875,2.6422,2.7828,2.7578,3.1969,-1.3346,-4.5105,15.2484,15.107
15/06/2025,05:00:00,660.9812,365.1875,126.6625,50.4812,327.275,38.6625,341.7188,341.7188,2.6141,2.525,2.5391,3.1594,-1.374,-4.4925,15.1232,14.9949
15/06/2025,05:30:00,382.3937,347.8125,128.5625,49.7,327.075,38.1125,332.3125,332.3438,4.6422,4.5219,4.5984,5.3766,-0.6985,-2.0485,12.5769,12.5265
15/06/2025,06:00:00,261.7999,305.2188,122.55,51.1562,293.85,38.6625,295.8438,295.9062,5.6969,5.2766,4.9375,5.9922,-0.7199,-1.7035,13.1992,13.144
15/06/2025,06:30:00,206.6562,295.6562,117.1875,49.95,283.8,38.6187,277.5938,277.6875,5.4125,5.9203,6.4719,7.2484,-0.5786,-1.4955,12.4095,12.3266
15/06/2025,07:00:00,170,287.0938,119.05,50.75,275.175,38.0125,269.7812,269.7812,8.5359,8.3484,8.3016,8.7094,-0.5493,-1.48,12.3039,12.2486
15/06/2025,07:30:00,0,258.0312,118.6125,51.9,262.95,38.5562,237.875,237.9375,13.5703,13.8766,13.6953,14.5719,-0.4544,-1.2025,11.9447,11.9545
15/06/2025,08:00:00,0,207.5,96.2875,51.7375,240.125,36.7188,197.4375,197.2812,-0.9328,-0.9313,-0.9313,-0.9391,-0.2842,-0.484,-0.0331,-0.0201
15/06/2025,08:30:00,0,209.0312,93.4375,51.0062,239.175,36.9813,190,190,-0.9359,-0.9313,-0.9328,-0.9406,0.0216,-0.09,-0.0136,-0.0201
15/06/2025,09:00:00,0,207.4062,92.8625,50.9812,233.55,38.2687,190.7812,190.9062,-0.9328,-0.9313,-0.9328,-0.9453,0.0194,-0.081,-0.012,-0.0185
15/06/2025,09:30:00,0,202.1562,91.4875,50.8937,227.55,39.0062,190.25,190.2812,-0.9328,-0.9328,-0.9344,-0.9422,0.0199,-0.075,-0.0217,-0.0201
15/06/2025,10:00:00,0,197.1875,89.6125,50.7437,221.875,39.3562,188.9375,189.0312,-0.9328,-0.9328,-0.9328,-0.9406,0.019,-0.074,-0.0153,-0.0217
15/06/2025,10:30:00,0,192.9062,88,50.5875,216.65,39.6437,187.375,187.4062,-0.9344,-0.9344,-0.9328,-0.9406,-0.0191,-0.0995,-0.0136,-0.0169
15/06/2025,11:00:00,0,185.8438,86.5125,50.4125,211.625,39.2125,184.9375,185,-0.9328,-0.9328,-0.9328,-0.9422,-0.0431,-0.11,-0.0201,-0.0217
15/06/2025,11:30:00,0,180.5312,85.4125,50.275,206.8,39.05,182.6875,182.75,-0.9328,-0.9328,-0.9344,-0.9406,-0.0458,-0.115,-0.0201,-0.0217
15/06/2025,12:00:00,0,176.7188,84.4125,50.175,202.15,39.2562,179.5312,179.5625,-0.9328,-0.9328,-0.9328,-0.9438,-0.0361,-0.0975,-0.0153,-0.0234
15/06/2025,12:30:00,0,173.5,83.4125,50.0625,197.625,39.6937,176.3438,176.3438,-0.9344,-0.9328,-0.9344,-0.9406,-0.0374,-0.102,-0.0201,-0.0234
15/06/2025,13:00:00,0,170,82.575,49.95,193.25,39.9125,173.5938,173.6562,-0.9359,-0.9328,-0.9359,-0.9406,-0.0326,-0.101,-0.0201,-0.025
15/06/2025,13:30:00,0,166.625,81.875,49.825,189.525,39.95,170.8438,170.9062,-0.9344,-0.9328,-0.9344,-0.9422,-0.0278,-0.0935,-0.0169,-0.0234
15/06/2025,14:00:00,0,163.4375,81.2375,49.6937,186.3,40.1437,167.5938,167.6562,-0.9344,-0.9344,-0.9344,-0.9422,-0.0248,-0.09,-0.012,-0.0185
15/06/2025,14:30:00,0,160.4062,80.5375,49.5687,183.275,40.3125,164.7188,164.7812,-0.9328,-0.9344,-0.9344,-0.9406,-0.0287,-0.0935,-0.0153,-0.0201
15/06/2025,15:00:00,0,157.6875,80.0125,49.4875,180.3,40.3875,161.6562,161.7812,-0.9344,-0.9328,-0.9391,-0.9406,-0.0304,-0.095,-0.0201,-0.025
15/06/2025,15:30:00,0,155.1875,79.3875,49.3937,177.55,40.4437,158.7812,158.8438,-0.9344,-0.9328,-0.9344,-0.9406,-0.0313,-0.094,-0.0217,-0.0266
15/06/2025,16:00:00,0,152.6562,78.9625,49.2625,174.775,40.525,156.3438,156.4062,-0.9344,-0.9344,-0.9391,-0.9422,-0.0344,-0.091,-0.0201,-0.0283
15/06/2025,16:30:00,0,150.25,78.575,49.1375,172.125,40.475,153.7812,153.8125,-0.9344,-0.9328,-0.9328,-0.9406,-0.0296,-0.087,-0.0153,-0.0217
15/06/2025,17:00:00,0,148,78.2,48.9937,169.5,40.475,151.3438,151.4375,-0.9344,-0.9328,-0.9328,-0.9406,-0.0213,-0.0825,-0.0153,-0.0185
15/06/2025,17:30:00,0,146,77.8625,48.8937,166.925,40.4688,148.9062,149,-0.9344,-0.9328,-0.9344,-0.9406,-0.0186,-0.079,-0.0136,-0.0185
15/06/2025,18:00:00,0,144.5,77.325,48.8187,164.55,40.6625,146.6562,146.7188,-0.9344,-0.9328,-0.9344,-0.9406,-0.0051,-0.068,-0.0153,-0.0217
15/06/2025,18:30:00,0,142.4375,76.7125,48.7437,162.175,40.8375,147.75,147.75,-0.9344,-0.9328,-0.9344,-0.9406,-0.0068,-0.069,-0.0217,-0.025
15/06/2025,19:00:00,0,140.5312,76.2625,48.6312,159.8,40.9437,147.25,147.2812,-0.9328,-0.9328,-0.9328,-0.9391,-0.0042,-0.0645,-0.0185,-0.025
15/06/2025,19:30:00,0,138.8438,75.8375,48.525,157.525,41.1,146.0625,146.125,-0.9328,-0.9328,-0.9344,-0.9406,-0.0002,-0.063,-0.0185,-0.025
15/06/2025,20:00:00,0,137.25,75.4,48.4125,155.275,41.3937,144.75,144.7812,-0.9391,-0.9328,-0.9328,-0.9391,0.0037,-0.057,-0.0169,-0.0153
15/06/2025,20:30:00,0,135.8125,74.9875,48.3062,153.1,41.5687,143.375,143.4062,-0.9328,-0.9328,-0.9328,-0.9406,0.005,-0.0575,-0.0185,-0.025
15/06/2025,21:00:00,0,134.3125,74.675,48.15,151.15,41.5312,141.6875,141.7812,-0.9328,-0.9328,-0.9344,-0.9406,-0.0191,-0.07,-0.025,-0.0315
15/06/2025,21:30:00,0,132.875,74.4125,47.95,149.125,41.4125,139.5312,139.5938,-0.9328,-0.9328,-0.9344,-0.9406,-0.0033,-0.0605,-0.0169,-0.025
15/06/2025,22:00:00,0,131.4688,74.0375,47.75,147.15,41.5812,137.1562,137.1875,-0.9328,-0.9344,-0.9344,-0.9422,0.0059,-0.052,-0.0185,-0.0185
15/06/2025,22:30:00,0,130.125,73.675,47.575,145.4,41.575,134.9062,135,-0.9344,-0.9328,-0.9359,-0.9406,0.0015,-0.055,-0.012,-0.0201
15/06/2025,23:00:00,0,128.875,73.325,47.3625,143.725,41.5875,132.8125,132.875,-0.9344,-0.9328,-0.9328,-0.9406,0.0015,-0.052,-0.0136,-0.0217
15/06/2025,23:30:00,0,127.5625,72.925,47.1625,142.075,41.625,130.875,130.9062,-0.9359,-0.9328,-0.9359,-0.9406,0.0028,-0.051,-0.0136,-0.0217
16/06/2025,00:00:00,0,126.3125,72.525,47,140.5,41.6625,129.1562,129.25,-0.9344,-0.9328,-0.9391,-0.9391,-0.0037,-0.051,-0.0136,-0.0217
16/06/2025,00:30:00,0,125.0938,72.1625,46.8062,138.925,41.6125,127.5938,127.6562,-0.9328,-0.9328,-0.9344,-0.9422,-0.0037,-0.0535,-0.0136,-0.0185
16/06/2025,01:00:00,0,124,71.775,46.6062,137.55,41.6125,126.0312,126.125,-0.9313,-0.9328,-0.9344,-0.9469,-0.0011,-0.052,-0.0153,-0.0201
16/06/2025,01:30:00,0,122.8438,71.3875,46.4187,136.175,41.5938,124.5938,124.6875,-0.9344,-0.9344,-0.9344,-0.9469,0.0002,-0.049,-0.0185,-0.0283
16/06/2025,02:00:00,0,121.6875,70.975,46.1937,134.725,41.5062,123.2188,123.2812,-0.9344,-0.9328,-0.9344,-0.9406,0.0046,-0.0435,-0.0136,-0.0201
16/06/2025,02:30:00,0,120.5625,70.625,45.9875,133.425,41.4562,121.8438,121.9375,-0.9391,-0.9328,-0.9344,-0.9406,0.0063,-0.043,-0.0136,-0.0201
16/06/2025,03:00:00,0,119.625,70.25,45.7937,132.225,41.3937,120.625,120.625,-0.9328,-0.9344,-0.9344,-0.9422,0.0028,-0.044,-0.0153,-0.0217
16/06/2025,03:30:00,0,118.5625,69.8,45.6062,130.875,41.325,119.25,119.375,-0.9344,-0.9328,-0.9344,-0.9422,0.0098,-0.038,-0.012,-0.0217
16/06/2025,04:00:00,0,117.5938,69.4125,45.4125,129.675,41.275,118.0625,118.1875,-0.9328,-0.9328,-0.9344,-0.9438,0.0094,-0.038,-0.0136,-0.0217
16/06/2025,04:30:00,0,117.0938,69.0125,45.2625,128.425,41.3187,116.9062,116.9688,-0.9328,-0.9344,-0.9328,-0.9406,0.0365,-0.0075,-0.0136,-0.0217
16/06/2025,05:00:00,0,117.5312,68.2125,45.2937,127.35,41.8125,116,116,-0.9344,-0.9328,-0.9344,-0.9406,0.0347,-0.0085,-0.012,-0.0217
16/06/2025,05:30:00,0,117.1562,67.4,45.175,126.35,41.9625,115,115.0625,-0.9344,-0.9328,-0.9328,-0.9406,0.0382,-0.007,-0.012,-0.0201
16/06/2025,06:00:00,0,116.5625,66.65,45.025,125.425,42.0312,114,114.0625,-0.9328,-0.9328,-0.9344,-0.9406,0.0356,-0.003,-0.0104,-0.0185
16/06/2025,06:30:00,0,115.9688,65.9125,44.875,124.55,42.0312,113.0625,113.125,-0.9328,-0.9328,-0.9328,-0.9422,0.0422,-0.0005,-0.0104,-0.0185
16/06/2025,07:00:00,0,115.5312,65.2625,44.7312,123.675,42.0687,112.1562,112.2188,-0.9328,-0.9328,-0.9375,-0.9406,0.0256,-0.016,-0.0087,-0.0185
16/06/2025,07:30:00,0,115.8125,64.65,44.5938,122.125,40.9688,115.125,115.25,-0.9328,-0.9328,-0.9344,-0.9453,0.0291,-0.042,-0.0136,-0.0201
16/06/2025,08:00:00,0,115.7188,64,44.4875,120.625,40.025,116.1875,116.3125,-0.9344,-0.9328,-0.9328,-0.9453,0.0487,-0.027,-0.0104,-0.0185
16/06/2025,08:30:00,0,115.125,63.525,44.325,119.325,39.65,116.3438,116.4688,-0.9328,-0.9328,-0.9328,-0.9391,0.0562,-0.023,-0.012,-0.0169
16/06/2025,09:00:00,0,114.5312,63.025,44.2062,118.3,39.3187,116.5,116.5938,-0.9328,-0.9328,-0.9328,-0.9406,0.0269,-0.0485,-0.0136,-0.0201
16/06/2025,09:30:00,0,112.5,62.475,44.0562,117.3,39.0625,116.7812,116.875,-0.9328,-0.9344,-0.9391,-0.9406,0.0579,-0.0015,-0.0104,-0.0185
16/06/2025,10:00:00,0,106.7188,61.9875,43.9375,116.275,38.5062,120.5312,120.625,-0.9328,-0.9328,-0.9344,-0.9406,0.0361,-0.0105,-0.0087,-0.0169
16/06/2025,10:30:00,0,108.2812,61.55,43.6187,115.175,38.2938,117.0938,117.1562,-0.9328,-0.9328,-0.9344,-0.9406,0.0347,-0.009,-0.0104,-0.0217
16/06/2025,11:00:00,0,100.0625,73.9,43.6562,112.8,37.2875,108.4062,108.5312,-0.9328,-0.9328,-0.9328,-0.9438,-0.4001,-0.528,-0.0364,-0.0201
16/06/2025,11:30:00,0,107.2188,65.8,43.65,109.3,37.4625,107.2812,107.375,-0.9375,-0.9375,-0.9391,-0.9406,-0.5944,-1.5755,-0.0071,-0.0185
16/06/2025,12:00:00,0,100.0938,54.825,41.0875,101.75,35.5562,95.7188,95.8125,-0.9328,-0.9328,-0.9391,-0.9406,-0.6307,-1.623,-0.012,-0.0266
16/06/2025,12:30:00,0,116.8438,55.4,40.1562,102.625,35.2062,110.3125,110.375,20.8703,17.4141,17.1,20.7812,-0.8438,-1.8615,-0.0136,-0.0234
16/06/2025,13:00:00,0,148,63.4,41.0437,116.875,35.85,138.5938,138.6875,17.3344,16.0281,15.7719,18.9937,-0.6854,-1.8045,-0.0006,-0.0201
16/06/2025,13:30:00,0,174.8125,71.875,42.6625,136.75,36.5,164.75,164.7812,16.1969,15.7312,15.7078,18.4234,-0.8398,-2.0005,-0.0055,-0.0234
16/06/2025,14:00:00,0,190.2188,77.7625,44.075,149.9,36.65,180.1875,180.2812,15.75,15.5391,15.6203,18.1031,-0.8407,-2.0265,-0.0023,-0.0185
16/06/2025,14:30:00,0,201.7812,81.625,50.625,179.525,37.4625,187.75,187.875,12.9906,12.7188,12.9141,15.1469,-0.7038,-1.9705,12.0114,11.961
16/06/2025,15:00:00,71.6124,197.2188,86.75,50.4688,186.425,38.1937,185.5312,185.6562,8.1562,8.6156,9.1484,10.8203,-0.7243,-1.703,12.5005,12.4241
16/06/2025,15:30:00,83.0875,209.7812,87.825,49.825,195.225,38.8937,181.5938,181.875,10.2328,9.6906,10.1234,11.6031,-0.6031,-1.526,13.0173,12.9132
16/06/2025,16:00:00,129.4125,251.3438,102.5625,49.8438,237.525,39.2562,219.7188,219.8125,9.6734,9.2078,9.5078,10.2,-0.6613,-1.582,13.1765,13.0579
16/06/2025,16:30:00,192.525,261.7188,113.3125,50.1687,251.65,40.0062,223.0625,223.1562,7.0922,6.5,6.8047,7.5656,-0.6591,-1.616,13.4852,13.3341
16/06/2025,17:00:00,257.975,279.7188,119.6875,49.8625,266.5,39.3438,248.125,248.125,5.8016,5.3438,5.5172,6.6734,-0.7178,-2.0075,13.5291,13.4251
16/06/2025,17:30:00,370.1749,306.9375,124.3125,49.1687,287.475,38.125,283.2188,283.3438,4.5984,4.3,4.6062,5.2094,-0.8709,-2.9445,14.0394,13.9191
16/06/2025,18:00:00,508.1937,330.9688,115.6625,48.5062,296.625,37.25,306.4688,306.5938,3.5016,3.4203,4.3031,4.8,-1.1959,-3.857,15.3296,15.2142
16/06/2025,18:30:00,662.3625,361.8438,120.5,48.8438,319,37.1187,334.375,334.4688,2.85,2.8828,3.0578,3.3547,-1.5276,-4.8745,15.809,15.6709
16/06/2025,19:00:00,662.4688,368.5625,124.4375,48.7812,326.9,36.8438,342.2188,342.3438,2.4156,2.6672,3.0219,3.5562,-1.3801,-4.712,15.7017,15.5653
16/06/2025,19:30:00,662.2562,371.9375,126,48.7625,330.525,37.1063,346.3438,346.4375,2.1922,2.8031,3.2922,3.2672,-1.3521,-4.6585,15.406,15.2809
16/06/2025,20:00:00,662.0437,373,126.8,48.9187,332.525,37.025,347.5,347.5312,2.5187,2.2797,2.7125,3.3453,-1.4361,-4.6895,14.9819,14.86
16/06/2025,20:30:00,660.875,373.1562,126.775,48.525,332.85,36.7125,347.75,347.8438,2.425,2.4109,2.7562,3.5266,-1.2961,-4.6415,15.2711,15.1476
16/06/2025,21:00:00,662.7875,375.5312,127.5125,48.4062,334.4,36.7,349.625,349.6875,2.6609,2.5297,3.0672,3.5219,-1.3215,-4.655,15.263,15.1379
16/06/2025,21:30:00,661.6188,375.2188,127.7125,48.4812,334.55,36.7938,349.625,349.6875,2.6422,2.5328,2.8312,3.2906,-1.3727,-4.672,15.2272,15.094
16/06/2025,22:00:00,662.4688,375.2188,127.875,48.475,334.85,36.6125,349.7188,349.7188,2.5547,2.7078,3.1047,3.3422,-1.3648,-4.651,15.1119,14.9819
16/06/2025,22:30:00,662.2562,374.4375,127.725,48.225,334.7,36.35,349.5,349.4688,2.5922,2.45,2.8687,3.7703,-1.3723,-4.681,15.1639,15.0469
16/06/2025,23:00:00,662.3625,378.0938,128.8625,47.95,336.375,36.2625,351.3125,351.4375,2.25,2.5969,3.1812,3.4719,-1.3189,-4.6765,15.2776,15.1541
16/06/2025,23:30:00,662.2562,377.1562,128.5875,48.0062,336.325,36.3875,351.4062,351.4375,2.7,2.6391,2.9969,3.5938,-1.3828,-4.7365,15.3686,15.2451
17/06/2025,00:00:00,662.0437,376.4062,128.025,47.9437,336.125,35.8375,350.8438,350.9688,2.3625,2.4375,3.0312,3.4562,-1.3574,-4.6435,15.2533,15.1314
17/06/2025,00:30:00,605.7312,371.0312,126.2375,47.7312,332.55,35.775,346.1875,346.25,2.6875,2.55,3.1125,3.7641,-1.2992,-4.191,14.6309,14.5285
17/06/2025,01:00:00,430.2062,350.4375,124.6875,46.975,324.425,36.2625,331.875,331.9688,4.4391,4.0984,4.3797,5.4812,-0.8306,-2.6795,13.144,13.0173
17/06/2025,01:30:00,329.2687,343.0625,118.6625,47.5562,315.275,36.0562,321.4062,321.3125,4.2219,4.0484,4.9234,5.6531,-0.6898,-1.913,12.7264,12.637
17/06/2025,02:00:00,265.4125,316.5938,126.1625,48,301.225,36.8125,298.8125,298.9062,5.4422,5.2453,5.55,5.7422,-0.6666,-1.7475,12.6321,12.5476
17/06/2025,02:30:00,288.7875,318.1875,120.5125,48.025,296.4,36.5687,295.0312,295.0938,5.5578,5.475,5.5625,6.2109,-0.6994,-1.941,12.8937,12.8304
17/06/2025,03:00:00,266.0499,315.0312,123.7125,48.075,295.625,36.7687,291.4375,291.4688,5.4375,5.4547,5.8531,6.1844,-0.6132,-1.7525,12.8239,12.7475
17/06/2025,03:30:00,264.5625,310.125,122.4625,47.9937,291.85,36.8625,287.9688,287.9688,5.4328,5.3828,5.8484,6.2188,-0.6539,-1.8035,12.845,12.7703
17/06/2025,04:00:00,264.5625,309.7812,123.6875,47.75,291.975,36.7313,287.5938,287.6562,5.6812,5.4609,5.7125,6.7656,-0.7016,-1.8545,12.8076,12.7312
17/06/2025,04:30:00,265.4125,308.8438,123.65,47.725,291.9,36.725,287.625,287.7188,5.7328,5.6766,5.8891,6.7234,-0.6696,-1.826,12.8954,12.8206
17/06/2025,05:00:00,265.7312,310.0312,123.8625,47.9688,292.575,36.5875,288.0938,288.125,5.7219,5.6062,5.7016,6.5578,-0.7016,-1.869,12.8482,12.7572
17/06/2025,05:30:00,265.2,309.75,123.8625,47.8187,292.825,36.375,288.4688,288.5,5.6469,5.6078,5.6406,6.4734,-0.6893,-1.8345,12.6402,12.5427
17/06/2025,06:00:00,264.8812,309.1875,123.875,48.1,292.475,36.425,288.1875,288.25,5.625,5.5297,5.5766,6.3953,-0.6403,-1.793,12.8726,12.8044
17/06/2025,06:30:00,263.7125,310.1875,123.65,48.2062,292.9,36.475,288.6875,288.7812,5.5156,5.5672,5.8062,6.6312,-0.6609,-1.8285,12.8385,12.7621
17/06/2025,07:00:00,265.5187,311.6875,123.7375,48.5875,293.3,36.7687,289.1562,289.2812,5.6781,5.6469,5.6437,6.3937,-0.6902,-1.8355,12.6711,12.5915
17/06/2025,07:30:00,265.5187,310.6875,122.9625,48.9187,293,37.1187,289.375,289.4375,5.5734,5.6281,5.8547,6.7719,-0.6552,-1.8255,12.8629,12.7897
17/06/2025,08:00:00,264.5625,310.25,123.875,49.1437,293.125,37.375,289.6562,289.75,5.9328,5.7734,5.7469,6.4344,-0.6723,-1.923,12.8824,12.8223
17/06/2025,08:30:00,265.5187,312.2812,122.375,49.4,294.125,37.4813,291.1562,291.25,5.6719,5.5906,5.7672,6.4062,-0.695,-1.8205,12.7914,12.6256
17/06/2025,09:00:00,265.2,313.125,122.675,49.1812,294.75,37.1937,291.8125,291.9375,5.5109,5.4031,5.5922,6.6453,-0.6814,-1.854,12.9344,12.8596
17/06/2025,09:30:00,265.3063,313.375,122.7,49.2437,294.8,37.2062,291.7812,291.8125,5.7078,5.6594,5.7969,6.6797,-0.7147,-1.886,12.8287,12.7475
17/06/2025,10:00:00,265.2,312.75,122.8875,49.4688,294.825,37.4813,291.8125,291.9375,5.6281,5.6406,5.6219,6.3703,-0.6915,-1.837,12.7004,12.6272
17/06/2025,10:30:00,264.775,312.875,122.45,49.9562,294.625,37.9813,292.0938,292.1875,5.7656,5.5844,5.7547,6.7578,-0.6473,-1.7885,12.8304,12.7589
17/06/2025,11:00:00,265.7312,313.4688,122.05,50.1312,294.625,38.0875,292.375,292.5,5.4594,5.5047,5.7484,6.6453,-0.6854,-1.8315,12.8564,12.7621
17/06/2025,11:30:00,260.1,313.9062,121.525,50.5187,294.75,38.4125,293.125,293.1875,5.7406,5.5953,5.7266,6.4984,-0.7068,-1.8205,12.6874,12.6094
17/06/2025,12:00:00,267.325,314.1562,121.7625,50.2562,295.15,38.1375,293.2188,293.25,5.6984,5.6672,5.6875,6.5453,-0.7046,-1.864,12.8954,12.8206
17/06/2025,12:30:00,267.1124,314.0625,122.1375,50.8562,295.175,38.75,293.7812,293.9062,5.5859,5.5922,5.7047,6.5844,-0.7055,-1.8825,12.6646,12.585
17/06/2025,13:00:00,266.7937,313.3438,120.9625,50.8562,294.55,38.85,293.5625,293.625,5.3984,5.525,5.7344,6.6125,-0.7073,-1.8325,12.6175,12.5265
17/06/2025,13:30:00,265.625,314.125,121.1875,51.3438,294.825,39.2937,294.1562,294.2188,5.3187,5.3281,5.6531,6.6203,-0.7252,-1.8795,12.8369,12.78
17/06/2025,14:00:00,267.4313,315.2188,120.5375,51,295.05,39.3812,294.6562,294.7188,5.5094,5.4516,5.7047,6.5766,-0.7239,-1.871,12.6419,12.559
17/06/2025,14:30:00,283.2625,321.5312,121.15,50.3375,298.4,38.9312,299.2812,299.375,5.6422,5.4297,5.6969,6.5547,-0.7567,-1.9905,12.7654,12.676
17/06/2025,15:00:00,290.3812,315,122.425,50.125,296.625,38.6875,297.9688,298,5.5969,5.4906,5.3906,6.0391,-0.6867,-1.9455,12.9165,12.8499
17/06/2025,15:30:00,397.375,321.625,118.1125,49.8625,296.15,38.1187,303.4688,303.5312,4.0734,4.1328,4.2094,5.125,-1.0148,-3.0705,14.1499,14.0426
17/06/2025,16:00:00,611.6813,350.1562,118.5625,49.1562,310.225,37.7625,325.6562,325.7188,3.2781,3.125,3.2594,3.8656,-1.3569,-4.9015,15.926,15.7765
17/06/2025,16:30:00,661.4062,364.2188,124.9875,49.0938,324.975,37.5875,340.3438,340.4375,2.7797,2.5547,3.0672,3.3766,-1.3263,-4.682,15.5945,15.4466
17/06/2025,17:00:00,661.4062,363.2812,125.05,48.825,325,37.4062,340.0938,340.125,2.7266,2.6969,2.9062,3.3484,-1.3031,-4.578,15.2987,15.133
17/06/2025,17:30:00,661.6188,365.6562,125.425,48.5938,326.5,37.2375,341.7188,341.7812,2.3922,2.8359,2.9578,3.3297,-1.4388,-4.6605,15.0485,14.9087
17/06/2025,18:00:00,660.6625,365.0938,125.8125,48.4812,327.725,37.1312,342,342.125,2.5109,2.5031,3.0641,3.7328,-1.353,-4.5975,15.12,14.9867
17/06/2025,18:30:00,660.2375,365.8125,126.3125,48.3375,328.45,37,342.7188,342.8438,2.4,2.6391,3.1078,3.4094,-1.3526,-4.7185,15.2094,15.0907
17/06/2025,19:00:00,661.4062,368.6562,126.55,48.4187,329.875,36.9437,344.1875,344.2812,2.5969,2.3734,2.7172,3.625,-1.4042,-4.6475,14.925,14.7934
17/06/2025,19:30:00,660.45,367.5312,127.275,48.4375,330.25,36.925,344.125,344.1562,2.6828,2.5828,2.9672,3.4812,-1.3565,-4.6085,15.0696,14.9445
17/06/2025,20:00:00,661.5125,370,126.75,48.2375,331,36.9375,345.3438,345.4375,2.5922,2.4312,2.7891,3.6062,-1.4234,-4.6425,14.8129,14.7137
17/06/2025,20:30:00,661.5125,370.375,126.775,48.1687,331.475,36.8687,346.0312,346.125,2.6672,2.5969,3.0312,3.6719,-1.3867,-4.651,14.8389,14.717
17/06/2025,21:00:00,663,370.1875,127.1375,48.4187,332.075,36.8687,346.4688,346.4688,2.4484,2.6625,3.0281,3.6719,-1.3526,-4.6015,14.9851,14.8535
17/06/2025,21:30:00,662.0437,370.5938,127.2375,48.4562,332.375,36.6937,346.7188,346.8438,2.6312,2.9344,2.8672,3.4312,-1.3714,-4.636,14.8486,14.7446
17/06/2025,22:00:00,659.6,373.4062,127.7875,48.2625,334.025,36.7625,348.625,348.75,2.7078,2.5016,2.7906,3.5125,-1.3171,-4.561,14.8697,14.7495
17/06/2025,22:30:00,661.6188,372.8125,128.125,48.15,334.3,36.45,348.5312,348.625,2.8766,2.7984,2.9281,3.4469,-1.2856,-4.5855,14.7625,14.6406
17/06/2025,23:00:00,660.5563,373.5312,128.2375,47.8562,335.175,36.45,349.4062,349.5,2.7812,2.9109,3.0312,3.1406,-1.3443,-4.5925,14.7479,14.6374
17/06/2025,23:30:00,661.3,373.6562,128.45,47.8187,335.625,36.3812,349.625,349.75,2.4625,2.3969,2.7594,3.4141,-1.3631,-4.582,14.6179,14.4976
18/06/2025,00:00:00,662.2562,377.2812,129.9875,47.7875,337.675,36.0125,351.4062,351.4688,2.7953,2.6906,2.9453,2.8672,-1.3823,-4.6725,14.5854,14.47
18/06/2025,00:30:00,536.35,366.25,128.775,47.6937,333.775,36.1812,344.125,344.125,3.1719,3.2047,4.1359,4.65,-1.0949,-3.5435,13.6445,13.5145
18/06/2025,01:00:00,606.6875,368.2188,126.6375,47.8312,330.2,36.25,343.4062,343.5,2.9531,2.9344,3.3891,3.6719,-1.2196,-4.1135,14.1694,14.0491
18/06/2025,01:30:00,640.9,370.8125,126.825,47.6812,331.55,36.3937,345.6562,345.6875,2.6062,2.4594,2.9922,3.25,-1.2909,-4.4155,14.4326,14.301
18/06/2025,02:00:00,569.075,364.4375,127.25,47.3125,331.225,35.925,342.625,342.6875,2.8766,2.9609,3.5672,4.3531,-1.0494,-3.7655,13.8899,13.7778
18/06/2025,02:30:00,470.3688,361.25,122.9375,47.3562,326.675,35.8625,337.5625,337.625,2.9422,3.7234,4.1953,4.6578,-0.9479,-2.8415,12.9977,12.884
18/06/2025,03:00:00,434.775,344.625,125.0375,47.075,317.925,36.0625,325.4375,325.5,3.9953,3.7594,4.0828,5.2266,-0.9693,-2.945,13.404,13.2984
18/06/2025,03:30:00,501.3938,341.0312,117.825,47.1562,308.3,35.95,319.4062,319.4688,4.1062,4.0469,4.3031,5.5062,-1.1194,-3.781,14.6292,14.5041
18/06/2025,04:00:00,450.6062,343.2188,119.725,47.3062,313.65,35.7938,322.875,322.9062,4.4703,3.7297,3.8656,5.5828,-1.0083,-3.0175,13.2545,13.1375
18/06/2025,04:30:00,482.5875,346.125,118.2625,47.4562,314.025,35.7562,324.6562,324.7188,3.8609,3.1266,3.6594,5.1297,-0.9868,-3.1355,13.3228,13.2041
18/06/2025,05:00:00,460.7,344.5312,118.625,47.2375,313.775,35.8438,323.5,323.5,4.5172,3.8453,4.1156,5.8562,-0.8888,-2.9635,13.4105,13.287
18/06/2025,05:30:00,424.3624,343.5312,119.6,47.4937,311.15,35.9625,320.1875,320.2188,4.3281,3.9875,4.9688,5.5797,-1.0419,-2.9175,13.599,13.4934
18/06/2025,06:00:00,260.8438,321.1875,128.7875,47.9437,307.3,36.7375,304.2188,304.25,5.1078,5.1937,5.3828,5.4984,-0.7204,-1.728,12.5541,12.4859
18/06/2025,06:30:00,264.775,319.6875,121.4375,48.5875,298.675,36.8625,298.7812,298.875,5.3781,5.575,5.45,5.9047,-0.6394,-1.779,12.7686,12.6451
18/06/2025,07:00:00,265.5187,320.4375,122.3375,48.9125,299.25,37.0562,298.7188,298.8125,5.6969,6.0719,5.5562,5.7219,-0.6981,-1.8145,12.7296,12.6532
18/06/2025,07:30:00,264.5625,319.1562,123.0125,49.1125,299.3,37.3812,298.1562,298.1562,5.7781,5.9828,5.8219,5.5859,-0.6845,-1.819,12.5639,12.4761
18/06/2025,08:00:00,263.6062,321.5938,120.6875,49.4312,301.125,37.5438,299.4062,299.4062,5.3484,5.3844,5.8484,5.775,-0.5436,-1.628,12.7394,12.6549
18/06/2025,08:30:00,264.2438,315.0938,122.4875,49.4875,295.9,37.6875,294.5312,294.5625,5.5547,5.6687,5.7078,6.0469,-0.6902,-1.7945,12.7329,12.6516
18/06/2025,09:00:00,265.4125,319.3438,122.3875,49.7437,297.675,37.8375,296.8125,296.8438,5.2078,5.1687,5.2766,5.4656,-0.6526,-1.858,12.6159,12.5395
18/06/2025,09:30:00,264.775,321.25,122.075,50,298.525,37.9562,298,298.0938,5.4422,5.7094,5.6812,5.9203,-0.7418,-1.893,12.819,12.741
18/06/2025,10:00:00,265.8375,321.7188,122.2375,50.2312,299.3,38.1937,299.4375,299.4688,5.5672,5.8172,5.9094,6.2156,-0.7672,-1.8885,12.7361,12.6029
18/06/2025,10:30:00,290.0625,326.5938,119.825,50.5125,300.525,38.35,303.1562,303.25,5.4219,5.7328,5.6391,6.1953,-0.6902,-1.936,12.7605,12.6857
18/06/2025,11:00:00,320.875,331.75,120.6625,50.75,304.875,38.3125,308.8125,308.9062,5.2953,5.6781,5.5359,5.9297,-0.7873,-2.1955,12.8905,12.8092
18/06/2025,11:30:00,262.1188,326.7812,124.7375,50.6562,304.3,38.5187,304.625,304.6875,5.6687,5.6516,5.7,6.1375,-0.7055,-1.81,12.6532,12.5671
18/06/2025,12:00:00,265.9437,328.125,121.3,50.6312,302.9,38.575,304.3125,304.3125,5.3781,5.2062,5.2859,6.0422,-0.7536,-1.8935,12.6711,12.5866
18/06/2025,12:30:00,264.35,322.7188,120.8375,51.2812,300.3,39.2687,302.0938,302.1875,5.7906,5.6875,5.7047,6.2766,-0.6762,-1.8095,12.7995,12.728
18/06/2025,13:00:00,267.0062,327.1562,120.7,50.75,301.75,39.4,303.5,303.5625,5.2109,5.5859,5.8031,6.2797,-0.7335,-1.8785,12.7069,12.6094
18/06/2025,13:30:00,265.5187,321.0625,122.5625,50.5062,301.325,39.3375,302.0938,302.0625,5.3781,5.3859,5.3984,5.8187,-0.7843,-1.887,12.5411,12.468
18/06/2025,14:00:00,265.4125,326.4375,122.1125,50.75,301.125,39.1437,303.0625,303.0938,5.6297,5.7078,5.75,6.0859,-0.7549,-1.932,12.7686,12.6792
18/06/2025,14:30:00,363.2687,321.6875,119.5375,50.45,297,38.7938,303.75,303.875,4.8109,5.1844,5.2703,6.0297,-0.8534,-2.5345,13.3877,13.287
18/06/2025,15:00:00,358.275,333.9062,119.6875,49.6562,306.025,38.1,311.375,311.4375,4.4516,4.5094,5.225,5.775,-0.8919,-2.493,13.1635,13.0676
18/06/2025,15:30:00,461.7625,339.75,117.625,49.4688,309.4,38.275,318.7188,318.7812,3.7937,3.7594,3.9594,5.35,-0.9706,-3.1115,14.0686,13.9516
18/06/2025,16:00:00,660.9812,364.9688,125.1875,50.3125,325.7,38.4188,340.5625,340.6562,2.4812,2.4594,2.9594,3.3594,-1.2611,-4.452,14.8941,14.7722
18/06/2025,16:30:00,658.4313,373.9062,127.7375,49.2562,332.175,37.05,347.375,347.4688,2.2047,2.4203,2.9219,3.3687,-1.3027,-4.5335,14.7576,14.6601
18/06/2025,17:00:00,655.8812,372.75,127.7625,49.0938,332.575,36.8625,347.5938,347.6875,2.3594,2.6156,3.1969,3.5656,-1.3381,-4.5245,14.5837,14.4635
18/06/2025,17:30:00,659.7063,372.5938,127.925,49.0187,334,36.6875,348.0312,348.0625,2.5578,2.4297,2.875,3.1781,-1.2887,-4.469,14.808,14.6991
18/06/2025,18:00:00,659.6,373.0312,128.0375,49.025,334.25,36.6875,348.5,348.625,2.3422,2.6266,2.8125,2.9797,-1.325,-4.5125,14.9055,14.7852
18/06/2025,18:30:00,660.5563,374.4062,129.9375,49.0312,335.8,36.75,349.7812,349.8438,2.4578,3.0812,2.9484,3.3219,-1.4401,-4.7445,14.8697,14.743
18/06/2025,19:00:00,660.3438,378.7812,129.525,48.5812,338.125,36.775,352.6562,352.7188,2.4,2.8141,3.1828,3.6516,-1.3298,-4.6325,14.9786,14.8665
18/06/2025,19:30:00,660.875,378.125,129.8,48.4812,338.625,37,353.0938,353.125,2.3516,2.6797,2.8172,2.8328,-1.4528,-4.6645,14.8665,14.7528
18/06/2025,20:00:00,660.025,378.6562,129.6,48.2437,338.625,36.7938,353,353.0625,2.4109,2.9109,3.0766,3.1281,-1.4099,-4.6335,14.7609,14.6585
18/06/2025,20:30:00,658.75,376.7188,129.1,47.7125,336.9,36.4062,351.1875,351.2188,2.3703,2.875,3.0766,2.7828,-1.2253,-4.437,14.977,14.8795
18/06/2025,21:00:00,659.9187,381.4375,129.825,48.1312,339.325,36.6,354.0312,354.0938,2.3187,2.8406,3.1,3.3047,-1.3762,-4.645,14.8421,14.7235
18/06/2025,21:30:00,660.875,377.9062,130.1375,48.3562,338.125,36.625,352.4062,352.5,2.5594,2.8547,2.9297,3.0359,-1.3574,-4.605,14.847,14.7251
18/06/2025,22:00:00,660.6625,375.7188,130.1,48.325,336.725,36.225,351,351.0938,2.2219,2.9016,3.1406,3.2656,-1.3779,-4.6055,14.7739,14.6292
18/06/2025,22:30:00,654.2875,375.0938,128.3625,48.0437,336.05,36.0375,350.1875,350.2188,2.5031,2.9547,3,3.4,-1.3552,-4.5415,14.6877,14.5805
18/06/2025,23:00:00,650.25,374.1875,129.4375,48.375,336.85,35.9937,350.6562,350.6875,2.3172,2.6937,2.9562,3.1328,-1.2874,-4.5295,14.7999,14.6699
18/06/2025,23:30:00,662.2562,377.3125,128.7875,47.7062,337.875,35.7625,352.125,352.1875,2.4,2.7031,2.8578,3.2156,-1.3119,-4.535,14.9006,14.782
19/06/2025,00:00:00,661.0875,377.4688,128.325,47.625,337.55,35.7313,352.25,352.2812,2.2172,2.8109,2.9984,3.0422,-1.3193,-4.513,15.0371,14.9315
19/06/2025,00:30:00,536.5625,366.2188,126.7875,47.3937,331.475,35.675,342.9375,343.0625,2.6062,3.1812,3.6969,4.1797,-1.1566,-3.6095,13.8752,13.7761
19/06/2025,01:00:00,604.6687,368.125,124.4,47.0125,328.725,35.4688,342.9375,343.0312,2.2828,2.6328,3.2375,3.7969,-1.1916,-4.068,14.6439,14.522
19/06/2025,01:30:00,588.8375,372.9062,125.6125,46.775,331.975,35.5,345.9688,346.0625,2.4422,2.825,3.6484,4.0922,-1.2633,-4.068,14.3839,14.249
19/06/2025,02:00:00,471.6438,358.5938,124.6125,46.6312,326.175,35.7062,335.6562,335.75,3.0906,3.8312,4.4156,4.3781,-1.0026,-3.0885,13.4934,13.378
19/06/2025,02:30:00,507.1312,355.3125,119.7625,46.4312,319.65,35.4437,332.1875,332.1875,3.0812,3.6516,4.2219,4.0125,-1.0279,-3.313,13.9094,13.7989
19/06/2025,03:00:00,575.6625,364.4062,120.625,46.3375,324.225,35.1312,338.5312,338.6875,2.4922,3.3687,3.6875,3.5656,-1.1601,-3.8295,14.3904,14.2685
19/06/2025,03:30:00,625.9187,371.1875,122.625,46.625,328.325,34.975,343.75,343.75,2.5953,2.7234,3.1375,3.5187,-1.1841,-4.2195,15.133,14.9932
19/06/2025,04:00:00,568.7562,370.75,123.4875,46.3312,328.975,35.0375,343.0938,343.1562,2.875,2.9406,3.3438,4.1703,-1.213,-3.9115,14.4375,14.3189
19/06/2025,04:30:00,537.0938,371.5312,123.6125,46.6312,330.525,34.85,343.2188,343.2188,2.5312,3.5625,4.075,4.0297,-1.1465,-3.666,14.0085,13.8866
19/06/2025,05:00:00,495.3375,362.4062,120.5375,46.125,324.125,34.4,337,337.0938,3.4219,3.2734,4.3844,4.6844,-0.9365,-3.0745,13.404,13.2854
19/06/2025,05:30:00,463.4625,347.25,118.0375,46.05,315.475,34.6,326.625,326.5938,3.4984,3.9891,4.0766,4.5953,-1.0021,-3.0195,13.6266,13.5177
19/06/2025,06:00:00,442.1062,341.7188,117.1625,46.3687,312.525,34.7812,322.4375,322.5,3.7625,3.8922,4.2281,4.6016,-0.8131,-2.7405,13.5909,13.4788
19/06/2025,06:30:00,605.3063,361.6875,120.4125,47.0125,322.4,34.9875,337.0625,337.1875,2.6266,2.5656,2.8562,3.8344,-1.2178,-4.172,15.12,15.0274
19/06/2025,07:00:00,651.6312,370.3125,124.375,47.4125,329.5,35.5,345.375,345.4688,2.6234,2.575,2.95,3.5687,-1.3403,-4.538,15.1021,14.9819
19/06/2025,07:30:00,571.9437,370.4062,125.95,47.6562,331.275,35.5875,344,344.0938,2.8656,3.1141,3.1156,3.9641,-1.1723,-3.869,14.1954,14.0881
19/06/2025,08:00:00,592.6625,377.125,126.9875,47.9625,335.875,35.725,350.0312,350.1562,2.45,2.7125,3.0047,3.7406,-1.1369,-3.79,13.8427,13.7355
19/06/2025,08:30:00,592.5563,363.5,126.35,48.275,328.025,36.1875,340.7188,340.7188,2.85,2.7906,3.0078,3.8187,-1.0861,-3.8985,14.0686,13.9516
19/06/2025,09:00:00,638.5625,372.1875,127.45,48.7437,332.225,36.5312,346.7188,346.8125,2.725,2.7375,3.1031,3.6469,-1.3849,-4.514,14.0361,13.9029
19/06/2025,09:30:00,454.8562,360.5312,127.55,48.7375,333.65,37.0312,341.3125,341.4062,3.5266,3.1687,3.8578,4.8406,-0.9002,-2.6965,12.9327,12.8206
19/06/2025,10:00:00,431.375,338.875,124.95,48.5437,314.825,36.8438,321.875,321.9375,4.0797,4.2656,4.2594,4.7984,-0.9754,-2.8705,12.9457,12.8434
19/06/2025,10:30:00,420.6437,337.3125,115.55,49.7625,307.375,37.1625,316.0625,316.125,4.2016,3.8953,4.4219,5.1187,-0.9203,-2.7315,13.1017,13.0091
19/06/2025,11:00:00,413.6312,334.4375,116.45,49.9875,306.525,37.2375,314.9375,315,4.2687,4.3094,4.4203,5.5437,-0.8932,-2.66,13.0514,12.9571
19/06/2025,11:30:00,315.4562,325.5625,125.8,50.2125,303.825,37.8,305.7188,305.7812,4.9484,5.2297,5.3828,5.3141,-0.8757,-2.267,12.6516,12.6484
19/06/2025,12:00:00,376.6562,320.625,120.95,49.95,298.75,37.5,302.7812,302.8438,4.8703,4.9781,5.4656,6.5813,-0.8455,-2.7195,13.3796,13.274
19/06/2025,12:30:00,433.2875,329.2188,118.825,50.1,303.125,37.3312,309.7188,309.75,4.2281,4.0406,4.3906,5.3203,-0.9352,-3.0985,13.4349,13.3357
19/06/2025,13:00:00,622.2,347.1562,119.8125,49.375,311.175,37.1312,325.0312,325.0938,2.9203,2.7156,2.7453,3.7812,-1.3644,-4.7155,14.6731,14.561
19/06/2025,13:30:00,659.4938,366.6562,126.5625,49.5312,328.975,37.2938,343.0312,343.125,2.5109,2.8641,3.1734,2.5859,-1.2012,-4.3835,14.0637,13.9451
19/06/2025,14:00:00,659.4938,372.25,129.1,49.7375,333.225,37.5687,347.4062,347.5312,2.8594,2.4953,2.8078,3.3344,-1.3281,-4.5535,14.002,13.885
19/06/2025,14:30:00,660.2375,371.6562,129.5875,49.825,334.425,37.625,347.4688,347.5312,2.4266,2.1906,2.775,3.2125,-1.3373,-4.451,13.7469,13.6851
19/06/2025,15:00:00,663.9563,372.125,131,50.825,335.875,38.675,348.6562,348.75,2.4906,2.8078,3.2625,2.8672,-1.3941,-4.575,13.8184,13.6949
19/06/2025,15:30:00,662.7875,372.9062,131.8,50.5312,337.375,39.1875,349.875,349.9688,2.6625,2.4984,2.8422,3.4234,-1.3591,-4.5305,13.7404,13.6445
19/06/2025,16:00:00,663.1062,373.5,132.2375,50.4312,337.85,39.3562,350.2812,350.375,2.3984,2.2984,2.8078,3.3578,-1.3731,-4.536,13.5892,13.4641
19/06/2025,16:30:00,662.3625,373.0938,132.4,50.3187,338.1,39.1437,350.5,350.5625,2.3906,2.6297,3.1562,3.5344,-1.262,-4.4475,13.768,13.6607
19/06/2025,17:00:00,662.4688,373.5625,132.5875,50.1625,338.675,39.1187,350.9688,351.0312,2.5359,2.6141,3.0375,3.0687,-1.2751,-4.4995,13.5584,13.4349
19/06/2025,17:30:00,664.1687,377.9688,133.3625,50.7562,340.575,39.225,353.2188,353.3125,2.1359,2.9125,3.2641,3.0219,-1.3473,-4.5475,13.729,13.6136
19/06/2025,18:00:00,662.7875,377.9688,133.775,50.7687,340.9,39.4125,353.5312,353.6562,2.9719,2.95,3.1406,3.4047,-1.3088,-4.5745,13.6607,13.5486
19/06/2025,18:30:00,662.6813,378.0938,132.5875,49.6187,340.875,37.925,353.75,353.8438,2.9562,2.6937,2.8375,3.3234,-1.3167,-4.5765,13.8492,13.7371
19/06/2025,19:00:00,653.3313,377.4062,132.4375,49.75,340.925,37.9062,353.4062,353.4375,2.6469,2.5969,2.9937,3.4359,-1.2576,-4.434,13.7323,13.6152
19/06/2025,19:30:00,663.1062,379.5625,133.1125,49.15,341.6,37.3812,354.5312,354.5938,2.7641,2.6094,2.8344,3.2125,-1.3626,-4.601,13.6916,13.5681
19/06/2025,20:00:00,663.3187,379.625,132.1375,49.0437,342.025,37.0875,355.0625,355.125,2.6906,2.6859,3.0687,3.3359,-1.3149,-4.5385,13.7534,13.6429
19/06/2025,20:30:00,662.8938,378.5938,131.8125,48.9812,341.675,37.0625,354.8125,354.8125,2.7344,2.5344,2.8047,2.9781,-1.2743,-4.477,13.9272,13.82
19/06/2025,21:00:00,664.4875,378.8438,131.75,48.95,341.75,36.8687,355.0938,355.1875,2.5297,2.7266,3.0391,3.1281,-1.3473,-4.6285,13.9435,13.8281
19/06/2025,21:30:00,663.6375,378.2812,132,48.8312,341.775,36.9062,354.8438,354.875,2.5172,2.9734,3.3875,2.8406,-1.3758,-4.6885,14.1271,14.0231
19/06/2025,22:00:00,661.4062,377.4062,131.7,48.7562,340.6,37.075,353.7812,353.8125,2.6641,2.5297,2.7984,3.0734,-1.4164,-4.733,14.132,14.0312
19/06/2025,22:30:00,662.3625,376.3438,131.95,48.8125,341.025,36.9188,353.6562,353.6562,2.6203,2.6187,2.7625,3.4453,-1.2445,-4.5145,14.0361,13.9386
19/06/2025,23:00:00,662.6813,374.8125,132.4625,48.8438,339.75,36.7125,352.2812,352.3125,2.6016,2.7125,3.0453,3.2687,-1.3022,-4.63,14.1092,13.9858
19/06/2025,23:30:00,663,372.8125,130.875,48.8375,337.225,36.725,349.8438,349.9375,2.6219,3.0375,2.7797,2.8047,-1.3911,-4.6745,14.0849,13.9744
20/06/2025,00:00:00,663.425,375.8125,130.1625,48.475,337.975,37.1,351.0938,351.2188,2.5609,2.8797,2.8203,2.9156,-1.2568,-4.4475,14.1921,14.0767
20/06/2025,00:30:00,467.075,359.1562,129.6125,47.8625,330.925,36.1562,338.3125,338.3125,3.3719,3.9297,4.5719,4.4547,-0.9986,-3.0325,13.0693,12.9506
20/06/2025,01:00:00,423.9375,348.2188,124.9875,47.8375,318.375,35.9312,325.9375,326.0312,4.425,4.5281,5.5828,5.5922,-0.8612,-2.689,12.8158,12.7296
20/06/2025,01:30:00,265.8375,317.0312,128.9875,48.1937,304.35,36.5938,303.3438,303.375,5.2844,5.4141,5.4672,5.8266,-0.5996,-1.6735,12.7118,12.6289
20/06/2025,02:00:00,265.9437,319.375,121.575,47.6937,299.75,35.8687,299.1562,299.1875,5.6703,6.0141,5.6531,5.3516,-0.7742,-1.916,12.6337,12.546
20/06/2025,02:30:00,264.8812,320.5938,123.95,47.475,300.375,36.0812,298.0625,298.0938,5.3969,5.475,5.375,5.5703,-0.7374,-1.8765,12.546,12.4615
20/06/2025,03:00:00,266.2625,321,124.425,47.0437,300.8,35.9937,298.125,298.125,5.7625,5.7828,5.7672,6.0531,-0.6744,-1.82,12.7183,12.6354
20/06/2025,03:30:00,265.9437,321.5312,124.5125,46.875,300.875,35.9,298,298.0938,6.0078,6.0594,5.6406,5.5781,-0.7186,-1.8635,12.6874,12.6305
20/06/2025,04:00:00,265.9437,321.2812,124.6625,47.0187,300.175,36.0187,297.5938,297.6875,5.2594,5.6312,5.7922,5.9078,-0.716,-1.8415,12.5476,12.4615
20/06/2025,04:30:00,266.3688,320.625,124.275,46.6937,299.825,35.8625,297.3125,297.3438,5.5938,5.8,5.6766,5.7109,-0.6289,-1.764,12.767,12.6727
20/06/2025,05:00:00,267.6437,321.4688,124.6375,47.125,300.05,35.7812,297.4375,297.4688,5.7422,5.9766,5.6687,5.9578,-0.6246,-1.778,12.6679,12.5801
20/06/2025,05:30:00,266.2625,323.3125,125.0375,46.8625,300.9,35.7562,298.4688,298.5938,5.5391,5.5953,5.5484,5.8406,-0.7637,-1.905,12.6077,12.52
20/06/2025,06:00:00,266.2625,322.875,124.5875,47.0938,301.325,35.9312,299.25,299.3438,5.6969,5.5453,5.4797,5.4031,-0.7016,-1.8385,12.7069,12.6207
20/06/2025,06:30:00,265.5187,323.0938,124.6125,47.6875,301.4,36.45,299.4375,299.4688,5.4125,5.7734,5.6953,5.5297,-0.6793,-1.7975,12.6874,12.6094
20/06/2025,07:00:00,265.7312,323.4688,123.55,48.3875,301.025,36.725,299.9688,300.0312,4.9547,5.1953,5.2875,5.9375,-0.6644,-1.788,12.546,12.4972
20/06/2025,07:30:00,267.5375,322.3125,123.2375,48.875,299.8,37.075,299.625,299.6875,5.7094,5.7359,5.6109,6.1531,-0.6652,-1.8125,12.7329,12.6597
20/06/2025,08:00:00,266.0499,325.9688,122.9625,49.3187,302.225,37.325,302.0312,302.125,5.6109,5.7203,5.5969,5.6516,-0.7103,-1.8245,12.5623,12.5054
20/06/2025,08:30:00,266.9,328.875,123.0625,49.6937,304.475,37.6562,304.6562,304.6875,5.3719,5.7281,5.8609,5.9875,-0.6701,-1.8275,12.5151,12.4257
20/06/2025,09:00:00,266.6875,328.25,122.45,50.0375,304.15,38.1063,305.1875,305.25,5.0203,5.0812,5.7828,5.8703,-0.6053,-1.794,12.7394,12.663
20/06/2025,09:30:00,265.9437,329.0625,121.9,50.05,304.25,38.1312,305.75,305.875,5.8141,5.9781,5.9937,5.8578,-0.6731,-1.802,12.5752,12.4907
20/06/2025,10:00:00,266.475,324.0312,121.8,50.1875,300.725,37.9688,303.0312,303.125,5.5016,5.6594,5.8828,5.4375,-0.751,-1.838,12.4599,12.3786
20/06/2025,10:30:00,265.3063,326.5938,121.6875,50.475,302.525,38.375,304.2188,304.2812,5.4672,5.6922,5.7469,5.675,-0.674,-1.7955,12.7442,12.6175
20/06/2025,11:00:00,266.2625,320.2812,121.675,50.5375,298.3,38.3687,300.4062,300.4375,5.7687,5.8562,5.6125,5.5656,-0.7204,-1.804,12.6272,12.5639
20/06/2025,11:30:00,261.1625,319.8438,120.45,50.3062,297.55,38.2,299.2812,299.3438,5.5109,5.725,5.6547,5.9594,-0.7007,-1.7795,12.507,12.4599
20/06/2025,12:00:00,265.0938,319.125,121.3625,50.2562,297.35,38.0938,298.5938,298.625,5.5187,5.6766,5.8312,5.9688,-0.6565,-1.761,12.7361,12.6532
20/06/2025,12:30:00,266.3688,313.4688,123.95,50.375,296.35,38.1812,297.625,297.6875,5.5062,5.5359,5.7484,5.8875,-0.7125,-1.8755,12.702,12.6224
20/06/2025,13:00:00,266.475,311.2812,119.875,50.0812,292.425,37.9125,293.3125,293.3438,5.4344,5.6906,5.8281,5.7969,-0.7326,-1.8355,12.5688,12.481
20/06/2025,13:30:00,266.7937,310.1562,121.6875,50.1,292.875,37.9562,292.8125,292.8438,5.7359,5.7812,5.5891,5.65,-0.6858,-1.8045,12.6581,12.5671
20/06/2025,14:00:00,266.6875,312.3438,121.975,50.825,293.35,38.5,293.375,293.5,5.7734,5.8109,5.7203,5.6844,-0.7164,-1.8465,12.6126,12.5395
20/06/2025,14:30:00,265.4125,316.3438,121.9875,51.1062,295.175,39.0187,295.875,295.9062,5.5141,5.7469,5.9594,6.15,-0.8022,-1.9295,12.5362,12.4436
20/06/2025,15:00:00,265.9437,315.5,120.8,50.8,294.85,39.1875,295.7812,295.875,5.35,5.4328,5.6297,5.8328,-0.7991,-1.925,12.7247,12.6386
20/06/2025,15:30:00,332.8812,315.375,120.875,50.025,295.425,38.7812,298.25,298.4062,4.6844,4.975,5.1797,5.3922,-0.9111,-2.527,13.2009,13.1099
20/06/2025,16:00:00,492.3625,344.4062,118.275,48.8875,310.2,37.8687,321.25,321.3438,3.8453,3.8672,4.2453,4.8812,-1.0209,-3.394,13.5795,13.469
20/06/2025,16:30:00,489.8125,355.8125,122.475,48.6312,321.35,37.6688,332.0938,332.1875,3.4734,3.8016,4.2859,4.3,-0.9916,-3.159,13.1749,13.0514
20/06/2025,17:00:00,474.1937,363.3125,125,48.4,326.125,37.4375,336.625,336.6562,4.1531,3.9125,4.6391,4.6906,-0.9732,-3.0355,13.0579,12.9311
20/06/2025,17:30:00,432.3312,355.5312,127.85,48.4187,323.225,37.475,330.9688,330.9688,4.2578,3.7062,4.7047,5.6312,-0.9089,-2.8685,13.1716,13.0855
20/06/2025,18:00:00,385.3688,324.0938,128.1125,49.2062,307.225,37.7,310.125,310.0625,4.225,4.4016,4.9781,5.0734,-0.9641,-2.923,13.5844,13.4885
20/06/2025,18:30:00,486.3063,347.7188,113.625,49.0437,310.55,37.1688,322.4062,322.4688,3.3062,3.4359,4.1062,4.8656,-1.0244,-3.1715,13.6575,13.5405
20/06/2025,19:00:00,459.2125,347.875,115.6875,49.0437,313.275,37.2125,323.875,323.9375,3.9437,3.9172,4.2344,5.0312,-0.9107,-2.9525,13.4592,13.3552
20/06/2025,19:30:00,428.9313,344.5312,115.5875,49.0375,310.525,37.2,319.75,319.8125,4.3219,4.0969,4.5844,5.0016,-0.8525,-2.6665,13.1489,13.053
20/06/2025,20:00:00,348.5,314.4062,127.85,49.325,299.325,37.6812,300.6875,300.7188,4.4141,4.5375,4.7578,5.1156,-0.8433,-2.403,12.9653,12.8775
20/06/2025,20:30:00,482.9062,342.0938,112.95,49.1,304.625,36.9625,316.1562,316.25,3.4953,3.4891,3.9453,4.8172,-1.0069,-3.19,13.7534,13.6559
20/06/2025,21:00:00,463.0375,352.2188,114.875,48.675,312.35,36.8438,323,323.125,3.7687,3.7766,4.1203,4.7203,-1.0376,-3.0625,13.3032,13.2334
20/06/2025,21:30:00,394.4,353.4062,116.6125,48.4375,314.75,36.5,323.4375,323.5625,4.8141,4.5516,5.1531,5.2719,-0.716,-2.256,12.5931,12.5103
20/06/2025,22:00:00,263.3937,317.9062,128.675,49.1875,301.6,37.6063,300.8438,300.9062,5.3906,5.3781,5.4641,5.6078,-0.6617,-1.7295,12.6077,12.5639
20/06/2025,22:30:00,264.8812,320.3438,120.9625,48.9062,298.275,37.3563,298.8438,298.875,5.6875,5.8172,5.7906,5.7578,-0.6464,-1.777,12.6045,12.5265
20/06/2025,23:00:00,265.4125,319.4688,121.875,48.7562,297,37.3312,296.8125,296.9375,5.775,5.6187,5.6969,5.9547,-0.6819,-1.8015,12.5931,12.4989
20/06/2025,23:30:00,263.9249,317.9375,122.7375,48.5687,296.3,37.0562,295.6875,295.7188,5.05,5.2125,5.3656,6.1578,-0.6596,-1.758,12.6939,12.6305
21/06/2025,00:00:00,264.8812,319.8125,124.625,48.1062,297.6,36.9188,296.9375,297.0312,6.0906,5.95,5.8125,5.8875,-0.6933,-1.812,12.6679,12.546
21/06/2025,00:30:00,264.775,321.8438,123.4625,47.7562,299,36.7875,298.375,298.375,5.6578,5.6094,5.5516,5.7203,-0.6771,-1.771,12.3949,12.3055
21/06/2025,01:00:00,264.1375,320.9688,123.9125,47.8187,299.075,36.7625,298.5312,298.5938,5.4688,5.525,5.7859,6.5875,-0.6307,-1.7365,12.6516,12.5525
21/06/2025,01:30:00,266.1562,323.0938,123.7625,47.65,300.125,36.6187,299.4375,299.5625,5.4672,5.6125,5.9234,6.3562,-0.6744,-1.7895,12.5541,12.4648
21/06/2025,02:00:00,266.0499,325.8438,124.9875,48.0312,301.775,36.2313,301.25,301.3438,5.9922,5.8266,5.6328,5.7672,-0.7029,-1.8475,12.6646,12.5866
21/06/2025,02:30:00,265.0938,326.9062,123.6,47.6687,302.6,36.15,302.4375,302.4688,5.3531,5.5391,5.65,6.0312,-0.7213,-1.8335,12.5769,12.4924
21/06/2025,03:00:00,266.1562,325.6562,124.0125,47.3562,302.1,36.2125,301.7188,301.75,5.8187,5.7578,5.5656,5.5344,-0.709,-1.826,12.6256,12.546
21/06/2025,03:30:00,265.7312,325.625,124.1375,47.5125,301.9,36.2313,301.3438,301.375,6.0875,5.9328,5.8062,6.0797,-0.6635,-1.7775,12.5574,12.4777
21/06/2025,04:00:00,265.4125,323.6875,124.0375,47.325,301.625,35.9937,300.9375,300.9688,5.7109,5.6828,5.725,6.0187,-0.7134,-1.831,12.4306,12.3477
21/06/2025,04:30:00,264.5625,325.625,124.1625,47.2687,301.875,36.1063,301.0625,301.125,5.8875,5.7906,5.6516,5.8047,-0.6451,-1.781,12.7751,12.6971
21/06/2025,05:00:00,263.9249,323.5312,124.0125,47.4,300.775,35.95,300.3438,300.375,5.6844,5.6234,5.3531,5.925,-0.6652,-1.7815,12.65,12.5671
21/06/2025,05:30:00,264.5625,325.4062,123.9625,47.1375,301.45,35.9875,301.2188,301.3125,5.0797,5.3344,6.0891,6.7047,-0.7427,-1.855,12.598,12.5184
21/06/2025,06:00:00,262.1188,326.125,124.5625,47.2188,302.75,36.1312,302.3125,302.3438,5.6875,5.6437,5.8219,6.1281,-0.7134,-1.843,12.6289,12.5395
21/06/2025,06:30:00,265.0938,319.5312,124.075,48.0562,299.625,36.35,299.8438,299.9062,6,5.9859,5.9266,5.6687,-0.6902,-1.798,12.5899,12.5265
21/06/2025,07:00:00,265.2,319.3125,123.4,48.525,298.575,36.7375,298.9062,298.9688,5.5484,5.5938,5.7375,6.0969,-0.6762,-1.777,12.6776,12.5947
21/06/2025,07:30:00,264.8812,309.25,122.9875,48.85,292.65,37.1063,293.2188,293.3125,5.3922,5.575,5.7562,6.4437,-0.5379,-1.6695,12.715,12.6272
21/06/2025,08:00:00,264.9874,307.6875,121.625,49,291.75,37.2313,290.9688,291,5.6766,5.5812,5.6047,6.0891,-0.7427,-1.868,12.572,12.5086
21/06/2025,08:30:00,264.5625,312.5625,122.7,49.275,293.925,37.4375,292.9062,293,5.7937,5.5047,5.5344,5.7453,-0.7038,-1.8385,12.7719,12.7085
21/06/2025,09:00:00,266.3688,313.625,122.575,49.5062,294.675,37.5438,293.7812,293.8125,5.3937,5.5797,6.0766,6.2937,-0.6823,-1.82,12.6874,12.6061
21/06/2025,09:30:00,265.0938,312.8125,122.55,49.8,294.475,37.8125,293.7188,293.8438,5.6578,5.2547,5.6953,6.0266,-0.7059,-1.8265,12.5557,12.4891
21/06/2025,10:00:00,263.6062,312.5,122.15,49.8375,294.375,37.925,293.9375,294.0312,5.9891,5.6344,5.5437,5.7016,-0.6071,-1.718,12.7296,12.6484
21/06/2025,10:30:00,265.2,313.375,122.025,49.975,294.75,38.075,294.625,294.6875,5.9031,5.3328,5.3141,5.7984,-0.7304,-1.825,12.6191,12.5297
21/06/2025,11:00:00,264.0312,312.9375,121.85,49.9625,294.625,37.9437,294.6562,294.7188,5.6094,5.4812,5.8375,6.2219,-0.6679,-1.779,12.7426,12.6679
21/06/2025,11:30:00,262.5437,312.6562,122.1125,50.3,295.025,38.3438,295.125,295.2188,6.2266,5.9531,5.6484,5.6031,-0.6954,-1.785,12.6939,12.6061
21/06/2025,12:00:00,266.0499,313.4688,121.7875,50.375,295.65,38.2375,296.0625,296.0938,5.5922,5.5859,5.6594,5.8875,-0.7239,-1.8215,12.5492,12.4729
21/06/2025,12:30:00,264.6687,317.2188,121.4875,50.475,296.775,38.2562,297.5625,297.625,5.8516,5.6437,5.7484,5.9406,-0.6429,-1.7505,12.663,12.5996
21/06/2025,13:00:00,264.2438,319.25,123.1875,50.3438,298.475,38.25,299.4375,299.4062,5.7,5.8812,5.7766,5.5016,-0.6828,-1.83,12.6159,12.5362
21/06/2025,13:30:00,265.5187,317.625,121.5625,50.3187,297.025,38.0438,298.2812,298.25,5.5547,5.7219,5.7172,5.4234,-0.6788,-1.8015,12.5736,12.4875
21/06/2025,14:00:00,264.2438,318.1875,121.425,50.0375,297.675,37.75,298.4062,298.4688,5.6859,5.8094,5.8625,5.8125,-0.702,-1.8225,12.6207,12.5541
21/06/2025,14:30:00,266.0499,321.2188,123.3125,50.075,299.525,37.7687,299.8125,299.875,5.7453,5.5875,5.6187,5.9234,-0.7322,-1.882,12.4664,12.39
21/06/2025,15:00:00,264.8812,323.5,122.0375,49.975,300.925,37.6812,301.5938,301.7188,5.8391,5.6594,5.6703,5.6875,-0.6311,-1.759,12.6727,12.5882
21/06/2025,15:30:00,265.0938,323.9688,122.3125,50.3875,301.175,38.3,301.6875,301.7188,5.7719,5.5406,5.5062,5.8469,-0.7221,-1.822,12.5704,12.4891
21/06/2025,16:00:00,263.6062,323.9688,121.7375,50.1937,301,38.375,301.9375,302.0625,5.8531,5.5781,5.5781,5.8453,-0.7094,-1.813,12.4631,12.3949
21/06/2025,16:30:00,264.5625,323.625,121.3875,50.1312,300.725,38.4688,301.6875,301.8125,5.6297,5.4391,5.7031,5.9203,-0.6906,-1.8085,12.6939,12.6094
21/06/2025,17:00:00,264.9874,325.1875,121.725,49.9125,301.5,38.325,302.2812,302.375,5.8828,5.5828,5.4781,5.4156,-0.6775,-1.795,12.6077,12.5281
21/06/2025,17:30:00,301.1124,325.125,121.8375,49.275,300.825,38.0312,303.875,304,5.6906,5.4734,5.625,6.0453,-0.7882,-2.1435,12.7231,12.6646
21/06/2025,18:00:00,262.0125,328.4375,123.3125,49.35,306.625,38.025,306.375,306.4062,5.5062,5.1797,5.5562,5.8422,-0.6889,-1.7435,12.5996,12.5086
21/06/2025,18:30:00,262.9688,325.4062,122.9625,49.2562,303.425,37.8687,304.5,304.5625,5.6422,5.4344,5.6969,5.9297,-0.7304,-1.879,12.6012,12.5882
21/06/2025,19:00:00,264.4562,323.8125,121.5,49.1562,301.075,37.85,302.5,302.5625,5.5516,5.3703,5.5609,5.8391,-0.6613,-1.8355,12.5509,12.468
21/06/2025,19:30:00,264.2438,314.4062,122.25,49.175,296.85,37.8812,298.1562,298.1562,5.7781,5.4797,5.5984,6.0391,-0.6919,-1.8815,12.7751,12.7036
21/06/2025,20:00:00,263.3937,314.5,120.1,49.0187,293.325,37.8563,294.2812,294.3125,5.8406,5.6875,5.8031,6.0625,-0.6915,-1.799,12.6663,12.5882
21/06/2025,20:30:00,310.5687,320.8438,120.2,48.875,298.1,37.4375,299.8438,299.9375,5.0875,4.925,5.45,5.6344,-0.73,-2.0585,12.7247,12.6435
21/06/2025,21:00:00,265.8375,322.5312,127.6625,48.9625,301.625,37.8625,299.8125,299.9375,5.6781,5.3641,5.5781,5.6094,-0.6797,-1.813,12.7345,12.6581
21/06/2025,21:30:00,265.0938,321.625,123.2375,48.8687,298.675,37.6937,299.25,299.2188,5.7375,5.5422,5.5062,5.4969,-0.6574,-1.7555,12.7247,12.6386
21/06/2025,22:00:00,264.0312,317.8125,121.55,48.9,296.075,37.775,296.75,296.7188,5.9062,5.8219,5.6,5.7672,-0.6753,-1.7885,12.5947,12.5216
21/06/2025,22:30:00,264.9874,318.9688,122.425,49.0312,297.25,37.5875,296.8438,296.9062,5.7156,5.4078,5.6734,5.8141,-0.6372,-1.739,12.7979,12.7231
21/06/2025,23:00:00,264.6687,318.8125,122.8375,48.8812,297.275,37.6937,296.7188,296.75,5.7531,5.6125,5.7734,5.8391,-0.6617,-1.7645,12.5623,12.4712
21/06/2025,23:30:00,265.9437,318.7188,122.7375,48.3187,297.65,37.3062,297.0625,297.125,6.0203,5.6266,5.6609,5.5078,-0.7169,-1.8075,12.5216,12.4355
22/06/2025,00:00:00,264.6687,318.8125,123.2875,48.525,297.85,37.1375,296.875,296.9375,5.8625,5.6359,5.4906,5.3875,-0.6994,-1.7915,12.6094,12.5249
22/06/2025,00:30:00,264.775,319.2812,124.5625,48.4312,298.35,36.8375,297.75,297.875,6.0625,5.8703,5.9969,5.7109,-0.5449,-1.7,12.6857,12.598
22/06/2025,01:00:00,266.1562,323.75,123.2875,48.0625,300.5,36.5438,299.9062,300.0312,5.8828,5.7125,5.9062,6.3016,-0.6701,-1.779,12.5184,12.4469
22/06/2025,01:30:00,264.2438,322.0312,123.9875,48.0562,300.55,36.4688,300.0312,300.0625,5.925,5.5344,5.5187,5.7,-0.6565,-1.767,12.5379,12.3786
22/06/2025,02:00:00,265.7312,322.4375,123.725,48.0562,300.525,36.225,299.875,300,5.7984,5.7406,5.7531,5.7734,-0.6937,-1.8015,12.6841,12.5915
22/06/2025,02:30:00,265.0938,321.9062,124.125,47.9437,300.75,36.025,299.8125,299.875,5.7609,5.5812,5.7125,5.9562,-0.6814,-1.8045,12.6646,12.5769
22/06/2025,03:00:00,264.775,323.375,124.1875,47.8062,300.95,36.1688,299.6875,299.75,5.6937,5.7969,5.7266,6.1828,-0.7121,-1.817,12.3851,12.3185
22/06/2025,03:30:00,266.2625,326.625,124.25,47.275,303.4,36.0562,302.7812,302.875,5.5687,5.3531,5.4922,6.0359,-0.6683,-1.7905,12.7329,12.6484
22/06/2025,04:00:00,264.5625,326.6562,124.2375,47.4875,303.775,35.8563,302.875,302.9062,6.0422,5.7719,5.6391,5.9016,-0.702,-1.83,12.6516,12.5688
22/06/2025,04:30:00,264.8812,326.2812,124.1625,47.4125,303.325,36.0312,302.625,302.7188,5.3734,5.4547,5.7625,6.2266,-0.681,-1.7955,12.4599,12.3916
22/06/2025,05:00:00,265.3063,327.9375,124.55,47.35,304,35.9375,303.1875,303.25,5.75,5.6687,5.7062,6.0594,-0.6801,-1.812,12.6597,12.572
22/06/2025,05:30:00,266.2625,328.5938,124.6125,47.3875,304.625,35.9375,303.9062,304,5.6062,6.0078,6.1469,6.2922,-0.737,-1.8785,12.5752,12.4989
22/06/2025,06:00:00,266.2625,327.9688,123.675,47.6437,303.4,36.0125,303.4375,303.5312,5.7937,5.6875,5.4062,5.4437,-0.6968,-1.846,12.4875,12.4046
22/06/2025,06:30:00,265.3063,329.75,123.7875,48.35,304.2,36.675,304.2812,304.375,5.8281,5.6516,5.5891,5.4437,-0.6779,-1.7935,12.6987,12.6094
22/06/2025,07:00:00,263.5,317.9688,123.2375,48.9062,299.025,37.1625,299.9688,299.9688,5.7594,5.4891,5.5031,6.0859,-0.6114,-1.7195,12.572,12.481
22/06/2025,07:30:00,265.0938,316.9375,122.9125,49.0375,297.9,37.2313,298.7812,298.8125,5.9625,5.7578,5.9141,5.9375,-0.5856,-1.7025,12.6581,12.5899
22/06/2025,08:00:00,261.1625,304.3438,121.675,49.1937,290.575,37.4,291.0312,291.0938,5.6656,5.5687,5.7328,6.2094,-0.6565,-1.7845,12.6272,12.5525
22/06/2025,08:30:00,264.5625,304.5312,121.1875,49.3875,290.3,37.7812,289.0312,289.0625,5.5453,5.6391,5.7844,6.2312,-0.6617,-1.774,12.4989,12.4322
22/06/2025,09:00:00,264.6687,304.2812,122.4,49.6437,290.475,38.0312,288.5938,288.6562,5.8,5.4578,5.6,5.7172,-0.6093,-1.73,12.7654,12.6809
22/06/2025,09:30:00,265.625,304.7812,122.2125,49.9875,290.675,38.3312,288.9375,289.0312,5.6562,5.6328,5.7031,6,-0.6714,-1.7745,12.6321,12.559
22/06/2025,10:00:00,265.8375,305.2812,121.9125,50,291.025,38.2687,289.5,289.625,5.6391,5.3812,5.4141,5.5437,-0.7029,-1.745,12.5525,12.4891
22/06/2025,10:30:00,264.2438,306.0938,121.95,49.9375,291.55,38.1812,290.25,290.2812,5.8609,5.7656,5.7594,5.8203,-0.6863,-1.772,12.7654,12.689
22/06/2025,11:00:00,265.3063,307.2188,122.35,50.35,292.05,38.4937,291,291.0938,5.7719,5.6719,5.6719,5.7094,-0.7283,-1.811,12.572,12.5005
22/06/2025,11:30:00,265.3063,308,121.5625,50.0562,292.4,38.3812,291.625,291.75,5.7906,5.6266,5.5219,5.5281,-0.7549,-1.824,12.6419,12.5606
22/06/2025,12:00:00,264.35,308.25,121.9625,50.1375,293.025,38.2875,292.2812,292.3125,5.8484,5.6234,5.6359,5.5516,-0.6552,-1.7315,12.7101,12.6354
22/06/2025,12:30:00,264.5625,308.6875,121.975,50.1562,293.3,38.1312,292.6562,292.7812,6.0484,5.6422,5.6625,5.5187,-0.6456,-1.744,12.6727,12.5947
22/06/2025,13:00:00,264.5625,310.4375,121.8625,50.0812,293.775,37.9813,293.75,293.875,5.2969,5.5,5.6641,6.0797,-0.7077,-1.788,12.4631,12.3737
22/06/2025,13:30:00,265.625,312.5938,122.0375,50.2312,294.825,38.1063,294.8125,294.9062,5.9297,5.7906,5.7828,5.5,-0.6906,-1.8075,12.7264,12.6419
22/06/2025,14:00:00,264.9874,311.8438,121.7125,50.5,294.9,38.3,295.4062,295.4375,5.8109,5.6984,5.7453,5.775,-0.6976,-1.8005,12.5297,12.4485
22/06/2025,14:30:00,265.5187,311.875,121.7125,50.3062,295.475,38.1937,295.8438,295.875,5.6562,5.5953,5.7172,5.8547,-0.6836,-1.803,12.6256,12.5492
22/06/2025,15:00:00,264.775,311.6562,121.775,50.175,295.775,38.075,296,296.125,5.5859,5.7422,5.7922,5.7969,-0.7156,-1.8095,12.4907,12.4322
22/06/2025,15:30:00,265.5187,315.3438,123.2125,50.3438,297.15,38.2375,297.9375,298,5.7281,5.8156,6.0766,5.9875,-0.6941,-1.8365,12.6744,12.6061
22/06/2025,16:00:00,265.7312,321.0625,123.7875,50.5062,299.025,38.4062,300.6562,300.75,5.7969,5.8047,6.0422,6.3578,-0.7414,-1.8515,12.52,12.4452
22/06/2025,16:30:00,264.5625,321.75,121.5375,50.375,299.275,38.2313,301.0938,301.1562,6.0578,5.8016,5.6578,5.7328,-0.6788,-1.7875,12.5021,12.4225
22/06/2025,17:00:00,264.2438,321.7812,121.4125,50.4187,299.275,38.35,300.9375,301,5.5469,5.4609,5.7734,6.1703,-0.6946,-1.798,12.6175,12.5509
22/06/2025,17:30:00,265.3063,320.7812,121.4375,50.5375,298.9,38.45,300.3438,300.4375,6.0812,6.0797,5.5484,5.425,-0.653,-1.7555,12.585,12.5005
22/06/2025,18:00:00,264.775,321.2812,121.55,50.5125,299.225,38.4312,300.7812,300.9062,5.8594,5.8031,5.7141,5.6172,-0.6753,-1.773,12.6077,12.5444
22/06/2025,18:30:00,265.0938,321.2188,121.5375,50.175,299.15,38.6625,300.8125,300.9062,5.8734,5.7203,5.5297,5.5281,-0.6836,-1.7665,12.5444,12.4517
22/06/2025,19:00:00,264.8812,320.875,121.6375,50.0687,299.325,38.6312,301,301.0312,5.4781,5.2156,5.4719,6.0687,-0.6246,-1.757,12.728,12.6386
22/06/2025,19:30:00,265.3063,317.0312,121.4,49.925,297.3,38.6875,299.125,299.1562,5.3062,5.3609,5.9047,6.2687,-0.6871,-1.839,12.6159,12.5281
22/06/2025,20:00:00,265.2,311.75,122.5625,50.5312,294.9,38.9937,296.4062,296.4688,5.7281,5.5766,5.7828,6.1281,-0.6889,-1.8045,12.4761,12.403
22/06/2025,20:30:00,264.9874,312.1875,119.0875,50.4562,292.1,38.7812,293.7812,293.8438,5.8687,5.7219,5.8422,6.0078,-0.5791,-1.6685,12.7475,12.6922
22/06/2025,21:00:00,264.775,313.0625,121.1,49.75,293.525,38.35,293.8125,293.8125,5.8219,5.7891,5.8391,5.9641,-0.7003,-1.775,12.5931,12.5168
22/06/2025,21:30:00,265.3063,312.9375,121.9875,49.4625,294.025,38.0812,293.7188,293.7188,5.2188,5.4578,5.6719,6.2687,-0.6617,-1.747,12.6159,12.5444
22/06/2025,22:00:00,264.4562,313.3438,122.3125,49.075,294.525,37.9562,294.1562,294.1875,5.8844,5.8484,5.7797,5.6812,-0.6727,-1.7745,12.702,12.6143
22/06/2025,22:30:00,265.2,313.625,122.65,49.0437,295.25,37.9937,294.4062,294.4375,5.8078,5.7266,5.7578,6.1937,-0.6547,-1.745,12.5688,12.4826
22/06/2025,23:00:00,265.5187,314.9688,122.4875,48.8375,295.7,37.7625,295.0625,295.1875,5.4984,5.4328,5.5922,5.5234,-0.6933,-1.791,12.5947,12.5119
22/06/2025,23:30:00,265.2,315.9375,122.8375,48.8062,296.55,37.475,296.0625,296.1562,5.3297,5.2141,5.6,6.1781,-0.6801,-1.778,12.715,12.6272
23/06/2025,00:00:00,263.9249,315.6875,123,49.2188,296.85,37.4875,296.125,296.1875,5.6453,5.4875,5.8391,6.0719,-0.6329,-1.739,12.5411,12.4583
23/06/2025,00:30:00,265.5187,315.5625,122.675,49.0562,296.925,37.45,296.4062,296.4688,5.8656,5.5828,5.6594,6.0391,-0.6828,-1.7745,12.6029,12.52
23/06/2025,01:00:00,266.0499,315.3438,123.875,49.0625,297.25,37.1375,296.7812,296.8438,5.8187,5.7656,5.8219,5.95,-0.7156,-1.851,12.7345,12.6435
23/06/2025,01:30:00,267.325,324.0625,123.6875,48.6062,300.125,36.6625,299.9375,300.0625,6.0203,5.9531,5.6375,5.5687,-0.6797,-1.8075,12.6419,12.5769
23/06/2025,02:00:00,262.9688,323.1875,124.25,48.7875,301.4,36.6688,300.9062,300.9688,5.9547,5.6719,5.7516,5.7172,-0.7283,-1.837,12.4712,12.3916
23/06/2025,02:30:00,265.0938,325.625,125.1,48.8687,301.5,36.9,301.7188,301.75,5.9031,5.6328,5.6516,5.8422,-0.6359,-1.741,12.702,12.6224
23/06/2025,03:00:00,265.5187,325.5312,121.6875,48.7937,300.55,36.8375,301,301.0938,5.5797,5.3,5.4094,5.8297,-0.6814,-1.773,12.624,12.533
23/06/2025,03:30:00,265.4125,323.0625,123.05,48.6687,300.3,36.85,299.9375,300.0312,5.3609,5.5875,5.8359,6.0437,-0.6876,-1.7795,12.7101,12.624
23/06/2025,04:00:00,264.8812,323.5938,123.2875,48.725,300.275,36.85,300.0625,300.125,5.8719,5.7188,5.5734,5.8453,-0.6407,-1.76,12.6419,12.5704
23/06/2025,04:30:00,264.9874,324.4375,123.1875,48.7062,300.475,36.7938,300.25,300.25,5.6406,5.5516,5.6281,6.2437,-0.667,-1.7695,12.6207,12.5427
23/06/2025,05:00:00,264.2438,324.1875,123.1875,48.6937,300.525,36.7938,300.375,300.4688,5.9734,5.7453,5.6391,5.6531,-0.6228,-1.7375,12.715,12.6337
23/06/2025,05:30:00,265.8375,325.4688,123.4625,48.9437,301.275,37.1937,301.8125,301.9375,5.7734,5.5125,5.7281,5.9703,-0.6989,-1.8195,12.5736,12.4875
23/06/2025,06:00:00,267.5375,328.0625,123.625,48.7875,303.65,37.4562,304.5312,304.5938,5.6328,5.7437,5.5578,5.1141,-0.7436,-1.866,12.6581,12.5752
23/06/2025,06:30:00,266.475,331.7812,123.3875,49.05,306.625,37.5375,307.5625,307.6562,5.4266,5.4609,5.5547,5.9109,-0.6766,-1.805,12.6532,12.5736
23/06/2025,07:00:00,267.9625,334.2812,123.475,49.2312,308.325,37.3875,310.0625,310.125,5.8391,6.05,5.8109,5.8734,-0.5747,-1.7375,12.5525,12.4745
23/06/2025,07:30:00,266.1562,333.0312,122.5375,49.4,307.475,37.4437,309.5625,309.6562,5.5406,5.9547,5.5844,5.4266,-0.6981,-1.8355,12.6207,12.5444
23/06/2025,08:00:00,268.0687,333.2188,122.1375,49.6375,307.4,37.4688,309.2812,309.3125,5.3984,5.5469,5.8953,5.9187,-0.6517,-1.7805,12.5151,12.4339
23/06/2025,08:30:00,268.0687,333.9688,122.525,49.6375,308,37.4625,309.9062,309.9375,5.4031,5.7125,5.5109,5.4156,-0.6919,-1.8475,12.6143,12.52
23/06/2025,09:00:00,267.2188,334.625,122.5625,49.6687,308.425,37.4375,310.4062,310.5,5.4125,5.7203,5.6109,5.6109,-0.6753,-1.833,12.5834,12.4956
23/06/2025,09:30:00,267.0062,335.1875,122.5625,49.6375,309.025,37.35,311.1562,311.25,5.4812,5.5938,5.5984,5.5797,-0.7304,-1.885,12.5086,12.4274
23/06/2025,10:00:00,267.4313,335.8125,122.675,50.0062,309.45,37.775,311.6875,311.7812,5.4109,5.8812,5.6219,5.5844,-0.6394,-1.7845,12.6402,12.5541
23/06/2025,10:30:00,320.7687,338.4062,121.9875,50.0312,308,37.7562,312.6875,312.875,5.5156,5.3187,5.8,5.8469,-0.7597,-2.2895,12.5671,12.4664
23/06/2025,11:00:00,323.3187,344.3125,127.5625,49.1,316.725,37.6812,321.0312,321.1562,5.3,5.2,5.0703,5.4953,-0.7729,-2.2605,12.7865,12.6597
23/06/2025,11:30:00,255.4249,338.2812,122.075,50.5312,311.925,38.2062,315.625,315.7812,5.1484,5.0969,5.55,5.8453,-0.6775,-1.6975,12.5964,12.5184
23/06/2025,12:00:00,267.75,340.3438,118.825,50.2562,309.5,37.9625,313.3438,313.4375,5.5047,5.4937,5.6672,5.8797,-0.7221,-1.81,12.4241,12.3201
23/06/2025,12:30:00,267.9625,341.7812,120.0875,50.4187,310.775,38.1125,314.2188,314.25,5.5062,5.5203,5.6016,5.8516,-0.7182,-1.846,12.6663,12.5882
23/06/2025,13:00:00,266.475,341.25,121.025,50.425,310.55,38.05,313.7188,313.8125,5.175,5.0125,6.1453,6.225,-0.7099,-1.8275,12.5769,12.494
23/06/2025,13:30:00,267.75,342.0625,121.7625,50.2812,311.275,37.9375,314.3125,314.375,5.5078,5.3344,5.9375,6.2156,-0.7689,-1.904,12.4599,12.3949
23/06/2025,14:00:00,268.0687,343.375,122.325,50.5437,312.75,38.025,316,316.0625,5.1172,5.0734,6.1641,6.1328,-0.6744,-1.811,12.6695,12.5947
23/06/2025,14:30:00,267.75,344.2812,121.775,50.0938,313.525,37.7,316.5312,316.625,5.35,5.0938,6.0422,6.2125,-0.7904,-1.926,12.5801,12.494
23/06/2025,15:00:00,267.5375,344.25,122,50.2875,313.875,37.8125,317,317.0312,5.5594,5.2797,5.8031,6.3625,-0.681,-1.8075,12.4355,12.3461
23/06/2025,15:30:00,268.2812,345.0625,122.3,50.5687,314.275,38.0562,317.375,317.4375,5.425,5.2437,6.1078,6.4625,-0.6202,-1.7575,12.6727,12.5899
23/06/2025,16:00:00,295.1625,343.8438,122.05,50.8187,312.275,38.5812,316.4062,316.5,5.3266,5.4109,5.7953,6.2844,-0.7913,-2.124,12.7052,12.6191
23/06/2025,16:30:00,296.0125,351.5,120.55,50.7375,315.75,38.8875,320.8438,320.9688,5.1656,5.0812,5.7453,6.1547,-0.7562,-2.0335,12.5444,12.5184
23/06/2025,17:00:00,259.25,345.7188,121.9375,50.8312,315.525,39.1375,318.8438,318.875,5.2375,5.1375,5.7062,5.8859,-0.6106,-1.769,12.6532,12.5882
23/06/2025,17:30:00,279.8624,341.9688,121.4125,50.7312,312.025,39.1312,315.5938,315.625,4.8953,4.6953,5.3266,5.9812,-0.6941,-1.9385,12.6841,12.5996
23/06/2025,18:00:00,437.75,349.2812,118.5625,50.625,310.35,38.525,320.7188,320.875,4.4187,4.5297,4.3375,4.8625,-1.0441,-3.665,13.5535,13.4414
23/06/2025,18:30:00,609.875,382.9062,127,49.6187,330.55,38.1688,346.8438,346.8438,3.0625,3.425,3.8156,3.5172,-1.4147,-4.844,14.2262,14.1076
23/06/2025,19:00:00,606.1562,405.4688,137.6875,48.8375,355.875,37.9937,369,369.0938,2.4891,2.4641,3.2531,3.8031,-1.1395,-4.3035,13.7225,13.6039
23/06/2025,19:30:00,462.825,378.1562,137.5375,49.1312,348.425,38.1625,356.0312,355.8438,3.2547,3.6797,4.2609,4.2719,-0.9387,-2.98,12.91,12.8011
23/06/2025,20:00:00,434.4562,364.5938,132.55,48.8062,334.675,38.0062,341.9062,341.9688,3.3547,3.8328,4.5078,4.6453,-0.8503,-2.783,13.0595,12.8937
23/06/2025,20:30:00,611.15,360.7812,126.9,48.5312,322.125,37.6437,335.25,335.3125,2.8641,2.9328,3.2203,3.7312,-1.3167,-4.586,14.5724,14.4456
23/06/2025,21:00:00,630.8063,375.0625,132.225,48.5437,335.9,37.4375,349,349.0312,2.6469,3.1172,3.2609,3.6297,-1.2371,-4.2545,13.7192,13.6071
23/06/2025,21:30:00,658.8562,365.1875,127.925,48.425,325.05,37.1875,339.2812,339.3438,2.5547,2.8766,3.4234,2.6109,-1.3928,-4.7395,14.4034,14.2734
23/06/2025,22:00:00,647.275,358.9062,129.2375,48.6562,325.975,37.0875,338.25,338.25,2.6719,2.8172,3.1578,3.3828,-1.3206,-4.33,13.8574,13.7387
23/06/2025,22:30:00,536.5625,346.875,122.6875,48.4437,315.975,37.175,326.375,326.4062,3.0516,2.9609,3.5141,4.1922,-1.0852,-3.446,13.2708,13.1424
23/06/2025,23:00:00,660.875,350.2812,121.4875,48.6187,314.6,36.8875,328.1562,328.2812,2.7406,2.8062,2.7625,3.2312,-1.3692,-4.5905,14.5285,14.3985
23/06/2025,23:30:00,660.45,360.5312,124.8125,48.5812,323.7,36.725,337.3125,337.4062,2.7281,2.8922,3.0047,3.2969,-1.2992,-4.426,14.1856,14.0556
24/06/2025,00:00:00,659.7063,362.375,125.6375,48.45,325.75,36.4188,339.4688,339.5938,2.5094,2.7297,3.2125,3.4828,-1.3057,-4.42,14.132,14.015
24/06/2025,00:30:00,459.6375,350.5,127.1375,48.5562,323.45,36.85,330.8125,330.7812,3.3641,3.9328,4.525,4.4937,-0.9273,-2.9075,13.2106,13.0855
24/06/2025,01:00:00,432.65,338.4375,123.6625,48.6,311.925,36.7,319,319.0625,4.0031,3.8172,4.2031,5.1547,-0.9877,-2.831,12.9734,12.8629
24/06/2025,01:30:00,263.9249,316.5312,126.9875,49.2875,301.025,37.225,299.8125,299.875,5.3,5.1672,5.2359,5.7578,-0.7562,-1.7885,12.4712,12.3949
24/06/2025,02:00:00,265.0938,309.7188,121.075,49.3125,292.25,37.425,291.4375,291.4062,5.7125,5.4109,5.5484,6.1297,-0.5852,-1.69,12.78,12.6841
24/06/2025,02:30:00,266.9,307.1562,121.675,49.3812,290.375,37.6063,288.625,288.625,5.7125,5.6844,6.0406,6.6734,-0.7361,-1.8595,12.6744,12.5996
24/06/2025,03:00:00,265.2,306.8125,122.2625,49.4375,290.375,37.4937,288.125,288.1562,5.6375,5.4812,5.5047,6.3625,-0.7256,-1.8525,12.6126,12.546
24/06/2025,03:30:00,265.0938,305.9062,121.7375,50.6937,289.475,39.0687,287.6562,287.75,5.6344,5.6437,5.7281,6.4297,-0.6495,-1.766,12.7442,12.6646
24/06/2025,04:00:00,265.5187,306.0938,121.05,50.5812,289.475,39.1625,288.0938,288.0938,5.7078,5.6109,5.6344,6.2547,-0.6933,-1.8105,12.7052,12.6256
24/06/2025,04:30:00,265.5187,306.5,121.225,50.7062,289.775,39.075,288.3125,288.375,5.7734,5.5953,5.7359,6.3562,-0.7309,-1.8325,12.5752,12.4729
24/06/2025,05:00:00,264.0312,306.875,121.2125,50.4312,290.075,38.9,288.6875,288.7812,5.65,5.6547,5.7078,6.3391,-0.6613,-1.731,12.585,12.5021
24/06/2025,05:30:00,265.5187,307.4688,121.55,50.425,290.65,38.5625,289.125,289.2188,5.7203,5.6672,5.6953,6.5391,-0.6324,-1.749,12.741,12.6955
24/06/2025,06:00:00,264.6687,307.125,121.55,50.8125,290.65,39.225,289.2812,289.375,5.7062,5.5531,5.6859,6.3703,-0.6806,-1.7685,12.6744,12.5834
24/06/2025,06:30:00,264.4562,307.9688,121.0125,50.5875,291,38.825,289.9375,290.0312,5.7531,5.5562,5.4688,6.3438,-0.7221,-1.809,12.481,12.3949
24/06/2025,07:00:00,265.2,310.25,121.25,51.4688,292.15,39.6812,291.75,291.8125,5.6984,5.7375,5.7266,6.3453,-0.6211,-1.7,12.6971,12.6126
24/06/2025,07:30:00,263.8187,312.625,120.3625,51.6187,292.7,40.3312,293.4062,293.5,5.4422,5.525,5.8453,6.8266,-0.6898,-1.811,12.5655,12.4875
24/06/2025,08:00:00,265.4125,313.5,120.2125,52.0562,293.175,40.6937,294.375,294.4688,5.8125,5.7531,5.5797,6.1969,-0.723,-1.8525,12.6012,12.5314
24/06/2025,08:30:00,264.5625,312.9375,119.7125,52.1625,293.15,40.8062,294.875,294.9688,5.5484,5.6437,5.5562,6.3719,-0.6902,-1.792,12.7345,12.6532
24/06/2025,09:00:00,264.9874,312.9375,119.55,52.3687,293.3,40.9437,295.2188,295.2188,5.7656,5.8406,5.7937,6.4141,-0.6438,-1.733,12.5395,12.4648
24/06/2025,09:30:00,264.6687,313.125,119.3625,52.5187,293.225,41.0312,295.2188,295.2812,5.6047,5.4969,5.4875,6.3516,-0.6902,-1.7825,12.4972,12.4111
24/06/2025,10:00:00,264.8812,313.4062,119.25,52.5562,293.575,41.0187,295.8438,295.9062,5.5906,5.5328,5.6812,6.4844,-0.6302,-1.708,12.7134,12.6354
24/06/2025,10:30:00,264.8812,314,119.35,52.9437,293.6,41.4062,295.875,296,5.7016,5.7828,5.9656,6.4203,-0.6836,-1.7575,12.6467,12.559
24/06/2025,11:00:00,260.3125,313.1875,118.95,53.5562,293.225,41.8875,296,296.0312,5.7344,5.6984,5.5984,6.2687,-0.6963,-1.7745,12.5362,12.4339
24/06/2025,11:30:00,260.6312,313.7812,118.5375,52.95,293.3,40.9125,296.4062,296.375,5.7109,5.6641,5.9094,6.6766,-0.6609,-1.7345,12.6809,12.6061
24/06/2025,12:00:00,265.0938,313.7188,118.85,52.9187,293.575,40.9562,296.2812,296.3438,5.7125,5.6844,5.5547,6.2328,-0.7143,-1.8105,12.585,12.5086
24/06/2025,12:30:00,266.2625,313.4688,119.475,51.4375,294.4,39.3375,295.875,295.9375,5.6344,5.5953,5.8031,6.6656,-0.6946,-1.806,12.6532,12.5736
24/06/2025,13:00:00,264.4562,313.8438,120.8375,50.3687,295.325,38.3062,295.7812,295.8438,5.4891,5.6531,5.8484,6.3984,-0.6508,-1.758,12.5736,12.4826
24/06/2025,13:30:00,264.6687,315.8438,121.9375,50.15,298.175,37.975,297.5312,297.5625,5.6891,5.5328,5.6391,6.0812,-0.6832,-1.7655,12.6289,12.5314
24/06/2025,14:00:00,264.35,315.7188,122.15,50.175,296.825,37.9,296.5625,296.625,5.4953,5.4391,5.6219,6.2953,-0.6438,-1.74,12.7215,12.6663
24/06/2025,14:30:00,264.9874,314.875,121.95,50.0062,296.65,37.7,296.2188,296.25,5.6172,5.7266,5.6937,6.4422,-0.6941,-1.7995,12.6955,12.6143
24/06/2025,15:00:00,268.0687,314.9375,121.8625,50.7,296.925,38.3563,296.9062,297.0625,5.5766,5.5062,5.5375,5.9578,-0.7934,-1.888,12.5086,12.4274
24/06/2025,15:30:00,266.1562,315.0938,121.65,50.5875,297.2,38.5062,297.4062,297.5,5.9062,5.7656,5.7219,6.4609,-0.6285,-1.726,12.7832,12.6939
24/06/2025,16:00:00,380.7999,335.5938,117.5625,50.5812,307,38.1063,313.4375,313.4688,4.2891,4.3687,4.5969,5.6641,-0.9343,-2.647,13.2626,13.1733
24/06/2025,16:30:00,595.1062,365.5312,123.3875,49.9375,322.45,37.7562,337.0625,337.3438,3.0328,3.2391,3.2203,3.675,-1.2843,-4.5995,14.9981,14.86
24/06/2025,17:00:00,605.7312,397.1875,134.7625,49.7687,349.575,38.4688,363.6562,363.7188,2.7984,2.6484,3.5641,3.8641,-1.3311,-4.185,13.3504,13.2577
24/06/2025,17:30:00,430.2062,366.9688,133.3625,49.7687,337.675,38.8187,344.6875,344.7812,3.4828,3.7094,4.5953,4.6484,-0.933,-2.712,12.9522,12.7995
24/06/2025,18:00:00,486.3063,357.6562,127.55,49.7188,324.225,38.6187,334.0938,334.3125,3.5594,3.5719,4.0375,4.3312,-0.9264,-3.2225,13.0969,12.9912
24/06/2025,18:30:00,484.075,359.8438,125.95,50.0125,325.525,38.6937,335.4375,335.5625,3.0203,3.6156,4.0609,4.0906,-0.9662,-3.0255,13.1505,13.0205
24/06/2025,19:00:00,600.525,379.0625,130.1875,49.8375,337.85,38.6437,350.7188,350.7812,2.4141,2.9703,3.2578,3.6516,-1.0756,-3.749,13.612,13.4917
24/06/2025,19:30:00,534.225,369.0938,130.1,49.3375,333.125,37.7125,344.0938,344.125,2.7844,3.1766,3.5953,4.1625,-1.01,-3.378,13.0693,12.9441
24/06/2025,20:00:00,559.6188,362.9375,128.25,48.5938,330.925,36.7188,341.0625,341.125,3.0141,3.1625,3.4453,4.2781,-1.0314,-3.7285,13.9581,13.8427
24/06/2025,20:30:00,660.2375,382.6875,130.0625,48.4125,339.85,36.4312,354.3125,354.4062,2.4266,2.5719,2.625,3.2594,-1.3036,-4.4545,13.9776,13.8363
24/06/2025,21:00:00,661.1937,382.375,132.6,48.4437,341.975,36.5062,356.0625,356.0938,2.3687,2.7484,2.9953,3.3687,-1.3548,-4.5335,13.8395,13.716
24/06/2025,21:30:00,660.1312,383.1875,132.6125,48.4875,341.75,36.6437,356,356,2.3297,2.5531,3.0391,3.2953,-1.2734,-4.4,13.9549,13.8363
24/06/2025,22:00:00,599.8875,374.125,131.9,48.2687,338.25,36.7687,349.4688,349.5312,2.35,2.9781,3.4594,3.7344,-1.3101,-4.096,13.5226,13.4154
24/06/2025,22:30:00,559.725,374.8125,130.225,48.2375,336.6,36.4062,347.5625,347.6562,2.7016,3.1437,3.5547,3.8,-1.1369,-3.6495,13.131,12.9912
24/06/2025,23:00:00,429.25,357.0625,129.125,48.025,330.95,36.65,337.1875,337.3125,4.0109,3.7062,4.0047,4.8562,-0.8853,-2.6745,12.7914,12.6711
24/06/2025,23:30:00,305.6813,346.7188,123.9375,48.65,322.55,36.3875,326.375,326.4688,5.0266,5.0484,5.0828,5.6234,-0.7908,-1.881,12.455,12.3737
25/06/2025,00:00:00,264.6687,325.25,125.675,48.6625,305.8,36.8187,306.5625,306.625,5.5437,5.4328,5.2125,5.7562,-0.6578,-1.7235,12.5135,12.4274
25/06/2025,00:30:00,264.2438,326.6562,121.8,48.0687,303.125,36.8125,304.125,304.1875,5.0172,5.0125,5.9672,6.2703,-0.6758,-1.761,12.6224,12.5736
25/06/2025,01:00:00,264.6687,324.5,122.725,48.6,301.425,36.6562,302.125,302.1875,5.6141,5.4734,6.0516,6.5031,-0.6482,-1.745,12.6776,12.5915
25/06/2025,01:30:00,264.5625,322.5312,122.8375,48.7062,300.125,36.6812,300.6875,300.7812,5.3,5.1687,5.6328,6.4688,-0.6771,-1.7785,12.4989,12.4111
25/06/2025,02:00:00,264.775,321.3125,123.3,48.7562,299.8,36.825,300.0625,300.0938,5.3328,5.2812,5.775,6.3141,-0.6233,-1.7385,12.6614,12.5882
25/06/2025,02:30:00,264.2438,320.5938,123.0125,48.7375,299,36.825,299.4375,299.5,5.4875,5.4719,5.8672,6.4781,-0.7178,-1.8285,12.7069,12.624
25/06/2025,03:00:00,263.1813,320.0938,123.0125,48.8687,299,36.95,299.125,299.1875,5.2969,5.3922,5.6,6.4281,-0.6946,-1.767,12.533,12.468
25/06/2025,03:30:00,263.6062,318.9688,123.2375,48.775,298.625,36.9312,298.0625,298.0938,5.7844,5.5469,5.7203,6.3687,-0.6547,-1.773,12.7459,12.6695
25/06/2025,04:00:00,263.7125,322.2188,123.3125,48.9875,299.775,37.0875,298.625,298.7188,5.5531,5.5984,5.7656,6.2672,-0.6898,-1.8005,12.6484,12.5655
25/06/2025,04:30:00,264.35,320.8438,123.0375,49.0812,299.825,37.1312,298.8438,298.9688,5.65,5.3859,5.4031,5.9672,-0.7151,-1.832,12.6207,12.5476
25/06/2025,05:00:00,263.5,327.9375,123.125,48.8875,303.25,36.975,302.4375,302.5625,5.7141,5.6375,5.4609,6.0453,-0.7287,-1.83,12.7719,12.6906
25/06/2025,05:30:00,264.2438,327.5312,123.15,48.8875,302.65,36.975,302.2812,302.3438,5.5812,5.6297,5.7188,5.8937,-0.7094,-1.7935,12.6126,12.533
25/06/2025,06:00:00,264.0312,326.7812,122.475,48.7562,302.025,37.0125,301.9688,302.125,5.7234,5.5859,5.4516,5.8797,-0.7208,-1.819,12.6029,12.5265
25/06/2025,06:30:00,264.0312,316.6562,123.7875,49.225,296.925,37.2687,296.9688,297.0312,5.5375,5.5047,5.4812,5.9156,-0.66,-1.7285,12.6354,12.5476
25/06/2025,07:00:00,263.9249,315.125,121.125,49.2937,295.225,37.4562,294.6562,294.7188,5.5781,5.7156,5.55,5.8844,-0.6491,-1.709,12.546,12.4712
25/06/2025,07:30:00,264.0312,314.375,122.6875,49.4062,295.275,37.5312,294.3125,294.4375,5.6547,5.4562,5.3109,5.7922,-0.7055,-1.8335,12.5509,12.4648
25/06/2025,08:00:00,264.0312,310.6562,121.5875,49.575,293.45,37.7313,292.5625,292.5938,5.6,5.5547,5.4875,6.1234,-0.7269,-1.8045,12.6744,12.5899
25/06/2025,08:30:00,263.8187,309.625,122.0375,49.8625,292.875,38.025,291.625,291.6875,5.7891,5.7188,5.5312,5.7469,-0.6989,-1.779,12.65,12.5736
25/06/2025,09:00:00,264.4562,310.3125,121.8625,49.8562,293.025,37.95,291.8125,291.9062,5.7641,5.7406,5.7062,6.0547,-0.6933,-1.8035,12.4517,12.3737
25/06/2025,09:30:00,259.1437,310.125,122.15,50.8312,293.05,38.8125,292.0938,292.1875,5.8203,5.6875,5.6984,5.8219,-0.6766,-1.7795,12.754,12.6597
25/06/2025,10:00:00,264.2438,311.2188,121.225,51.3375,292.85,39.4,292.625,292.7188,5.725,5.525,5.5016,5.8375,-0.7108,-1.8,12.5623,12.5492
25/06/2025,10:30:00,264.2438,305.9688,120.1125,50.9187,290.75,38.9625,290.8125,290.9062,5.4969,5.5703,5.7031,6.2734,-0.6298,-1.723,12.7751,12.6922
25/06/2025,11:00:00,260.7374,309.4062,121.55,50.8125,292.225,38.8312,292.1875,292.25,5.5844,5.3906,5.5984,6.2234,-0.6071,-1.691,12.5752,12.5005
25/06/2025,11:30:00,257.975,309.2812,120.9,51.1062,292.625,38.9625,292.5312,292.5,5.7047,5.7687,5.7109,5.9109,-0.7199,-1.75,12.5427,12.4648
25/06/2025,12:00:00,264.6687,310.5938,120.8125,50.9812,292.95,38.95,293.3438,293.375,5.3312,5.3109,5.4578,6.4266,-0.6849,-1.7675,12.7914,12.7004
25/06/2025,12:30:00,264.35,310.4375,120.7875,51.4312,293.275,39.525,293.6562,293.6875,5.2687,5.4172,5.4688,6.2578,-0.6442,-1.73,12.6159,12.5427
25/06/2025,13:00:00,263.8187,310.0938,121.0875,49.9688,293.625,38.5125,293.3438,293.4375,5.725,5.6594,5.6984,6.25,-0.6836,-1.8165,12.6012,12.5119
25/06/2025,13:30:00,430.4187,329.8438,117.1625,45.3687,304.575,34.0625,312.4688,312.625,4.1297,4.1344,4.1437,4.9094,-0.954,-2.8695,13.2074,13.0985
25/06/2025,14:00:00,502.0312,356.2188,120.2,45.95,321.225,34.7437,332.25,332.3438,2.8656,3.7859,4.2953,4.3047,-0.9934,-3.21,13.43,13.3309
25/06/2025,14:30:00,499.375,360.2812,123.3125,46.2125,325.475,35,336.9062,336.9688,2.9797,3.4344,3.9844,4.4828,-0.996,-3.203,13.3065,13.1765
25/06/2025,15:00:00,429.6749,356.5312,127.625,46.5875,326.875,35.6937,334.5312,334.5312,4.6203,4.2062,4.6703,5.1937,-0.891,-2.739,13.1716,13.0627
25/06/2025,15:30:00,434.4562,344.8125,121.85,46.3438,317.725,34.9813,326.5625,326.625,3.7906,3.1437,3.4453,4.7516,-0.8682,-2.6865,13.1424,13.0335
25/06/2025,16:00:00,659.3875,367.1875,124.125,46.75,329.125,34.5,343.5938,343.6875,2.3703,2.1297,2.3641,3.1203,-1.3381,-4.4505,15.1102,14.9884
25/06/2025,16:30:00,660.7688,374.4062,128.3375,46.65,335.875,34.7562,349.625,349.5938,2.6953,2.5609,2.8312,3.6094,-1.2852,-4.424,14.7056,14.561
25/06/2025,17:00:00,495.8688,365.9375,126.55,46.125,334.5,34.5938,344.4375,344.4062,3.575,3.0297,3.8359,4.5391,-0.8884,-2.7725,12.806,12.7199
25/06/2025,17:30:00,434.2438,343.3438,124.8625,45.75,318.375,34.4188,325.375,325.4375,4.25,3.5609,3.9234,5.0312,-0.8503,-2.6765,13.2675,13.1472
25/06/2025,18:00:00,350.7312,331.4688,122.4875,46.2125,310.575,34.0875,313.1875,313.3125,5.0016,4.6344,4.7687,5.5422,-0.8757,-2.3475,12.702,12.624
25/06/2025,18:30:00,508.3,336.5,118.6375,45.325,308.525,34.0125,317.2188,317.3125,3.5719,3.8297,3.9797,4.9734,-1.0822,-3.633,14.6244,14.522
25/06/2025,19:00:00,632.6125,369.5312,123.2125,45.475,327.725,33.6375,342.1562,342.2812,2.4406,2.7859,2.9312,3.4844,-1.2686,-4.2635,14.2019,14.067
25/06/2025,19:30:00,459.2125,364.75,125.625,46.325,334.675,34.6063,343.25,343.25,3.6,3.5953,4.2891,4.275,-0.7808,-2.5955,13.0335,12.9165
25/06/2025,20:00:00,433.9249,346.3438,125.925,46.45,320.7,34.95,328,327.9688,3.5437,3.8609,3.8359,4.4219,-0.9181,-2.704,13.1082,13.0302
25/06/2025,20:30:00,598.825,348.6562,119.9625,46.4187,314.225,34.4062,326.875,326.9688,2.9562,2.9094,2.9141,3.7297,-1.3149,-4.4285,14.964,14.8405
25/06/2025,21:00:00,632.7188,369.25,124.3375,46.1,330.875,34.0062,344.125,344.2188,2.5922,2.8266,2.9156,3.6906,-1.2274,-4.155,14.2961,14.1694
25/06/2025,21:30:00,596.9125,367.6562,124.9875,46.0625,330.525,34.2375,342.7812,342.8438,2.6672,2.4844,2.6969,3.9953,-1.2064,-3.9065,14.0361,13.9338
25/06/2025,22:00:00,456.9812,362,124.125,45.5,331.525,34.0187,340.125,340.25,3.7844,3.2047,3.6562,4.7,-0.8564,-2.594,12.689,12.5736
25/06/2025,22:30:00,433.5,351.9688,126.0125,45.55,322.025,34.2313,328.9375,329.0625,3.65,3.6531,4.3625,5.1875,-0.9212,-2.866,13.2399,13.1082
25/06/2025,23:00:00,263.075,322.375,129.5125,47.4,310.425,36.0062,308.3438,308.4375,5.1828,5.1187,5.2609,5.3281,-0.6793,-1.718,12.4534,12.3608
25/06/2025,23:30:00,269.025,322.625,124.125,47.4375,301.15,35.65,300.5938,300.5938,5.4437,5.4016,5.5281,5.7359,-0.6876,-1.8595,12.728,12.6402
26/06/2025,00:00:00,268.6,320.7812,123.0625,47.6625,298.25,36.025,296.9062,296.9375,5.7109,5.5719,5.5187,6.1094,-0.8333,-1.952,12.6695,12.5801
26/06/2025,00:30:00,355.2999,320.3125,119.1625,47.4437,295.225,35.5938,298.7188,298.8438,4.7109,4.6859,5.3203,5.5828,-0.828,-2.372,12.9474,12.8612
26/06/2025,01:00:00,359.0187,328.75,128.025,47.3812,306.4,36.1562,307.125,307.2188,4.3687,4.5016,5.2437,5.6281,-0.6849,-2.2375,13.144,13.0254
26/06/2025,01:30:00,296.9688,327.0625,130.9875,47.3125,308.45,36.1437,308.6562,308.75,5.4047,6.1234,6.1937,5.6016,-0.6849,-1.9095,12.6402,12.5769
26/06/2025,02:00:00,279.3312,326.75,122.3125,47.9375,303.925,36.0438,304.9688,304.9375,4.7266,5.4344,5.4156,5.6312,-0.7492,-1.9105,12.5688,12.4648
26/06/2025,02:30:00,268.7062,321.7188,123.325,47.8312,300.15,36.2687,298.625,298.6875,5.4406,5.5187,5.6094,6.0766,-0.702,-1.8355,12.7556,12.676
26/06/2025,03:00:00,268.6,316.1875,123.075,48.0812,296.875,36.4,294.9688,294.9375,5.3297,5.6328,5.5891,6.0828,-0.709,-1.8295,12.7735,12.6922
26/06/2025,03:30:00,267.4313,315.5,123.575,48.3,296.7,36.75,294.125,294.1875,5.1203,5.2781,5.5703,6.0203,-0.6674,-1.7725,12.6175,12.5444
26/06/2025,04:00:00,267.8562,315.375,123.4125,48.0687,297,36.75,294.2812,294.25,5.4703,5.4578,5.5703,6.1484,-0.6202,-1.7395,12.8434,12.7719
26/06/2025,04:30:00,269.2374,315.3125,123.7125,47.7125,297.225,36.3875,294.0625,294.0312,5.4234,5.8594,5.8547,6.3328,-0.7073,-1.811,12.7751,12.6987
26/06/2025,05:00:00,268.4938,315.6875,124,47.6437,297.475,36.3375,294.375,294.4375,5.2062,5.5828,5.6094,6.1531,-0.716,-1.81,12.5704,12.4794
26/06/2025,05:30:00,267.5375,315.9688,124.25,47.7312,297.975,36.4188,294.7188,294.7812,5.5734,5.2172,5.3937,6.1,-0.7064,-1.8115,12.8954,12.8125
26/06/2025,06:00:00,267.8562,317.1562,124.8,48.1,298.35,36.3563,295.875,296.0312,5.5328,5.2422,5.3062,5.9891,-0.7243,-1.851,12.6061,12.533
26/06/2025,06:30:00,269.025,321.4375,124.275,49.5,299.95,37.7625,297.8438,297.9375,4.8766,5.7656,6.0953,6.0328,-0.6302,-1.7615,12.6792,12.5817
26/06/2025,07:00:00,267.8562,322.8438,122.6125,49.5375,301.4,37.9813,300.6875,300.75,5.1766,5.5719,5.7922,6.3297,-0.653,-1.772,12.7231,12.6354
26/06/2025,07:30:00,267.8562,323.8438,122.075,49.6562,301.45,38.3812,300.9688,301.0938,4.8516,5.2328,5.4453,6.0422,-0.6797,-1.824,12.7654,12.6906
26/06/2025,08:00:00,268.9187,317.6875,122.55,49.775,298.7,38.6312,299.125,299.125,5.5891,5.4766,5.6703,6.2703,-0.765,-1.9,12.7004,12.6061
26/06/2025,08:30:00,268.1749,315.9375,121.4,49.7,296.425,38,296.625,296.6562,5.2031,5.9266,6.0078,5.4703,-0.6101,-1.7135,12.7816,12.6987
26/06/2025,09:00:00,267.6437,324.75,122.2875,49.9375,301.125,38.1437,300.875,300.9375,5.0547,6.0484,6.1719,5.3062,-0.7724,-1.9235,12.7491,12.676
26/06/2025,09:30:00,269.1312,323.4062,122.5375,49.5812,300.875,37.95,301.4062,301.4375,4.8156,5.7188,5.9953,5.5625,-0.7589,-1.8795,12.637,12.5525
26/06/2025,10:00:00,267.5375,324.5625,122.275,49.7562,301.625,37.8625,302.125,302.1875,4.9187,5.7781,6.0547,5.5281,-0.6451,-1.7495,12.7166,12.6484
26/06/2025,10:30:00,268.2812,323.3125,122.375,49.8625,301.225,38.0062,301.9062,302,4.4891,5.8266,6.2328,5.7734,-0.6994,-1.8085,12.7085,12.6289
26/06/2025,11:00:00,263.9249,323.9062,122.1125,50.0687,301.725,38.1625,302.4375,302.5312,4.8328,6.1156,6.3297,5.6844,-0.5668,-1.66,12.7215,12.6451
26/06/2025,11:30:00,268.4938,324,121.9875,49.7875,301.925,37.7437,303.3438,303.375,5.3875,6.2562,6.2234,5.3438,-0.7121,-1.829,12.6727,12.6126
26/06/2025,12:00:00,266.5812,322.5938,121.925,50.1312,301.2,38.0125,302.4688,302.5625,5.0297,5.7203,5.6516,6.0437,-0.7068,-1.834,12.6126,12.5395
26/06/2025,12:30:00,267.5375,322.8438,121.575,50.0625,301.225,38.05,302.3438,302.4688,4.8656,5.3453,5.4969,6.1453,-0.6543,-1.7575,12.5574,12.4794
26/06/2025,13:00:00,267.4313,324.0625,121.725,49.9062,301.875,37.7687,302.5625,302.625,5.0031,5.9625,6,5.3031,-0.6797,-1.779,12.7377,12.6597
26/06/2025,13:30:00,267.4313,324.2188,122.2375,50.2062,302.65,38.0375,303.6875,303.6562,4.6672,5.9453,6.2406,5.7406,-0.639,-1.754,12.7995,12.715
26/06/2025,14:00:00,268.2812,325.1875,121.675,50.2875,303.025,38.1063,304.7188,304.8438,5.0734,6.0516,6.2828,5.6437,-0.7011,-1.8115,12.7589,12.676
26/06/2025,14:30:00,269.3438,325.375,121.8,50.3062,303.4,38.1625,305.1875,305.2812,5.1328,6.175,5.9906,5.2844,-0.6845,-1.793,12.6094,12.5281
26/06/2025,15:00:00,432.9688,336.4062,119.5375,50.2812,304.425,37.4813,314.1875,314.25,4.3781,4.7266,4.8594,4.3453,-0.9741,-3.234,14.4131,14.3172
26/06/2025,15:30:00,564.825,368.1875,123.25,49.2937,324.425,36.9813,338.75,339.0625,2.7281,3.1328,3.2703,3.8219,-1.2541,-4.0925,14.6227,14.5025
26/06/2025,16:00:00,661.6188,395.9375,133.1875,49.6875,346.475,37.3125,362.0312,362.125,2.1625,2.5016,2.7078,3.1781,-1.3429,-4.65,15.2305,15.107
26/06/2025,16:30:00,596.7,392.4688,134.7875,49.35,349.05,37.4813,361.9062,361.9688,2.5938,3.0078,3.2594,3.5656,-1.1456,-3.94,14.3676,14.2539
26/06/2025,17:00:00,423.2999,364.9688,132.8,49.4187,337.075,38.3438,343.5938,343.6562,3.5016,4.1172,4.8,4.9437,-0.9063,-2.6755,12.8239,12.7036
26/06/2025,17:30:00,312.4812,351.4375,126.2,50.4,326.7,38.675,331.5625,331.6562,3.9359,5.6047,6.1,5.1031,-0.6661,-1.7625,12.4956,12.403
26/06/2025,18:00:00,392.7,348.625,117.9625,50.6125,314.2,38.475,321.8438,321.9062,3.7437,4.0484,4.5047,4.4094,-0.8438,-2.6655,14.2246,14.1011
26/06/2025,18:30:00,602.5437,355.25,121.2125,49.9875,314.175,38.1063,327.625,327.7188,2.2062,2.2344,2.7594,3.4859,-1.2056,-4.5005,15.5555,15.3962
26/06/2025,19:00:00,663,385.0312,129.7125,50.075,337.475,37.7938,352.6875,352.75,2.4781,2.6875,3.0891,3.3531,-1.3692,-4.657,15.3199,15.1736
26/06/2025,19:30:00,658.2188,387.2812,131.625,49.3375,341.575,37.2812,356.5,356.4688,2.5062,2.7672,3.0984,3.2859,-1.3184,-4.646,15.3036,15.185
26/06/2025,20:00:00,661.8313,386.3438,130.85,49.5062,340.85,37.4937,355.7812,355.875,2.3625,2.7266,3.0031,3.4062,-1.3731,-4.5605,15.224,15.1086
26/06/2025,20:30:00,662.2562,383.5,131.5,49.4937,340.75,37.2188,354.5625,354.5312,2.0141,2.4047,2.7953,3.35,-1.3561,-4.577,15.0322,14.8892
26/06/2025,21:00:00,662.3625,384.2188,130.6375,49.3937,340.425,37.675,354.7188,354.8125,2.3766,2.6562,2.9797,3.3766,-1.3688,-4.525,15.1362,14.9981
26/06/2025,21:30:00,661.8313,387.7188,130.825,48.55,342.375,37.0562,356.6875,356.7188,2.1656,2.2594,2.8141,3.5297,-1.3057,-4.452,15.1346,15.0127
26/06/2025,22:00:00,662.0437,379,134,48.8687,339.75,36.8187,353.1875,353.1562,2.3375,2.6203,3.0531,3.6578,-1.353,-4.637,14.9932,14.8632
26/06/2025,22:30:00,661.8313,374.4062,127.4875,48.8875,332.975,36.475,347.375,347.3438,2.4688,2.4766,2.8234,3.5562,-1.2484,-4.405,15.2337,15.1216
26/06/2025,23:00:00,507.875,358.7188,124.7375,48.3125,324.925,36.3375,335.2812,335.3438,3.1016,3.4406,3.5984,4.0844,-1.059,-3.286,13.8915,13.7843
26/06/2025,23:30:00,464.95,351.2188,120.8625,48.2,318.475,36.375,328.0312,328.0625,3.0906,3.6656,4.2672,4.5984,-0.9899,-2.9225,13.3959,13.261
27/06/2025,00:00:00,434.6687,346,123.3,49.9062,315.15,38.3,323.0938,323.1875,3.6219,3.7484,3.9328,4.8031,-0.8849,-2.762,13.9224,13.8785
27/06/2025,00:30:00,265.7312,312.7812,125.975,50.7188,299.7,39.1812,298.75,298.8125,4.6203,5.4453,5.4812,5.8719,-0.702,-1.7625,12.7442,12.6532
27/06/2025,01:00:00,267.6437,313.9375,119.525,50.3812,294.175,38.7,293.1875,293.25,4.7797,5.2344,5.3469,5.8672,-0.6814,-1.7635,12.8921,12.8011
27/06/2025,01:30:00,267.8562,309.5938,120.65,50.675,291.45,39.1937,289.25,289.375,4.9234,5.1469,5.0672,5.525,-0.6149,-1.71,12.9295,12.8385
27/06/2025,02:00:00,267.4313,307.9688,120.9625,50.4937,291.1,38.9375,288.1875,288.25,4.8797,5.3453,5.1844,5.6812,-0.6644,-1.7205,12.8629,12.7881
27/06/2025,02:30:00,266.1562,311.0938,121.475,50.5312,292.425,39.375,289.5625,289.5938,4.8422,5.3031,5.4078,5.8422,-0.6198,-1.702,12.9181,12.8287
27/06/2025,03:00:00,267.8562,308.3438,120.925,50.05,291.375,38.9375,288.7812,288.9062,5.2453,5.875,5.8906,6.3078,-0.6477,-1.7475,12.8547,12.7832
27/06/2025,03:30:00,267.2188,309.5312,121.7875,50.0125,292.45,38.6562,289.5,289.5938,5.4953,5.5578,5.5156,6.0578,-0.6854,-1.7965,12.8596,12.7767
27/06/2025,04:00:00,266.3688,311.7188,120.9125,50.7062,292.875,39.0375,290.4375,290.5,5.0672,5.5531,5.4219,6.0109,-0.6281,-1.7205,12.9441,12.871
27/06/2025,04:30:00,267.2188,311.75,121.4625,51.175,293.55,39.7875,291.1562,291.25,5.2953,5.8062,5.7062,6.0531,-0.7024,-1.7815,12.8385,12.7442
27/06/2025,05:00:00,267.8562,312.875,120.1875,50.9375,293.425,39.7562,291.7188,291.7812,5.5187,5.6266,5.5641,6.125,-0.6981,-1.779,12.7052,12.6402
27/06/2025,05:30:00,268.4938,312.375,120.9125,49.9937,293.925,38.9437,291.8438,291.875,4.9156,6.1219,6.0328,5.9672,-0.6701,-1.7705,12.9701,12.8791
27/06/2025,06:00:00,267.325,312.1875,121.725,49.5062,294.65,38.3937,291.9062,291.9688,5.4031,5.8031,5.8547,6.1359,-0.6976,-1.784,12.7686,12.7085
27/06/2025,06:30:00,264.5625,316.3125,122.175,49.7312,296.425,38.525,294,294.0312,5.2594,5.6687,5.6109,5.9016,-0.7112,-1.792,12.8629,12.7816
27/06/2025,07:00:00,264.6687,316.25,121.6125,50.275,296.5,39.0125,294.4062,294.4688,5.1391,5.6734,5.5141,5.9109,-0.6858,-1.769,12.8515,12.7767
27/06/2025,07:30:00,266.0499,316.75,121.5,50.4125,296.725,39.5938,295.0312,295.0938,5.4437,5.7484,5.6781,6.2203,-0.7339,-1.8265,12.7507,12.6679
27/06/2025,08:00:00,264.8812,316,120.9875,50.6062,296.425,39.7312,295.125,295.2188,5.5703,5.6937,5.6594,6.0328,-0.6753,-1.787,12.8694,12.7865
27/06/2025,08:30:00,264.8812,316.625,120.5875,50.6437,296.625,39.15,295.5,295.5938,5.3844,5.5531,5.3937,5.8562,-0.5974,-1.7045,12.7572,12.6695
27/06/2025,09:00:00,265.0938,316.8125,121.125,50.4688,297.175,38.85,295.9375,295.9375,5.3781,5.5406,5.4781,6.0562,-0.6324,-1.7605,12.8564,12.7897
27/06/2025,09:30:00,261.7999,316.5625,121.5625,50.2812,297.375,38.6063,295.9062,296.0312,5.6453,5.6969,5.6312,6.1875,-0.7606,-1.8705,12.8401,12.7491
27/06/2025,10:00:00,265.4125,317.75,121.7125,50.4875,297.875,38.7188,296.3125,296.4062,5.4859,5.4016,5.4594,5.9609,-0.6823,-1.7985,12.7767,12.689
27/06/2025,10:30:00,264.775,316.0625,121.4375,50.5875,297.35,38.7687,296.125,296.2188,5.3797,5.7078,5.6531,6.1766,-0.6438,-1.7355,12.845,12.7638
27/06/2025,11:00:00,258.2937,317.6562,121.3375,50.5312,297.975,38.6875,296.875,297,5.0078,5.9844,5.9797,6.4547,-0.695,-1.7625,12.728,12.6435
27/06/2025,11:30:00,265.8375,321.5,122.1875,50.4937,300.45,38.675,299.5625,299.6562,4.9141,5.6656,5.7891,6.3438,-0.7003,-1.79,12.8239,12.7735
27/06/2025,12:00:00,265.2,318.5312,121.65,50.1312,299.575,38.25,299.1875,299.2188,5.1062,5.6609,5.6203,5.9219,-0.6985,-1.782,12.7654,12.689
27/06/2025,12:30:00,264.9874,320.6562,121.4625,51.1187,299.825,39.3,299.75,299.75,5.0406,5.4953,5.8609,6.2547,-0.6259,-1.7085,12.6272,12.5379
27/06/2025,13:00:00,265.7312,324.1875,122.5625,51.2062,301.625,39.175,301.875,301.9062,4.9875,5.4734,5.4375,5.6312,-0.7422,-1.9015,12.7962,12.7183
27/06/2025,13:30:00,264.0312,324.5625,122.475,50.9062,302.675,38.9312,303.8125,303.8438,5.1078,6.1906,6.1781,5.925,-0.7418,-1.8515,12.754,12.6776
27/06/2025,14:00:00,265.7312,327.7188,120.9125,50.1062,304.3,38.0187,304.9062,305,5.3812,6.2984,6.0094,5.4531,-0.7243,-1.8155,12.7264,12.6402
27/06/2025,14:30:00,263.9249,325.2188,121.8875,49.9125,303.45,37.6875,303.75,303.8125,4.8375,5.6031,5.9266,6.2125,-0.6049,-1.704,12.6354,12.5557
27/06/2025,15:00:00,264.8812,325,123.95,49.7625,303.3,37.6625,303.9688,303.9688,4.7516,5.8672,6.1297,6.0562,-0.8127,-1.9215,12.6402,12.5525
27/06/2025,15:30:00,264.4562,320.3125,121.8375,49.5125,300.275,37.6125,301.0312,301.0625,5.4812,5.4062,5.5078,6.1016,-0.6403,-1.7505,12.8206,12.7296
27/06/2025,16:00:00,320.5563,332.2188,118.875,49.4312,305.25,37.075,308.375,308.4688,4.4734,5.5625,5.8937,5.4906,-0.8004,-2.154,12.7767,12.6841
27/06/2025,16:30:00,265.9437,329.1875,126.1125,50.2562,307.25,38.1562,306.7812,306.8438,5.1047,5.2656,5.5531,6.0281,-0.6998,-1.8085,12.4859,12.4225
27/06/2025,17:00:00,263.9249,327.2812,121.5125,51.1625,303.8,38.9813,305.6562,305.7188,5.0938,6.0328,6.1156,5.9156,-0.6714,-1.767,12.7621,12.6841
27/06/2025,17:30:00,265.2,326.375,120.7,51.1312,302.75,39.4062,304.875,304.9062,5.4703,5.4937,5.5062,6.0281,-0.7414,-1.8395,12.6256,12.5492
27/06/2025,18:00:00,264.775,326.6562,120.8,50.7937,302.825,39.4437,305.0312,305.125,5.2594,5.9344,5.75,5.6469,-0.6263,-1.6985,12.5492,12.4599
27/06/2025,18:30:00,265.0938,327.2812,120.825,50.8062,303.45,39.125,305.5625,305.625,5.3406,5.9734,6.025,5.6625,-0.6477,-1.757,12.7735,12.6727
27/06/2025,19:00:00,264.35,323.6562,122.8375,50.4812,300.875,38.7,303.125,303.25,5.2609,6.0219,6.0141,6.0781,-0.7829,-1.899,12.5866,12.5899
27/06/2025,19:30:00,263.6062,326.9062,120.7375,50.075,301.425,38.4625,303.25,303.375,5.6094,6.1719,6.1234,5.7453,-0.6902,-1.8555,12.6711,12.5996
27/06/2025,20:00:00,264.8812,330.375,122.0125,48.7375,305.625,37.3312,305.9688,305.9688,4.975,5.8016,6.0781,6.1625,-0.7243,-1.8395,12.7166,12.624
27/06/2025,20:30:00,265.0938,329.2812,123.0375,48.35,305.125,36.6063,304.5938,304.6562,5.375,6.1906,6.0687,5.6656,-0.7068,-1.8275,12.6922,12.6126
27/06/2025,21:00:00,264.2438,328.9375,123.725,48.2188,304.9,36.625,303.875,303.875,5,5.6891,6.0391,6.2891,-0.6561,-1.754,12.7036,12.611
27/06/2025,21:30:00,264.2438,328.5,123.2625,48.3937,304.675,36.4875,304,304,5.0938,5.8609,5.9859,6.0703,-0.6569,-1.752,12.6841,12.5492
27/06/2025,22:00:00,263.8187,329.0312,123.3875,48.9125,304.9,37.0438,304.125,304.2188,5.1094,5.5406,5.8531,5.8859,-0.6801,-1.8045,12.6159,12.5314
27/06/2025,22:30:00,266.0499,327.7188,122.9625,49.95,303.925,37.6688,303.5938,303.5938,4.9062,5.3094,5.3859,5.8734,-0.6066,-1.719,12.845,12.7686
27/06/2025,23:00:00,269.1312,328.2188,121.425,49.2437,303.225,37.3563,303.5938,303.7188,5.1203,5.9172,5.9937,5.6109,-0.7261,-1.843,12.6012,12.5054
27/06/2025,23:30:00,267.4313,326.4688,122.8125,48.7937,303.575,36.925,303.1562,303.2188,5.0703,5.6125,6.0547,5.9109,-0.667,-1.761,12.6549,12.5688
28/06/2025,00:00:00,268.6,326.1562,123.15,49.15,303.8,37.2625,303.3125,303.375,4.9906,5.2891,5.5,5.2656,-0.7497,-1.865,12.8775,12.7995
28/06/2025,00:30:00,265.0938,329.9062,123.0125,49.4688,305.6,37.9937,305.1562,305.25,5.6734,5.9531,5.7844,5.6344,-0.7418,-1.82,12.7312,12.6565
28/06/2025,01:00:00,268.6,329.8125,122.15,49.7,304.8,38.4188,305.5625,305.6562,5.1812,5.2797,5.6891,6.0266,-0.7081,-1.8145,12.8564,12.7865
28/06/2025,01:30:00,269.9812,330.6562,121.8875,49.6,305.625,38.3062,306.4062,306.5,5.2922,5.9344,5.6297,5.5344,-0.7059,-1.8225,12.7199,12.6337
28/06/2025,02:00:00,268.8125,331.0625,122.3125,49.6187,305.925,37.7188,306.875,306.9062,5.2125,5.7453,5.7859,5.6156,-0.6469,-1.7695,12.7004,12.6224
28/06/2025,02:30:00,269.5563,330.1562,122.275,49.6375,305.75,37.975,306.6562,306.7188,5.5234,5.9,5.8766,5.9078,-0.8022,-1.9135,12.6874,12.611
28/06/2025,03:00:00,267.5375,334.4062,122.925,48.9812,309.025,37.7687,310.0312,310.0938,5.1078,5.7344,5.8656,5.85,-0.6613,-1.793,12.9279,12.8531
28/06/2025,03:30:00,270.0875,332.3125,122.4125,48.8562,307.825,37.6063,309.75,309.8125,5.2734,5.9297,5.8484,5.5875,-0.6854,-1.81,12.8206,12.741
28/06/2025,04:00:00,268.3875,331.5,122.6375,48.4812,307.525,37.0438,308.625,308.75,5.2,5.7437,5.7469,5.8953,-0.6604,-1.801,12.7459,12.6597
28/06/2025,04:30:00,267.0062,333,123.5375,48.8,308.65,37.05,309.2188,309.3125,5.3734,5.8969,5.7219,5.6297,-0.6762,-1.781,12.7264,12.6532
28/06/2025,05:00:00,269.2374,333.1562,123.4,48.4312,308.9,36.5625,309.6562,309.6875,5.0516,5.6,5.6562,5.5656,-0.7068,-1.8265,12.5427,12.4566
28/06/2025,05:30:00,266.9,332.8125,123.55,48.1062,308.775,36.825,309.3125,309.4062,4.9812,5.7547,5.8312,5.8672,-0.6915,-1.8095,12.832,12.754
28/06/2025,06:00:00,267.5375,333.625,123.8,48.4937,309.425,36.9562,310.0938,310.1875,5.1703,5.8047,6.0375,5.7266,-0.6696,-1.7835,12.741,12.6663
28/06/2025,06:30:00,267.325,338.1562,124.4375,48.8312,313,37.0438,313.9062,314.0312,4.3062,5.2406,5.7594,6.05,-0.6259,-1.7475,12.6663,12.5931
28/06/2025,07:00:00,267.5375,338.5312,123.0625,49.7125,313.225,38.0562,315.4062,315.4688,5.3359,5.6609,5.5375,5.7625,-0.6587,-1.79,12.7101,12.6094
28/06/2025,07:30:00,269.2374,336.3438,122.1625,50.0812,311.125,38.2188,314.0625,314.125,4.9531,5.7047,5.525,5.7594,-0.688,-1.7965,12.6272,12.5362
28/06/2025,08:00:00,267.5375,337.3125,121.7375,50.0875,311.8,38.025,314.5938,314.6875,5.5437,5.9578,5.7,5.2656,-0.6552,-1.812,12.6597,12.5623
28/06/2025,08:30:00,262.3312,336.1875,122.2875,50.7062,311.125,38.5875,314.2188,314.2812,5.2375,5.8562,6.0219,5.7516,-0.6749,-1.8,12.6321,12.5834
28/06/2025,09:00:00,262.9688,338.0312,122.1125,50.2062,311.675,38.1562,314.9688,315.0312,4.6937,5.9328,6.1656,5.8141,-0.7134,-1.832,12.5688,12.4891
28/06/2025,09:30:00,261.5875,338.25,120.5875,50.2312,311.525,38.0312,314.9062,314.9375,4.9797,6.0172,6.3359,5.6984,-0.6464,-1.756,12.7849,12.7069
28/06/2025,10:00:00,268.2812,339.0312,121.525,50.3625,312.05,38.2,315.3438,315.4062,4.6109,5.625,6.3828,6.6828,-0.7318,-1.843,12.6516,12.5769
28/06/2025,10:30:00,268.0687,339.2812,121.1625,50.7812,312.35,38.5312,315.5938,315.6875,5.1453,5.8312,6.0422,5.8844,-0.7033,-1.839,12.8954,12.8011
28/06/2025,11:00:00,268.0687,337.0938,121.25,51.0375,310.1,38.7313,313.5312,313.5938,5.1469,5.9266,5.9203,5.4344,-0.6998,-1.8275,12.8547,12.7703
28/06/2025,11:30:00,259.8875,335.5938,120.5125,51.1,308.875,38.8563,312,312.0312,5.9422,6.1172,6.0234,5.6891,-0.6871,-1.7615,12.6825,12.5931
28/06/2025,12:00:00,268.0687,336.25,121.325,50.725,309.675,38.5062,312.625,312.5938,5.4219,5.7953,5.7266,5.125,-0.6911,-1.824,12.8775,12.7946
28/06/2025,12:30:00,268.1749,333.5625,121.5625,50.625,306.2,38.5312,309.7188,309.6875,5.4094,5.8969,6.0328,5.2234,-0.7059,-1.819,12.6971,12.6029
28/06/2025,13:00:00,268.1749,340.0312,121.55,49.95,311.375,37.6187,314.0625,314.1875,4.8141,5.5484,5.9453,5.8703,-0.7554,-1.8755,12.6191,12.5362
28/06/2025,13:30:00,267.6437,335.3125,121.6625,50.1437,308.125,37.7875,310.9688,311.125,5.1437,5.4984,5.925,6.1641,-0.7086,-1.8185,12.6906,12.6061
28/06/2025,14:00:00,268.7062,326,120.35,50.0375,301.675,37.6063,304.3438,304.4062,5.7906,6.1156,6.2484,6.2891,-0.772,-1.8685,12.6857,12.6094
28/06/2025,14:30:00,268.9187,324.9062,120.875,50.4375,300.225,38.25,301.2812,301.3438,5.5437,5.25,5.5375,6.1219,-0.7046,-1.816,12.7475,12.65
28/06/2025,15:00:00,267.6437,323.3438,121.325,51.0125,299.625,38.7938,300.3438,300.375,5.65,5.3078,5.6016,5.9625,-0.6832,-1.7975,12.8905,12.8125
28/06/2025,15:30:00,267.75,323.6562,120.8,51.3125,299.05,39.2,300.0625,300.1562,5.5141,5.2781,5.5547,6.0812,-0.6863,-1.8025,12.7199,12.6419
28/06/2025,16:00:00,268.2812,325.125,120.6,52.1625,299.325,40.0375,300.6562,300.7188,5.7031,5.3016,5.4797,6.0672,-0.7195,-1.8405,12.8044,12.7069
28/06/2025,16:30:00,268.9187,325.1562,120.1875,51.9688,299.875,39.9375,302,302.0938,5.9781,5.8766,6.1375,5.9156,-0.6285,-1.8145,12.767,12.7524
28/06/2025,17:00:00,260.4187,324.4688,120.6375,51.0938,299.875,38.9312,301.4688,301.4375,5.7375,5.4609,5.6234,6.0828,-0.6775,-1.8065,12.6776,12.5947
28/06/2025,17:30:00,267.8562,326.125,119.825,51.0312,299.3,39.1875,300.7188,300.7812,5.5234,5.1937,5.3594,5.8141,-0.5979,-1.729,12.9051,12.8141
28/06/2025,18:00:00,269.025,326.6875,120.7125,50.3375,300.6,38.45,301.25,301.375,5.5172,5.7484,5.6375,5.8406,-0.6578,-1.7785,12.7654,12.6987
28/06/2025,18:30:00,267.9625,325.875,121.675,49.8625,300.825,38.525,301.25,301.3438,5.7703,5.4078,5.6828,6.1297,-0.6355,-1.7825,12.6435,12.559
28/06/2025,19:00:00,268.6,325.5312,122.275,51.0437,300.95,39.1187,301.0625,301.0938,5.6297,5.1141,5.225,6.0125,-0.6521,-1.825,12.9084,12.8336
28/06/2025,19:30:00,269.45,331.8438,121.1875,51.6937,304.75,39.9562,305.9375,306.0312,5.8625,5.6328,5.6516,6.2047,-0.6289,-1.762,12.8872,12.8076
28/06/2025,20:00:00,266.5812,332.125,120.3,51.9312,303.875,40.2437,305.9688,306.0938,5.3719,5.1078,5.4141,5.8594,-0.6569,-1.7745,12.7247,12.6159
28/06/2025,20:30:00,268.1749,330.9688,119.6125,51.9937,302.85,40.1687,305.5,305.5625,5.2516,5.2719,5.7922,6.4141,-0.646,-1.7875,12.9311,12.8401
28/06/2025,21:00:00,267.75,333.9375,120.0625,51.3937,305,39.8062,307.25,307.2812,5.6797,5.6969,5.6781,6.1719,-0.7479,-1.863,12.7719,12.6841
28/06/2025,21:30:00,268.3875,333.6562,120.8,51.0938,305.675,39.2812,307.875,307.9062,5.4422,5.2125,5.6062,5.9797,-0.6954,-1.8005,12.806,12.7183
28/06/2025,22:00:00,267.5375,332.8438,120.6625,50.8125,305.15,39.1687,307.1562,307.1875,5.2203,5.2656,5.5578,5.9281,-0.6635,-1.7785,12.6906,12.6402
28/06/2025,22:30:00,267.2188,333.5,120.8375,50.5125,305.5,38.9,307.2812,307.375,5.6016,5.2703,5.5641,6.2281,-0.6972,-1.813,12.7215,12.6467
28/06/2025,23:00:00,268.8125,334.9688,122.025,49.6687,307.35,38.4062,308.4688,308.5,5.1109,4.9875,5.7469,6.2016,-0.7108,-1.8135,12.8678,12.7638
28/06/2025,23:30:00,265.8375,334.0625,122.3625,49.5437,307.35,37.6688,308.4062,308.4375,5.3734,4.9734,5.1922,5.9922,-0.6779,-1.782,12.7816,12.6971
29/06/2025,00:00:00,268.6,335.0625,122.3125,49.7312,307.55,38.125,308.625,308.6562,5.475,5.1484,5.4187,5.8906,-0.6985,-1.8225,12.7312,12.6467
29/06/2025,00:30:00,269.025,329.9375,123.5625,49.8562,306.2,38.1063,307.7188,307.75,5.7703,5.3094,5.3578,6.0016,-0.6114,-1.8485,12.884,12.8125
29/06/2025,01:00:00,266.5812,322.1875,120.1375,49.0562,299.775,37.6625,301.0312,301.125,5.7672,5.3094,5.4219,5.8672,-0.6928,-1.8535,12.7751,12.6874
29/06/2025,01:30:00,266.3688,322.6562,123.6875,50.1125,300.925,38.2062,300.9375,300.9062,5.6391,5.2469,5.4812,5.9359,-0.6499,-1.8085,12.7296,12.6646
29/06/2025,02:00:00,268.0687,321.8125,121.3125,50.7188,299.125,39.0187,299.7812,299.875,5.5219,5.5938,5.8297,6.1328,-0.6552,-1.8455,12.8336,12.7507
29/06/2025,02:30:00,269.7687,326.0625,122.375,49.85,302.65,38.3375,302.6562,302.75,5.4391,5.2703,5.5766,5.9266,-0.863,-2.007,12.7816,12.6809
29/06/2025,03:00:00,268.0687,319.5625,122.275,49.625,299.825,38.2,300.375,300.4688,5.425,5.3266,5.6953,6.1766,-0.6635,-1.791,12.8612,12.767
29/06/2025,03:30:00,268.2812,318.4688,122.7125,49.6125,298.3,38.0312,298.875,298.9688,5.9375,5.7531,5.7375,6.2625,-0.6141,-1.732,12.8287,12.7394
29/06/2025,04:00:00,268.0687,313.75,120.5875,49.3312,295.4,37.8062,294.8125,294.875,5.4094,5.0078,5.2562,5.975,-0.6451,-1.76,12.7166,12.6256
29/06/2025,04:30:00,267.6437,314.1562,122.175,48.8812,295.825,37.3875,293.6875,293.7812,5.6172,5.2047,5.3203,5.7031,-0.6246,-1.7625,12.8775,12.793
29/06/2025,05:00:00,267.4313,314.7188,122.8625,48.8125,296.325,37.2437,293.7188,293.8125,5.5109,5.1859,5.2906,5.7016,-0.7313,-1.865,12.7394,12.6646
29/06/2025,05:30:00,266.7937,314.25,123.375,48.4812,296.675,37.25,293.7812,293.875,5.5453,5.3547,5.4984,6.15,-0.6198,-1.7435,12.9522,12.858
29/06/2025,06:00:00,265.2,314.5312,123.3875,48.1812,297.025,37.2313,294.0938,294.1875,5.8594,5.5516,5.7219,6.5453,-0.7466,-1.8625,12.7556,12.676
29/06/2025,06:30:00,266.5812,313.75,123.1125,49.0062,296.625,37.5875,294.0938,294.1875,5.6422,5.2469,5.3937,5.5266,-0.7326,-1.817,12.6419,12.5492
29/06/2025,07:00:00,267.8562,314.7188,122.3625,49.4062,296.5,37.8062,294.4688,294.5625,5.6312,5.4031,5.4688,6.1687,-0.5931,-1.7005,12.754,12.6841
29/06/2025,07:30:00,266.0499,313.4375,122.625,49.8562,296.15,38.1625,294.0625,294.1562,5.5625,5.1141,5.2188,5.8141,-0.6902,-1.826,12.7426,12.6419
29/06/2025,08:00:00,267.2188,315.4688,121.975,50.4187,296.65,38.7375,295.2812,295.3125,5.5812,5.3297,5.3953,5.8156,-0.6753,-1.8085,12.8678,12.7962
29/06/2025,08:30:00,269.2374,314.9375,121.3625,50.9375,296.55,39.3438,295.875,295.875,5.7437,5.3266,5.5078,6.1891,-0.7112,-1.859,12.8417,12.7589
29/06/2025,09:00:00,267.75,315.8438,120.5375,50.925,296.6,39.1937,296.375,296.4688,5.6828,5.375,5.5312,6.0859,-0.6556,-1.7845,12.7101,12.6337
29/06/2025,09:30:00,266.7937,317.0312,121.5,50.6375,297.375,38.9,296.8438,296.9375,5.3547,5.2812,5.2703,5.8234,-0.674,-1.88,12.8791,12.7962
29/06/2025,10:00:00,268.3875,321.2188,121.175,50.8125,299.15,39.0687,299.2812,299.4688,5.4,5.2562,5.3672,5.8531,-0.6963,-1.852,12.7036,12.6402
29/06/2025,10:30:00,267.4313,320.4688,121.5625,51.3812,298.875,39.4688,299.5,299.625,5.6562,5.2969,5.45,6.0812,-0.6924,-1.8935,12.6256,12.5362
29/06/2025,11:00:00,269.1312,319.8125,119.3125,51.4375,296.925,39.5125,298.1875,298.2188,5.5266,5.6297,5.6766,6.1766,-0.6902,-1.793,12.8027,12.7312
29/06/2025,11:30:00,271.3624,322.875,126.6875,50.6312,300.525,39.6812,301.75,301.8438,5.9422,5.4281,5.3547,5.7219,-0.7366,-1.917,12.8434,12.7215
29/06/2025,12:00:00,265.3063,324.5938,116.825,51.8562,297.1,39.5812,300.875,300.9062,5.6734,5.2937,5.3703,5.7219,-0.6521,-1.7275,12.6646,12.5834
29/06/2025,12:30:00,264.4562,326.2812,117.6625,51.0938,299,38.925,300.6875,300.75,5.6687,5.5594,5.4875,5.8094,-0.6858,-1.7875,12.7231,12.6402
29/06/2025,13:00:00,264.8812,323.2188,121.0875,50.4625,297.25,38.3125,298.4375,298.5312,5.5734,5.2516,5.4141,6.15,-0.6793,-1.7605,12.7052,12.6354
29/06/2025,13:30:00,265.4125,323.5312,120.4875,50.5125,297.8,38.3312,297.8438,297.875,5.6187,5.4703,5.7156,6.0078,-0.6788,-1.771,12.7264,12.637
29/06/2025,14:00:00,265.7312,324.3438,121.3625,50.9812,297.825,38.7687,297.4062,297.4688,5.6797,5.3937,5.625,6.2422,-0.6727,-1.7855,12.8287,12.7377
29/06/2025,14:30:00,265.625,324.5,121,51.225,297.775,39.1187,298.0312,298.125,5.6672,5.6906,5.6766,6.2453,-0.6841,-1.788,12.78,12.6922
29/06/2025,15:00:00,264.5625,323.75,120.475,51.0375,297.525,38.9437,298.0625,298.1562,5.6875,5.5437,5.4391,5.6828,-0.7143,-1.8205,12.6516,12.5964
29/06/2025,15:30:00,263.7125,316.9688,119.8625,51.475,294.275,39.3875,294.4688,294.5938,5.6578,5.5469,5.6281,5.9875,-0.6683,-1.781,12.8986,12.8125
29/06/2025,16:00:00,265.4125,311.4688,119.4875,52.6437,291.425,40.775,292.375,292.4375,5.4391,5.4609,5.6125,6.2828,-0.6788,-1.7825,12.7946,12.7166
29/06/2025,16:30:00,265.7312,311.875,118.85,52.5062,291.5,40.3937,291.9062,291.9375,5.6281,5.5172,5.6953,6.275,-0.6049,-1.704,12.8092,12.7215
29/06/2025,17:00:00,264.9874,311.2188,118.7625,53.475,290.925,41.5625,291.3438,291.375,5.7359,5.1828,5.5109,5.9078,-0.6324,-1.732,12.8092,12.7199
29/06/2025,17:30:00,265.9437,310.4375,118.3625,53.3438,290.625,41.4375,291.0625,291.1562,5.75,5.5641,5.6437,5.9859,-0.6351,-1.7335,12.8141,12.7345
29/06/2025,18:00:00,265.8375,309.7188,118.5125,53.1812,290.25,41.7625,290.5625,290.625,5.6062,5.3562,5.5672,5.8562,-0.7191,-1.814,12.7735,12.6841
29/06/2025,18:30:00,265.7312,309.9375,118.575,52.975,290.525,41.5562,290.6875,290.75,5.5437,5.3937,5.5906,5.975,-0.6661,-1.7555,12.7052,12.6175
29/06/2025,19:00:00,266.1562,309.875,118.7375,52.9375,290.625,41.5062,290.8125,290.9062,5.7484,5.6234,5.7562,6.1172,-0.6198,-1.727,12.9311,12.8385
29/06/2025,19:30:00,265.5187,309.1875,118.7625,52.8187,290.625,41.375,290.7812,290.875,5.6078,5.3797,5.5172,5.9797,-0.6906,-1.8045,12.7995,12.7183
29/06/2025,20:00:00,265.9437,309.0312,119.3,52.2437,291.15,40.9,290.875,290.9688,5.6094,5.1344,5.6297,6.6531,-0.6972,-1.7865,12.6776,12.585
29/06/2025,20:30:00,265.0938,312.2188,119.3375,52.425,292.125,41.0125,292.125,292.1875,5.7156,5.2922,5.6969,5.9031,-0.5918,-1.691,12.9799,12.884
29/06/2025,21:00:00,265.3063,313.0625,119.4875,52.3812,292.95,41.0125,292.4062,292.5,5.8234,5.6906,5.6578,6.1672,-0.6679,-1.75,12.845,12.7507
29/06/2025,21:30:00,267.2188,313,119.5,52.0938,293.15,40.8375,292.5312,292.625,5.8703,5.5031,5.5703,6.0875,-0.6985,-1.7885,12.7247,12.6467
29/06/2025,22:00:00,265.4125,312.9062,119.4625,51.8438,293.375,40.4125,292.875,292.9688,5.8422,5.5219,5.5453,6.2734,-0.6657,-1.776,13.0059,12.9295
29/06/2025,22:30:00,265.3063,311.1562,120.6375,51.9125,293.125,40.5437,292.4375,292.4688,5.7516,5.4937,5.5109,6.0281,-0.6753,-1.759,12.9002,12.8271
29/06/2025,23:00:00,265.5187,315.5,121.0375,51.7188,294.875,40.3125,294.4062,294.4375,5.7531,5.4594,5.5922,6.0703,-0.7374,-1.8505,12.8417,12.7572
29/06/2025,23:30:00,265.5187,314.875,120.35,51.6875,294.3,40.3125,294.3125,294.375,5.5766,5.1891,5.3344,5.9469,-0.6285,-1.7205,12.975,12.8889
30/06/2025,00:00:00,265.4125,315.125,119.25,51.6562,294,40.425,293.5625,293.6562,5.7078,5.3062,5.4328,6.0469,-0.632,-1.7205,12.8401,12.7231
30/06/2025,00:30:00,263.8187,314.875,120.1375,51.6375,294.45,40.3125,293.375,293.4062,5.6672,5.3859,5.6031,5.9984,-0.7239,-1.813,12.8044,12.7215
30/06/2025,01:00:00,264.9874,314.8438,120.225,51.55,294.475,40.3375,293.5,293.4688,5.7828,5.3578,5.4031,6.0109,-0.6412,-1.729,12.832,12.7524
30/06/2025,01:30:00,264.8812,316.0938,121.0625,51.4437,295.175,40.1312,294.7812,294.8438,5.8109,5.3578,5.3109,6.3266,-0.6871,-1.888,12.8499,12.7572
30/06/2025,02:00:00,265.625,306.8438,118.075,51.2188,289.375,40.0125,289.2188,289.25,5.7828,5.3875,5.525,6.1969,-0.6779,-1.757,12.8531,12.7638
30/06/2025,02:30:00,265.4125,307.1562,120.15,51.3812,290.225,40.15,288.2188,288.3125,5.7875,5.5281,5.35,6.0172,-0.6582,-1.74,12.7475,12.663
30/06/2025,03:00:00,265.4125,307.0625,121.375,51.3937,290.6,40.1812,288.7188,288.8125,5.7359,5.3469,5.3156,6.0203,-0.6114,-1.774,12.9165,12.8385
30/06/2025,03:30:00,265.3063,305.7812,120.725,51.4812,289.925,40.1312,288.75,288.8125,5.7109,5.425,5.5156,6.2766,-0.7156,-1.824,12.9181,12.8385
30/06/2025,04:00:00,264.35,304.6875,120.6625,51.4437,289.55,40.25,288.0625,288.0625,5.7281,5.4297,5.5625,6.075,-0.6617,-1.765,12.6857,12.663
30/06/2025,04:30:00,265.4125,306.1562,119.8875,51.3,289.925,40.0875,288.2188,288.3438,5.6687,5.3656,5.2656,6.1297,-0.6049,-1.692,12.8791,12.793
30/06/2025,05:00:00,266.0499,307.375,120.45,51.2687,290.8,40.1437,288.8125,288.9375,5.7312,5.3562,5.2672,6.225,-0.7252,-1.7885,12.7426,12.6402
30/06/2025,05:30:00,265.5187,307.5625,120.675,51.1875,291.25,39.9375,289.3438,289.375,5.7484,5.4141,5.6234,6.1078,-0.7326,-1.8075,12.5444,12.4599
30/06/2025,06:00:00,264.35,307.4062,120.4125,51.3625,291.275,40.1312,289.5312,289.625,5.9266,5.5891,5.5641,6.2922,-0.6412,-1.7245,12.8239,12.7329
30/06/2025,06:30:00,264.8812,310.6875,120.7375,51.6437,292.575,40.2937,291.9062,292.0312,6.0016,5.4688,5.3547,6.0672,-0.6911,-1.7725,12.7312,12.6402
30/06/2025,07:00:00,265.8375,312.25,119.8375,51.8562,293.05,40.7188,293.0312,293.1562,5.7062,5.45,5.3516,5.9547,-0.6451,-1.7465,12.7264,12.6565
30/06/2025,07:30:00,265.5187,312.3438,119.8875,52.1312,293.375,41.0875,293.375,293.4062,5.6687,5.3109,5.5672,5.975,-0.6512,-1.775,12.9002,12.7816
30/06/2025,08:00:00,264.775,312.4062,119.4625,52.7062,293.55,41.7,293.75,293.875,5.7906,5.5484,5.6234,6.0266,-0.7077,-1.816,12.702,12.6256
30/06/2025,08:30:00,264.1375,313.4688,118.925,52.825,293.725,41.8687,294.7812,294.875,5.7422,5.4422,5.5047,6.4,-0.6871,-1.8025,12.624,12.5574
30/06/2025,09:00:00,266.5812,313,118.675,53.2812,293.625,42.2812,295.125,295.1562,5.6234,5.4016,5.575,5.8812,-0.6101,-1.7415,12.7605,12.6906
30/06/2025,09:30:00,261.1625,312.375,118.1125,53.5312,293.175,42.575,295,295.0312,5.7406,5.45,5.4266,5.9453,-0.6727,-1.726,12.6581,12.6045
30/06/2025,10:00:00,265.8375,313.875,118.1,53.7437,293.6,42.6312,295.9688,296.0625,5.4734,5.3672,5.5859,6.5078,-0.5944,-1.6945,12.7638,12.6874
30/06/2025,10:30:00,264.8812,313.7812,117.8875,53.875,293.9,42.7687,296.4688,296.5625,5.4562,5.0516,5.3844,6.0969,-0.7239,-1.8475,12.6906,12.6143
30/06/2025,11:00:00,260.6312,313.9062,117.4125,54.1312,293.25,42.9187,296.375,296.4375,5.5281,5.3422,5.3484,6.075,-0.7392,-1.785,12.6126,12.6029
30/06/2025,11:30:00,260.7374,315.1875,117.55,54.65,293.8,43.35,297.0938,297.1875,5.5891,5.4703,5.8109,6.5375,-0.6731,-1.7385,12.6614,12.6419
30/06/2025,12:00:00,266.1562,315.0938,117.2125,54.8438,293.625,43.5,297.25,297.3438,5.6766,5.3141,5.3297,6.3531,-0.7383,-1.812,12.65,12.5704
30/06/2025,12:30:00,264.775,314.7188,116.9875,54.8062,293.625,43.5062,297.0625,297.1562,5.6047,5.3641,5.4109,6.3484,-0.6801,-1.749,12.7052,12.6077
30/06/2025,13:00:00,264.2438,315.6562,117.1625,55.4562,293.9,44.0125,297.6562,297.7188,5.5766,5.5859,5.6547,6.2203,-0.5139,-1.627,12.7507,12.6679
30/06/2025,13:30:00,265.7312,319.5625,115.9,52.9875,295.375,41.4,299.5,299.5938,5.5844,5.3062,5.4328,6.1547,-0.6784,-1.7225,12.7134,12.6256
30/06/2025,14:00:00,262.1188,320.4375,117.5625,51.5687,297.8,39.5812,300,300.0312,5.5625,5.3484,5.5547,5.8422,-0.6814,-1.829,12.5655,12.4875
30/06/2025,14:30:00,264.5625,318.9375,118.175,50.9625,294.475,38.8563,296.4375,296.4062,5.6469,5.3375,5.8234,6.4297,-0.6495,-1.7475,12.7962,12.7199
30/06/2025,15:00:00,262.7562,315.5312,120.4375,51.0062,293.975,38.8937,294,294.0625,5.5578,5.3438,5.7562,6.3875,-0.737,-1.833,12.7491,12.6646
30/06/2025,15:30:00,265.0938,315.3125,121.15,51.025,293.95,39.1125,294.0625,294.125,5.5312,5.2891,5.65,6.3641,-0.7283,-1.812,12.6435,12.5574
30/06/2025,16:00:00,264.0312,312.4688,120.15,51.0562,292.175,39.15,292.375,292.5,5.5344,5.1953,5.5328,6.2562,-0.6233,-1.699,12.8547,12.767
30/06/2025,16:30:00,264.2438,307.125,120.3,50.3875,290.025,38.5312,289.75,289.8438,5.6672,5.3844,5.4156,6.1156,-0.7208,-1.8125,12.7719,12.6939
30/06/2025,17:00:00,263.8187,304.875,120.9,50.5187,288.9,38.6063,286.875,286.9062,5.4578,5.2531,5.4297,6.3031,-0.6871,-1.7575,12.637,12.5639
30/06/2025,17:30:00,264.5625,305.7188,121.3125,50.575,289.475,38.825,286.9062,287,5.6891,5.3281,5.2359,5.9719,-0.6806,-1.781,12.8271,12.7491
30/06/2025,18:00:00,264.0312,304.4375,121.4875,50.7125,289.2,38.9875,286.4062,286.4688,5.6453,5.3469,5.3766,5.9703,-0.6386,-1.72,12.78,12.6955
30/06/2025,18:30:00,293.25,310.9062,119.1125,50.9125,291.75,39.3125,291,291.125,5.6062,5.4,5.6125,5.9562,-0.6596,-1.911,12.9376,12.8531
30/06/2025,19:00:00,339.6813,321.9688,119.5625,50.875,299.175,39.0687,300.5,300.625,4.8062,4.9125,5.0406,5.8047,-0.7059,-2.1995,13.3455,13.2529
30/06/2025,19:30:00,264.9874,313.75,125.3,50.5938,296.925,39.3375,294.6562,294.75,5.5266,5.1672,5.4281,5.8141,-0.6946,-1.764,12.8125,12.7329
30/06/2025,20:00:00,432.8624,334.0312,115.05,49.7375,302.025,37.9375,310.625,310.8125,4.2719,4.0328,4.3469,5.3266,-0.8324,-2.7015,13.6152,13.5031
30/06/2025,20:30:00,433.2875,349.9062,122.075,49.6875,315.8,38.1812,324.2188,324.3438,3.9219,3.6391,3.9266,4.9219,-0.884,-2.827,13.9045,13.8037
30/06/2025,21:00:00,259.4625,332.6875,125.3625,50.8312,311.95,38.475,313.1562,313.125,5.4297,5.4922,5.8125,6.0141,-0.6723,-1.6725,12.5785,12.4956
30/06/2025,21:30:00,264.9874,317.9062,119.65,50.5375,296.05,38.5687,298.4688,298.5,5.4312,5.2812,5.7469,5.8484,-0.6666,-1.7505,12.8791,12.7962
30/06/2025,22:00:00,265.9437,314.9062,118.95,50.3687,293.575,38.8062,294.4062,294.5,5.5172,5.3297,5.6203,6,-0.7099,-1.793,12.6663,12.5834
30/06/2025,22:30:00,264.775,312.25,120.5875,50.2812,292.3,38.5875,290.5938,290.75,5.8375,5.4906,5.7859,6.1172,-0.6972,-1.7925,12.7638,12.6809
30/06/2025,23:00:00,265.2,313.4375,121.5375,50.3375,293,38.5562,290.8125,290.8438,5.3656,5.2828,5.7375,5.9109,-0.6617,-1.773,12.8645,12.8027
30/06/2025,23:30:00,265.3063,312.125,121.4,50.1437,292.55,38.3937,290.375,290.375,5.8687,5.5984,5.8734,6.0906,-0.6876,-1.8065,12.8434,12.7475
01/07/2025,00:00:00,264.9874,310.9688,121.8,49.8125,292.5,38.1437,290.0625,290.0312,5.7109,5.475,5.6344,6.1375,-0.6819,-1.7785,12.611,12.5395
*** END OF DATA ***
