Trend,106-AirHEATER-HIEU2,06/07/2025,08:58:58
,TagNo,Description,Units
1,20HFE30EE301.out,HPA PRS SETP BIAS PV,kPa
2,20HLA21CP001XQ01.out,FDF A O/L AIR PRS,kPa
3,20HLA22CP001XQ01.out,FDF B O/L AIR PRS,kPa
4,20HLA30CP001XQ01.out,AH O/L SECAIR PRS,kPag
5,20HLA30CP501XQ01.out,AH O/L SECAIR PRS,kPag
6,20HLD01AE004XQ00.out,AH RTDRV CURR,A
7,20HCB01CF001XQ00.out,B-SB STM FLW,t/h
8,20HCB01CT001XQ00.out,B-SB STM TEMP,degC
9,20HCB41BN001.s6,AH SOOTBLOWER HOT SIDE RETRACTED,
10,20HCB41BN002.s6,AH SOOTBLOWER COLD SIDE RETRACTED,
11,20HLD01CT001XQ01.out,AH GDBRG TEMP,degC
12,20HLD01CT002XQ01.out,AH SPT BRG TEMP,degC
13,20HLA24AA501XQ01.out,AH SECAIR BYP CDPR CDRV POSN FDBK,%
14,,,
15,,,
16,,,

Date,Time,1,2,3,4,5,6,7,8,9,10,11,12,13,14,15,16
01/06/2025,00:00:00,11.7059,1.4907,1.5204,0.9006,0.8897,28.3375,3.211,248.14,1,0,50.0938,38.875,57.2687,,,
01/06/2025,00:30:00,12.2569,2.4002,2.4282,1.1222,1.1209,29.8,0.737,259.52,1,0,46.4562,38.8,16.6312,,,
01/06/2025,01:00:00,12.2306,2.5713,2.6019,1.1823,1.1653,28.9813,0.781,280.56,1,0,49.5125,38.7875,0,,,
01/06/2025,01:30:00,12.0744,2.9121,2.9541,1.342,1.3427,29.8687,0.813,294.24,1,0,45.2812,38.6812,0,,,
01/06/2025,02:00:00,12.0262,2.7625,2.8032,1.2504,1.2504,29.0812,0.778,294.96,1,1,48.9062,38.6437,0,,,
01/06/2025,02:30:00,12.1373,2.7717,2.808,1.2613,1.265,29.4125,0.858,292.78,1,1,44.2,38.6375,0,,,
01/06/2025,03:00:00,12.0547,2.7008,2.7271,1.2038,1.2001,28.4125,0.884,287.4,1,1,48.6875,38.5875,0,,,
01/06/2025,03:30:00,11.9628,2.7301,2.7607,1.2132,1.2068,29.9312,0.898,284.52,1,1,43.7875,38.6063,0,,,
01/06/2025,04:00:00,12.1559,2.7704,2.8054,1.2486,1.251,30.5312,3.003,286.46,1,0,48.3562,38.5938,0,,,
01/06/2025,04:30:00,12.0992,2.6706,2.7004,1.1672,1.1624,28.9875,2.898,289.76,1,0,43.075,38.55,0,,,
01/06/2025,05:00:00,12.0396,2.5993,2.6234,1.1467,1.1493,29.9813,3.092,290.6,1,0,48.0437,38.5438,0,,,
01/06/2025,05:30:00,12.2563,2.661,2.6921,1.2351,1.2302,29.3875,5.374,293.14,1,0,42.8,38.5125,0,,,
01/06/2025,06:00:00,11.7449,2.3631,2.3924,1.2812,1.2659,29.9312,0.849,280.26,1,0,47.5062,38.3687,8.8312,,,
01/06/2025,06:30:00,11.6771,1.2413,1.2684,0.6425,0.6429,29.975,11.292,293.62,1,1,49.9812,38.275,60.3438,,,
01/06/2025,07:00:00,11.9061,1.5016,1.5305,0.905,0.9047,29.7375,17.789,273.24,1,1,45.6687,38.325,45.2312,,,
01/06/2025,07:30:00,11.865,1.5699,1.6014,0.9345,0.9319,30.3625,16.302,274.08,1,1,49.1187,38.2437,52.2562,,,
01/06/2025,08:00:00,11.7129,1.4531,1.4806,0.838,0.8236,29.3062,0.796,263.8,1,1,44.6,38.1875,55.8687,,,
01/06/2025,08:30:00,11.8685,1.5257,1.5546,0.8708,0.8752,30.5687,0.803,256.66,1,1,48.9187,38.25,54.3375,,,
01/06/2025,09:00:00,11.8097,1.4929,1.5244,0.8509,0.8555,28.3312,3.143,259.3,1,0,44.3375,38.2125,52.7875,,,
01/06/2025,09:30:00,11.8522,1.3984,1.4272,0.7965,0.7956,29.4188,3.3,255.62,1,0,48.9688,38.3,53.7937,,,
01/06/2025,10:00:00,11.8177,1.4509,1.4815,0.8402,0.8378,29.1625,0.833,250.84,1,0,43.7875,38.4062,50.5312,,,
01/06/2025,10:30:00,11.8088,1.4636,1.4933,0.7934,0.7917,29.4,0.806,242.74,1,0,48.475,38.3125,48.375,,,
01/06/2025,11:00:00,11.8287,1.5248,1.5554,0.8601,0.859,30.6125,0.879,242.26,1,0,43.25,38.4062,46.4562,,,
01/06/2025,11:30:00,11.7982,1.5554,1.5817,0.8628,0.8776,28.3375,0.793,242.94,1,1,48.2312,38.4375,45.05,,,
01/06/2025,12:00:00,11.7949,1.6386,1.6687,0.8794,0.8772,29.4125,0.845,241.5,1,1,43.7875,38.45,40.1875,,,
01/06/2025,12:30:00,11.7095,1.6543,1.6854,0.8547,0.8402,29.425,0.784,239.96,1,1,48.4375,38.6375,36.4062,,,
01/06/2025,13:00:00,11.867,1.6784,1.7042,0.8544,0.8555,29.875,0.824,238.88,1,1,43.7812,38.775,34.9188,,,
01/06/2025,13:30:00,11.7889,1.7597,1.7834,0.8962,0.8999,29.85,2.261,245.66,1,1,49.1187,38.9312,32.4625,,,
01/06/2025,14:00:00,11.7223,1.6132,1.6416,0.8669,0.8647,31.65,3.137,252.96,1,0,45.5938,39.0625,34.9188,,,
01/06/2025,14:30:00,11.9506,2.0398,2.0673,0.9789,0.9815,28.7875,20.37,271.44,1,0,49.7812,39.2062,41.75,,,
01/06/2025,15:00:00,11.7823,2.5809,2.6238,1.2294,1.2504,28.3563,5.867,293.8,1,0,44.9937,39.375,0.0062,,,
01/06/2025,15:30:00,12.2295,2.8741,2.9104,1.3134,1.3005,29.4062,5.907,292.26,1,0,48.4125,39.425,0,,,
01/06/2025,16:00:00,12.2057,2.8994,2.941,1.3261,1.3265,28.05,0.818,300.6,1,1,49.8562,39.2937,0,,,
01/06/2025,16:30:00,12.1505,2.8535,2.8977,1.302,1.2943,29.5438,0.811,296.14,1,1,44.7062,39.45,0,,,
01/06/2025,17:00:00,12.0395,2.7642,2.7975,1.2206,1.2112,29.9375,0.628,292.1,1,1,48.325,39.4312,0,,,
01/06/2025,17:30:00,12.1157,2.7616,2.7962,1.246,1.2615,29.4562,0.749,288.82,1,1,46.0875,39.5062,0,,,
01/06/2025,18:00:00,12.095,2.7467,2.7831,1.2232,1.2211,29.4,0.722,277.06,1,1,47.5062,39.6,0,,,
01/06/2025,18:30:00,12.0494,2.8198,2.864,1.2596,1.2504,29.5312,2.883,287.82,1,0,44.3125,39.7188,0,,,
01/06/2025,19:00:00,11.9802,2.7266,2.7677,1.2077,1.2103,29.975,3.158,289.86,1,0,49.1062,39.8062,0,,,
01/06/2025,19:30:00,12.1616,2.7428,2.7831,1.2467,1.2462,31.65,2.74,290.94,1,0,45.8062,40.0062,0,,,
01/06/2025,20:00:00,12.0968,2.7778,2.8115,1.2604,1.2521,30.5375,0.861,279.08,1,0,48.4812,40.0562,0,,,
01/06/2025,20:30:00,12.0113,2.7831,2.8238,1.2366,1.2375,29.625,0.628,273.06,1,0,48.7062,40.0687,0,,,
01/06/2025,21:00:00,12.1259,2.8316,2.8666,1.2814,1.2795,29.4188,0.905,268,1,1,45.5875,40.2312,0,,,
01/06/2025,21:30:00,12.0608,2.7958,2.8286,1.2261,1.2254,29.9688,0.866,264.12,1,1,50.0312,40.2937,0,,,
01/06/2025,22:00:00,12.27,3.4065,3.4507,1.4879,1.4868,30.4188,0.595,275.06,1,1,48.6375,40.4062,0,,,
01/06/2025,22:30:00,12.9455,4.1354,4.2023,1.8139,1.8102,29.925,0.913,279.76,1,1,46.1125,40.3812,0,,,
01/06/2025,23:00:00,12.2259,3.2013,3.2407,1.4339,1.4276,28.8062,1.359,278.04,1,1,44.1062,40.3937,0,,,
01/06/2025,23:30:00,11.9581,2.6824,2.7113,1.1918,1.1911,29.8625,3.829,285.74,1,1,48.9812,40.4312,0,,,
02/06/2025,00:00:00,12.1054,2.7708,2.8045,1.2307,1.237,29.3687,5.79,289.18,1,1,45.5125,40.3875,0,,,
02/06/2025,00:30:00,11.784,2.4654,2.507,1.1438,1.143,29.9813,16.416,297.92,1,1,50.5312,40.2812,5.2563,,,
02/06/2025,01:00:00,11.9384,2.0809,2.1185,0.8833,0.875,28.4125,8.37,303.82,1,0,47.3625,40.2937,0,,,
02/06/2025,01:30:00,11.9644,1.8779,1.9116,0.9424,0.9435,30.525,2.927,303.86,1,0,44.2188,40.175,47.4062,,,
02/06/2025,02:00:00,11.8029,1.4377,1.4688,0.8824,0.8654,28.3312,17.485,274.02,1,0,49.5187,40.1125,49.725,,,
02/06/2025,02:30:00,11.7974,1.4797,1.5196,0.8851,0.8932,28.7938,0.804,268.66,1,0,46.1125,40.0938,53.3687,,,
02/06/2025,03:00:00,11.7008,1.3888,1.4216,0.8223,0.814,31.625,0.824,260.52,1,0,50.3438,40.0375,59.2875,,,
02/06/2025,03:30:00,11.8708,1.4535,1.4806,0.8507,0.8584,30.5562,0.899,253.46,1,1,46.6875,39.975,59.8,,,
02/06/2025,04:00:00,11.8352,1.4797,1.5038,0.8737,0.8673,30.55,3.231,252.12,1,0,43.6937,39.9375,60.7562,,,
02/06/2025,04:30:00,11.7202,1.3839,1.4111,0.8337,0.8404,29.4562,3.261,249.24,1,0,48.3562,39.8875,63.7812,,,
02/06/2025,05:00:00,11.8594,1.3888,1.4198,0.8733,0.8652,29.9813,3.301,248.08,1,0,43.5875,39.95,64.6437,,,
02/06/2025,05:30:00,11.8439,1.5961,1.6237,0.9387,0.9365,29.9125,0.822,240.1,1,0,49.1687,39.975,60.1875,,,
02/06/2025,06:00:00,11.696,1.4342,1.4579,0.8507,0.8509,29.4125,0.802,235.5,1,0,45.3562,39.975,58.2687,,,
02/06/2025,06:30:00,11.8391,1.4482,1.4741,0.8678,0.8494,28.7188,0.76,237.42,1,1,49.9375,40,57.55,,,
02/06/2025,07:00:00,11.7951,1.4469,1.4745,0.7954,0.7932,29.45,0.842,253.12,1,1,46.575,40.0812,54.7562,,,
02/06/2025,07:30:00,11.6945,1.4736,1.5051,0.8225,0.828,29.9125,0.838,246.58,1,1,46.7437,40.05,55.3625,,,
02/06/2025,08:00:00,11.8441,1.492,1.5191,0.8378,0.8339,29.1063,0.873,246.56,1,1,46.8375,40.0125,53.7312,,,
02/06/2025,08:30:00,11.8297,1.7891,1.8061,0.8472,0.8354,29.5187,0.91,252.96,1,1,50.2062,39.9937,51.575,,,
02/06/2025,09:00:00,11.7125,1.4373,1.4662,0.7923,0.7897,29.4062,3.02,267.2,1,0,46.35,39.9937,50.15,,,
02/06/2025,09:30:00,11.8605,1.5458,1.5782,0.9137,0.9093,29.9625,3.116,267.54,1,0,49.25,39.9062,51.1562,,,
02/06/2025,10:00:00,11.804,1.4561,1.485,0.838,0.8418,29.5938,5.438,263.94,1,0,42.8625,39.8062,54.3937,,,
02/06/2025,10:30:00,11.7477,1.5126,1.5392,0.8201,0.8223,29.9125,0.831,252.82,1,0,47.0062,39.8125,51.9375,,,
02/06/2025,11:00:00,11.8215,1.464,1.4959,0.8354,0.8317,30.5312,0.788,246.82,1,0,48.7062,39.7562,50.4125,,,
02/06/2025,11:30:00,11.8273,1.632,1.6578,0.9413,0.9343,29.9813,0.832,264.04,1,1,49.4562,39.6437,46.2188,,,
02/06/2025,12:00:00,11.7884,1.5191,1.5515,0.8673,0.8765,30.0187,0.822,261.7,1,1,49.7937,39.6062,46.2437,,,
02/06/2025,12:30:00,11.758,1.5729,1.6031,0.8792,0.8792,29.4188,0.807,252.3,1,1,43.7125,39.6562,44.8812,,,
02/06/2025,13:00:00,11.8788,1.9067,1.9317,1.0183,1.034,30.05,3.007,247.6,1,1,47.075,39.6375,37.275,,,
02/06/2025,13:30:00,11.8007,1.6552,1.6797,0.8234,0.8186,29.9688,2.761,244.72,1,1,48.8438,39.6562,42.025,,,
02/06/2025,14:00:00,11.713,1.9081,1.9317,0.9041,0.917,29.75,3.243,229,1,0,44.0812,39.7,41.8375,,,
02/06/2025,14:30:00,12.521,2.4882,2.5271,1.122,1.1198,31.075,19.762,289.06,1,0,47.7375,39.7937,0.0125,,,
02/06/2025,15:00:00,11.751,2.374,2.4024,1.0594,1.0515,30.55,0.619,284.48,1,0,50.1437,39.9125,0,,,
02/06/2025,15:30:00,12.0086,2.1579,2.1929,0.9146,0.915,28.8062,0.831,276.32,1,0,46.9812,39.9688,0,,,
02/06/2025,16:00:00,12.9799,4.1253,4.194,1.8548,1.8631,29.2938,0.845,273.24,1,1,50.2687,40.0625,0,,,
02/06/2025,16:30:00,12.8505,4.0168,4.082,1.7415,1.7417,29.9312,1.018,280.98,1,1,47.6437,40.1437,0,,,
02/06/2025,17:00:00,12.3443,3.3111,3.3562,1.454,1.4593,28.8812,0.837,281.1,1,1,44.2562,40.1812,0,,,
02/06/2025,17:30:00,12.4537,3.3067,3.3509,1.4632,1.4658,28.8563,3.822,270.88,1,1,48.9812,40.2937,0,,,
02/06/2025,18:00:00,12.4618,3.2927,3.3352,1.4532,1.4558,29.4688,5.724,280.82,1,1,45.5,40.3625,0,,,
02/06/2025,18:30:00,12.4067,3.2236,3.2665,1.3834,1.3836,30.15,3.101,282.78,1,0,50.3312,40.4875,0,,,
02/06/2025,19:00:00,12.346,3.2236,3.2648,1.4035,1.4114,28.8687,2.957,282.86,1,0,48.1562,40.4812,0,,,
02/06/2025,19:30:00,12.4245,3.2057,3.2516,1.4505,1.4411,29.4562,5.827,285.18,1,0,45.2,40.5062,0,,,
02/06/2025,20:00:00,13.4123,4.3458,4.4276,1.9289,1.9335,27.7875,1.085,277.06,1,0,50.2,40.55,0,,,
02/06/2025,20:30:00,12.8388,3.8536,3.9118,1.6621,1.659,30.5375,0.907,266.58,1,0,47.5125,40.6562,0,,,
02/06/2025,21:00:00,12.9803,3.998,4.0693,1.7806,1.7773,29.3062,0.966,259.78,1,1,45.125,40.6937,0,,,
02/06/2025,21:30:00,12.9414,4.0444,4.1026,1.7725,1.7708,28.9062,0.881,259.78,1,1,50.3875,40.7125,0,,,
02/06/2025,22:00:00,12.8839,4.0697,4.1301,1.7903,1.7894,30.5562,0.846,261.66,1,1,47.9688,40.6375,0,,,
02/06/2025,22:30:00,13.0467,4.0413,4.1074,1.7677,1.7583,30.0875,1.064,257.92,1,1,44.6875,40.6375,0,,,
02/06/2025,23:00:00,13.0204,3.9836,4.0479,1.6947,1.7036,28.2875,0.947,276.06,1,1,50.2687,40.6187,0,,,
02/06/2025,23:30:00,12.3859,3.6025,3.6524,1.5527,1.5586,28.3312,6.307,283,1,0,47.9312,40.7,0,,,
03/06/2025,00:00:00,11.9475,2.4392,2.4808,1.1966,1.1806,28.7125,3.059,293.78,1,0,44.4062,40.625,0,,,
03/06/2025,00:30:00,12.2212,2.1006,2.1373,0.9054,0.903,29.9813,0.875,295.78,1,0,49.4312,40.5312,0,,,
03/06/2025,01:00:00,11.7214,1.3174,1.3481,0.7689,0.7669,28.6375,3.826,273.06,1,0,46.0562,40.5187,39.1625,,,
03/06/2025,01:30:00,12.104,2.0113,2.0498,1.0382,1.0369,29.4562,5.189,278.42,1,0,50.425,40.4437,36.7562,,,
03/06/2025,02:00:00,11.967,1.8542,1.8849,0.9229,0.917,28.3812,0.688,286,1,1,47.1937,40.3562,53.0187,,,
03/06/2025,02:30:00,11.8037,1.9146,1.9466,0.9627,0.9638,29.8563,0.792,281.04,1,1,43.2375,40.2812,53.1812,,,
03/06/2025,03:00:00,11.9948,1.8945,1.9234,0.9382,0.9354,29.85,0.816,279.76,1,1,48.275,40.2625,53.1812,,,
03/06/2025,03:30:00,11.9747,1.8862,1.9107,0.8883,0.898,29.5187,0.963,279.16,1,1,43.0125,40.1812,52.7812,,,
03/06/2025,04:00:00,11.9656,1.9313,1.9627,0.9327,0.9338,29.4562,3.155,297.82,1,0,48.6125,40.0687,53.3,,,
03/06/2025,04:30:00,11.8659,1.9177,1.9453,0.9745,0.9811,30.6562,3.066,305.5,1,0,43.725,40.0812,55.4625,,,
03/06/2025,05:00:00,12.079,1.8599,1.8888,0.9922,0.9822,29.4188,2.938,308.4,1,0,48.8187,40.0312,57.4625,,,
03/06/2025,05:30:00,11.9464,1.8223,1.8455,0.9286,0.9282,30.1812,0.893,297.4,1,0,43.5312,39.9312,58.9062,,,
03/06/2025,06:00:00,11.9258,1.8158,1.8499,0.9157,0.9201,29.6312,0.817,289.84,1,0,48.6062,39.7875,58.0312,,,
03/06/2025,06:30:00,11.7389,1.4045,1.4399,0.7928,0.8024,29.4625,17.949,253.26,1,1,43.2812,39.6937,51.25,,,
03/06/2025,07:00:00,11.792,1.4671,1.499,0.8396,0.84,29.225,0.842,253.54,1,1,48.1312,39.5938,48.8187,,,
03/06/2025,07:30:00,11.8989,2.0555,2.0887,0.9594,0.9645,30.6,0.766,256.22,1,1,44.3,39.5437,50.0625,,,
03/06/2025,08:00:00,12.022,1.9645,1.9995,0.9338,0.9376,28.9312,1.144,264.14,1,1,46.85,39.3562,53.2437,,,
03/06/2025,08:30:00,11.9821,1.9881,2.017,0.9065,0.8969,29.9375,0.914,269.3,1,1,49.8312,39.375,47.3312,,,
03/06/2025,09:00:00,11.8788,2.059,2.0957,0.9842,0.9835,28.3187,3.215,298.78,1,0,45.8937,39.325,44.8687,,,
03/06/2025,09:30:00,11.807,1.2387,1.2693,0.7098,0.7068,29.7375,13.563,281.32,1,0,49.3438,39.2312,63.7812,,,
03/06/2025,10:00:00,11.7852,1.4758,1.5082,0.8041,0.81,29.525,0.803,269.16,1,0,44.6875,39.225,31.6437,,,
03/06/2025,10:30:00,11.7154,1.5134,1.5449,0.861,0.8597,27.9125,0.848,259.64,1,0,48.9437,39.175,33.4562,,,
03/06/2025,11:00:00,11.8052,1.5152,1.5458,0.8643,0.8621,29.6063,0.88,249.94,1,0,43.8438,39.3,42.2875,,,
03/06/2025,11:30:00,11.7687,1.5034,1.5336,0.8059,0.8129,30.5687,0.777,245.48,1,1,48.625,39.2062,43.3875,,,
03/06/2025,12:00:00,11.8354,1.5454,1.5777,0.8277,0.8262,29.9312,0.754,242.3,1,1,43.75,39.3375,40.525,,,
03/06/2025,12:30:00,11.7942,1.6224,1.6556,0.8759,0.868,29.4062,0.835,240.04,1,1,48.7125,39.4,38.5062,,,
03/06/2025,13:00:00,11.7758,1.6176,1.6477,0.835,0.8367,28.5375,0.824,238.56,1,1,44.0187,39.475,38.7375,,,
03/06/2025,13:30:00,11.8523,1.6272,1.6587,0.9091,0.8997,27.7125,2.299,248.58,1,1,48.8937,39.65,35.8,,,
03/06/2025,14:00:00,11.7946,1.6766,1.7007,0.9763,0.9791,29.4,2.976,249.94,1,0,44.575,39.7312,38.3438,,,
03/06/2025,14:30:00,11.7664,1.9404,1.9684,1.1003,1.1032,29.3625,3.187,246.7,1,0,49.5,39.8438,38.8563,,,
03/06/2025,15:00:00,11.9756,2.1237,2.1509,1.0318,1.0356,28.9875,0.747,263.52,1,0,45.825,39.8875,30.3,,,
03/06/2025,15:30:00,11.9529,2.0918,2.1268,1.024,1.0251,29.45,0.772,263.26,1,0,50.4875,40.0312,36.25,,,
03/06/2025,16:00:00,11.8992,2.0699,2.1006,0.982,0.9737,30.1063,0.853,266.08,1,1,47.4937,40.1375,35.25,,,
03/06/2025,16:30:00,11.8192,2.0708,2.101,0.9518,0.9607,28.9,0.838,269.6,1,1,43.25,40.2,33.7875,,,
03/06/2025,17:00:00,12.0631,2.1303,2.1653,1.0019,0.9993,28.9688,0.911,272.4,1,1,48.9937,40.2875,34.025,,,
03/06/2025,17:30:00,11.9142,2.0857,2.1167,0.9728,0.9774,28.975,0.724,274.78,1,1,45.625,40.3625,46.5312,,,
03/06/2025,18:00:00,11.7814,2.1006,2.1378,0.9909,0.9721,28.9,17.255,306.78,1,1,50.0687,40.5125,40.4625,,,
03/06/2025,18:30:00,11.9677,2.1754,2.2056,1.0537,1.0391,29.45,2.985,308.5,1,0,46.575,40.5375,35.7188,,,
03/06/2025,19:00:00,11.9031,1.9781,2.0082,0.9279,0.9317,29.9125,2.938,315.6,1,0,43.9312,40.6875,37.1812,,,
03/06/2025,19:30:00,11.851,2.0126,2.0476,1.0211,1.0262,29.2875,2.93,312.3,1,0,48.3812,40.7312,42.6812,,,
03/06/2025,20:00:00,11.9217,1.9999,2.0271,0.9863,0.992,29.9,0.786,298.5,1,0,44.775,40.6812,43.6375,,,
03/06/2025,20:30:00,11.936,1.9916,2.0244,0.9798,0.9831,29.925,0.838,290.96,1,0,49.8375,40.8125,46.6562,,,
03/06/2025,21:00:00,11.9169,1.9894,2.0166,0.9349,0.9492,30.5562,0.916,286.6,1,1,46.475,40.7812,46.4688,,,
03/06/2025,21:30:00,11.8574,2.0402,2.0695,0.9892,0.9815,29.3438,1.205,283.5,1,1,43.8375,40.8062,44.7188,,,
03/06/2025,22:00:00,11.9923,1.9999,2.0288,0.9236,0.9286,29.5438,0.748,304.1,1,1,48.2375,40.8937,40.7625,,,
03/06/2025,22:30:00,11.9899,1.9514,1.9767,0.9017,0.8971,28.9562,0.868,302.56,1,1,42.9688,40.8125,44.975,,,
03/06/2025,23:00:00,11.8656,1.982,2.0144,0.9266,0.9201,28.8563,2.946,307.92,1,0,48.7937,40.8375,47.4312,,,
03/06/2025,23:30:00,12.012,1.9203,1.9505,0.9325,0.9354,29.375,2.948,309.16,1,0,44.5938,40.7875,47.5375,,,
04/06/2025,00:00:00,11.9641,1.9264,1.9579,0.9618,0.9568,29.3875,0.845,305.92,1,0,49.4187,40.675,47.5938,,,
04/06/2025,00:30:00,11.7305,1.5729,1.6044,0.8866,0.8785,28.975,0.831,252.78,1,0,45.6062,40.6875,44.5437,,,
04/06/2025,01:00:00,11.8755,1.8472,1.8779,0.9553,0.957,30.3625,0.771,250.18,1,0,50.4062,40.725,38.3875,,,
04/06/2025,01:30:00,11.8769,1.8844,1.9168,0.9319,0.9439,29.2562,0.824,259.96,1,1,47.4375,40.725,53.3812,,,
04/06/2025,02:00:00,11.9131,1.8827,1.9129,0.9063,0.9074,29.6187,1.041,269.5,1,1,43.8187,40.8,54.2875,,,
04/06/2025,02:30:00,11.8514,1.9728,2.0034,0.9704,0.9776,29.9188,0.997,274.62,1,1,49.2562,40.8125,48.05,,,
04/06/2025,03:00:00,11.8861,2.0367,2.0691,1.0098,1.0146,28.9312,0.974,311.52,1,1,45.8812,40.8875,47.2312,,,
04/06/2025,03:30:00,11.8365,1.9824,2.0135,0.9544,0.9489,29.3687,0.885,296.32,1,1,49.1437,41.0062,48.8187,,,
04/06/2025,04:00:00,11.9452,1.9907,2.0244,0.966,0.9717,29.6063,3.104,305.02,1,0,47.6625,40.9437,49.6062,,,
04/06/2025,04:30:00,11.9499,1.9067,1.9413,0.9389,0.9408,29.9813,2.968,309.26,1,0,43.7312,40.9937,52.1687,,,
04/06/2025,05:00:00,11.8393,1.8424,1.877,0.9098,0.9152,28.2437,3.002,310.64,1,0,49.0437,41.0125,52.775,,,
04/06/2025,05:30:00,11.9037,1.9435,1.9746,1.0157,1.0286,29.9813,0.881,299.5,1,0,44.9312,40.9375,52.325,,,
04/06/2025,06:00:00,11.8516,1.8879,1.9234,0.9651,0.9559,30.0438,0.793,291.86,1,0,49.7625,40.8812,49.775,,,
04/06/2025,06:30:00,11.8222,1.947,1.9732,0.9695,0.9603,29.975,0.842,287.52,1,1,46.075,40.8625,49.5625,,,
04/06/2025,07:00:00,11.9532,2.0043,2.0398,0.9824,0.9912,30.0187,16.855,306.14,1,1,50.2937,40.8312,47.8187,,,
04/06/2025,07:30:00,11.9211,1.9907,2.0301,0.9583,0.9389,29.925,0.738,301.64,1,1,47.1312,40.8187,43.7312,,,
04/06/2025,08:00:00,11.81,2.0161,2.0542,0.973,0.9682,29.85,0.898,292.86,1,1,44.2937,40.7562,45.0562,,,
04/06/2025,08:30:00,11.8843,2.0704,2.1062,0.9828,0.992,28.3375,0.686,288.16,1,1,48.0812,40.8125,43.5125,,,
04/06/2025,09:00:00,11.892,1.9969,2.0297,0.9253,0.9325,29.8187,2.999,305.64,1,0,43.5687,40.7062,39.3312,,,
04/06/2025,09:30:00,11.6845,1.7589,1.7799,0.9019,0.8868,29.4625,2.999,291.68,1,0,48.775,40.6562,39.65,,,
04/06/2025,10:00:00,11.8318,1.8035,1.8263,0.9244,0.9262,31.6437,11.723,301.7,1,0,44.0562,40.6937,36.1875,,,
04/06/2025,10:30:00,11.7844,1.8499,1.8779,0.9616,0.9704,29.425,5.972,295.98,1,0,48.875,40.5875,37.075,,,
04/06/2025,11:00:00,11.7357,1.8442,1.87,0.9268,0.9238,29.3875,5.471,295.18,1,0,43.4375,40.5938,36.3187,,,
04/06/2025,11:30:00,11.8444,1.8245,1.8595,0.901,0.9146,29.8062,5.281,296.18,1,1,48.4937,40.4625,33.1812,,,
04/06/2025,12:00:00,11.743,1.8472,1.8656,0.9662,0.9634,29.4625,0.884,277.92,1,1,43.475,40.4312,43.1562,,,
04/06/2025,12:30:00,11.722,1.8061,1.8337,0.8947,0.8988,29.4625,8.594,301.34,1,1,48.1187,40.3875,48.225,,,
04/06/2025,13:00:00,11.8224,1.8862,1.9151,0.992,0.9758,29.4688,17.613,311.18,1,1,49.8875,40.4312,52.2,,,
04/06/2025,13:30:00,11.7802,1.8503,1.8678,0.9872,0.9828,30.35,2.266,285.44,1,1,44.5187,40.3937,53.5062,,,
04/06/2025,14:00:00,11.6869,1.7344,1.7597,0.8956,0.887,29.4062,2.998,290.24,1,0,46.8625,40.325,54.5687,,,
04/06/2025,14:30:00,11.8191,1.6902,1.7156,0.873,0.8842,29.2687,3.012,290.44,1,0,48.0687,40.3062,52.8625,,,
04/06/2025,15:00:00,11.902,1.9929,2.0236,0.9955,0.9977,28.2812,0.831,287.62,1,0,48.7562,40.2875,51.9625,,,
04/06/2025,15:30:00,11.8873,1.9474,1.9789,0.9669,0.964,27.6875,0.899,283.72,1,0,49.1,40.0812,54.6812,,,
04/06/2025,16:00:00,11.8224,1.9916,2.0201,1.0058,1.0089,28.3812,0.88,281.76,1,1,49.3937,40.1937,50.9062,,,
04/06/2025,16:30:00,12.5335,3.3693,3.4187,1.4319,1.4289,29.4562,0.858,303.1,1,1,49.8187,40.1562,0,,,
04/06/2025,17:00:00,11.7284,2.4081,2.4523,1.1123,1.1213,28.8687,0.786,287.48,1,1,42.8,40.1875,0,,,
04/06/2025,17:30:00,11.8076,2.0708,2.1089,1.0695,1.0743,29.5312,0.74,298.2,1,1,47.0812,40.0687,39.8062,,,
04/06/2025,18:00:00,11.9303,2.1128,2.1439,1.0682,1.0638,28.325,0.976,300.3,1,1,48.725,40.2312,47.9562,,,
04/06/2025,18:30:00,11.7426,1.9614,1.9872,0.9494,0.9529,28.9,2.909,308.18,1,0,49.6937,40.2875,51.6062,,,
04/06/2025,19:00:00,11.9554,1.9894,2.0117,1.0524,1.0489,29.9937,2.884,311.94,1,0,43.1187,40.2937,54.9062,,,
04/06/2025,19:30:00,11.8844,1.9072,1.9321,1.008,1.0028,29.3563,2.936,311.44,1,0,46.1375,40.3937,58.225,,,
04/06/2025,20:00:00,11.7717,1.9273,1.9641,0.9942,0.9916,31.1312,0.96,297.9,1,0,48.7437,40.4062,56.6312,,,
04/06/2025,20:30:00,12.7912,3.7123,3.7709,1.6187,1.6159,29.975,5.06,300.7,1,0,50.0437,40.4437,0,,,
04/06/2025,21:00:00,12.6198,4.0719,4.1402,1.7371,1.7371,28.4125,0.647,285.3,1,1,47.1125,40.5687,0,,,
04/06/2025,21:30:00,12.6037,4.0378,4.1034,1.7332,1.7393,28.225,0.879,272.86,1,1,50.1312,40.5625,0,,,
04/06/2025,22:00:00,12.5609,4.0142,4.0781,1.6982,1.6931,29.6187,0.926,268.36,1,1,47.1375,40.4875,0,,,
04/06/2025,22:30:00,12.0984,3.4901,3.55,1.4849,1.4934,27.2313,0.808,263.9,1,1,44.825,40.5812,0,,,
04/06/2025,23:00:00,11.7673,2.3324,2.367,1.2044,1.2071,29.2812,3.283,288.4,1,0,47.775,40.575,6.7,,,
04/06/2025,23:30:00,11.7609,1.6416,1.6639,0.8595,0.8459,29.4125,7.833,301.6,1,0,44.55,40.5375,46.9062,,,
05/06/2025,00:00:00,11.8312,1.8446,1.8731,0.9397,0.9518,28.8,2.938,305.28,1,0,47.7812,40.5062,59.9375,,,
05/06/2025,00:30:00,11.7364,1.7956,1.8232,0.9306,0.9356,27.1875,0.768,293.56,1,0,43.7937,40.5875,61.1,,,
05/06/2025,01:00:00,11.8617,1.2649,1.2929,0.8337,0.8343,28.3375,8.953,258.78,1,0,47.7188,40.5875,73.7562,,,
05/06/2025,01:30:00,11.8091,1.3603,1.3888,0.7669,0.7648,29.3125,0.853,254,1,1,46.9688,40.5187,52.7937,,,
05/06/2025,02:00:00,11.7264,1.4627,1.4933,0.8763,0.8704,29.4688,0.798,249.12,1,1,46.8,40.425,65.9625,,,
05/06/2025,02:30:00,11.9765,1.961,1.9881,1.0329,1.0268,29.3937,0.743,252.34,1,1,49.7125,40.3438,67.2875,,,
05/06/2025,03:00:00,11.8742,1.9146,1.9418,0.9575,0.9669,28.8438,1.205,262.04,1,1,44.4375,40.2562,63.0625,,,
05/06/2025,03:30:00,11.8406,1.9789,2.0126,0.9977,0.9852,29.5438,0.78,268.14,1,1,47.875,40.1687,62.825,,,
05/06/2025,04:00:00,11.9564,2.0196,2.0446,1.0399,1.0498,29.9688,3.165,293.16,1,0,49.4312,39.95,61.7812,,,
05/06/2025,04:30:00,11.9123,1.8897,1.9164,0.9496,0.9577,28.3125,3.029,304.2,1,0,41.475,39.75,64.3187,,,
05/06/2025,05:00:00,11.846,1.8066,1.8341,0.961,0.9513,29.9688,3,308.22,1,0,46.05,39.6562,65.7875,,,
05/06/2025,05:30:00,11.9445,1.8039,1.8328,0.982,0.9807,28.8438,0.82,297.66,1,0,48.0312,39.4688,65.4875,,,
05/06/2025,06:00:00,11.9117,1.8507,1.8805,0.9776,0.971,27.9062,0.86,290.1,1,0,49.1875,39.3312,63.9187,,,
05/06/2025,06:30:00,11.7774,1.8214,1.8499,0.9056,0.8894,28.3563,0.832,286.04,1,1,49.925,39.1562,62.1,,,
05/06/2025,07:00:00,11.9298,1.94,1.9763,0.9831,0.9833,29.5187,1.126,283.38,1,1,45.8062,39.1437,59.1125,,,
05/06/2025,07:30:00,11.9024,1.9579,1.9964,0.912,0.908,29.7625,0.825,282.26,1,1,48.7812,39.1375,56.4375,,,
05/06/2025,08:00:00,11.7489,2.0157,2.0463,0.9702,0.9715,29.4188,0.731,281.5,1,1,49.8187,39.1312,55.5437,,,
05/06/2025,08:30:00,11.9654,2.0857,2.1277,1.006,1.0021,28.825,0.871,280.58,1,1,44.325,39.2375,53.0187,,,
05/06/2025,09:00:00,11.8691,1.9212,1.9527,0.9093,0.9089,30.0938,3.1,308.44,1,0,47.5687,39.0687,51.9437,,,
05/06/2025,09:30:00,11.7957,1.9295,1.9667,0.9697,0.966,27.8937,2.938,309.54,1,0,48.8875,38.9375,55.3125,,,
05/06/2025,10:00:00,11.9273,1.9076,1.9457,0.9575,0.9583,29.2313,0.843,308.72,1,0,49.4625,38.9062,57.4187,,,
05/06/2025,10:30:00,11.972,1.9041,1.9361,0.9369,0.9332,29.8625,0.823,295.22,1,0,49.4625,38.8312,56.1875,,,
05/06/2025,11:00:00,11.7856,1.9369,1.9706,0.9286,0.9258,27.6812,5.542,306.28,1,0,49.4937,38.6937,53.275,,,
05/06/2025,11:30:00,12.03,2.0349,2.066,1.0257,1.0194,29.4125,0.755,295.02,1,1,49.325,38.6,53.25,,,
05/06/2025,12:00:00,11.9863,2.1084,2.1443,1.0329,1.0351,29.4188,0.797,313.42,1,1,49.0437,38.5938,52.05,,,
05/06/2025,12:30:00,11.9269,1.9772,2.01,0.9419,0.9478,29.85,0.95,307.96,1,1,48.95,38.525,48.4312,,,
05/06/2025,13:00:00,11.8909,1.9531,1.9842,0.9378,0.9314,29.925,0.803,293.2,1,1,48.7875,38.4937,52.6687,,,
05/06/2025,13:30:00,12.0316,2.0122,2.0367,1.003,1.0034,29.45,2.271,306.16,1,1,48.7437,38.3812,54.1062,,,
05/06/2025,14:00:00,11.9427,1.9544,1.9824,0.9542,0.9632,29.9,2.895,308.8,1,0,48.2937,38.3625,55.15,,,
05/06/2025,14:30:00,11.8721,1.9251,1.9579,0.9616,0.966,29.4562,3.038,309.3,1,0,47.8375,38.3187,57.1437,,,
05/06/2025,15:00:00,12.0737,1.8971,1.9286,0.9347,0.9347,28.3062,0.91,299.94,1,0,47.5125,38.2562,55.2875,,,
05/06/2025,15:30:00,11.9557,1.8682,1.9024,0.9015,0.8982,29.4188,0.941,289.82,1,0,47.4312,38.2625,54.1875,,,
05/06/2025,16:00:00,11.7986,2.0187,2.0472,1.0001,1.0003,28.8937,0.812,284.4,1,1,47.5062,38.175,54.3438,,,
05/06/2025,16:30:00,11.9457,2.0148,2.0476,0.9815,0.9883,29.4188,0.731,280.7,1,1,47.7375,38.2938,54.9375,,,
05/06/2025,17:00:00,11.8887,2.0126,2.0419,0.9818,0.9758,29.4125,0.894,278.18,1,1,47.7562,38.375,54.0312,,,
05/06/2025,17:30:00,11.9108,2.0555,2.0835,0.9828,0.9844,30.575,1.067,276.9,1,1,47.65,38.3563,52.6125,,,
05/06/2025,18:00:00,11.788,2.0747,2.1049,1.001,0.9938,29.3687,1.015,275.94,1,1,48.0562,38.4562,51.0938,,,
05/06/2025,18:30:00,11.9619,2.0791,2.1049,0.9922,0.9977,30.5062,3.058,298.46,1,0,48.3375,38.4875,51.65,,,
05/06/2025,19:00:00,11.9107,2.052,2.0839,1.0447,1.0489,28.3187,2.993,304.82,1,0,49,38.6875,53.4875,,,
05/06/2025,19:30:00,11.77,2.0126,2.0433,1.036,1.0412,28.4937,3.008,307.48,1,0,49.6687,38.775,54,,,
05/06/2025,20:00:00,12.3235,2.4746,2.5131,1.2206,1.2047,31.0187,1.797,293.98,1,0,42.725,38.775,33.2375,,,
05/06/2025,20:30:00,12.8427,4.3922,4.4823,1.8856,1.8854,28.3375,0.713,301.36,1,0,46.9312,38.9125,0,,,
05/06/2025,21:00:00,12.5844,4.1363,4.2102,1.7629,1.7382,29.9312,0.866,284.46,1,1,48.8062,38.875,0,,,
05/06/2025,21:30:00,12.4728,4.054,4.1227,1.7441,1.7384,29.45,3.317,280,1,1,49.5938,38.8312,0,,,
05/06/2025,22:00:00,12.6322,4.1476,4.2076,1.839,1.8454,29.7562,16.158,274.58,1,1,43.8687,38.8687,0,,,
05/06/2025,22:30:00,11.9439,3.053,3.1046,1.2987,1.2926,27.8062,11.232,288.94,1,1,48.3562,38.9,0,,,
05/06/2025,23:00:00,11.7143,2.2896,2.3228,1.0629,1.0553,29.6812,8.719,297.34,1,1,43.4312,38.9437,4.75,,,
05/06/2025,23:30:00,11.8447,2.1592,2.1828,1.0303,1.0364,30.5562,5.249,299.66,1,1,47.5687,39.075,27.55,,,
06/06/2025,00:00:00,12.2222,2.4637,2.4878,1.0489,1.0662,28.3312,0.885,287.08,1,1,49.6687,39.1062,16.75,,,
06/06/2025,00:30:00,12.1123,2.423,2.4471,1.059,1.059,29.375,0.817,278.7,1,1,47.1812,39.2188,30.1187,,,
06/06/2025,01:00:00,12.3851,2.521,2.5617,1.1506,1.1532,28.9188,0.787,274.04,1,1,44.05,39.2812,33.8687,,,
06/06/2025,01:30:00,12.0913,2.2371,2.2673,1.0714,1.0655,30.0438,5.355,287.28,1,0,47.95,39.325,51.9375,,,
06/06/2025,02:00:00,11.8093,1.9794,2.0047,0.9763,0.9879,28.9562,2.937,309.88,1,0,43.7937,39.4062,56.5625,,,
06/06/2025,02:30:00,11.9926,1.9536,1.9855,1.008,1.015,28.8812,0.801,308.16,1,0,48.9875,39.5312,59.375,,,
06/06/2025,03:00:00,11.9264,1.9203,1.9435,0.994,0.9831,29.9375,0.835,294.14,1,0,45,39.7375,60.4187,,,
06/06/2025,03:30:00,11.9127,1.9116,1.9396,0.915,0.924,29.925,0.904,287.84,1,0,49.4937,39.6875,58.75,,,
06/06/2025,04:00:00,11.8852,1.9811,2.0148,1.0023,0.9955,29.4188,3.06,299.66,1,0,45.9187,39.875,59.6062,,,
06/06/2025,04:30:00,11.9489,1.9317,1.9654,0.9977,1.0023,29.075,2.956,305.42,1,0,49.8187,39.875,59.8375,,,
06/06/2025,05:00:00,11.9181,1.8989,1.926,0.9424,0.9489,29.45,2.994,307.42,1,0,45.775,39.8,58.775,,,
06/06/2025,05:30:00,11.8623,1.9142,1.9422,0.9607,0.9607,29.975,0.729,296.66,1,0,49.5125,39.85,59.4812,,,
06/06/2025,06:00:00,11.9385,2.0157,2.0428,1.0187,1.0172,28.3375,0.913,288.76,1,0,45.1937,39.8312,57.7125,,,
06/06/2025,06:30:00,11.7649,1.6469,1.6718,0.908,0.9008,29.4,0.848,247.8,1,1,49.275,39.8,51.5875,,,
06/06/2025,07:00:00,11.8282,2.0979,2.1246,1.0524,1.0583,29.4625,0.817,254.94,1,1,44.2937,39.9125,52.4688,,,
06/06/2025,07:30:00,11.97,2.1097,2.1443,1.0454,1.0445,30.2062,0.794,266.1,1,1,48.3937,39.8562,57.175,,,
06/06/2025,08:00:00,11.9319,2.1439,2.1762,0.9837,0.985,30.45,0.847,271.9,1,1,45.0875,39.8937,50.3625,,,
06/06/2025,08:30:00,11.7725,2.1627,2.1916,0.9982,0.9879,29.725,0.866,274.62,1,1,46.4375,39.875,49.925,,,
06/06/2025,09:00:00,11.9456,2.1946,2.2309,1.064,1.0688,28.9062,3.065,300.06,1,0,48.6875,39.7312,49.925,,,
06/06/2025,09:30:00,11.9458,2.0677,2.0988,0.9855,0.9835,29.6688,3,305.3,1,0,49.3875,39.625,52.0375,,,
06/06/2025,10:00:00,11.7801,2.0852,2.1216,1.0218,1.0172,29.9813,0.82,311.56,1,0,49.4187,39.5312,49.4187,,,
06/06/2025,10:30:00,11.9862,2.2082,2.2476,1.1012,1.0924,29.4062,0.815,317,1,0,49.5,39.4625,46.275,,,
06/06/2025,11:00:00,11.9356,2.1246,2.1548,1.008,1.0071,29.5438,0.902,310.12,1,0,49.5375,39.3187,44.1062,,,
06/06/2025,11:30:00,11.6925,1.4627,1.4933,0.8472,0.8409,28.875,0.849,258.14,1,1,49.4312,39.2562,46.275,,,
06/06/2025,12:00:00,11.9005,1.6237,1.6547,0.9715,0.9712,30.425,0.82,251.54,1,1,49.3562,39.1125,45.1062,,,
06/06/2025,12:30:00,11.9447,2.2038,2.2292,1.0649,1.057,29.4562,0.841,254.92,1,1,49.075,39.075,50.6562,,,
06/06/2025,13:00:00,11.884,2.0927,2.1216,1.0157,1.0143,29.2875,1.002,300.4,1,1,48.8625,39.05,53.1437,,,
06/06/2025,13:30:00,12.0429,2.1504,2.1815,1.0533,1.043,30.0375,2.265,295.48,1,1,48.5625,38.95,51.4688,,,
06/06/2025,14:00:00,11.9938,2.0852,2.1224,1.0428,1.0248,28.9312,2.939,304.9,1,0,48.4437,38.9062,51.8438,,,
06/06/2025,14:30:00,11.9686,2.0927,2.1255,1.0404,1.038,30.025,2.997,307.26,1,0,48.2562,38.9062,53.425,,,
06/06/2025,15:00:00,12.845,3.7919,3.8471,1.6505,1.6522,29.3625,0.908,303.28,1,0,48.0062,38.8563,0,,,
06/06/2025,15:30:00,12.841,4.0496,4.1174,1.7259,1.7279,29.4062,0.762,287.96,1,0,48.0062,38.7875,0,,,
06/06/2025,16:00:00,12.7753,4.0409,4.1074,1.6647,1.6715,29.4125,3.661,279.28,1,1,48.325,38.6937,0,,,
06/06/2025,16:30:00,12.6081,3.9941,4.0579,1.701,1.7023,27.3875,0.76,276.84,1,1,48.9062,38.6937,0,,,
06/06/2025,17:00:00,11.8897,2.3311,2.3539,1.1458,1.1353,28.2938,0.818,289.24,1,1,49.2375,38.6063,7.65,,,
06/06/2025,17:30:00,11.7825,1.7357,1.7615,0.8,0.805,29.9062,6.015,289.64,1,1,49.75,38.5625,42.9688,,,
06/06/2025,18:00:00,11.8777,1.8586,1.8888,0.915,0.9089,29.975,5.848,299.98,1,1,43.9562,38.5687,59.8562,,,
06/06/2025,18:30:00,12.0847,1.8761,1.9076,1.0224,1.0108,28.6562,5.273,304.48,1,0,47.9,38.6812,64.8937,,,
06/06/2025,19:00:00,12.0336,1.8717,1.9063,0.9748,0.9737,29.4312,2.996,312.62,1,0,49.425,38.5062,64.3687,,,
06/06/2025,19:30:00,11.8615,1.8214,1.8516,0.9188,0.9231,30.0687,2.911,310.72,1,0,42.2312,38.5187,65.8625,,,
06/06/2025,20:00:00,12.0775,1.9308,1.9597,1.0714,1.0614,30.5625,0.904,297.06,1,0,46.4812,38.4562,65.4437,,,
06/06/2025,20:30:00,11.9549,1.8346,1.8647,0.9244,0.9319,28.6562,0.903,289.18,1,0,48.725,38.4125,64.9125,,,
06/06/2025,21:00:00,11.8344,1.8748,1.9076,0.9319,0.9334,29.45,11.026,309.26,1,1,49.8687,38.4062,63.3,,,
06/06/2025,21:30:00,11.9276,1.8525,1.8818,0.9413,0.9435,30.5375,0.705,295.76,1,1,45.2812,38.3625,65.1062,,,
06/06/2025,22:00:00,12.0296,1.9514,1.982,1.0073,1.0023,29.4188,0.894,288.2,1,1,48.7312,38.3187,64.7062,,,
06/06/2025,22:30:00,11.9888,1.9816,2.0109,0.9901,0.989,29.45,0.745,307.2,1,1,42.6437,38.5312,63.7812,,,
06/06/2025,23:00:00,11.8214,1.9063,1.9374,0.9338,0.9415,30.5438,7.446,303.88,1,0,47.1937,38.675,63.9,,,
06/06/2025,23:30:00,11.9763,1.8787,1.9032,0.968,0.9546,29.975,7.65,311.52,1,0,49.3187,38.5812,64.6375,,,
07/06/2025,00:00:00,11.9076,1.8927,1.9212,1.0056,1.0058,29.5187,2.882,310.44,1,0,42.075,38.7188,64.8875,,,
07/06/2025,00:30:00,11.8097,1.506,1.5296,0.8967,0.8905,30.75,0.886,294.88,1,0,46.9312,38.6312,76.4562,,,
07/06/2025,01:00:00,11.769,1.8936,1.9186,0.9855,0.9855,28.9562,0.79,308.56,1,0,49.3687,38.6312,62.1875,,,
07/06/2025,01:30:00,11.9438,1.8757,1.9011,1.0244,1.0297,29.375,0.822,295.74,1,1,44.2437,38.7875,67.025,,,
07/06/2025,02:00:00,11.8145,1.8564,1.8906,0.9671,0.9577,30.1063,0.829,289.26,1,1,48.3812,38.8187,64.5375,,,
07/06/2025,02:30:00,11.8374,1.8997,1.9256,1.0023,1.0084,29.9125,0.966,285.46,1,1,43.4125,38.9562,65.1125,,,
07/06/2025,03:00:00,11.8612,1.9492,1.9824,1.0218,1.0211,30,0.79,283.24,1,1,47.825,39.0125,63.8375,,,
07/06/2025,03:30:00,11.8254,1.9264,1.9544,0.9811,0.9936,29.9875,0.826,281.32,1,1,45.175,39.075,64.3187,,,
07/06/2025,04:00:00,11.8561,1.8626,1.8919,0.9172,0.9104,29.9375,3.316,298.16,1,0,46.7687,39.2062,62.6125,,,
07/06/2025,04:30:00,11.9221,1.9225,1.9466,1.043,1.0386,30.55,2.99,305.82,1,0,49.4312,39.175,64.6312,,,
07/06/2025,05:00:00,11.7932,1.8534,1.8796,0.973,0.9772,29.35,2.984,308.68,1,0,43.3125,39.1625,64.1687,,,
07/06/2025,05:30:00,11.713,1.8411,1.863,0.9503,0.9443,29.5812,0.831,298,1,0,47.9437,39.125,64.4062,,,
07/06/2025,06:00:00,11.8683,1.912,1.9383,1.0202,1.0325,29.3625,0.86,290.22,1,0,49.9375,39.2188,63.3937,,,
07/06/2025,06:30:00,11.7711,1.6552,1.6806,0.9177,0.9148,29.3625,0.859,271,1,1,45.8562,39.1062,57.4937,,,
07/06/2025,07:00:00,11.8137,2.1338,2.1623,1.083,1.0913,29.7625,2.835,273.58,1,1,49.275,39.1375,51.525,,,
07/06/2025,07:30:00,11.7569,1.9348,1.9658,0.9417,0.9634,30.6063,0.828,301.68,1,1,43.9937,39.1687,59.4625,,,
07/06/2025,08:00:00,11.7871,2.0415,2.0743,0.9942,1.0028,29.4625,1.022,291.52,1,1,47.9875,39.1437,55.825,,,
07/06/2025,08:30:00,11.7132,2.0586,2.0914,1.029,1.0391,29.8438,1.055,286.6,1,1,49.5,39.1,54.1812,,,
07/06/2025,09:00:00,11.9232,2.1019,2.1378,1.0905,1.0861,29.5375,3.031,304.54,1,0,49.5062,38.9312,53.0312,,,
07/06/2025,09:30:00,11.8,1.9557,1.9824,0.9632,0.9776,28.8937,3.018,313.08,1,0,44.8625,38.9312,51.9437,,,
07/06/2025,10:00:00,11.7861,1.8862,1.9129,0.9255,0.9275,29.95,0.766,310.46,1,0,47.125,38.7812,56.1937,,,
07/06/2025,10:30:00,11.7444,1.9715,2.0004,0.9929,0.9971,29.9437,3.349,297.18,1,0,48.0812,38.6312,55.8687,,,
07/06/2025,11:00:00,11.9611,2.0599,2.0901,1.0703,1.0712,30.5375,0.786,299.22,1,0,48.5187,38.5375,53.65,,,
07/06/2025,11:30:00,11.832,1.9719,1.9991,0.9492,0.9428,28.3687,0.686,303.96,1,1,48.5625,38.5625,50.4125,,,
07/06/2025,12:00:00,11.7164,2.0065,2.0323,1.0303,1.0251,29.3563,1.014,291.16,1,1,48.725,38.5062,53.6,,,
07/06/2025,12:30:00,11.9033,2.0187,2.0454,1.0049,1.0034,28.3312,0.764,285.78,1,1,48.5062,38.4188,53.5187,,,
07/06/2025,13:00:00,11.9272,2.0743,2.1001,1.0087,1.0069,28.8375,16.774,310.8,1,1,48.2188,38.3312,53.1812,,,
07/06/2025,13:30:00,11.8734,2.1294,2.1605,1.0458,1.0439,28.4188,7.244,311.34,1,1,47.8438,38.3625,47.3,,,
07/06/2025,14:00:00,11.9319,2.1062,2.1378,1.1001,1.1001,28.9312,3.054,310.44,1,0,47.6,38.2375,52.2625,,,
07/06/2025,14:30:00,11.9466,2.031,2.0577,1.0084,1.0084,28.8937,2.925,308.86,1,0,47.2812,38.1875,54.65,,,
07/06/2025,15:00:00,11.7063,1.4067,1.436,0.8385,0.8358,29.4188,2.602,270.16,1,0,46.825,38.1562,58.9,,,
07/06/2025,15:30:00,12.044,2.2384,2.2686,1.1163,1.1384,30.0438,0.864,254.44,1,0,46.55,38.0875,29.95,,,
07/06/2025,16:00:00,11.896,1.9794,2.0052,0.973,0.9612,29.9188,0.77,265.46,1,1,46.3687,38.1125,54.2937,,,
07/06/2025,16:30:00,11.8305,2.1045,2.1307,1.038,1.0255,29.6375,0.801,271.38,1,1,46.525,38.1562,50.875,,,
07/06/2025,17:00:00,11.9937,2.1176,2.1491,1.0482,1.0393,29.8563,0.749,274.74,1,1,46.7687,38.2188,48.5062,,,
07/06/2025,17:30:00,11.9377,2.0826,2.1119,0.9986,1.0032,29.8937,0.71,276.12,1,1,47.0062,38.225,47.2437,,,
07/06/2025,18:00:00,11.7023,2.0769,2.0979,0.9839,1.0017,29.4062,0.842,276.6,1,1,47.5437,38.3875,46.0125,,,
07/06/2025,18:30:00,11.861,2.1452,2.1758,1.0454,1.0465,29.0062,3.147,299.28,1,0,48.0687,38.4562,47.3438,,,
07/06/2025,19:00:00,11.8444,2.0616,2.0848,1.0485,1.0526,29.4562,2.995,305.94,1,0,48.65,38.575,52.9437,,,
07/06/2025,19:30:00,11.7227,1.9912,2.0183,1.0139,0.999,29.7812,2.987,308.82,1,0,49.325,38.6437,52.875,,,
07/06/2025,20:00:00,11.8963,2.0052,2.0419,1.0253,1.017,29.9813,0.789,295.96,1,0,43.725,38.8062,52.8687,,,
07/06/2025,20:30:00,11.8267,1.9824,2.0139,0.975,0.9813,30.4625,0.872,289.26,1,0,46.8937,38.9312,50.6187,,,
07/06/2025,21:00:00,11.7174,2.0975,2.1364,1.0469,1.0375,28.3563,0.776,285.5,1,1,49.4688,39.075,48.5125,,,
07/06/2025,21:30:00,11.8757,2.0861,2.1159,1.0082,1.0089,28.8625,11.788,308.6,1,1,44.8625,39.1437,47.3375,,,
07/06/2025,22:00:00,11.8539,2.1303,2.1583,1.0522,1.0507,29.4688,0.765,297.24,1,1,48.9875,39.2125,43.6562,,,
07/06/2025,22:30:00,12.7217,4.0138,4.0658,1.687,1.6796,28.8563,0.847,303.42,1,1,44.95,39.3312,0,,,
07/06/2025,23:00:00,12.7591,4.0444,4.1157,1.699,1.6901,29.3,2.331,290.2,1,1,49.1875,39.5312,0,,,
07/06/2025,23:30:00,11.7897,2.5022,2.5472,1.1325,1.1373,29.4188,3.055,293.3,1,0,45.25,39.4937,5.125,,,
08/06/2025,00:00:00,11.747,2.0117,2.038,0.975,0.9632,29.3187,5.267,298.76,1,0,49.2625,39.6187,35.9188,,,
08/06/2025,00:30:00,11.8892,1.7213,1.7466,1.0213,1.0257,29.4625,5.694,261.78,1,0,45.2312,39.6687,50.7125,,,
08/06/2025,01:00:00,11.7928,1.8035,1.8293,1.0017,0.9993,29.6312,5.855,283.12,1,0,49.525,39.7,64.2312,,,
08/06/2025,01:30:00,11.9052,1.8949,1.919,0.9605,0.9818,30.5875,0.874,277.26,1,0,46.4,39.6687,60.7375,,,
08/06/2025,02:00:00,12.2329,1.8551,1.8822,0.9258,0.9251,29.9375,1.005,276.1,1,1,49.8687,39.75,61.0437,,,
08/06/2025,02:30:00,12.1833,1.8529,1.8761,0.9043,0.8997,29.4813,0.772,277.1,1,1,46.0125,39.8,59.8812,,,
08/06/2025,03:00:00,12.2791,1.8779,1.905,0.9702,0.9765,28.2188,0.895,277.62,1,1,49.625,39.7937,62.9688,,,
08/06/2025,03:30:00,12.3224,1.7926,1.821,0.8402,0.8584,29.7188,0.945,278.2,1,1,45.6875,39.8438,63.325,,,
08/06/2025,04:00:00,12.3029,1.7934,1.8223,0.8739,0.8713,29.3438,3.185,296.76,1,0,49.3312,39.8937,63.725,,,
08/06/2025,04:30:00,11.9199,1.3555,1.3809,0.7503,0.7599,29.4437,5.266,262.22,1,0,45.0812,40.0187,64.3312,,,
08/06/2025,05:00:00,11.835,1.2006,1.226,0.6718,0.67,29.95,2.91,271.16,1,0,48.6625,39.95,65.8062,,,
08/06/2025,05:30:00,11.7821,1.2225,1.2531,0.7118,0.7144,29.9375,0.859,260.08,1,0,43.5437,40.0375,71.3062,,,
08/06/2025,06:00:00,11.9825,1.2833,1.3074,0.7715,0.7707,29.5375,0.842,253.52,1,0,46.5875,40.0938,71.3,,,
08/06/2025,06:30:00,11.863,1.2557,1.2864,0.7348,0.7479,29.95,0.833,250.88,1,1,48.8687,39.9812,72.0875,,,
08/06/2025,07:00:00,11.9088,1.2422,1.2693,0.7129,0.7173,29.4437,0.795,251.6,1,1,49.8438,40.0125,71.0812,,,
08/06/2025,07:30:00,11.945,1.2479,1.2759,0.6991,0.7031,29.4375,0.854,253.62,1,1,43.8875,39.9437,70.4375,,,
08/06/2025,08:00:00,11.9606,1.2908,1.3205,0.7505,0.747,30,0.84,255.22,1,1,46.475,39.7937,70.85,,,
08/06/2025,08:30:00,11.9124,1.2881,1.3152,0.747,0.7448,29.85,0.886,255.72,1,1,47.2125,39.7188,70.8375,,,
08/06/2025,09:00:00,11.8099,1.2991,1.3306,0.7512,0.7591,29.45,3.362,272.36,1,0,47.3438,39.5125,70.6312,,,
08/06/2025,09:30:00,11.9815,1.3327,1.3546,0.8011,0.7906,29.3625,3.133,273.56,1,0,47.2375,39.3562,68.7125,,,
08/06/2025,10:00:00,11.8917,1.2452,1.2781,0.6932,0.6915,29.8687,0.796,277.32,1,0,47.0437,39.2062,64.325,,,
08/06/2025,10:30:00,11.8145,1.3393,1.3586,0.7608,0.7518,30.1187,0.807,265.58,1,0,47.1687,39.1625,59.8687,,,
08/06/2025,11:00:00,11.9547,1.3818,1.4093,0.7632,0.7724,29.4437,17.713,276.08,1,0,47.5062,39.0375,60.2687,,,
08/06/2025,11:30:00,11.8435,1.359,1.3844,0.7698,0.7746,29.4437,6.305,280.78,1,1,48.175,39.05,62.3625,,,
08/06/2025,12:00:00,11.8466,1.3616,1.3888,0.7744,0.7731,30.6,0.891,271.76,1,1,48.9375,38.9937,61.5312,,,
08/06/2025,12:30:00,11.7274,1.3743,1.4019,0.7768,0.7774,30.0187,0.913,280.36,1,1,49.0687,38.9875,60.0812,,,
08/06/2025,13:00:00,11.9043,1.3516,1.3761,0.7669,0.7829,30.65,0.85,268.7,1,1,48.9125,38.9062,62.7687,,,
08/06/2025,13:30:00,11.8842,1.3612,1.3857,0.7877,0.7794,30.3625,2.264,275.8,1,1,48.6437,38.9875,61.825,,,
08/06/2025,14:00:00,11.8137,1.5051,1.5331,0.8868,0.8936,27.4,3.261,276.96,1,0,48.275,38.8062,61.3,,,
08/06/2025,14:30:00,12.4739,1.9872,2.0087,0.9922,0.9962,30.55,3.132,249.32,1,0,47.8,38.725,56.9688,,,
08/06/2025,15:00:00,12.3745,1.8538,1.8814,0.9023,0.9019,29.9437,0.852,255.04,1,0,47.3937,38.725,56.05,,,
08/06/2025,15:30:00,12.2793,1.8914,1.9168,0.9465,0.9358,31.6312,0.853,253.96,1,0,47.2062,38.6312,55.7437,,,
08/06/2025,16:00:00,12.4414,1.8744,1.8989,0.9382,0.9334,29.975,0.765,257.64,1,1,47.4,38.7188,55.5187,,,
08/06/2025,16:30:00,12.4519,1.8958,1.9238,0.9461,0.9564,28.4188,1.198,261.54,1,1,47.7625,38.7625,55.1312,,,
08/06/2025,17:00:00,12.3306,1.8822,1.9098,0.8986,0.9067,29.9375,0.919,265.32,1,1,48.175,38.7875,56.1812,,,
08/06/2025,17:30:00,12.434,1.9151,1.9361,0.94,0.9548,28.8563,0.747,304.54,1,1,48.6187,38.7938,56.8375,,,
08/06/2025,18:00:00,12.433,1.8481,1.877,0.9104,0.9052,29.3062,0.87,290.64,1,1,49.0375,38.7938,57.9312,,,
08/06/2025,18:30:00,12.3895,1.8866,1.9151,0.9476,0.9516,29.4562,3.236,302.68,1,0,49.55,38.6937,57.3312,,,
08/06/2025,19:00:00,12.2941,1.8722,1.9006,0.9233,0.9255,30.0375,2.973,306.6,1,0,43.0437,38.625,55.8062,,,
08/06/2025,19:30:00,12.4596,1.8779,1.9107,0.9645,0.9621,29.4813,2.97,308.48,1,0,46.9625,38.6125,54.9,,,
08/06/2025,20:00:00,12.4133,1.8416,1.8652,0.8776,0.8722,29.4562,0.885,295.66,1,0,49.5125,38.5875,54.6437,,,
08/06/2025,20:30:00,12.3332,1.8429,1.8669,0.8785,0.8772,27.7437,0.862,288.72,1,0,45.15,38.5812,52.2625,,,
08/06/2025,21:00:00,12.3371,1.8582,1.8822,0.9109,0.9065,29.3563,0.845,284.6,1,1,48.925,38.6937,52.9,,,
08/06/2025,21:30:00,12.4133,1.8792,1.9011,0.908,0.9091,29.7313,0.891,281.58,1,1,43.3125,38.8125,52.275,,,
08/06/2025,22:00:00,12.37,1.8306,1.8556,0.8781,0.8774,29.4562,9.627,304.22,1,1,48.1062,38.8563,53.15,,,
08/06/2025,22:30:00,12.199,1.8442,1.8757,0.8932,0.8932,28.3438,0.801,294.98,1,1,44.75,38.8875,54.875,,,
08/06/2025,23:00:00,12.4009,1.8787,1.9037,0.9522,0.9371,29.9312,2.46,291.22,1,1,47.6062,38.9375,56.2937,,,
08/06/2025,23:30:00,12.2829,1.8092,1.8424,0.8853,0.8789,28.8937,2.983,305.32,1,0,49.6625,38.9688,56.675,,,
09/06/2025,00:00:00,12.212,1.8634,1.8923,0.9282,0.9288,30.8062,2.932,310.64,1,0,47.7687,39.0687,56.9875,,,
09/06/2025,00:30:00,12.2425,1.8223,1.856,0.9301,0.9358,29.95,17.456,315.5,1,0,43.7188,39.25,58.0312,,,
09/06/2025,01:00:00,12.9094,2.7118,2.7625,1.3204,1.3129,29.3937,5.285,312.22,1,0,48.6937,39.3187,25.5312,,,
09/06/2025,01:30:00,12.5672,2.3526,2.3819,1.1139,1.1209,27.9062,5.846,308.44,1,0,44.4125,39.3125,26.9625,,,
09/06/2025,02:00:00,12.9,2.3744,2.4169,1.1154,1.1165,29.4188,0.859,313.48,1,1,48.7812,39.2937,21.7937,,,
09/06/2025,02:30:00,12.7109,2.3193,2.3574,1.0432,1.0395,29.3687,0.91,311.2,1,1,44.725,39.3812,13.0562,,,
09/06/2025,03:00:00,12.5741,2.2782,2.304,1.0382,1.043,28.2938,0.954,304.26,1,1,49.2125,39.4437,8.2062,,,
09/06/2025,03:30:00,12.7466,2.1859,2.2231,0.9944,0.9879,27.7125,0.901,290.34,1,1,45.625,39.4562,19.6375,,,
09/06/2025,04:00:00,12.7069,2.1881,2.2152,0.9833,0.9815,28.2437,3.073,296.28,1,0,49.7062,39.4937,26.025,,,
09/06/2025,04:30:00,12.5573,2.1544,2.1802,0.9728,0.9605,26.8875,2.921,306.1,1,0,46.2188,39.5625,28.4437,,,
09/06/2025,05:00:00,12.7222,2.1666,2.1929,1.0128,1.0117,29.6187,3.043,304.6,1,0,48.65,39.625,34.1688,,,
09/06/2025,05:30:00,12.6629,2.1911,2.2257,1.0143,1.0253,27.7062,0.803,293.24,1,0,48.1187,39.6125,35.725,,,
09/06/2025,06:00:00,12.6535,2.1955,2.2318,1.0041,0.9938,27.7062,5.412,299.82,1,0,44.05,39.7625,32.8687,,,
09/06/2025,06:30:00,12.8432,2.2467,2.2729,1.0719,1.0655,28.05,5.796,301.78,1,1,49.4125,39.775,26.9625,,,
09/06/2025,07:00:00,12.807,2.1032,2.1264,0.9321,0.9319,29.9562,0.872,289.2,1,1,46.0437,39.9062,29.95,,,
09/06/2025,07:30:00,12.7233,2.1316,2.1649,0.9739,0.9815,29.9875,0.901,281.54,1,1,47.8062,39.9375,35.35,,,
09/06/2025,08:00:00,12.7897,2.1653,2.1968,1.0102,1.0141,29.95,0.818,289.44,1,1,48.225,40.1312,33.9875,,,
09/06/2025,08:30:00,12.6635,2.1338,2.1636,0.9887,0.9772,29.9437,0.744,280.7,1,1,44.6,40.1812,36.1875,,,
09/06/2025,09:00:00,12.5274,2.2375,2.262,1.0605,1.0579,29.9312,2.997,306.32,1,0,50.0812,40.3187,31.925,,,
09/06/2025,09:30:00,12.7112,2.2038,2.2279,1.0511,1.0432,28.3687,2.86,304.02,1,0,47.3438,40.3875,33.7,,,
09/06/2025,10:00:00,11.7907,1.2592,1.2829,0.7223,0.7324,29.9813,0.792,268.56,1,0,43.3438,40.2687,43.875,,,
09/06/2025,10:30:00,11.7672,1.38,1.4054,0.8124,0.8054,28.375,0.82,264.68,1,0,49.2562,40.35,52.8062,,,
09/06/2025,11:00:00,11.7422,1.4229,1.4539,0.8407,0.8428,28.3312,0.822,261.62,1,0,45.7312,40.3562,51.0125,,,
09/06/2025,11:30:00,11.7943,1.3949,1.4224,0.8229,0.8131,29.9688,0.823,261.26,1,1,50.6437,40.3875,51.8187,,,
09/06/2025,12:00:00,11.8154,1.4211,1.4557,0.8015,0.8096,30.225,0.856,262.84,1,1,47.8937,40.325,54.8937,,,
09/06/2025,12:30:00,11.7161,1.4058,1.436,0.8214,0.8218,29.2938,0.809,263.08,1,1,42.7937,40.3187,57.0312,,,
09/06/2025,13:00:00,11.8627,1.45,1.4767,0.8728,0.8608,28.2875,0.889,262.6,1,1,46.7188,40.225,57,,,
09/06/2025,13:30:00,11.8285,1.4552,1.4828,0.8722,0.87,29.975,2.17,270.94,1,1,48.3562,40.0938,57.6937,,,
09/06/2025,14:00:00,11.6672,1.4741,1.5043,0.8809,0.8785,30.0312,3.011,279.98,1,0,48.9062,39.9125,56.5187,,,
09/06/2025,14:30:00,11.8343,1.5314,1.5598,0.9225,0.9268,30.6562,2.97,279.54,1,0,49.075,39.7625,55.1187,,,
09/06/2025,15:00:00,11.8228,1.4347,1.4609,0.8483,0.8536,30.45,0.754,269.7,1,0,49.0875,39.6437,56.6187,,,
09/06/2025,15:30:00,12.4872,2.4422,2.4624,1.1517,1.1456,30.7125,5.164,257.04,1,0,49.1125,39.5687,25.7812,,,
09/06/2025,16:00:00,12.4426,2.3727,2.3994,1.1452,1.1493,29.9937,9.467,278.82,1,1,48.8937,39.4625,31.4625,,,
09/06/2025,16:30:00,12.4774,2.2349,2.2576,1.0542,1.048,29.925,0.654,294.36,1,1,48.8625,39.4937,30.6625,,,
09/06/2025,17:00:00,12.42,2.2944,2.318,1.0824,1.0889,30.5687,0.68,295.44,1,1,48.8375,39.3562,31.375,,,
09/06/2025,17:30:00,12.5245,2.3639,2.4007,1.1487,1.1504,31.5,0.768,308.1,1,1,49.0312,39.2687,32.65,,,
09/06/2025,18:00:00,12.5403,2.3473,2.3793,1.1373,1.1259,28.9062,0.922,308.48,1,1,49.125,39.1687,31.4937,,,
09/06/2025,18:30:00,12.5595,2.3302,2.3626,1.1362,1.1441,29.475,2.867,307.06,1,0,48.9688,39.1312,26.7,,,
09/06/2025,19:00:00,12.4634,2.1421,2.1666,0.9879,0.9979,29.9188,3.025,304.78,1,0,49.1625,39.0312,36.975,,,
09/06/2025,19:30:00,12.7137,2.1658,2.1933,1.0469,1.0437,29.5375,2.948,304.04,1,0,49.6812,38.9188,38.8937,,,
09/06/2025,20:00:00,12.6217,2.1522,2.1767,1.0161,1.0318,28.9062,0.816,290.86,1,0,44.4625,38.8438,39.6062,,,
09/06/2025,20:30:00,12.4907,2.1141,2.1399,0.973,0.9697,29.975,0.801,283.34,1,0,48.1812,38.9562,44.95,,,
09/06/2025,21:00:00,12.6946,2.1557,2.1784,1.0402,1.0476,29.4,0.925,278.6,1,1,44.1687,38.9875,46.3125,,,
09/06/2025,21:30:00,12.6082,2.1207,2.1439,0.9704,0.9863,29.4562,0.809,275.38,1,1,47.3062,39.0062,43.4812,,,
09/06/2025,22:00:00,12.6452,2.0949,2.1202,0.9435,0.9428,28.9,0.735,290.18,1,1,49.8438,38.95,40.6125,,,
09/06/2025,22:30:00,12.5273,2.2169,2.2454,1.0437,1.0395,29.025,0.568,291.56,1,1,45.525,38.8875,40.9688,,,
09/06/2025,23:00:00,12.6785,2.1771,2.2025,1.0557,1.0633,29.2812,0.763,298.58,1,1,48.7312,38.8812,43.5375,,,
09/06/2025,23:30:00,12.7462,2.108,2.1347,1.0132,1.0174,30.6125,2.858,304.68,1,0,43.1125,38.9688,47.5625,,,
10/06/2025,00:00:00,12.6491,2.0494,2.073,0.9739,0.9726,30.0938,2.927,303.86,1,0,47.6125,38.9562,52.2437,,,
10/06/2025,00:30:00,12.153,1.4154,1.4347,0.7398,0.7422,28.7938,0.875,317.98,1,0,45.6437,38.8812,75.1375,,,
10/06/2025,01:00:00,12.5473,1.7768,1.7969,0.8792,0.8903,29.7125,0.829,300.16,1,0,47.3937,39.0687,65.9625,,,
10/06/2025,01:30:00,12.9225,2.0796,2.1014,0.9599,0.9568,30.5812,0.723,305.3,1,0,47.4688,39.175,47.3812,,,
10/06/2025,02:00:00,13.0704,2.2051,2.2353,1.0288,1.0294,30.6,0.95,308.38,1,1,47.0687,39.1875,47.1312,,,
10/06/2025,02:30:00,12.8633,2.0472,2.0756,0.9205,0.9262,28.3125,0.889,292.64,1,1,49.5187,39.2812,47.7125,,,
10/06/2025,03:00:00,12.7515,2.1448,2.1701,1.0069,0.9979,29.3563,0.789,284.16,1,1,44.1562,39.2312,44.6687,,,
10/06/2025,03:30:00,12.9158,2.2292,2.2633,1.0616,1.0563,28.6562,0.862,278.74,1,1,48.1,39.2188,35.65,,,
10/06/2025,04:00:00,12.7214,2.2187,2.2519,1.0185,1.0176,29.9813,8.629,298.52,1,0,49.95,39.2562,31.45,,,
10/06/2025,04:30:00,12.6478,2.2301,2.2712,1.0244,1.0314,29.0125,7.907,305.58,1,0,46.2188,39.2937,27.0438,,,
10/06/2025,05:00:00,12.6901,2.213,2.2388,1.0279,1.0237,30.4875,13.248,310.02,1,0,49.8687,39.3937,26.325,,,
10/06/2025,05:30:00,12.6424,2.2248,2.2581,1.0467,1.0314,29.9562,5.614,307.2,1,0,46.6,39.4375,29.8812,,,
10/06/2025,06:00:00,12.7821,2.1653,2.2012,1.0209,1.0351,27.9625,0.859,291.74,1,0,50.375,39.4937,35.4188,,,
10/06/2025,06:30:00,12.4054,1.9404,1.9667,0.9413,0.9268,29.4562,0.846,283.5,1,1,47.3438,39.5687,48.0875,,,
10/06/2025,07:00:00,12.292,1.9531,1.9741,0.9533,0.9551,30.4813,0.914,279.32,1,1,43.8125,39.5625,49.6812,,,
10/06/2025,07:30:00,12.6681,2.1684,2.2012,1.0095,1.0122,29.85,3.815,281.56,1,1,48.7812,39.5625,37.4875,,,
10/06/2025,08:00:00,12.6485,2.1307,2.1601,0.9785,0.9625,30.525,0.873,288.02,1,1,45.0375,39.5625,35.275,,,
10/06/2025,08:30:00,12.6472,2.2196,2.2489,1.0456,1.0485,29.4062,2.762,279.3,1,1,50,39.6187,34.275,,,
10/06/2025,09:00:00,12.5803,2.1863,2.2117,1.0111,1.0104,28.4312,2.906,303.84,1,0,47.0875,39.5938,29.475,,,
10/06/2025,09:30:00,12.609,2.2729,2.3027,1.0592,1.0629,29.3438,2.868,302.32,1,0,44.2937,39.6875,26.7062,,,
10/06/2025,10:00:00,12.6158,2.1937,2.2174,0.9527,0.9642,29.0875,0.87,300.16,1,0,49.0625,39.6562,23.8375,,,
10/06/2025,10:30:00,12.5495,2.2476,2.2795,1.0332,1.0399,30.1688,0.79,282.88,1,0,45.2812,39.6562,23.5625,,,
10/06/2025,11:00:00,12.6268,2.2336,2.2589,1.034,1.0373,29.4937,0.8,272.66,1,0,50.3312,39.7125,23.65,,,
10/06/2025,11:30:00,12.5546,2.2659,2.2966,1.0507,1.0456,29.3438,0.875,265.74,1,1,47.6687,39.7937,21.4812,,,
10/06/2025,12:00:00,11.7727,1.2881,1.3139,0.73,0.7311,29.95,0.714,254.1,1,1,44.5125,39.7812,39.25,,,
10/06/2025,12:30:00,11.8038,1.4723,1.5029,0.8892,0.8796,28.3375,0.799,248.38,1,1,49.6375,39.825,46.0375,,,
10/06/2025,13:00:00,12.679,2.3736,2.3963,1.0329,1.0456,30.6063,0.722,246.44,1,1,46.4875,39.8438,16.125,,,
10/06/2025,13:30:00,12.5071,2.2812,2.3079,1.0612,1.0741,30.0625,2.18,265.4,1,1,45.9125,39.85,25.6437,,,
10/06/2025,14:00:00,12.6657,2.269,2.2931,1.0531,1.0568,29.9688,2.929,289.08,1,0,48.0125,39.8375,20.8375,,,
10/06/2025,14:30:00,12.4783,2.2598,2.2804,1.0049,1.0222,29.7188,2.825,296.08,1,0,44.0125,39.7937,15.8375,,,
10/06/2025,15:00:00,12.3245,2.2904,2.3224,1.0205,1.031,27.775,5.152,300.62,1,0,49.3625,39.7875,11.4812,,,
10/06/2025,15:30:00,12.5844,2.3307,2.3583,1.0813,1.0699,29.9375,0.687,286.6,1,0,46.3062,39.7937,8.9875,,,
10/06/2025,16:00:00,12.4225,2.3639,2.3981,1.0962,1.0907,29.4312,0.786,274.86,1,1,44.925,39.7062,9.0875,,,
10/06/2025,16:30:00,12.3732,2.3771,2.4051,1.1167,1.1259,29.4437,0.849,280.34,1,1,49.1375,39.75,10.7375,,,
10/06/2025,17:00:00,12.5482,2.3027,2.3364,1.0714,1.0756,28.85,0.821,275.36,1,1,46.4125,39.9437,13.8875,,,
10/06/2025,17:30:00,12.5265,2.3036,2.3329,1.0933,1.0881,30.425,0.788,272.94,1,1,44.4187,39.975,14.3937,,,
10/06/2025,18:00:00,12.502,2.3281,2.3618,1.0826,1.0828,29.1625,0.765,271.38,1,1,49.2875,39.975,11.8687,,,
10/06/2025,18:30:00,12.3758,2.3372,2.3784,1.1012,1.1027,29.0562,3.169,291.42,1,0,47.0938,40.0625,8.65,,,
10/06/2025,19:00:00,12.6949,2.2686,2.3009,1.0305,1.0308,29.8312,3.139,297.68,1,0,44.2875,40.1625,10.9875,,,
10/06/2025,19:30:00,12.6328,2.3066,2.3359,1.0629,1.0609,28.4375,2.954,300.6,1,0,49.7625,40.2625,9.2062,,,
10/06/2025,20:00:00,12.4543,2.2865,2.3197,1.0557,1.0651,30.5625,0.842,287.62,1,0,47.1062,40.3562,10.2437,,,
10/06/2025,20:30:00,12.5821,2.2922,2.3202,1.0738,1.0852,29.4188,0.804,280.54,1,0,44.9375,40.4875,12.325,,,
10/06/2025,21:00:00,12.5542,2.3355,2.3683,1.1036,1.0975,28.525,0.831,276.3,1,1,50.6,40.5062,15.6,,,
10/06/2025,21:30:00,12.3577,2.2913,2.3171,1.0579,1.0568,30.0438,0.763,273.6,1,1,48.3062,40.625,16.4375,,,
10/06/2025,22:00:00,12.4565,2.3197,2.3469,1.0887,1.0804,29.7562,0.824,271.82,1,1,45.6,40.6687,17.6375,,,
10/06/2025,22:30:00,12.4407,2.3071,2.3359,1.0878,1.0889,29.9312,3.839,279.92,1,1,46.4187,40.7437,16.1875,,,
10/06/2025,23:00:00,12.2935,2.3211,2.3569,1.0795,1.087,29.9125,4.028,287.94,1,1,49.0125,40.9062,18.2437,,,
10/06/2025,23:30:00,12.4925,2.3364,2.3653,1.1143,1.1137,31.4875,11.378,304.06,1,0,46.3562,40.9062,18.8375,,,
11/06/2025,00:00:00,12.4565,2.2651,2.297,1.0235,1.0237,28.8875,8.315,308.2,1,0,44.3,40.9625,15.4562,,,
11/06/2025,00:30:00,11.8246,1.7987,1.8293,0.9126,0.9058,28.3312,17.841,316.2,1,0,49.075,41.0625,41.2125,,,
11/06/2025,01:00:00,12.2546,2.08,2.1084,1.0531,1.0684,29.9312,5.759,313.46,1,0,46.3937,41.0687,36.8438,,,
11/06/2025,01:30:00,11.8396,1.4216,1.4517,0.814,0.8122,28.9062,16.063,283.22,1,0,44.7875,41.0938,40.5437,,,
11/06/2025,02:00:00,11.7367,1.4404,1.4771,0.8741,0.863,28.7313,0.797,276.06,1,1,48.95,40.9937,50.3812,,,
11/06/2025,02:30:00,11.8862,1.4854,1.5134,0.8958,0.9032,29.9188,0.828,267.76,1,1,45.5312,41.0125,53.875,,,
11/06/2025,03:00:00,11.8395,1.3905,1.4154,0.8177,0.8177,28.8937,0.748,262,1,1,50.1312,40.9187,56.35,,,
11/06/2025,03:30:00,11.7474,1.4041,1.4329,0.8317,0.8426,28.3125,0.762,260.46,1,1,47.125,40.8812,58.6375,,,
11/06/2025,04:00:00,11.8355,1.4601,1.4797,0.8776,0.8693,29.525,3.087,269.4,1,0,43.25,40.7687,58.9937,,,
11/06/2025,04:30:00,11.8292,1.4084,1.4373,0.854,0.8448,30.05,3.092,273.02,1,0,48.0625,40.625,61.2062,,,
11/06/2025,05:00:00,11.7572,1.3879,1.415,0.828,0.8286,29.4062,2.984,274.5,1,0,42.8062,40.45,61.6,,,
11/06/2025,05:30:00,11.9031,1.4049,1.4325,0.8337,0.8293,28.9562,0.831,264.98,1,0,47.7812,40.3312,61.6562,,,
11/06/2025,06:00:00,11.9078,1.3424,1.3708,0.7873,0.7886,28.8937,0.86,258.36,1,0,44.6312,40.125,60.6687,,,
11/06/2025,06:30:00,11.8537,1.3467,1.3765,0.7823,0.7794,27.7625,0.78,255.08,1,1,46.9125,39.9937,59.7437,,,
11/06/2025,07:00:00,11.76,1.3778,1.4076,0.8118,0.81,28.525,0.818,254,1,1,49.8875,39.825,60.7125,,,
11/06/2025,07:30:00,12.9913,2.3841,2.416,1.1298,1.1233,29.35,5.54,256.52,1,1,45.6187,39.6,27.1,,,
11/06/2025,08:00:00,12.9284,2.2996,2.3162,1.0559,1.0563,29.6812,5.383,272.84,1,1,48.875,39.45,29.4062,,,
11/06/2025,08:30:00,12.7489,2.3005,2.3355,1.0776,1.0782,29.4062,0.734,263.34,1,1,42.5187,39.2562,24.3875,,,
11/06/2025,09:00:00,12.8103,2.3197,2.3482,1.0756,1.0828,29.3687,2.957,303.92,1,0,47.0812,39.1875,14.3062,,,
11/06/2025,09:30:00,12.7486,2.2712,2.2948,1.0012,1.0052,29.4125,2.893,307.46,1,0,49.5625,38.9875,5.6313,,,
11/06/2025,10:00:00,12.5449,2.2476,2.276,0.9988,1.0001,29.925,0.756,307.94,1,0,44.9375,38.9,0.975,,,
11/06/2025,10:30:00,12.6588,2.3202,2.3539,1.0507,1.0636,30.6063,3.783,302.72,1,0,48.9937,38.8625,0,,,
11/06/2025,11:00:00,12.6169,2.2406,2.2712,1.029,1.0106,28.9,3.448,297.36,1,0,44.0375,38.7375,3.8062,,,
11/06/2025,11:30:00,12.5786,2.2025,2.2301,0.9855,0.9809,29.4062,0.866,294.36,1,1,48.55,38.65,14.3062,,,
11/06/2025,12:00:00,11.7182,1.2159,1.2439,0.6665,0.6665,29.4125,0.797,275.84,1,1,42.75,38.6063,45.9688,,,
11/06/2025,12:30:00,12.9546,2.5893,2.6181,1.1651,1.1699,29.925,0.87,270.4,1,1,47.7125,38.5187,13.8438,,,
11/06/2025,13:00:00,12.6946,2.2336,2.2603,1.0393,1.0391,28.8187,0.773,288.34,1,1,50.2,38.4688,31.45,,,
11/06/2025,13:30:00,12.6447,2.2082,2.2379,1.0275,1.0268,28.3125,2.471,287.8,1,1,46.1875,38.3812,32.1688,,,
11/06/2025,14:00:00,12.7312,2.1876,2.2178,1.015,1.0069,29.4125,2.982,298.48,1,0,49.5062,38.25,32.1312,,,
11/06/2025,14:30:00,12.6654,2.2091,2.2379,0.9931,0.9997,29.4062,2.97,301.36,1,0,44.725,38.2875,29.4625,,,
11/06/2025,15:00:00,12.5988,2.1902,2.2169,1.0148,1.0025,29.45,0.856,293.86,1,0,49.0062,38.1937,28.3187,,,
11/06/2025,15:30:00,12.7814,2.2725,2.3014,1.0588,1.0649,28.6562,0.927,285.38,1,0,43.8375,38.2125,28.9688,,,
11/06/2025,16:00:00,12.6698,2.1609,2.1863,0.9778,0.9811,29.3937,0.912,280.56,1,1,48.4437,38.1562,29.7625,,,
11/06/2025,16:30:00,12.5549,2.1972,2.2239,0.9835,0.9793,29.475,0.747,276.92,1,1,43.1062,38.1063,28.35,,,
11/06/2025,17:00:00,12.7805,2.269,2.2979,1.0756,1.09,29.3438,0.749,274.86,1,1,47.95,38.1375,27.95,,,
11/06/2025,17:30:00,12.5289,2.2099,2.2362,1.0412,1.0305,29.3625,0.811,273.44,1,1,43.0187,38.1875,31.2562,,,
11/06/2025,18:00:00,12.4104,2.2624,2.2917,1.0666,1.064,28.3187,0.858,272.28,1,1,47.4937,38.1688,31.9437,,,
11/06/2025,18:30:00,12.3897,2.2572,2.2799,1.0684,1.0684,29.35,3.07,291.54,1,0,50.1562,38.1,32.65,,,
11/06/2025,19:00:00,12.4474,2.2576,2.2795,1.0896,1.1018,29.3937,3.031,297.92,1,0,46.275,37.9188,35.7313,,,
11/06/2025,19:30:00,12.328,2.2274,2.2511,1.0522,1.0544,29.4188,2.979,300.42,1,0,49.1125,37.8687,34.1812,,,
11/06/2025,20:00:00,12.2885,2.2804,2.3088,1.1078,1.1274,30.3563,0.895,287.22,1,0,42.2687,37.75,34.25,,,
11/06/2025,20:30:00,12.4178,2.2979,2.3228,1.1209,1.1259,29.1562,0.838,280.4,1,0,47.3187,37.5375,35.3875,,,
11/06/2025,21:00:00,12.459,2.2379,2.2633,1.0651,1.0679,29.4188,0.761,276.22,1,1,49.5187,37.4937,33.6625,,,
11/06/2025,21:30:00,12.46,2.4086,2.451,1.1705,1.1618,29.2,0.847,303.56,1,1,43.8187,37.4125,27.9437,,,
11/06/2025,22:00:00,12.4254,2.2563,2.2878,1.0644,1.0653,28.325,0.786,287.74,1,1,47.8937,37.2875,28.6437,,,
11/06/2025,22:30:00,12.2942,2.2891,2.3254,1.0445,1.0456,29.4188,5.001,299.72,1,1,49.9125,37.2375,22.625,,,
11/06/2025,23:00:00,12.4856,2.5101,2.5525,1.2278,1.2276,27.7313,0.778,310.06,1,1,45.5,37.075,15.3,,,
11/06/2025,23:30:00,12.3511,2.3893,2.4261,1.1377,1.1384,29.5187,3.031,308.52,1,0,48.9688,36.9937,11.3,,,
12/06/2025,00:00:00,12.2168,2.4541,2.4917,1.1622,1.1627,29.9813,2.908,310.54,1,0,43.1,36.975,9.2437,,,
12/06/2025,00:30:00,11.9387,1.8087,1.8385,0.9223,0.9295,29.9625,0.831,310.38,1,0,47.9875,36.9062,39.7625,,,
12/06/2025,01:00:00,12.4659,2.3508,2.3744,1.0668,1.0749,28.9125,0.723,305.86,1,0,44.5687,36.9937,14.3625,,,
12/06/2025,01:30:00,12.3355,2.5661,2.6181,1.125,1.125,29.4625,0.75,300.44,1,0,47.1937,37.0187,11.25,,,
12/06/2025,02:00:00,11.9778,2.22,2.2506,1.0222,1.0229,29.375,0.829,300.12,1,1,50.225,36.925,0.0062,,,
12/06/2025,02:30:00,11.899,2.269,2.2952,1.0388,1.0369,29.4312,0.947,301.42,1,1,46.8812,37.0375,0,,,
12/06/2025,03:00:00,11.7933,2.2244,2.2524,0.9979,0.9872,28.6937,0.843,296.18,1,1,49.825,36.9562,0,,,
12/06/2025,03:30:00,12.0018,2.2812,2.3136,1.0688,1.059,27.8062,0.878,283.58,1,1,45.6312,36.975,0,,,
12/06/2025,04:00:00,12.4319,2.4409,2.4891,1.1292,1.1268,29.9312,4.617,291.52,1,0,48.9312,36.9125,9.1562,,,
12/06/2025,04:30:00,11.6725,1.2225,1.2505,0.6768,0.6777,30.3687,2.969,278.8,1,0,42.4812,36.8563,39.5875,,,
12/06/2025,05:00:00,13.4631,2.9734,3.0189,1.3788,1.3797,29.375,3.006,292.86,1,0,47.45,36.85,0,,,
12/06/2025,05:30:00,12.7963,2.3946,2.4138,1.0736,1.0782,28.4625,0.856,283.88,1,0,49.6,36.8,15.225,,,
12/06/2025,06:00:00,11.8752,1.5178,1.5436,0.8032,0.8039,29.9813,0.805,291.08,1,0,43.4,36.675,43.625,,,
12/06/2025,06:30:00,11.8068,1.331,1.3572,0.7842,0.7796,27.7437,0.85,268.72,1,1,47.5125,36.65,49.4375,,,
12/06/2025,07:00:00,11.8008,1.3651,1.3949,0.8225,0.8247,30.5687,0.878,273.84,1,1,49.2188,36.55,56.9187,,,
12/06/2025,07:30:00,11.683,1.3179,1.3459,0.7779,0.7823,28.9937,0.854,265.18,1,1,42.6875,36.475,60.35,,,
12/06/2025,08:00:00,11.8979,1.4128,1.4421,0.8693,0.8599,29.8812,1.883,262.2,1,1,46.4187,36.425,59.5437,,,
12/06/2025,08:30:00,12.2071,1.7982,1.8236,0.9229,0.9019,29.9813,0.812,260.1,1,1,48.7625,36.425,58.6875,,,
12/06/2025,09:00:00,11.8984,2.3049,2.3438,0.9993,0.9907,27.2375,2.953,289.9,1,0,50.1125,36.425,1.7375,,,
12/06/2025,09:30:00,12.1817,2.4759,2.5127,1.1942,1.1968,29.9875,2.911,299.9,1,0,45.875,36.5375,4.8562,,,
12/06/2025,10:00:00,12.5245,2.4331,2.4597,1.0345,1.0345,29.3563,0.772,302.8,1,0,49.0125,36.475,0,,,
12/06/2025,10:30:00,11.8806,2.1907,2.2156,0.9301,0.9404,29.025,0.775,286.36,1,0,42.8812,36.5625,0,,,
12/06/2025,11:00:00,12.3749,2.4576,2.5017,1.1646,1.1753,28.9125,0.76,277.12,1,0,47.7812,36.6063,4.875,,,
12/06/2025,11:30:00,11.7822,1.3222,1.3476,0.7437,0.7322,28.3312,18.527,267.96,1,1,45.0187,36.7437,39.1,,,
12/06/2025,12:00:00,11.8056,1.4841,1.5152,0.87,0.8746,29.2938,5.919,278.72,1,1,47.3,36.9062,44.125,,,
12/06/2025,12:30:00,11.7722,1.4255,1.4526,0.8312,0.8312,28.9688,11.13,275.64,1,1,50.2375,36.9813,52.025,,,
12/06/2025,13:00:00,11.7924,1.408,1.4364,0.8588,0.8538,30.5375,0.918,266.26,1,1,47,37.1063,55.1812,,,
12/06/2025,13:30:00,11.779,1.429,1.4526,0.8385,0.8297,28.3375,2.233,261.9,1,1,50.0437,37.0562,61.8312,,,
12/06/2025,14:00:00,11.8466,1.4163,1.4443,0.8553,0.8678,28.2875,2.981,261.92,1,0,45.1062,37.2313,63.3875,,,
12/06/2025,14:30:00,11.7959,1.4124,1.4417,0.8542,0.8612,29.375,3.13,261.78,1,0,48.1687,37.3,63.8875,,,
12/06/2025,15:00:00,11.8137,1.429,1.457,0.8623,0.8625,29.9688,0.816,255.8,1,0,49.2625,37.4125,63.3812,,,
12/06/2025,15:30:00,11.8543,1.4649,1.4868,0.891,0.894,28.45,0.72,247.98,1,0,49.7625,37.4562,62.75,,,
12/06/2025,16:00:00,12.4272,2.2034,2.2283,1.0019,1.0014,29.6187,5.172,257.42,1,1,44.9875,37.4625,15.1562,,,
12/06/2025,16:30:00,12.0875,2.3889,2.4234,1.0369,1.0362,29.4062,19.913,290.28,1,1,45.9187,37.6312,0,,,
12/06/2025,17:00:00,12.4027,2.1522,2.1863,0.9142,0.8988,29.35,0.752,298.72,1,1,48.4,37.7938,0,,,
12/06/2025,17:30:00,11.8974,1.2089,1.2352,0.7785,0.7794,29.4062,0.788,272.5,1,1,49.7188,37.9813,53.7375,,,
12/06/2025,18:00:00,12.5381,2.0761,2.1014,0.8973,0.8949,29.9062,6.039,282.46,1,1,44.4688,38.0125,11.7687,,,
12/06/2025,18:30:00,11.9792,2.2913,2.3206,1.0032,1.0071,28.0687,5.388,296.72,1,0,48.1,38.2437,1.9937,,,
12/06/2025,19:00:00,12.1449,2.2559,2.2887,0.989,0.9916,29.4562,8.414,304.62,1,0,49.7625,38.275,0,,,
12/06/2025,19:30:00,12.0712,2.1793,2.2126,0.924,0.9247,29.8187,2.894,302.7,1,0,44.625,38.325,0,,,
12/06/2025,20:00:00,12.1098,2.2156,2.2546,0.9787,0.9783,28.7938,0.862,289.12,1,0,48.0312,38.3875,0,,,
12/06/2025,20:30:00,12.0367,2.1566,2.1951,0.9104,0.9166,29.4062,0.826,281.14,1,0,49.7562,38.3312,1.4937,,,
12/06/2025,21:00:00,12.4732,1.9925,2.0284,0.7862,0.7897,29.7562,0.82,276.5,1,1,44.5375,38.3375,0.0125,,,
12/06/2025,21:30:00,11.8188,1.142,1.1648,0.6602,0.6543,28.8875,0.854,276.08,1,1,48.1687,38.3687,54.65,,,
12/06/2025,22:00:00,11.8174,1.3349,1.3638,0.7884,0.7656,29.7562,0.376,292.14,1,1,49.5,38.3062,58.7562,,,
12/06/2025,22:30:00,11.7915,1.3034,1.3349,0.7893,0.7847,28.9,0.818,278.46,1,1,42.2375,38.2125,64.95,,,
12/06/2025,23:00:00,11.689,1.2956,1.3222,0.7665,0.772,29.3062,0.726,272.22,1,1,46.975,38.2,65.8062,,,
12/06/2025,23:30:00,11.8936,1.3249,1.3537,0.7877,0.7849,29.8625,3.112,282.28,1,0,49.0625,38.175,68.2937,,,
13/06/2025,00:00:00,11.8913,1.2969,1.324,0.789,0.7901,29.3875,3.242,282.4,1,0,42.8062,38.2625,69.95,,,
13/06/2025,00:30:00,11.7163,1.3362,1.3638,0.8144,0.8168,29.5187,3.2,282.08,1,0,46.8625,38.3375,66.3875,,,
13/06/2025,01:00:00,11.9332,1.3402,1.3642,0.8297,0.838,28.8062,0.823,272.8,1,0,49.7188,38.2875,66.9,,,
13/06/2025,01:30:00,11.8126,1.3301,1.3542,0.8144,0.8111,29.4,0.816,268.12,1,0,44.9375,38.2938,64.7,,,
13/06/2025,02:00:00,11.8213,1.3345,1.3594,0.7921,0.7958,30.0312,0.83,265.44,1,1,48.5437,38.425,63.5437,,,
13/06/2025,02:30:00,11.7126,1.317,1.3467,0.7737,0.7717,29.75,0.772,263.46,1,1,48.15,38.2938,63.6062,,,
13/06/2025,03:00:00,11.8252,1.3603,1.3896,0.8407,0.8459,29.975,0.922,261.82,1,1,46.1125,38.5062,65.4187,,,
13/06/2025,03:30:00,11.7802,1.3546,1.3822,0.828,0.8245,29.9188,0.812,260.48,1,1,48.8687,38.3375,64.475,,,
13/06/2025,04:00:00,11.7986,1.2938,1.3201,0.7658,0.7739,29.3062,3.134,272.56,1,0,50.0125,38.3687,65.7312,,,
13/06/2025,04:30:00,11.8208,1.3214,1.3498,0.81,0.8037,29.9375,3.027,273.9,1,0,45.325,38.3125,64.325,,,
13/06/2025,05:00:00,11.8127,1.3314,1.3586,0.8037,0.8059,29.5375,3.084,273.74,1,0,48.075,38.325,64.4688,,,
13/06/2025,05:30:00,11.7403,1.3253,1.3524,0.7888,0.7877,31.0312,2.614,269.86,1,0,49.2875,38.2437,64.0312,,,
13/06/2025,06:00:00,11.8557,1.3454,1.3752,0.8249,0.8245,29.0562,2.664,269.98,1,0,50.1,38.225,64.4688,,,
13/06/2025,06:30:00,11.812,1.3415,1.3669,0.8028,0.8026,30.1,18.738,273.68,1,1,45.4875,38.2125,63.5375,,,
13/06/2025,07:00:00,11.7074,1.4071,1.4316,0.8564,0.8575,30.5375,5.597,274.5,1,1,48.4125,38.1625,61.55,,,
13/06/2025,07:30:00,11.9611,1.4557,1.4819,0.8855,0.8881,29.6,8.563,273.18,1,1,49.8312,38.2938,61.5,,,
13/06/2025,08:00:00,11.8083,1.3144,1.3415,0.7553,0.7536,29.4312,0.783,265.08,1,1,45.7937,38.2313,62.85,,,
13/06/2025,08:30:00,12.2949,1.8687,1.9037,0.9301,0.9402,30.5312,0.945,260.08,1,1,48.9375,38.4188,48.05,,,
13/06/2025,09:00:00,11.9467,1.3914,1.4128,0.793,0.7976,28.95,3.389,266.94,1,0,43.8438,38.5125,55.3875,,,
13/06/2025,09:30:00,11.8192,1.373,1.3953,0.7617,0.7575,28.9,3.105,272.12,1,0,47.875,38.7,58.2,,,
13/06/2025,10:00:00,11.6813,1.3791,1.4001,0.7669,0.7711,29.9562,0.843,275.38,1,0,49.8937,38.8,57.9937,,,
13/06/2025,10:30:00,11.9037,1.3529,1.3747,0.7967,0.8006,30.0938,0.794,266.06,1,0,45.3812,38.9562,58.8625,,,
13/06/2025,11:00:00,11.8887,1.3953,1.4202,0.8061,0.8015,29.475,0.833,262.88,1,0,48.9062,39.05,56.175,,,
13/06/2025,11:30:00,11.6924,1.3949,1.4251,0.7976,0.8032,28.325,0.787,260.62,1,1,43.5187,39.05,55.425,,,
13/06/2025,12:00:00,11.9276,1.4513,1.4767,0.8129,0.8153,28.9813,0.812,259.8,1,1,48.1937,39.1562,53.1187,,,
13/06/2025,12:30:00,11.8393,1.4286,1.4517,0.8173,0.8144,29.3875,0.801,259.06,1,1,45.4312,39.3312,54.0375,,,
13/06/2025,13:00:00,11.7026,1.3966,1.4211,0.8157,0.8175,28.2875,0.814,257.68,1,1,47.4,39.4187,55.3562,,,
13/06/2025,13:30:00,11.9096,1.4872,1.5182,0.8763,0.8763,29.9562,2.209,265.98,1,1,50.2125,39.5125,50.925,,,
13/06/2025,14:00:00,11.8618,1.4089,1.4364,0.8138,0.8116,28.875,2.928,276.86,1,0,46.625,39.6437,52.8937,,,
13/06/2025,14:30:00,11.7587,1.45,1.4692,0.8584,0.8612,29.8563,3.082,278.18,1,0,49.6812,39.8062,50.15,,,
13/06/2025,15:00:00,11.7045,1.5629,1.5931,0.9432,0.9428,29.4188,0.848,271.2,1,0,45.3937,39.8687,47.5437,,,
13/06/2025,15:30:00,12.4562,2.4943,2.5179,1.1808,1.1703,29.0187,0.858,240.78,1,0,48.5125,40.0062,8.0687,,,
13/06/2025,16:00:00,13.2832,4.2028,4.2754,1.8364,1.8397,28.3187,0.883,221.72,1,1,49.7562,39.9375,0,,,
13/06/2025,16:30:00,12.8258,4.1638,4.229,1.8191,1.804,28.0562,0.757,213.34,1,1,42.9562,39.9187,0,,,
13/06/2025,17:00:00,12.7247,3.9954,4.0571,1.703,1.6949,27.6812,1.103,213.34,1,1,46.4,39.8562,0,,,
13/06/2025,17:30:00,12.7586,4.0011,4.0645,1.6995,1.7047,27.7625,0.758,227.24,1,1,47.6125,39.6812,0,,,
13/06/2025,18:00:00,13.0731,4.0807,4.1323,1.7594,1.7568,28.9,0.67,240.7,1,1,48.1375,39.5812,0,,,
13/06/2025,18:30:00,13.1842,4.1135,4.1857,1.7955,1.7918,30.1688,20.434,284.04,1,0,48.3187,39.3687,0,,,
13/06/2025,19:00:00,13.2166,4.0164,4.0776,1.7504,1.752,30.7313,2.973,279.38,1,0,48.3125,39.2188,0,,,
13/06/2025,19:30:00,13.0771,4.0124,4.0789,1.783,1.7892,28.6625,3.006,278.88,1,0,48.1687,39.125,0,,,
13/06/2025,20:00:00,13.2054,4.0068,4.0728,1.7782,1.7719,28.8125,0.914,270.06,1,0,48.4437,38.9562,0,,,
13/06/2025,20:30:00,13.1066,3.9945,4.0597,1.7198,1.7174,27.75,0.98,264.96,1,0,48.9375,38.8625,0,,,
13/06/2025,21:00:00,12.7338,3.7534,3.816,1.5774,1.5785,28.65,0.892,280.56,1,1,49.875,38.8438,0,,,
13/06/2025,21:30:00,12.3247,3.1698,3.2271,1.3926,1.386,29.4688,0.85,279.82,1,1,46.1437,38.9,0,,,
13/06/2025,22:00:00,11.8657,2.3123,2.353,1.0356,1.031,28.3375,0.85,279.18,1,1,49.55,38.9875,0,,,
13/06/2025,22:30:00,12.3687,2.0266,2.0586,0.8396,0.8402,29.3625,0.799,285.82,1,1,46.2812,39.1312,0,,,
13/06/2025,23:00:00,11.818,1.2124,1.2413,0.6545,0.6471,29.4188,2.798,283.52,1,1,50.3,39.2812,36.9312,,,
13/06/2025,23:30:00,11.8099,1.0773,1.1061,0.6009,0.5985,29.4813,12.457,286.86,1,0,47.2562,39.3562,55.8812,,,
14/06/2025,00:00:00,11.8871,1.4854,1.5108,0.8774,0.8921,28.9312,11.618,277.06,1,0,44.6437,39.4437,54.9562,,,
14/06/2025,00:30:00,11.7749,1.3778,1.4032,0.8328,0.8306,29.9125,0.823,272.9,1,0,46.875,39.3937,60.425,,,
14/06/2025,01:00:00,11.6801,1.3021,1.3314,0.7866,0.7862,29.9562,0.743,267.88,1,0,49.875,39.3812,64.5125,,,
14/06/2025,01:30:00,11.8964,1.345,1.3721,0.8151,0.8173,29.9813,0.873,267.5,1,0,45.8562,39.3812,66.9688,,,
14/06/2025,02:00:00,11.8491,1.3008,1.3292,0.8052,0.7973,30.5062,0.863,266.98,1,1,49.575,39.4875,67.45,,,
14/06/2025,02:30:00,11.7341,1.3437,1.3682,0.8286,0.8345,27.9125,0.819,265.44,1,1,44.6125,39.4937,68.5562,,,
14/06/2025,03:00:00,11.7822,1.3135,1.3406,0.8234,0.8089,29.5438,18.662,281.1,1,1,48.7,39.4812,66.4375,,,
14/06/2025,03:30:00,11.8164,1.3319,1.3603,0.8144,0.8129,28.825,0.853,276.98,1,1,42.2625,39.5125,64.3062,,,
14/06/2025,04:00:00,11.8123,1.3949,1.4211,0.8706,0.8706,29.5187,3.05,280.44,1,0,47.5938,39.5812,64.6437,,,
14/06/2025,04:30:00,11.8213,1.3888,1.4181,0.8741,0.8704,28.9125,3.051,280.02,1,0,48.1812,39.5375,65.9688,,,
14/06/2025,05:00:00,11.8207,1.3778,1.4093,0.8774,0.8678,29.525,2.977,280.88,1,0,47.1562,39.7188,65.9187,,,
14/06/2025,05:30:00,11.7117,1.4307,1.4587,0.8807,0.8879,29.4,17.54,282.84,1,0,49.8687,39.8812,63.2375,,,
14/06/2025,06:00:00,11.8668,1.331,1.3621,0.8302,0.8319,29.9813,0.886,276.2,1,0,47.1187,39.85,64.3312,,,
14/06/2025,06:30:00,11.8512,1.3262,1.3546,0.7969,0.8063,29.2188,0.802,270.84,1,1,50.1812,39.975,62.825,,,
14/06/2025,07:00:00,11.7265,1.3345,1.3586,0.8035,0.7993,29.3625,0.829,267.42,1,1,46.225,39.9812,62.9937,,,
14/06/2025,07:30:00,12.5013,2.2231,2.255,1.0205,1.0137,29.8563,5.317,243.38,1,1,49.3937,39.975,14.8,,,
14/06/2025,08:00:00,12.3308,2.1885,2.2261,0.917,0.9225,28.9688,2.082,266.54,1,1,44.7875,39.9812,0,,,
14/06/2025,08:30:00,11.8711,1.4727,1.5003,0.7818,0.7752,29,0.702,284.48,1,1,48.8312,39.9,47.8062,,,
14/06/2025,09:00:00,11.7897,1.4749,1.5051,0.8687,0.8667,29.25,3.073,290.12,1,0,43.15,39.9125,41.225,,,
14/06/2025,09:30:00,11.6967,1.4684,1.499,0.875,0.8665,29.4188,2.832,277.44,1,0,47.3438,39.8562,54.2687,,,
14/06/2025,10:00:00,11.8353,1.478,1.5095,0.9037,0.9131,28.2875,0.756,281.36,1,0,49.175,39.6875,56.2188,,,
14/06/2025,10:30:00,11.7817,1.3122,1.3428,0.7462,0.7472,27.925,0.789,271.76,1,0,50.0375,39.6062,62.15,,,
14/06/2025,11:00:00,11.6781,1.3559,1.3861,0.7873,0.7947,28.3312,0.755,268.54,1,0,44.8625,39.4812,61.6312,,,
14/06/2025,11:30:00,11.8283,1.3826,1.4163,0.8306,0.8227,30.55,0.864,265.62,1,1,47.1375,39.3625,62.275,,,
14/06/2025,12:00:00,11.7901,1.3888,1.4137,0.8026,0.8043,28.8375,0.905,277.58,1,1,47.95,39.3125,58.8,,,
14/06/2025,12:30:00,11.8692,1.4194,1.4474,0.8647,0.8704,29.4625,0.817,267.62,1,1,48.2812,39.2375,61.9,,,
14/06/2025,13:00:00,11.8251,1.2956,1.3209,0.7374,0.7389,29.9813,0.797,263.4,1,1,48.2312,39.2437,60.6812,,,
14/06/2025,13:30:00,11.7077,1.4067,1.4347,0.8571,0.8557,29.8625,2.243,267.6,1,1,48.1875,39.1687,60.7687,,,
14/06/2025,14:00:00,11.8913,1.3621,1.3944,0.8144,0.8127,28.8937,2.938,272.22,1,0,48.05,39.1,58.8062,,,
14/06/2025,14:30:00,12.2456,1.8779,1.9142,0.9778,0.9765,29.5625,3.135,271.44,1,0,47.9688,38.9875,50.2937,,,
14/06/2025,15:00:00,12.1459,1.7681,1.7996,0.8897,0.8901,29.4375,1.037,243.4,1,0,48.0625,39.0812,52.8937,,,
14/06/2025,15:30:00,12.5003,2.3219,2.3473,1.043,1.0469,29.675,0.742,268.78,1,0,48.1062,39.025,3.6125,,,
14/06/2025,16:00:00,11.9141,2.2952,2.3333,1.015,1.013,27.9625,0.69,299.02,1,1,48.6875,39.1875,0,,,
14/06/2025,16:30:00,11.7882,2.2252,2.2554,0.9944,0.9986,28.3375,0.8,295.66,1,1,49.2375,39.2062,0,,,
14/06/2025,17:00:00,11.9087,2.2086,2.2344,0.9892,0.9824,28.8687,0.838,301.38,1,1,49.825,39.4062,0,,,
14/06/2025,17:30:00,11.9088,2.2843,2.3206,1.0233,1.01,29.4188,0.903,297.52,1,1,45.2562,39.4562,0,,,
14/06/2025,18:00:00,11.7817,2.1609,2.1863,0.9583,0.9555,29.9188,0.834,295.24,1,1,48.5,39.6312,0,,,
14/06/2025,18:30:00,11.9611,2.1907,2.2213,1.0003,0.9912,28.7062,3.02,296.94,1,0,50.1437,39.7437,0,,,
14/06/2025,19:00:00,11.899,2.1312,2.1579,0.9201,0.9082,29.6437,2.896,298.84,1,0,46.7375,39.9062,0,,,
14/06/2025,19:30:00,11.8054,2.2633,2.2979,1.0119,1.006,29.5438,12.986,310.22,1,0,50.0062,40.0375,0,,,
14/06/2025,20:00:00,11.8717,2.2261,2.2572,1.0067,1.0104,28.8937,16.19,305.42,1,0,46.6625,40.15,0,,,
14/06/2025,20:30:00,12.6986,3.564,3.6213,1.5133,1.5218,29.3687,0.877,293.58,1,0,49.4,40.3438,0,,,
14/06/2025,21:00:00,11.6836,2.1128,2.1496,0.9483,0.9422,29.375,19.748,298.82,1,1,47.6875,40.3937,0,,,
14/06/2025,21:30:00,11.8062,2.283,2.3232,1.0513,1.0364,30.0875,4.986,297.14,1,1,43.625,40.5125,0.0062,,,
14/06/2025,22:00:00,11.8035,2.3014,2.3377,1.0741,1.0601,28.7875,17.584,304.62,1,1,48.875,40.7,0,,,
14/06/2025,22:30:00,11.7859,2.3447,2.3832,1.0883,1.076,29.9312,2.98,304.22,1,0,44.9437,40.6,0,,,
14/06/2025,23:00:00,11.8645,2.2983,2.3337,1.0859,1.0894,29.9813,11.62,304.96,1,0,48.9625,40.8187,0,,,
14/06/2025,23:30:00,11.8454,2.2686,2.2992,1.0454,1.0356,29.3312,2.756,303.18,1,0,43.6,40.6312,0,,,
15/06/2025,00:00:00,11.6794,2.3018,2.3394,1.0734,1.0791,28.3062,8.603,304.46,1,0,48.3125,40.6562,1.325,,,
15/06/2025,00:30:00,12.8895,3.8287,3.9022,1.6139,1.6137,28.3375,1.572,289,1,0,43.2312,40.6625,0,,,
15/06/2025,01:00:00,12.8302,3.8624,3.9302,1.6642,1.654,29.3875,17.012,287.24,1,1,48.1187,40.525,0,,,
15/06/2025,01:30:00,12.7986,3.8431,3.9109,1.6432,1.6306,29.5312,0.737,274.94,1,1,43.4312,40.55,0,,,
15/06/2025,02:00:00,12.915,3.8821,3.9542,1.6728,1.6717,27.6125,1.999,269.94,1,1,48.7188,40.6375,0,,,
15/06/2025,02:30:00,13.017,3.8939,3.9661,1.6866,1.6944,29.4562,2.325,272.82,0,1,45.3937,40.6187,0,,,
15/06/2025,03:00:00,12.9765,3.8667,3.9346,1.6295,1.6343,29.4,2.315,271.92,0,1,50.2937,40.6562,0,,,
15/06/2025,03:30:00,12.993,3.8974,3.9639,1.6999,1.7012,30.775,0.954,279.3,0,1,47.8187,40.825,0,,,
15/06/2025,04:00:00,13.0481,3.8488,3.9179,1.6441,1.643,29.45,0.787,273.56,0,1,43.9875,40.7687,0,,,
15/06/2025,04:30:00,13.0573,3.858,3.9153,1.64,1.6461,29.925,0.84,278.82,1,1,49.225,40.9187,0,,,
15/06/2025,05:00:00,12.9881,3.7775,3.8436,1.5829,1.5818,30.3438,3.115,280.74,1,0,45.4312,40.9062,0,,,
15/06/2025,05:30:00,12.0958,1.7068,1.7283,0.9334,0.9387,27.8062,14.18,298.86,1,0,49.7062,40.7875,35.1312,,,
15/06/2025,06:00:00,12.3298,1.107,1.1389,0.5224,0.5099,28.8125,0.841,235.26,1,0,45.8562,40.8312,33.4875,,,
15/06/2025,06:30:00,11.6845,1.0029,1.0352,0.5795,0.5911,28.65,0.797,249.62,1,0,49.8375,40.7875,74.85,,,
15/06/2025,07:00:00,11.8233,1.0094,1.0313,0.4572,0.4611,28.325,0.827,257.28,1,0,45.95,40.8812,74.9375,,,
15/06/2025,07:30:00,11.7803,0.8541,0.8852,0.3677,0.3657,28.85,0.761,261.58,1,1,49.3375,40.75,94.7562,,,
15/06/2025,08:00:00,-0.2997,-0.1198,-0.1009,-0.023,-0.0236,30.0312,0.812,247.56,1,1,44.175,40.7625,100,,,
15/06/2025,08:30:00,-0.0755,-0.0161,-0.0069,-0.023,-0.0236,30.5312,0.783,229.2,1,1,47.6937,40.6437,100,,,
15/06/2025,09:00:00,-0.0692,-0.0143,-0.0038,-0.023,-0.023,30.6375,1.481,212.9,1,1,49.0938,40.5,100,,,
15/06/2025,09:30:00,-0.0723,-0.0191,-0.0082,-0.023,-0.023,30.5312,1.297,198.76,1,1,49.5562,40.2062,100,,,
15/06/2025,10:00:00,-0.0722,-0.0121,-0.0038,-0.023,-0.023,31.6625,0.94,187.26,1,1,49.7687,40.2188,100,,,
15/06/2025,10:30:00,-0.0909,-0.0148,-0.0091,-0.023,-0.023,30.0062,0.904,176.72,1,1,49.9375,40.0312,100,,,
15/06/2025,11:00:00,-0.116,-0.0196,-0.0178,-0.023,-0.0232,31.3125,0.904,167.4,1,1,49.9,39.7312,100,,,
15/06/2025,11:30:00,-0.115,-0.0266,-0.0257,-0.023,-0.023,31.7,0.879,159,1,1,49.8125,39.7375,100,,,
15/06/2025,12:00:00,-0.1129,-0.0261,-0.0226,-0.023,-0.023,31.6812,0.892,151.34,1,1,49.5562,39.525,0,,,
15/06/2025,12:30:00,-0.1092,-0.0239,-0.0213,-0.023,-0.023,32.875,0.904,144.28,1,1,49.0437,39.475,0,,,
15/06/2025,13:00:00,-0.1122,-0.0266,-0.0244,-0.023,-0.023,31.7062,0.904,137.9,1,1,48.5312,39.2875,0,,,
15/06/2025,13:30:00,-0.1062,-0.0231,-0.02,-0.023,-0.0236,30.6562,0.892,131.88,1,1,47.8812,39.1562,0,,,
15/06/2025,14:00:00,-0.099,-0.0161,-0.0134,-0.023,-0.023,31.2188,0.916,126.38,1,1,47.35,39.0562,0,,,
15/06/2025,14:30:00,-0.0954,-0.0161,-0.013,-0.023,-0.023,29.7125,0.879,121.36,1,1,46.9312,38.8875,0,,,
15/06/2025,15:00:00,-0.098,-0.0226,-0.02,-0.023,-0.0232,31.625,0.879,116.8,1,1,46.75,38.8312,0,,,
15/06/2025,15:30:00,-0.1,-0.0266,-0.0222,-0.023,-0.0232,29.4875,0.892,112.5,1,1,46.5437,38.7437,0,,,
15/06/2025,16:00:00,-0.0912,-0.0248,-0.0182,-0.023,-0.0234,30.6625,0.892,108.4,1,1,46.3,38.7062,0,,,
15/06/2025,16:30:00,-0.0921,-0.0182,-0.0156,-0.0232,-0.0234,30.5562,0.854,104.78,1,1,45.8875,38.6063,0,,,
15/06/2025,17:00:00,-0.0898,-0.0156,-0.0121,-0.023,-0.0236,30.5938,0.854,101.76,1,1,45.6,38.625,0,,,
15/06/2025,17:30:00,-0.0814,-0.0169,-0.0117,-0.0232,-0.0232,28.325,0.841,99.56,1,1,45.425,38.5438,0,,,
15/06/2025,18:00:00,-0.0702,-0.0174,-0.0113,-0.023,-0.023,29.975,0.867,97.66,1,1,45.6062,38.4875,0,,,
15/06/2025,18:30:00,-0.0779,-0.02,-0.0148,-0.023,-0.0232,29.425,0.841,96.76,1,1,45.7125,38.5562,0,,,
15/06/2025,19:00:00,-0.0746,-0.0187,-0.0143,-0.023,-0.0232,29.9813,0.879,96.32,1,1,45.8438,38.6437,0,,,
15/06/2025,19:30:00,-0.07,-0.0244,-0.0169,-0.023,-0.023,29.4062,0.879,96,1,1,46.1,38.6375,0,,,
15/06/2025,20:00:00,-0.0732,-0.0209,-0.0148,-0.023,-0.0236,28.325,0.867,95.14,1,1,46.4062,38.7062,0,,,
15/06/2025,20:30:00,-0.0664,-0.0248,-0.0191,-0.023,-0.023,29.7562,0.867,93.96,1,1,46.6562,38.7562,0,,,
15/06/2025,21:00:00,-0.073,-0.0331,-0.0283,-0.023,-0.0232,30.0312,0.867,92.9,1,1,46.9187,38.775,0,,,
15/06/2025,21:30:00,-0.0694,-0.0231,-0.0165,-0.023,-0.0234,31.1063,0.854,91.36,1,1,46.925,38.8563,0,,,
15/06/2025,22:00:00,-0.0607,-0.0178,-0.0104,-0.023,-0.023,29.9125,0.841,89.22,1,1,46.725,38.8312,0,,,
15/06/2025,22:30:00,-0.0639,-0.0191,-0.013,-0.023,-0.0234,27.8125,0.867,86.82,1,1,46.4937,38.7625,0,,,
15/06/2025,23:00:00,-0.0574,-0.0196,-0.0121,-0.023,-0.0232,28.175,0.814,84.44,1,1,46.45,38.6562,0,,,
15/06/2025,23:30:00,-0.0617,-0.0182,-0.0113,-0.023,-0.0236,29.3438,0.854,81.98,1,1,46.4375,38.7062,0,,,
16/06/2025,00:00:00,-0.057,-0.0165,-0.0104,-0.0206,-0.0203,28.725,0.827,79.6,1,1,46.3375,38.7313,0,,,
16/06/2025,00:30:00,-0.0562,-0.0161,-0.0086,-0.023,-0.0232,29.6625,0.841,77.36,1,1,46.3125,38.7875,0,,,
16/06/2025,01:00:00,-0.0522,-0.0196,-0.0134,-0.023,-0.023,28.8875,0.841,75.24,1,1,46.275,38.7437,0,,,
16/06/2025,01:30:00,-0.0559,-0.0217,-0.0148,-0.023,-0.023,28.1937,0.827,73.16,1,1,46.3438,38.7313,0,,,
16/06/2025,02:00:00,-0.048,-0.0182,-0.0099,-0.023,-0.023,27.75,0.841,71.26,1,1,46.225,38.8563,0,,,
16/06/2025,02:30:00,-0.0463,-0.0178,-0.0108,-0.0236,-0.023,28.8,0.827,69.42,1,1,46.1562,38.8438,0,,,
16/06/2025,03:00:00,-0.0498,-0.0178,-0.0108,-0.023,-0.0232,28.6375,0.814,67.66,1,1,46.0125,38.875,0,,,
16/06/2025,03:30:00,-0.0404,-0.0174,-0.0091,-0.023,-0.0232,29.4062,0.854,65.96,1,1,45.9625,38.8687,0,,,
16/06/2025,04:00:00,-0.0417,-0.0174,-0.0082,-0.0232,-0.0234,29.3875,0.841,64.32,1,1,45.7687,38.8187,0,,,
16/06/2025,04:30:00,-0.015,-0.0143,-0.0029,0.0024,0.0022,29.4125,0.841,62.84,1,1,45.6937,38.8312,0,,,
16/06/2025,05:00:00,-0.0152,-0.0126,-0.0029,0.0055,0.0059,29.9188,0.841,61.38,1,1,45.6375,38.9375,0,,,
16/06/2025,05:30:00,-0.0136,-0.0148,-0.0043,0.0048,0.0048,28.2188,0.841,60,1,1,45.6187,38.925,0,,,
16/06/2025,06:00:00,-0.0091,-0.0099,0.001,0.0278,0.0276,29.9312,0.786,58.64,1,1,45.6625,38.975,0,,,
16/06/2025,06:30:00,-0.0056,-0.006,0.008,0.0131,0.0129,30.375,0.827,57.46,1,1,45.6,39.0625,0,,,
16/06/2025,07:00:00,-0.0063,-0.0064,0.0062,-0.0077,-0.0083,29.2812,0.867,56.54,1,1,45.7125,39.0938,0,,,
16/06/2025,07:30:00,0.0007,-0.0244,-0.0091,-0.023,-0.023,29.2125,0.867,56.02,1,1,45.7437,39.0875,100,,,
16/06/2025,08:00:00,0.0019,-0.0222,-0.0069,-0.023,-0.0232,30.3312,0.928,55.48,1,1,45.6562,39.1437,100,,,
16/06/2025,08:30:00,0.0013,-0.0226,-0.0064,-0.0188,-0.0179,28.2875,0.879,54.62,1,1,45.3687,39.0875,100,,,
16/06/2025,09:00:00,0.0042,-0.0231,-0.0078,-0.0004,-0.0004,28.175,0.892,53.78,1,1,44.8625,38.8937,100,,,
16/06/2025,09:30:00,0.0161,-0.0047,0.0097,0.0103,0.0103,28.6562,0.892,53.02,1,1,44.4562,38.85,100,,,
16/06/2025,10:00:00,0.0022,-0.0301,-0.0143,-0.0123,-0.012,29.45,0.904,52.66,1,1,43.9875,38.6063,100,,,
16/06/2025,10:30:00,0.0096,-0.0156,-0.0016,-0.0144,-0.0147,29.375,0.892,51.9,1,1,43.4625,38.5938,100,,,
16/06/2025,11:00:00,-0.361,-0.2383,-0.0607,-0.023,-0.023,29.4188,0.867,51.1,1,1,43.15,38.4813,100,,,
16/06/2025,11:30:00,0.0905,1.828,1.8696,0.707,0.705,28.8062,0.892,50.34,1,1,42.7687,38.3375,79.9187,,,
16/06/2025,12:00:00,0.1034,1.8687,1.9094,0.712,0.7118,28.8625,0.879,49.54,1,1,42.4062,38.2938,79.9062,,,
16/06/2025,12:30:00,-0.0258,1.8324,1.8752,0.7085,0.7096,29.9312,0.854,48.68,1,1,42.0312,38.2,79.9062,,,
16/06/2025,13:00:00,0.2023,2.2336,2.2786,1.0804,1.0977,28.3625,0.867,47.86,1,1,41.4625,38.0438,79.9062,,,
16/06/2025,13:30:00,0.1069,2.2996,2.3491,1.1355,1.1419,30.1125,0.827,47.1,1,1,40.9625,37.9937,79.9062,,,
16/06/2025,14:00:00,0.1884,2.4134,2.4593,1.2307,1.2252,28.4562,0.892,46.46,1,1,40.5625,37.8875,79.9062,,,
16/06/2025,14:30:00,11.5845,2.5197,2.5472,1.5299,1.5256,29.4562,0.867,45.88,1,1,40.4562,37.9,79.9062,,,
16/06/2025,15:00:00,11.7817,1.1967,1.2151,0.6374,0.6442,28.375,0.892,45.3,1,1,40.4688,37.8812,100,,,
16/06/2025,15:30:00,11.8958,1.3384,1.3704,0.9408,0.9446,29.3625,0.854,44.76,1,1,40.6687,37.8187,100,,,
16/06/2025,16:00:00,12.0091,0.9036,0.9351,0.5532,0.5475,28.1625,0.892,44.26,1,1,40.8,37.7812,100,,,
16/06/2025,16:30:00,12.2197,0.6524,0.6848,0.3207,0.329,28.3,0.841,43.8,1,1,41.0875,37.8187,100,,,
16/06/2025,17:00:00,11.994,1.4106,1.4334,0.8813,0.8785,27.8563,17.912,166.7,1,1,41.225,37.85,100,,,
16/06/2025,17:30:00,12.2376,2.1574,2.1942,1.1071,1.1027,29.3687,14.821,225.72,0,1,41.5125,37.8438,72.7812,,,
16/06/2025,18:00:00,12.6979,3.1283,3.1856,1.3777,1.3757,27.9437,2.49,275.54,0,1,41.9562,37.9125,5.5625,,,
16/06/2025,18:30:00,13.3439,4.159,4.2404,1.7583,1.7616,29.4437,2.577,280.76,0,1,42.2312,37.9,0,,,
16/06/2025,19:00:00,13.2612,4.096,4.1682,1.7708,1.759,28.3312,0.763,273.82,0,1,42.7937,37.7875,0,,,
16/06/2025,19:30:00,13.0708,4.0794,4.145,1.7865,1.8016,28.8937,1.098,266.66,0,1,43.3812,37.8,0,,,
16/06/2025,20:00:00,12.8311,4.0767,4.1415,1.72,1.7198,28.3375,0.813,259.06,1,1,43.975,37.7562,0,,,
16/06/2025,20:30:00,13.0481,4.1056,4.1695,1.8526,1.8384,28.4875,18.884,271.56,1,1,44.875,37.7562,0,,,
16/06/2025,21:00:00,13.0578,4.1927,4.2618,1.8624,1.8707,29.8687,0.939,275.08,1,1,45.4875,37.775,0,,,
16/06/2025,21:30:00,13.0268,4.1485,4.215,1.7907,1.7861,29.9188,0.94,264.82,1,1,46.0687,37.8312,0,,,
16/06/2025,22:00:00,12.9047,4.0807,4.1533,1.7627,1.7581,28.8937,0.783,265.6,1,1,46.7875,37.8438,0,,,
16/06/2025,22:30:00,13.0598,4.1122,4.1839,1.8163,1.8069,28.75,0.72,264.06,1,1,47.7188,37.9625,0,,,
16/06/2025,23:00:00,13.156,4.2347,4.2986,1.8747,1.8815,29.775,0.663,282.84,1,1,48.4,37.8375,0,,,
16/06/2025,23:30:00,13.1169,4.0859,4.1529,1.7791,1.785,27.9,3.037,278.04,1,0,49.225,37.8438,0,,,
17/06/2025,00:00:00,13.1332,4.0256,4.0907,1.7325,1.7334,28.1375,2.96,277.7,1,0,49.9875,38.0438,0,,,
17/06/2025,00:30:00,12.6287,3.5132,3.5811,1.5124,1.4995,27.675,3.133,285.3,1,0,46.325,37.95,0,,,
17/06/2025,01:00:00,11.9057,2.2791,2.3044,1.1546,1.1576,29.1812,0.866,284.82,1,0,49.2375,37.9875,3.4187,,,
17/06/2025,01:30:00,11.788,1.3319,1.3564,0.7518,0.7584,29.2875,0.808,288.08,1,0,42.4062,38.0875,60.2312,,,
17/06/2025,02:00:00,11.7643,1.3931,1.4185,0.8514,0.8466,28.3312,0.893,279.2,1,1,46.9125,38.075,50.0625,,,
17/06/2025,02:30:00,11.868,1.5996,1.6206,0.9979,0.9894,29.4437,3.195,274.36,1,1,49.1937,37.9188,64.3125,,,
17/06/2025,03:00:00,11.8096,1.4916,1.5191,0.9452,0.9518,29.9312,8.648,278.16,1,1,42.4812,37.9375,62.8062,,,
17/06/2025,03:30:00,11.7819,1.4679,1.4946,0.9161,0.9306,29.3875,0.897,275.98,1,1,46.3812,37.8625,67.2937,,,
17/06/2025,04:00:00,11.7261,1.4657,1.4885,0.9157,0.9148,28.9062,3.121,279.02,1,0,48.9812,37.7938,68.2062,,,
17/06/2025,04:30:00,11.8891,1.4981,1.52,0.9538,0.9562,29.9312,2.987,279.74,1,0,50,37.8312,68.3062,,,
17/06/2025,05:00:00,11.8084,1.4719,1.4973,0.919,0.9152,29.6312,3.241,280.56,1,0,44.6125,37.8062,68.075,,,
17/06/2025,05:30:00,11.7355,1.4903,1.5064,0.9293,0.9317,28.3125,0.847,271.54,1,0,48.45,37.8625,68.3125,,,
17/06/2025,06:00:00,11.8587,1.5008,1.5235,0.952,0.9461,29.9375,0.886,266.14,1,0,44.3062,37.8812,67.3687,,,
17/06/2025,06:30:00,11.799,1.5034,1.5261,0.9516,0.9457,29.4062,0.832,263.5,1,1,47.0625,37.9188,67.4437,,,
17/06/2025,07:00:00,11.6687,1.4977,1.5248,0.9503,0.9507,28.4188,0.822,262.02,1,1,49.8687,38.0187,65.1062,,,
17/06/2025,07:30:00,11.833,1.5196,1.5528,0.9157,0.917,29.8625,0.913,260.36,1,1,45.9,38.0938,64.7437,,,
17/06/2025,08:00:00,11.7954,1.6123,1.6421,1.0154,1.0229,29.9312,18.768,279.72,1,1,49.1312,38.15,63.0812,,,
17/06/2025,08:30:00,11.7766,1.5826,1.6088,0.9861,0.9844,29.45,0.903,270.14,1,1,42.8312,37.9562,63.2437,,,
17/06/2025,09:00:00,11.8486,1.5624,1.5887,0.9741,0.9708,28.8937,3.231,276.48,1,0,46.4437,38.0312,63.4688,,,
17/06/2025,09:30:00,11.8317,1.5467,1.5721,0.9472,0.9406,28.9625,3.325,275.86,1,0,47.8062,37.9062,63.8562,,,
17/06/2025,10:00:00,11.8157,1.5891,1.6167,0.9931,0.9861,29.0625,0.788,273.34,1,0,48.1687,37.7375,62.1562,,,
17/06/2025,10:30:00,11.8431,1.597,1.6272,0.9947,0.9866,29.525,0.921,263.2,1,0,48.2562,37.6937,59.975,,,
17/06/2025,11:00:00,11.805,1.5655,1.59,0.9748,0.9618,28.525,0.838,258.14,1,0,48.2,37.5187,59.8,,,
17/06/2025,11:30:00,11.7197,1.5874,1.6106,0.9697,0.957,29.9375,0.885,255.98,1,1,48.2062,37.4437,58.1687,,,
17/06/2025,12:00:00,11.8913,1.597,1.6163,0.9944,0.982,28.9688,0.829,254.48,1,1,47.9812,37.3687,59.9937,,,
17/06/2025,12:30:00,11.8181,1.6171,1.6359,0.9975,0.9903,30.6,5.561,267.34,1,1,47.6625,37.3625,55.4312,,,
17/06/2025,13:00:00,11.6755,1.5909,1.625,0.9769,0.9789,30.1437,0.813,258.92,1,1,47.4125,37.3062,56.2062,,,
17/06/2025,13:30:00,11.8454,1.6097,1.6364,0.975,0.9839,30.5875,2.087,258.82,1,1,47.3687,37.3687,53.55,,,
17/06/2025,14:00:00,11.8009,1.6176,1.6394,0.999,0.992,30.5312,3.381,261.74,1,0,47.525,37.3687,55.0625,,,
17/06/2025,14:30:00,11.7006,1.7409,1.7646,1.062,1.055,29.4625,2.882,261.66,1,0,47.9062,37.3875,52.2687,,,
17/06/2025,15:00:00,11.9071,1.7751,1.8013,1.0697,1.0638,29.5375,0.843,252.6,1,0,48.1375,37.4562,49.725,,,
17/06/2025,15:30:00,12.5484,2.7393,2.7695,1.3451,1.344,29.9688,0.869,249.4,1,0,48.5312,37.525,19.6,,,
17/06/2025,16:00:00,13.1914,4.5545,4.642,2.0707,2.0773,29.4,0.862,237.94,1,1,48.7562,37.575,0,,,
17/06/2025,16:30:00,13.3065,4.1432,4.2106,1.8417,1.841,29.925,0.788,247.3,1,1,49.1937,37.5938,0,,,
17/06/2025,17:00:00,13.0704,4.0531,4.117,1.7668,1.773,29.1063,1.41,263.42,1,1,49.5625,37.55,0,,,
17/06/2025,17:30:00,12.8772,3.984,4.0509,1.6903,1.6918,30.35,0.786,275,1,1,42.9312,37.5625,0,,,
17/06/2025,18:00:00,12.967,4.0802,4.1454,1.7876,1.787,30.5687,1.054,266.32,1,1,47.575,37.6125,0,,,
17/06/2025,18:30:00,13.0445,4.1586,4.2321,1.8452,1.8386,28.9062,22.977,280.16,1,0,49.5375,37.675,0,,,
17/06/2025,19:00:00,12.8184,4.1096,4.1848,1.7835,1.7887,28.8812,2.944,279.68,1,0,44.1687,37.6375,0,,,
17/06/2025,19:30:00,12.9369,4.1039,4.1774,1.8419,1.8283,29.4188,2.859,282.1,1,0,48.45,37.6812,0,,,
17/06/2025,20:00:00,12.823,4.0676,4.1437,1.7725,1.7686,29.4062,0.78,268.02,1,0,42.9688,37.65,0,,,
17/06/2025,20:30:00,12.8626,4.1481,4.2163,1.8097,1.8215,29.8937,1.023,261.38,1,0,47.4,37.7,0,,,
17/06/2025,21:00:00,12.8309,4.0702,4.1328,1.778,1.7778,29.35,0.825,259.04,1,1,49.975,37.6562,0,,,
17/06/2025,21:30:00,12.8606,4.1148,4.1887,1.797,1.7999,29.475,2.732,263.26,1,1,46.6875,37.7437,0,,,
17/06/2025,22:00:00,12.8847,4.11,4.1809,1.8283,1.8198,28.8187,0.683,275.3,1,1,50.1937,37.7,0,,,
17/06/2025,22:30:00,12.7346,4.2246,4.2902,1.9047,1.9147,29.3,0.743,268.04,1,1,46.8438,37.8375,0,,,
17/06/2025,23:00:00,12.8679,4.0417,4.1078,1.7839,1.7826,28.3687,1.984,261.94,1,1,47.5562,37.7812,0,,,
17/06/2025,23:30:00,12.7627,4.0181,4.0864,1.7566,1.75,28.9813,2.973,274.28,1,0,46.9688,37.9188,0,,,
18/06/2025,00:00:00,12.701,4.1717,4.2434,1.8408,1.8279,29.4375,3.076,286.24,1,0,44.5562,38.0187,0,,,
18/06/2025,00:30:00,12.0576,3.018,3.0705,1.346,1.3497,29.3062,0.933,288.48,1,0,47.6812,37.9813,0,,,
18/06/2025,01:00:00,12.428,3.6729,3.7333,1.671,1.6667,30.5687,0.88,281.66,1,0,43.7437,37.9875,0,,,
18/06/2025,01:30:00,12.5834,3.8694,3.9284,1.7181,1.717,29.3687,9.483,272.96,1,0,49.0812,38.1437,0,,,
18/06/2025,02:00:00,12.2279,3.2665,3.3142,1.4842,1.4779,28.425,6.063,280.08,1,1,44.7812,38.2375,0,,,
18/06/2025,02:30:00,11.8452,2.2086,2.2322,0.9995,1.0012,30.5938,19.827,288.92,1,1,49.75,38.2437,4.1687,,,
18/06/2025,03:00:00,12.0696,2.2528,2.2856,0.9986,0.9898,29.9,8.683,298.5,1,1,46.3625,38.275,0,,,
18/06/2025,03:30:00,12.5458,3.4769,3.5342,1.6207,1.6142,29.4688,0.993,286.4,1,1,47.4812,38.3875,0,,,
18/06/2025,04:00:00,11.8512,2.5206,2.5464,1.1806,1.1648,30.3125,3.1,301.64,1,0,47.675,38.4437,0,,,
18/06/2025,04:30:00,11.8679,2.8714,2.9021,1.3646,1.3576,29.6375,3.017,295.56,1,0,43.6312,38.4437,0.0062,,,
18/06/2025,05:00:00,12.0316,2.8605,2.9038,1.4451,1.4453,29.9312,3.128,294.68,1,0,49.4062,38.5562,0.0062,,,
18/06/2025,05:30:00,12.342,2.4077,2.4326,1.0557,1.0548,30.4937,3.756,292.02,1,0,46.075,38.7313,3.2,,,
18/06/2025,06:00:00,11.6656,1.1674,1.1949,0.6687,0.672,30.4562,3.733,265.74,1,0,50.325,38.8,49.7125,,,
18/06/2025,06:30:00,11.8898,1.5686,1.5974,0.9754,0.9767,29.4562,2.519,273.12,1,1,46.6687,38.825,51.6562,,,
18/06/2025,07:00:00,11.8343,1.5283,1.5572,0.9177,0.9229,29.7687,0.777,271.26,1,1,50.0125,38.8312,52.5437,,,
18/06/2025,07:30:00,11.6911,1.5056,1.5362,0.8553,0.8562,29.95,0.851,268.12,1,1,45.725,38.7437,51.3937,,,
18/06/2025,08:00:00,11.9307,1.4185,1.4447,0.8932,0.8894,30.0312,0.897,265.46,1,1,48.8687,38.7188,62.4625,,,
18/06/2025,08:30:00,11.8088,1.4412,1.4741,0.8645,0.8522,29.4062,0.874,267.14,1,1,49.8937,38.6125,51.7875,,,
18/06/2025,09:00:00,11.7774,1.618,1.6482,1.006,1.0192,30.5938,3.089,278.88,1,0,42.6,38.5125,53.1687,,,
18/06/2025,09:30:00,11.8121,1.5091,1.5406,0.8848,0.8866,28.825,2.944,281.48,1,0,46.0687,38.3375,52.7125,,,
18/06/2025,10:00:00,11.7938,1.5003,1.5266,0.8345,0.8277,30.15,3.083,284.4,1,0,47.2625,38.2875,48.5125,,,
18/06/2025,10:30:00,11.8249,1.7567,1.7825,1.0148,1.0196,28.3937,0.884,278.4,1,0,47.7188,38.1688,48.6562,,,
18/06/2025,11:00:00,11.8529,1.8525,1.8779,0.9848,0.9826,28.8687,0.88,261.12,1,0,47.8812,38.0125,48.4187,,,
18/06/2025,11:30:00,11.8414,1.5204,1.5493,0.882,0.8833,29.7938,0.959,256.74,1,1,47.8312,37.8937,40.8,,,
18/06/2025,12:00:00,11.7301,1.5524,1.5817,0.9021,0.9163,30.6125,0.8,260.12,1,1,47.6062,37.7687,43.8375,,,
18/06/2025,12:30:00,11.9021,1.618,1.6469,0.978,0.98,29.9813,0.774,261.08,1,1,47.5938,37.7812,42.475,,,
18/06/2025,13:00:00,11.8027,1.5178,1.5454,0.8735,0.8698,30.5812,0.736,260.92,1,1,47.7625,37.7938,43.6375,,,
18/06/2025,13:30:00,11.7056,1.4951,1.5222,0.8547,0.8584,29.4562,2.149,279.02,1,1,48,37.775,45.4625,,,
18/06/2025,14:00:00,11.821,1.5511,1.5721,0.9056,0.9074,29.4562,3.916,279.86,1,0,48.65,37.8812,41.2375,,,
18/06/2025,14:30:00,12.1482,2.3438,2.3753,1.1961,1.2062,29.9813,2.967,246.84,1,0,49.1062,37.9125,29.9188,,,
18/06/2025,15:00:00,12.016,1.9859,2.01,0.9907,0.9966,30.1625,3.992,254.4,1,0,49.6312,38.0062,50.1812,,,
18/06/2025,15:30:00,12.1125,2.7901,2.8404,1.3722,1.3707,29.9437,0.794,265.96,1,0,49.8438,37.975,0.0125,,,
18/06/2025,16:00:00,12.8463,3.9704,4.0356,1.7522,1.7607,28.8687,2.828,270.86,1,1,43.5,38.0375,0,,,
18/06/2025,16:30:00,12.8102,4.0435,4.1078,1.7835,1.7817,28.55,0.914,278.86,1,1,48.1062,38.0687,0,,,
18/06/2025,17:00:00,12.6043,3.9534,4.0208,1.7139,1.7143,28.75,0.871,270.16,1,1,50.1375,38.075,0,,,
18/06/2025,17:30:00,12.8294,4.0291,4.0934,1.7981,1.7843,28.2875,0.788,259.84,1,1,47.0187,38.1063,0,,,
18/06/2025,18:00:00,12.9409,3.9787,4.0452,1.7255,1.7334,29.1562,0.871,258.72,1,1,49.7062,38.0687,0,,,
18/06/2025,18:30:00,12.8217,4.1087,4.1844,1.8075,1.8047,29.9562,2.296,284.72,1,1,45.3625,38.0562,0,,,
18/06/2025,19:00:00,12.9245,4.089,4.1599,1.7962,1.7876,29.4875,0.858,272.08,1,1,48.9875,38.0625,0,,,
18/06/2025,19:30:00,12.7992,3.9372,4.0011,1.6365,1.6505,29.8438,1.135,264.5,1,1,44.6875,38.0562,0,,,
18/06/2025,20:00:00,12.7516,4.0138,4.0754,1.727,1.7318,29.8438,0.59,260,1,1,48.7562,38.1,0,,,
18/06/2025,20:30:00,12.8255,4.0706,4.1415,1.825,1.8228,30.1,0.923,270.96,1,1,42.7062,38.1812,0,,,
18/06/2025,21:00:00,12.8545,4.061,4.1384,1.7975,1.7784,27.7437,0.735,277.02,1,1,47.625,38.1625,0,,,
18/06/2025,21:30:00,12.854,4.0391,4.1087,1.7542,1.7517,28.9,2.405,281.02,1,1,49.9312,38.1125,0,,,
18/06/2025,22:00:00,12.7325,3.9805,4.0426,1.7154,1.7148,29.0687,2.933,284.58,1,0,46.375,38.0687,0,,,
18/06/2025,22:30:00,12.8059,3.9179,3.9814,1.71,1.7124,28.3312,3.057,279.96,1,0,50.3562,38.1375,0,,,
18/06/2025,23:00:00,12.9158,4.0186,4.0842,1.7924,1.7903,28.2812,17.024,285.84,1,0,47.5938,38.3,0,,,
18/06/2025,23:30:00,12.8882,3.9678,4.0461,1.7187,1.7421,29.375,0.843,275.46,1,0,44.9312,38.3875,0,,,
19/06/2025,00:00:00,12.9792,3.9722,4.0396,1.729,1.7386,29.1312,0.819,265.12,1,1,50.425,38.5,0,,,
19/06/2025,00:30:00,12.1322,2.8544,2.899,1.1751,1.1786,29.375,0.8,284.62,1,1,48.1125,38.7,0,,,
19/06/2025,01:00:00,12.6487,3.424,3.4686,1.4995,1.4888,29.4562,0.918,284.68,1,1,44.2625,38.725,0,,,
19/06/2025,01:30:00,12.423,3.4074,3.4573,1.4857,1.4855,29.2687,0.812,283.84,1,1,49.75,38.75,0,,,
19/06/2025,02:00:00,11.8268,2.4422,2.4864,1.0765,1.0804,28.3375,0.814,281.76,1,1,46.55,38.8187,0,,,
19/06/2025,02:30:00,12.0904,2.7227,2.7529,1.1819,1.1963,28.9937,0.941,281.94,1,1,50.125,38.8687,0,,,
19/06/2025,03:00:00,12.3723,3.2556,3.3146,1.4252,1.4173,30.575,0.916,277.16,1,1,46.7375,38.7,0,,,
19/06/2025,03:30:00,12.8335,3.6209,3.6795,1.5942,1.5899,29.425,0.706,264.72,1,1,50.225,38.6375,0,,,
19/06/2025,04:00:00,12.3825,3.2044,3.2521,1.3779,1.3779,29.3687,0.849,280.82,1,1,46.5938,38.5938,0,,,
19/06/2025,04:30:00,12.1519,2.9847,3.0228,1.2819,1.2797,28.425,0.986,284.46,1,1,50.3125,38.525,0,,,
19/06/2025,05:00:00,11.8268,2.5862,2.6111,1.1797,1.1858,29.7562,3.246,278.48,1,1,47.0687,38.5625,2.15,,,
19/06/2025,05:30:00,11.8565,2.2935,2.3228,0.9944,0.9807,29.4125,2.238,289.6,1,1,42.95,38.5812,0,,,
19/06/2025,06:00:00,11.8365,2.2725,2.3114,1.0997,1.0942,28.7938,2.864,293.98,1,0,48.9,38.625,1.75,,,
19/06/2025,06:30:00,12.7555,3.4936,3.5461,1.5527,1.5527,29.5375,19.952,290.32,1,0,45.3687,38.7188,0,,,
19/06/2025,07:00:00,12.8908,3.9236,3.9884,1.6957,1.6877,29.4562,0.797,276.28,1,0,47.6312,38.825,0,,,
19/06/2025,07:30:00,12.2652,3.3046,3.3597,1.3888,1.3882,30.7125,0.866,284.98,1,0,48.4875,38.875,0,,,
19/06/2025,08:00:00,12.1467,3.2293,3.2661,1.3974,1.402,31.1125,0.854,275.5,1,1,44.025,38.9562,0,,,
19/06/2025,08:30:00,12.1924,3.5023,3.5553,1.5831,1.5822,29.9813,0.92,273.82,1,1,48.6375,38.9437,0,,,
19/06/2025,09:00:00,12.3749,3.9682,4.0304,1.7244,1.7194,28.3187,0.955,278.12,1,1,42.4125,38.8563,0,,,
19/06/2025,09:30:00,11.8427,2.0726,2.1041,0.9616,0.9743,28.9,2.796,273.4,1,1,47.0187,38.75,0,,,
19/06/2025,10:00:00,11.8824,2.2371,2.276,0.9844,0.9686,29.3625,0.753,284.52,1,1,49.0187,38.5938,0.0125,,,
19/06/2025,10:30:00,11.9599,2.4742,2.5092,1.1629,1.1664,29.7375,0.735,276.62,1,1,45.8,38.4,14.5187,,,
19/06/2025,11:00:00,12.0109,2.4659,2.5009,1.1907,1.1821,29.3687,0.804,292.04,1,1,45.7375,38.325,19.6312,,,
19/06/2025,11:30:00,11.8212,1.8691,1.8958,0.9629,0.9588,29.7562,0.821,309.82,1,1,47.9,38.2188,38.0062,,,
19/06/2025,12:00:00,12.026,2.7043,2.7507,1.356,1.3521,29.35,0.963,295.52,1,1,48.9875,38.125,26.35,,,
19/06/2025,12:30:00,12.2719,2.9296,2.9782,1.3328,1.3296,29.4062,0.831,287.5,1,1,49.15,38.0438,13.525,,,
19/06/2025,13:00:00,12.6062,4.4806,4.5707,2.0532,2.0523,28.75,0.756,281,1,1,49.1437,37.9375,0,,,
19/06/2025,13:30:00,12.3624,4.0886,4.1529,1.8526,1.8548,28.3438,17.194,274.34,1,1,49.1375,37.8563,0,,,
19/06/2025,14:00:00,12.317,4.2303,4.3051,1.9141,1.9088,28.8125,6.299,281.8,1,0,49.0938,37.7062,0,,,
19/06/2025,14:30:00,12.2421,4.1179,4.1922,1.8287,1.8277,29.4188,3.014,278.56,1,0,48.9,37.7,0,,,
19/06/2025,15:00:00,12.1931,4.1796,4.2513,1.8729,1.8664,29.6125,1.003,270.28,1,0,48.8312,37.7125,0,,,
19/06/2025,15:30:00,12.2403,4.1734,4.2461,1.8845,1.8843,30.2,0.882,259.08,1,0,49.2,37.65,0,,,
19/06/2025,16:00:00,12.1762,4.1839,4.2583,1.8473,1.8471,29.4562,0.73,252.32,1,1,49.6375,37.7062,0,,,
19/06/2025,16:30:00,12.1954,4.2312,4.3047,1.9405,1.9329,29.975,0.902,250.8,1,1,44.1625,37.7125,0,,,
19/06/2025,17:00:00,12.224,4.2128,4.2811,1.8939,1.8992,29.3687,18.939,269.76,1,1,48.4375,37.7938,0,,,
19/06/2025,17:30:00,12.2216,4.2347,4.3165,1.885,1.8869,29.475,0.846,272.82,1,1,43.6062,37.8687,0,,,
19/06/2025,18:00:00,12.122,4.3323,4.4136,1.9456,1.9556,29.7437,0.899,263.82,1,1,48.1312,37.9688,0,,,
19/06/2025,18:30:00,12.3303,4.3104,4.3926,1.9311,1.9313,29.1063,0.907,256.28,1,1,44.1937,38.1063,0,,,
19/06/2025,19:00:00,12.2571,4.2531,4.3248,1.9515,1.9567,28.3375,0.89,251.52,1,1,49.1,38.2188,0,,,
19/06/2025,19:30:00,12.2027,4.3021,4.3773,1.9123,1.9147,28.8563,0.147,282.14,1,1,45.575,38.3937,0,,,
19/06/2025,20:00:00,12.3122,4.2443,4.3204,1.9224,1.9195,28.0562,0.631,268.2,1,1,49.85,38.5375,0,,,
19/06/2025,20:30:00,12.3766,4.2321,4.3064,1.9047,1.8898,28.9062,1.001,263.36,1,1,46.7875,38.6562,0,,,
19/06/2025,21:00:00,12.3465,4.2872,4.3624,1.8981,1.9147,30.5,5.296,270.22,1,1,43.8875,38.7938,0,,,
19/06/2025,21:30:00,12.5113,4.1892,4.2596,1.8791,1.8841,27.775,11.517,277.64,1,1,48.625,38.9937,0,,,
19/06/2025,22:00:00,12.5159,4.2872,4.3651,1.9499,1.9464,27.9625,19.95,282.58,1,0,44.5938,39.05,0,,,
19/06/2025,22:30:00,12.3972,4.2784,4.3489,1.9344,1.9313,28.2437,11.224,285.48,1,0,49.3187,39.1062,0,,,
19/06/2025,23:00:00,12.4812,4.2793,4.3589,1.9145,1.9204,29.3687,5.946,281.12,1,0,45.6812,39.1375,0,,,
19/06/2025,23:30:00,12.4495,4.2141,4.2828,1.8697,1.8616,28.5875,16.086,285.88,1,0,45.5125,39.225,0,,,
20/06/2025,00:00:00,12.4625,4.0894,4.1485,1.8543,1.8605,28.375,0.776,272.98,1,1,48.4688,39.2812,0,,,
20/06/2025,00:30:00,11.8427,2.5302,2.5691,1.1749,1.1653,27.9437,0.852,278.1,1,1,45.1062,39.3125,0,,,
20/06/2025,01:00:00,11.8205,2.6151,2.6544,1.2635,1.2637,29.425,0.906,294.72,1,1,50.2937,39.3187,10.0687,,,
20/06/2025,01:30:00,11.8816,1.4522,1.4815,0.8921,0.8875,28.3062,0.819,276.68,1,1,47.0875,39.35,37.2938,,,
20/06/2025,02:00:00,11.7799,1.4802,1.5069,0.8711,0.8761,28.3937,0.96,273.64,1,1,43.2562,39.3187,54.9562,,,
20/06/2025,02:30:00,11.7707,1.5423,1.5681,0.9879,0.9984,29.5312,0.881,270.74,1,1,48.8062,39.4625,55.1812,,,
20/06/2025,03:00:00,11.8828,1.5756,1.597,0.9868,0.975,29.4125,0.814,270.4,1,1,43.4937,39.25,55.75,,,
20/06/2025,03:30:00,11.831,1.5511,1.5769,0.9671,0.9614,28.4188,0.869,271.36,1,1,48.3125,39.2437,56.7562,,,
20/06/2025,04:00:00,11.7825,1.5371,1.5624,0.9728,0.9715,29.975,0.88,271.2,1,1,42.6687,39.15,55.8062,,,
20/06/2025,04:30:00,11.7919,1.576,1.5953,1.0139,1.0115,28.9813,0.801,271.26,1,1,46.3875,38.95,57.2312,,,
20/06/2025,05:00:00,11.883,1.6346,1.6574,1.0598,1.0509,29.95,0.892,270.82,1,1,49.2812,38.925,56.6125,,,
20/06/2025,05:30:00,11.7612,1.5266,1.5528,0.9319,0.9327,28.2875,2.233,285.5,1,1,43.1187,38.6312,55.5,,,
20/06/2025,06:00:00,11.7461,1.5629,1.5869,0.9866,1.0008,29.4813,3.023,285.92,1,0,48.0125,38.65,55.75,,,
20/06/2025,06:30:00,11.8159,1.5436,1.5712,0.9785,0.9818,30.2062,3.033,286.42,1,0,49.9937,38.525,52.9875,,,
20/06/2025,07:00:00,11.6871,1.5983,1.6267,0.9651,0.9712,29.5375,0.805,279.34,1,0,45.6625,38.6063,52,,,
20/06/2025,07:30:00,11.8891,1.6079,1.6342,0.98,0.9826,29.4625,0.85,279.56,1,0,48.9437,38.525,48.5062,,,
20/06/2025,08:00:00,11.7937,1.5672,1.5983,0.9258,0.919,28.7,0.866,284.64,1,1,43.0062,38.4937,46.4875,,,
20/06/2025,08:30:00,11.6977,1.6486,1.6766,0.9885,0.9927,28.3375,0.865,275.94,1,1,47.3812,38.4875,43.65,,,
20/06/2025,09:00:00,11.872,1.6718,1.7007,1.0058,1.0281,28.7188,0.859,270.64,1,1,49.4562,38.5187,41.1687,,,
20/06/2025,09:30:00,11.794,1.6512,1.6775,0.9872,0.9927,29.8062,0.926,268.26,1,1,43.9125,38.425,40.6125,,,
20/06/2025,10:00:00,11.7458,1.5554,1.5887,0.9161,0.9144,30.5875,0.948,283.66,1,1,47.325,38.3438,39.625,,,
20/06/2025,10:30:00,11.818,1.6517,1.6832,0.9916,0.9839,29.4062,0.92,273.84,1,1,48.6875,38.2687,41.9125,,,
20/06/2025,11:00:00,11.8228,1.5904,1.6163,0.9441,0.9297,29.5187,0.85,279.2,1,1,49.1687,38.2375,39.9062,,,
20/06/2025,11:30:00,11.7041,1.5843,1.6123,0.9498,0.9527,30.5187,0.859,270.74,1,1,49.2312,38.05,47.1187,,,
20/06/2025,12:00:00,11.9176,1.6451,1.6722,1.0176,1.0084,28.7437,0.896,266.62,1,1,48.7875,37.9688,48.8312,,,
20/06/2025,12:30:00,11.8376,1.6337,1.6648,0.966,0.9614,28.8812,5.79,279.42,1,1,48.2812,37.9437,43.5625,,,
20/06/2025,13:00:00,11.6987,1.5476,1.5729,0.924,0.9297,28.3687,0.916,267.78,1,1,47.675,37.8187,53.9437,,,
20/06/2025,13:30:00,11.8692,1.5519,1.5751,0.9579,0.9511,28.3875,2.415,272.2,1,1,47.0437,37.6312,54.3375,,,
20/06/2025,14:00:00,11.8214,1.5659,1.5931,0.9402,0.9522,29.9375,3.111,278.64,1,0,46.4437,37.6375,51.9375,,,
20/06/2025,14:30:00,11.693,1.5248,1.5484,0.8951,0.8995,29.4688,3.076,283.92,1,0,46.1375,37.5938,46.2125,,,
20/06/2025,15:00:00,11.8755,1.4968,1.52,0.8903,0.8899,29.75,0.844,274.4,1,0,46.1312,37.425,48.0875,,,
20/06/2025,15:30:00,11.9316,2.1434,2.1815,1.0478,1.0609,28.3,0.664,264.32,1,0,46.2625,37.5062,36.9625,,,
20/06/2025,16:00:00,11.9419,3.2394,3.2862,1.5323,1.5409,29.5312,0.878,225.32,1,1,46.6875,37.4937,0,,,
20/06/2025,16:30:00,11.8555,2.7691,2.8001,1.2725,1.2705,29.95,0.875,237.08,1,1,47.225,37.475,0,,,
20/06/2025,17:00:00,11.8607,2.8723,2.9043,1.3748,1.381,29.4625,0.843,286.42,1,1,47.7,37.4312,0,,,
20/06/2025,17:30:00,12.0272,2.7323,2.7817,1.297,1.2981,28.4,0.817,301.66,1,1,48.0375,37.4875,0,,,
20/06/2025,18:00:00,12.3141,2.6645,2.7096,1.2637,1.2561,29.3812,11.616,289.02,1,1,48.6187,37.425,1.1062,,,
20/06/2025,18:30:00,12.4091,3.0346,3.0679,1.4245,1.4234,28.35,5.876,295.04,1,1,48.925,37.425,0,,,
20/06/2025,19:00:00,12.1759,2.7257,2.7607,1.2838,1.2865,29.4188,5.986,295.82,1,1,49.3375,37.325,0,,,
20/06/2025,19:30:00,12.1109,2.5035,2.5381,1.2486,1.2305,29.5187,0.897,285.02,1,1,49.8062,37.4062,11.8562,,,
20/06/2025,20:00:00,11.9026,2.0957,2.1347,1.0336,1.0323,29.925,0.806,289.94,1,1,43.5125,37.3312,21.075,,,
20/06/2025,20:30:00,12.4495,3.0338,3.0661,1.3849,1.4109,27.8062,1.667,296.66,1,1,47.7,37.3625,0,,,
20/06/2025,21:00:00,12.2006,2.8259,2.8741,1.3013,1.2981,29.375,0.755,295.06,1,1,49.4437,37.4188,0,,,
20/06/2025,21:30:00,11.7781,2.1649,2.1924,1.1675,1.1675,29.8438,2.327,288.94,1,1,42.8562,37.5062,40.8187,,,
20/06/2025,22:00:00,11.8454,1.4876,1.5178,0.9026,0.9019,29.4125,2.992,282.78,1,0,47.5562,37.5187,33.9688,,,
20/06/2025,22:30:00,11.8138,1.6429,1.667,1.0338,1.0393,28.325,3.025,282.24,1,0,50.0312,37.5812,47.0938,,,
20/06/2025,23:00:00,11.7953,1.5821,1.611,0.978,0.9785,29.4562,0.854,275.8,1,0,46.45,37.6937,51.625,,,
20/06/2025,23:30:00,11.7901,1.5589,1.5869,0.9787,0.9783,27.35,0.88,271.8,1,0,49.9812,37.8563,53.3125,,,
21/06/2025,00:00:00,11.8438,1.6582,1.6806,1.0491,1.0601,30.5812,0.87,291.06,1,1,46.5125,37.8687,49.8,,,
21/06/2025,00:30:00,11.7877,1.5966,1.6276,0.989,0.9898,29.9062,0.861,279.02,1,1,49.9187,38.0375,52.5562,,,
21/06/2025,01:00:00,11.8303,1.6259,1.6521,1.0515,1.0452,29.375,0.856,273.56,1,1,45.4,38.1063,52.0125,,,
21/06/2025,01:30:00,11.843,1.5795,1.6088,0.9826,0.9931,29.8625,0.848,270.9,1,1,48.6937,38.0687,52.15,,,
21/06/2025,02:00:00,11.8643,1.6893,1.7147,1.0539,1.0618,29.7625,0.851,288.86,1,1,42.7125,38.0312,48.5562,,,
21/06/2025,02:30:00,11.7067,1.5725,1.5974,0.9662,0.9636,29.45,0.875,276.56,1,1,47.775,38.1688,51.1687,,,
21/06/2025,03:00:00,11.8413,1.5681,1.5913,0.9717,0.9767,30.5562,0.912,271.36,1,1,45.6375,38.0812,51.6187,,,
21/06/2025,03:30:00,11.8065,1.5751,1.6084,0.9756,0.9765,28.3937,0.85,269.2,1,1,46.5938,38.3,51.9375,,,
21/06/2025,04:00:00,11.6409,1.5686,1.5983,0.9909,0.9872,29.4813,0.862,268.18,1,1,49.8375,38.3125,53.3187,,,
21/06/2025,04:30:00,11.8887,1.6114,1.6372,1.0165,1.0135,30.0375,0.906,267.32,1,1,45.5187,38.3375,54.025,,,
21/06/2025,05:00:00,11.8075,1.5616,1.5839,0.9542,0.9601,28.925,0.821,274.88,1,1,49.3125,38.4312,53.1875,,,
21/06/2025,05:30:00,11.6659,1.5357,1.5624,0.9572,0.9538,29.4562,2.486,279.04,1,1,43.8812,38.4188,54.4625,,,
21/06/2025,06:00:00,11.8949,1.4854,1.5104,0.9373,0.9253,29.3625,2.99,280.82,1,0,48.3312,38.4,54.2062,,,
21/06/2025,06:30:00,11.7779,1.506,1.5318,0.9045,0.9069,29.4625,2.922,286.56,1,0,42.8812,38.5375,50.5125,,,
21/06/2025,07:00:00,11.7508,1.485,1.5139,0.8676,0.8628,28.4,0.788,285.06,1,0,47.325,38.5687,51.3812,,,
21/06/2025,07:30:00,11.8777,1.6093,1.6355,0.9568,0.9566,30.6,0.816,280.1,1,0,49.8687,38.5875,49.3438,,,
21/06/2025,08:00:00,11.728,1.4574,1.4828,0.8501,0.8466,29.05,3.061,275.68,1,1,44.8438,38.5562,58.9562,,,
21/06/2025,08:30:00,11.8129,1.4881,1.5152,0.8859,0.8855,28.3438,0.85,280.08,1,1,48.3125,38.5875,55.1937,,,
21/06/2025,09:00:00,11.8355,1.5231,1.5493,0.9188,0.9172,29.35,0.912,271.14,1,1,49.4937,38.4875,54.8,,,
21/06/2025,09:30:00,11.6581,1.4889,1.5187,0.8831,0.8837,31.6875,0.852,266.8,1,1,49.8125,38.3375,53.6437,,,
21/06/2025,10:00:00,11.8915,1.541,1.5637,0.9321,0.9279,29.4562,0.876,265.06,1,1,49.7875,38.1688,52.9187,,,
21/06/2025,10:30:00,11.8131,1.4933,1.5226,0.8713,0.8693,29.3937,0.961,264.52,1,1,49.4562,37.9875,52.2687,,,
21/06/2025,11:00:00,11.7958,1.5357,1.5602,0.9227,0.9196,29.5687,0.821,263.28,1,1,49.0375,37.85,53.2,,,
21/06/2025,11:30:00,11.7869,1.5182,1.5423,0.915,0.8947,29.4,0.868,261.92,1,1,48.675,37.7812,51.4437,,,
21/06/2025,12:00:00,11.671,1.5305,1.5554,0.8918,0.903,29.8563,2.709,270.58,1,1,48.3187,37.6625,50.8312,,,
21/06/2025,12:30:00,11.9002,1.562,1.5939,0.9577,0.9472,27.8625,0.853,276.72,1,1,48.1812,37.5187,48.5187,,,
21/06/2025,13:00:00,11.8324,1.5992,1.6219,0.952,0.9457,29.4562,5.461,280.86,1,1,47.9375,37.4875,44.5312,,,
21/06/2025,13:30:00,11.7369,1.6071,1.6351,0.9791,0.9748,30.425,2.235,283.38,1,1,47.6,37.4688,46.7375,,,
21/06/2025,14:00:00,11.7725,1.5445,1.5668,0.9299,0.9373,29.9562,3.027,282.48,1,0,47.0875,37.4062,50.8,,,
21/06/2025,14:30:00,11.7347,1.7208,1.7453,1.034,1.0397,30.4937,3.17,287.68,1,0,46.45,37.2938,46.7437,,,
21/06/2025,15:00:00,11.8794,1.6447,1.6705,1.0262,1.0308,28.3937,0.853,276.46,1,0,45.75,37.175,47.2437,,,
21/06/2025,15:30:00,11.8342,1.6027,1.6259,0.9697,0.9728,28.3875,0.85,268.7,1,0,45.5062,37.25,44.5437,,,
21/06/2025,16:00:00,11.6821,1.6324,1.6556,0.9916,0.9964,29.8687,0.875,265.92,1,1,45.6437,37.1625,43.425,,,
21/06/2025,16:30:00,11.8264,1.5931,1.6263,0.9555,0.9647,29.4562,0.831,265.04,1,1,46.1062,37.2188,44.95,,,
21/06/2025,17:00:00,11.8413,1.6469,1.674,1.0297,1.0279,29.4312,0.808,264.28,1,1,46.525,37.275,45.2562,,,
21/06/2025,17:30:00,11.8424,1.9982,2.0301,1.1353,1.1386,30.4813,0.693,263.1,1,1,47.0125,37.3687,41.4562,,,
21/06/2025,18:00:00,11.7161,1.4207,1.4478,0.8647,0.8621,29.4062,0.826,257.42,1,1,47.6,37.4312,49.8937,,,
21/06/2025,18:30:00,11.7924,1.6215,1.6486,0.9813,0.9699,29.9375,12.095,277.9,1,1,48.0125,37.375,42.2062,,,
21/06/2025,19:00:00,11.8048,1.6456,1.6674,1.0152,1.0115,29.9375,5.114,280.5,1,1,48.175,37.475,46.8562,,,
21/06/2025,19:30:00,11.866,1.5944,1.618,0.9647,0.9605,28.9125,5.733,280.64,1,1,48.3062,37.3563,45.9125,,,
21/06/2025,20:00:00,11.8082,1.5082,1.5327,0.9163,0.9209,29.4,0.837,270.14,1,1,48.4187,37.3375,54.6,,,
21/06/2025,20:30:00,11.7256,1.7278,1.7492,0.982,0.9881,29.4562,0.814,258.5,1,1,48.2125,37.2625,58.4,,,
21/06/2025,21:00:00,11.8883,1.5589,1.5917,0.9483,0.9362,29.525,0.842,277.1,1,1,48.075,37.1625,45.0875,,,
21/06/2025,21:30:00,11.8269,1.5681,1.5931,0.9568,0.9529,29.7625,2.228,281.26,1,1,48.075,37.125,44.3875,,,
21/06/2025,22:00:00,11.7793,1.5375,1.5616,0.9365,0.9509,30.2188,2.923,281.88,1,0,48.1062,37.1125,51.0938,,,
21/06/2025,22:30:00,11.7941,1.5357,1.5642,0.9507,0.9531,29.4437,3.121,280.64,1,0,48.3438,37.0312,53.2562,,,
21/06/2025,23:00:00,11.8456,1.5244,1.5506,0.954,0.9496,29.3438,0.846,272.8,1,0,48.3687,37.0125,52.25,,,
21/06/2025,23:30:00,11.779,1.513,1.5379,0.9157,0.9166,29.3875,0.852,266.44,1,0,48.8562,36.9312,54.1687,,,
22/06/2025,00:00:00,11.6928,1.4732,1.4977,0.8975,0.9098,29.9688,0.833,263.28,1,1,49.3812,37.075,54.0437,,,
22/06/2025,00:30:00,11.8923,1.7226,1.7444,1.0797,1.0841,29.2625,0.9,282.36,1,1,50.0625,37.1312,50.6187,,,
22/06/2025,01:00:00,11.7801,1.5546,1.5808,0.9763,0.9634,30.1688,0.859,270.74,1,1,45.925,37.1437,53.8937,,,
22/06/2025,01:30:00,11.8111,1.5843,1.6084,0.9848,0.9776,29.45,0.842,265.72,1,1,48.7812,37.2625,52.8062,,,
22/06/2025,02:00:00,11.8741,1.5506,1.5769,0.9634,0.9634,29.9688,0.855,263.78,1,1,43.9625,37.4688,53.5625,,,
22/06/2025,02:30:00,11.7919,1.5318,1.5528,0.961,0.9577,28.975,0.855,263.54,1,1,47.3687,37.6,54.0312,,,
22/06/2025,03:00:00,11.7172,1.5274,1.5546,0.9236,0.9212,29.4688,2.772,272.28,1,1,49.7062,37.7625,54.0562,,,
22/06/2025,03:30:00,11.8806,1.5882,1.611,0.9951,0.9968,29.9125,0.842,276.68,1,1,45.0312,37.7938,50.9187,,,
22/06/2025,04:00:00,11.8169,1.5651,1.59,0.9588,0.961,29.5,0.86,269.58,1,1,48.7687,37.9375,52.4,,,
22/06/2025,04:30:00,11.7036,1.5458,1.5721,0.9439,0.9371,28.85,0.907,266.32,1,1,42.45,37.9937,52.2312,,,
22/06/2025,05:00:00,11.8561,1.5633,1.5904,0.9555,0.9642,27.6937,0.854,264.36,1,1,47.55,38.0687,51.7125,,,
22/06/2025,05:30:00,11.7918,1.5388,1.5633,0.9319,0.9551,28.8687,6.518,278.46,1,1,46.725,38.1437,50.625,,,
22/06/2025,06:00:00,11.68,1.5926,1.6176,1.0014,1.0014,29.7437,8.31,283,1,0,47.0187,38.3438,49.9062,,,
22/06/2025,06:30:00,11.8948,1.59,1.6189,0.9863,0.987,29.4062,3.021,280.8,1,0,50.25,38.4937,47.1625,,,
22/06/2025,07:00:00,11.8024,1.5388,1.5725,0.8656,0.8647,29.9813,0.862,278.78,1,0,46.7562,38.55,44.0062,,,
22/06/2025,07:30:00,11.7755,1.597,1.6276,0.9297,0.9266,30.025,0.842,277.04,1,0,50.1562,38.5875,45.2188,,,
22/06/2025,08:00:00,11.8357,1.5003,1.5305,0.891,0.8921,29.475,0.866,274.62,1,1,46.3875,38.7625,47.6812,,,
22/06/2025,08:30:00,11.8087,1.5191,1.5467,0.9503,0.945,31.1063,0.852,266.66,1,1,49.35,38.7562,57.1437,,,
22/06/2025,09:00:00,11.8727,1.5309,1.5646,0.924,0.9113,30.4937,0.867,263.46,1,1,44.1312,38.5938,55.0562,,,
22/06/2025,09:30:00,11.783,1.4876,1.5187,0.917,0.8991,30.575,0.868,262.04,1,1,47.8438,38.5875,53.7062,,,
22/06/2025,10:00:00,11.8068,1.5301,1.5607,0.9306,0.9306,30.4625,0.88,261.48,1,1,49.4312,38.375,53.2375,,,
22/06/2025,10:30:00,11.8052,1.5309,1.5624,0.905,0.9192,29.4188,0.846,261.04,1,1,43.9812,38.2125,53.875,,,
22/06/2025,11:00:00,11.829,1.5283,1.5585,0.8964,0.8943,28.65,0.762,260.58,1,1,44.8187,38.175,51.1062,,,
22/06/2025,11:30:00,11.8024,1.5025,1.5287,0.8943,0.8846,29.8625,0.788,259.76,1,1,46.9562,38.0812,52.0125,,,
22/06/2025,12:00:00,11.7785,1.5681,1.5957,0.9658,0.9671,29.9312,0.813,259.16,1,1,47.9062,38.0062,51.7937,,,
22/06/2025,12:30:00,11.7895,1.5843,1.611,0.9572,0.9562,29.9437,2.749,264.44,1,1,48.2312,37.9062,50.925,,,
22/06/2025,13:00:00,11.7079,1.5589,1.5821,0.9163,0.9417,29.175,0.89,272.4,1,1,48.325,37.8062,49.9688,,,
22/06/2025,13:30:00,11.785,1.6106,1.6355,0.9776,0.9752,30.1625,2.32,271.8,1,1,48.225,37.7687,50.3062,,,
22/06/2025,14:00:00,11.8071,1.6044,1.6281,0.9662,0.9662,28.3375,2.982,274.24,1,0,48.0375,37.7625,49.2937,,,
22/06/2025,14:30:00,11.7918,1.5861,1.6136,0.9384,0.9498,29.45,2.947,275.3,1,0,47.7875,37.7062,49.5812,,,
22/06/2025,15:00:00,11.6643,1.5546,1.5812,0.9378,0.9384,28.8687,0.905,268.64,1,0,47.6062,37.5812,49.9062,,,
22/06/2025,15:30:00,11.8799,1.7073,1.7296,1.0386,1.0502,29.3687,0.881,280.72,1,0,47.4875,37.575,45.0812,,,
22/06/2025,16:00:00,11.7934,1.6311,1.6622,0.9645,0.9527,31.6437,0.84,278.98,1,1,47.3875,37.5875,38.2375,,,
22/06/2025,16:30:00,11.7968,1.6674,1.6946,1.0141,1.0102,30.0187,0.906,277.34,1,1,47.4812,37.5438,41.6875,,,
22/06/2025,17:00:00,11.7769,1.6106,1.6359,0.9704,0.9754,29.9188,0.841,266.66,1,1,47.6875,37.5,43.2812,,,
22/06/2025,17:30:00,11.8716,1.6372,1.6617,1.0154,1.0165,29.9875,0.911,262.88,1,1,47.8875,37.5438,43.0062,,,
22/06/2025,18:00:00,11.8213,1.6276,1.6508,0.9852,0.9828,28.9,0.88,261.56,1,1,48.275,37.5875,43.3125,,,
22/06/2025,18:30:00,11.6496,1.6066,1.6294,0.9802,0.9802,30.5625,0.87,260.32,1,1,48.5062,37.625,43.2375,,,
22/06/2025,19:00:00,11.8584,1.6565,1.6832,1.0371,1.0349,29.525,9.117,273.24,1,1,48.7625,37.725,44.4312,,,
22/06/2025,19:30:00,11.7763,1.6246,1.6464,0.9732,0.9675,30.0438,8.468,278.38,1,1,49.25,37.7875,43.8687,,,
22/06/2025,20:00:00,11.6757,1.6211,1.6447,0.9791,0.9675,29.9813,5.755,279.48,1,1,49.9187,37.75,40,,,
22/06/2025,20:30:00,11.8779,1.6237,1.6486,1.0194,1.0233,29.9312,0.816,268.1,1,1,45.3375,37.8438,48.15,,,
22/06/2025,21:00:00,11.758,1.4973,1.5257,0.9205,0.8973,30.0312,0.878,262.7,1,1,49.0562,37.9625,52.5562,,,
22/06/2025,21:30:00,11.8091,1.5427,1.569,0.9557,0.9535,29.5562,2.37,268.46,1,1,43.85,38.0187,53.1875,,,
22/06/2025,22:00:00,11.8368,1.5121,1.5357,0.9244,0.9312,29.975,3.015,274.58,1,0,48.4375,38.1437,54.2625,,,
22/06/2025,22:30:00,11.7905,1.5357,1.5651,0.9741,0.9708,29.7562,3.171,275.42,1,0,43.3,38.3375,53.1937,,,
22/06/2025,23:00:00,11.7896,1.4942,1.5209,0.9078,0.9065,28.8563,0.894,268.84,1,0,47.8187,38.4,54.025,,,
22/06/2025,23:30:00,11.7245,1.4951,1.5174,0.9146,0.9061,29.8937,0.879,262.26,1,0,45.2375,38.4625,53.9937,,,
23/06/2025,00:00:00,11.7906,1.5497,1.5769,0.971,0.9789,29.9813,0.893,259.28,1,1,47.1437,38.5812,53.3375,,,
23/06/2025,00:30:00,11.7823,1.5344,1.5598,0.9303,0.9334,29.9312,0.86,258.4,1,1,50.1062,38.6812,52.725,,,
23/06/2025,01:00:00,11.7999,1.6036,1.632,0.9741,0.9743,29.4813,0.427,280.44,1,1,47,38.7313,51.2875,,,
23/06/2025,01:30:00,11.8125,1.6442,1.6701,1.0325,1.027,29.1875,0.905,278.06,1,1,43.775,39.025,51.6187,,,
23/06/2025,02:00:00,11.6861,1.5917,1.618,0.9901,0.9863,29.3937,0.772,276.68,1,1,47.9812,39.05,48.6062,,,
23/06/2025,02:30:00,11.9096,1.6464,1.6718,1.0336,1.0412,28.8937,0.841,277.9,1,1,43.7437,39.2562,42.2687,,,
23/06/2025,03:00:00,11.7847,1.5874,1.6158,0.9568,0.9599,29.95,0.805,267.52,1,1,48.8937,39.325,51.5125,,,
23/06/2025,03:30:00,11.7784,1.562,1.5891,0.9898,0.9756,30.5438,0.899,263.72,1,1,44.8187,39.5,52.275,,,
23/06/2025,04:00:00,11.8449,1.5751,1.6058,0.9968,0.9857,29.3438,0.834,261.7,1,1,49.4,39.7375,51.7562,,,
23/06/2025,04:30:00,11.7705,1.5672,1.5931,0.9544,0.9599,30.0375,0.835,260.7,1,1,45.0562,39.7,51.9375,,,
23/06/2025,05:00:00,11.7712,1.5799,1.6053,0.9852,0.9855,29.6812,0.824,259.8,1,1,49.0312,39.8438,52.4062,,,
23/06/2025,05:30:00,11.8168,1.5703,1.5974,0.9975,0.9826,29.975,2.497,266.66,1,1,43.6062,39.925,48.9937,,,
23/06/2025,06:00:00,11.811,1.5301,1.5559,0.9093,0.908,29.4688,3.106,272.66,1,0,47.975,39.8937,47.3062,,,
23/06/2025,06:30:00,11.7608,1.6149,1.6429,0.9859,0.975,30.0312,3.081,278.4,1,0,49.3438,40.0375,41.9312,,,
23/06/2025,07:00:00,11.866,1.7318,1.7646,1.0745,1.0655,28.8937,0.8,272.48,1,0,46.2375,39.9875,39.0875,,,
23/06/2025,07:30:00,11.8847,1.6237,1.6521,0.9402,0.9308,28.9375,0.885,266.44,1,0,49.4812,39.9437,38.3937,,,
23/06/2025,08:00:00,11.7057,1.6062,1.6355,0.9231,0.9349,28.1937,0.898,264.34,1,1,44.0375,39.9187,40.1687,,,
23/06/2025,08:30:00,11.9244,1.6097,1.6447,0.9551,0.9474,29.275,0.941,263.56,1,1,47.725,39.7312,39.2937,,,
23/06/2025,09:00:00,11.8359,1.6259,1.6569,0.9531,0.9588,30.5375,0.9,262.46,1,1,48.6812,39.7188,39.0687,,,
23/06/2025,09:30:00,11.7065,1.6075,1.6386,0.9367,0.9334,30.5562,0.846,261.62,1,1,48.8625,39.525,38.75,,,
23/06/2025,10:00:00,11.8759,1.6679,1.7016,0.9901,0.9835,29.9875,0.835,261.26,1,1,48.925,39.3438,35.9437,,,
23/06/2025,10:30:00,11.6154,2.2012,2.241,1.2169,1.2283,29.9688,0.839,256.72,1,1,48.9688,39.2,26.9813,,,
23/06/2025,11:00:00,11.7619,1.9523,1.9754,1.0434,1.0434,28.8937,0.859,230.8,1,1,48.7125,38.9813,10.7437,,,
23/06/2025,11:30:00,11.7784,1.5257,1.5598,0.8984,0.9013,28.3375,0.868,232.82,1,1,48.5062,38.8187,7.2375,,,
23/06/2025,12:00:00,11.6724,1.7641,1.7917,1.0596,1.0522,29.425,0.858,249.26,1,1,48.5125,38.65,20.6812,,,
23/06/2025,12:30:00,11.8842,1.7965,1.828,1.0942,1.1021,28.8,0.777,257.66,1,1,48.3625,38.65,29.5625,,,
23/06/2025,13:00:00,11.792,1.7379,1.7685,1.0542,1.0605,29.9688,0.75,260.12,1,1,48.2937,38.5187,33.1437,,,
23/06/2025,13:30:00,11.6497,1.7344,1.7602,1.0292,1.0292,30.4625,4.327,273.7,1,1,48.2375,38.3875,33.1437,,,
23/06/2025,14:00:00,11.8941,1.7899,1.8171,1.0924,1.0913,29.3687,2.983,285.3,1,0,48.0375,38.25,28.8312,,,
23/06/2025,14:30:00,11.7557,1.7138,1.7418,1.0104,1.0076,30.3563,3.261,281.3,1,0,48.025,38.1375,30.8312,,,
23/06/2025,15:00:00,11.7071,1.7567,1.7812,1.0773,1.0745,29.9937,0.858,271.84,1,0,48.0062,38.1437,31.125,,,
23/06/2025,15:30:00,11.906,1.8311,1.8604,1.1484,1.1403,28.4125,3.55,269.94,1,0,47.7875,37.9937,28.4062,,,
23/06/2025,16:00:00,11.7918,2.0957,2.1316,1.2101,1.2082,29.925,3.571,272.46,1,1,47.8937,38.0125,20.05,,,
23/06/2025,16:30:00,11.6962,1.9575,1.9746,1.1209,1.1143,29.425,0.868,262.5,1,1,48.1187,38.0562,20.6062,,,
23/06/2025,17:00:00,11.92,1.7786,1.8066,1.1137,1.1143,28.925,16.332,281.1,1,1,48.675,38.0625,23.1937,,,
23/06/2025,17:30:00,11.8715,1.9706,2.0004,1.1723,1.1767,29.5312,0.829,278.66,1,1,49.425,38.1812,13.4562,,,
23/06/2025,18:00:00,12.278,3.6003,3.6611,1.6559,1.6597,28.9688,6.139,228.28,1,1,47.05,38.2687,0,,,
23/06/2025,18:30:00,12.4595,4.3388,4.4324,1.9701,1.9631,29.4,21.332,240.4,1,1,46.7312,38.2938,0,,,
23/06/2025,19:00:00,12.2119,4.0711,4.1332,1.9337,1.925,29.9437,17.248,275.88,1,1,49.7562,38.4188,0,,,
23/06/2025,19:30:00,11.7058,2.5652,2.6124,1.2475,1.2368,28.3438,11.765,295,1,0,45.4437,38.6,0,,,
23/06/2025,20:00:00,11.879,2.4335,2.472,1.2281,1.2337,30.6,11.046,302.92,1,0,48.9,38.5812,0,,,
23/06/2025,20:30:00,12.6116,4.2404,4.3213,1.9464,1.9348,28.8,4.701,301.58,1,0,42.875,38.5938,0,,,
23/06/2025,21:00:00,12.1771,3.8878,3.9507,1.7364,1.7198,28.9312,3.576,288.18,1,0,48.15,38.65,0,,,
23/06/2025,21:30:00,12.4773,4.1227,4.1931,1.8134,1.8123,28.3187,5.61,285.94,1,0,44.475,38.6187,0,,,
23/06/2025,22:00:00,12.2372,3.8269,3.8834,1.6592,1.6695,27.725,3.271,280.9,1,1,49.8687,38.6937,0,,,
23/06/2025,22:30:00,11.8496,2.9515,3.0018,1.3121,1.3046,28.4125,0.906,277.18,1,1,47.5062,38.8,0,,,
23/06/2025,23:00:00,12.5633,4.1258,4.2041,1.8174,1.8226,27.3563,0.729,268.46,1,1,45.1125,39.075,0,,,
23/06/2025,23:30:00,12.4361,4.0006,4.0662,1.7822,1.7802,28.3375,0.682,259.88,1,1,47.575,39.1437,0,,,
24/06/2025,00:00:00,12.3196,3.9936,4.0667,1.7612,1.7583,28.6937,0.75,259.68,1,1,49.1312,39.225,0,,,
24/06/2025,00:30:00,11.8944,2.4479,2.486,1.1758,1.1705,29.7375,0.693,295.04,1,1,46.5875,39.45,0,,,
24/06/2025,01:00:00,11.9093,2.5928,2.6365,1.1882,1.1815,29.1875,0.894,278.7,1,1,43.9187,39.6375,0,,,
24/06/2025,01:30:00,11.7485,1.4811,1.5152,0.887,0.8754,28.3375,0.858,261.06,1,1,49.2937,39.55,44.9875,,,
24/06/2025,02:00:00,11.9209,1.6351,1.6635,1.0594,1.0706,29.9375,0.869,261.14,1,1,45.775,39.675,53.6187,,,
24/06/2025,02:30:00,11.7647,1.5379,1.5655,0.9621,0.9529,29.925,0.856,262.7,1,1,49.9937,39.6875,57.6187,,,
24/06/2025,03:00:00,11.801,1.5756,1.5979,1.0012,0.992,28.9,0.856,263,1,1,46.6062,39.6937,59.0562,,,
24/06/2025,03:30:00,11.8461,1.6141,1.6407,1.0294,1.0297,30.2188,3.118,278.24,1,0,49.0125,39.7625,53.8062,,,
24/06/2025,04:00:00,11.8915,1.5458,1.5821,0.9748,0.9798,30.2,3.053,279.6,1,0,47.6875,39.8125,54.9625,,,
24/06/2025,04:30:00,11.8,1.5244,1.5497,0.9404,0.9443,29.4188,3.038,277.88,1,0,43.5812,39.7375,54.9625,,,
24/06/2025,05:00:00,11.7291,1.5922,1.6211,1.0167,1.0176,30.5562,0.84,267.8,1,0,49.3812,39.9125,55.1687,,,
24/06/2025,05:30:00,11.9027,1.5926,1.6167,0.9979,1.0124,28.2875,0.889,262.7,1,0,45.4937,40.0062,55.8625,,,
24/06/2025,06:00:00,11.8245,1.5598,1.5865,0.9824,0.9772,28.7875,0.824,259.8,1,1,50.0062,40,52.8,,,
24/06/2025,06:30:00,11.7477,1.5427,1.5677,0.9548,0.9551,28.7313,2.729,264.2,1,1,46.8187,40.1062,54.4062,,,
24/06/2025,07:00:00,11.8448,1.5983,1.6285,1.0402,1.0318,29.95,0.836,271.1,1,1,44.1687,40.125,48.525,,,
24/06/2025,07:30:00,11.817,1.6093,1.6447,0.9387,0.9428,28.8062,0.785,263,1,1,48.3562,40.1875,46.1625,,,
24/06/2025,08:00:00,11.7888,1.6272,1.6596,0.9642,0.975,29.85,0.849,258.22,1,1,44.2687,40.2188,44.525,,,
24/06/2025,08:30:00,11.7983,1.6167,1.6416,0.9649,0.9669,29.4688,0.816,255.74,1,1,49.4,40.2625,43.0125,,,
24/06/2025,09:00:00,11.7877,1.6425,1.6666,1.0178,1.0157,29.3312,0.841,254.68,1,1,45.8312,40.2875,42.6062,,,
24/06/2025,09:30:00,11.768,1.6158,1.6438,0.975,0.978,29.9688,0.78,254.22,1,1,48.65,40.3812,41.7625,,,
24/06/2025,10:00:00,11.8755,1.6521,1.6784,1.0194,1.0159,29.9813,0.877,253.54,1,1,47.9937,40.4187,41.9125,,,
24/06/2025,10:30:00,11.8134,1.6049,1.6316,0.9848,0.9754,28.8875,0.831,252.46,1,1,44.2875,40.4688,39.8625,,,
24/06/2025,11:00:00,11.6648,1.5891,1.618,0.9454,0.9478,29.5438,0.856,250.98,1,1,49.875,40.5875,36.5187,,,
24/06/2025,11:30:00,11.88,1.6858,1.7156,0.9916,0.9957,29.5375,3.366,264.72,1,0,46.9125,40.5125,39.5687,,,
24/06/2025,12:00:00,11.8319,1.6241,1.6482,0.9546,0.9503,29.8563,3.075,264.12,1,0,43.4937,40.6625,40.7188,,,
24/06/2025,12:30:00,11.7466,1.6569,1.6841,0.9831,0.9791,27.8438,3.28,262.16,1,0,47.4437,40.5875,48.6125,,,
24/06/2025,13:00:00,11.8245,1.6302,1.6552,1.0137,1.0137,29.4188,0.795,252.4,1,0,49.4937,40.5437,52.6812,,,
24/06/2025,13:30:00,11.7779,1.5296,1.5567,0.9413,0.9489,29.625,0.802,246.32,1,0,41.1625,40.3812,55.65,,,
24/06/2025,14:00:00,11.8561,1.6149,1.6412,0.9938,1.0041,29.3812,0.775,246.82,1,1,44.5187,40.15,50.4625,,,
24/06/2025,14:30:00,11.8122,1.6259,1.6486,1.0172,1.0266,29.4312,0.805,243.94,1,1,45.9,40.0187,52.975,,,
24/06/2025,15:00:00,11.6995,1.5931,1.6167,0.9522,0.9478,30.8,0.858,240.84,1,1,46.4812,39.8812,49.7375,,,
24/06/2025,15:30:00,11.8456,1.6871,1.7094,1.0679,1.0614,29.4188,0.809,240.36,1,1,46.8812,39.7312,48.8312,,,
24/06/2025,16:00:00,12.1168,2.2673,2.3027,1.1038,1.0986,29.3875,0.777,222.9,1,1,47.325,39.625,27.5312,,,
24/06/2025,16:30:00,12.8151,4.4963,4.5934,2.0884,2.0908,29.475,0.79,258.06,1,1,47.65,39.475,0,,,
24/06/2025,17:00:00,12.0122,3.6042,3.6515,1.5901,1.6012,29.3687,0.805,267.8,1,1,48.025,39.5875,0,,,
24/06/2025,17:30:00,11.7837,2.1592,2.1972,1.0224,1.0233,28.3375,3.491,274.98,1,1,48.45,39.4812,0,,,
24/06/2025,18:00:00,11.7233,2.9274,2.9694,1.393,1.3888,28.7812,5.148,288.22,1,1,49.1687,39.4187,0,,,
24/06/2025,18:30:00,11.8444,2.5131,2.5367,1.1143,1.1134,28.2938,2.465,288.66,1,1,49.8687,39.4312,0,,,
24/06/2025,19:00:00,12.1335,3.4279,3.48,1.5691,1.5514,28.75,0.801,284.18,1,1,44.8438,39.3687,0,,,
24/06/2025,19:30:00,11.7255,3.0224,3.0753,1.3853,1.3934,29.9813,2.761,291.34,1,0,48.8438,39.5437,0,,,
24/06/2025,20:00:00,12.2137,3.5233,3.5754,1.6677,1.65,29.4688,3.553,296.7,1,0,44.0375,39.45,0,,,
24/06/2025,20:30:00,12.3197,4.0741,4.1485,1.8412,1.8357,29.8687,2.812,280.48,1,0,49.075,39.4875,0,,,
24/06/2025,21:00:00,12.1888,4.1135,4.1892,1.8388,1.8449,29.625,1.031,277.64,1,0,45.7062,39.5375,0,,,
24/06/2025,21:30:00,12.3268,3.9446,4.0168,1.7426,1.7544,29.4125,0.795,277.46,1,0,50.3812,39.525,0,,,
24/06/2025,22:00:00,12.1041,3.4748,3.5443,1.5017,1.5065,28.8625,0.764,285.4,1,1,48.5687,39.6562,0,,,
24/06/2025,22:30:00,11.884,3.3129,3.3667,1.489,1.4827,28.8687,0.998,289.2,1,1,45.3875,39.6125,0,,,
24/06/2025,23:00:00,11.8729,2.2594,2.2935,1.1183,1.12,27.7313,0.749,275.16,1,1,47.5,39.725,0,,,
24/06/2025,23:30:00,11.8327,1.2243,1.2518,0.7372,0.721,29.3875,16.137,296.46,1,1,48.0875,39.825,53.6062,,,
25/06/2025,00:00:00,11.7247,1.6149,1.6451,1.0154,1.0205,29.625,0.812,272.94,1,1,45.0125,39.9062,33.0375,,,
25/06/2025,00:30:00,11.8256,1.5532,1.583,0.9597,0.9616,29.9688,0.851,267.82,1,1,50.0125,39.8187,46.0437,,,
25/06/2025,01:00:00,11.8197,1.6101,1.6316,1.0224,1.0283,29.975,0.866,264.16,1,1,46.3062,39.9187,48.8187,,,
25/06/2025,01:30:00,11.7912,1.5939,1.6215,0.9909,1.0008,29.25,0.922,261.86,1,1,49.9688,39.875,50.925,,,
25/06/2025,02:00:00,11.8537,1.5913,1.6123,0.9905,0.985,29.4062,0.847,260.7,1,1,47.3937,39.8187,51.2687,,,
25/06/2025,02:30:00,11.8145,1.5156,1.5436,0.9562,0.9459,28.8,0.812,260.26,1,1,43.15,39.8562,52.0062,,,
25/06/2025,03:00:00,11.7803,1.5891,1.6167,0.992,0.9791,29.3812,0.848,259.74,1,1,48.2625,39.9062,51.8438,,,
25/06/2025,03:30:00,11.8348,1.6005,1.6272,1.0174,1.0198,30.5312,3.275,271.96,1,0,44.125,39.85,52.2875,,,
25/06/2025,04:00:00,11.7862,1.5795,1.6079,0.9863,1.0087,29.7812,3.079,274.12,1,0,49.3625,39.9562,51.8438,,,
25/06/2025,04:30:00,11.791,1.5909,1.6189,1.013,1.0113,29.5438,5.328,273.54,1,0,45.6125,40.0875,51.05,,,
25/06/2025,05:00:00,11.7854,1.5808,1.6106,1.0063,0.9999,29.925,3.976,271.78,1,0,50.3438,40.1,48.2875,,,
25/06/2025,05:30:00,11.8585,1.5891,1.6193,0.9966,1.0111,29.3125,0.883,268.8,1,0,46.9437,40.1187,46.7437,,,
25/06/2025,06:00:00,11.7814,1.5541,1.5799,0.9848,0.9855,28.4625,0.84,267.06,1,1,43.4875,40.2687,47.625,,,
25/06/2025,06:30:00,11.7335,1.5725,1.6009,0.9645,0.9618,30.05,0.816,268.18,1,1,48.6625,40.3312,42.8125,,,
25/06/2025,07:00:00,11.8264,1.5738,1.6044,0.98,0.987,29.1,0.904,259.46,1,1,44.1812,40.3687,53.0187,,,
25/06/2025,07:30:00,11.7891,1.5655,1.5957,0.9566,0.9612,29.775,5.365,266.46,1,1,49.1,40.4187,52.625,,,
25/06/2025,08:00:00,11.7192,1.4736,1.5003,0.9076,0.9133,28.9,0.882,259.08,1,1,43.0125,40.3375,53.875,,,
25/06/2025,08:30:00,11.7482,1.4977,1.5287,0.9417,0.9387,28.7875,0.865,253.94,1,1,47.65,40.25,54.0312,,,
25/06/2025,09:00:00,11.6895,1.5633,1.5913,0.9658,0.9601,29.4562,0.821,250.3,1,1,49.45,40.1875,54.9688,,,
25/06/2025,09:30:00,11.8667,1.527,1.5598,0.9209,0.917,28.375,0.8,247.48,1,1,41.9688,40.0125,50.6437,,,
25/06/2025,10:00:00,11.7896,1.5734,1.6031,0.9494,0.9428,29.1562,2.549,251.38,1,1,45.4,39.8562,47.2188,,,
25/06/2025,10:30:00,11.8139,1.5791,1.6079,0.9977,0.9887,29.5375,0.917,256.98,1,1,47.2437,39.6187,49.7875,,,
25/06/2025,11:00:00,11.8213,1.6937,1.7186,1.0544,1.0524,29.4062,0.947,267.96,1,1,47.9625,39.5562,48.9062,,,
25/06/2025,11:30:00,11.7655,1.4321,1.4657,0.8765,0.8619,29.3625,3.15,264.12,1,0,48.1312,39.4625,51.3,,,
25/06/2025,12:00:00,11.8222,1.5458,1.5756,0.9457,0.947,29.8563,3.236,269.86,1,0,47.9375,39.3312,48.5187,,,
25/06/2025,12:30:00,11.8438,1.5703,1.6027,0.9511,0.9524,29.8438,3.184,265.58,1,0,47.8187,39.2,47.825,,,
25/06/2025,13:00:00,11.8237,1.548,1.5721,0.9249,0.9275,29.6063,0.918,255.78,1,0,47.5938,39.125,52.625,,,
25/06/2025,13:30:00,11.8686,2.3079,2.3263,1.0977,1.0857,29.4562,18.104,249.54,1,0,47.2687,38.875,17.2062,,,
25/06/2025,14:00:00,11.9482,2.7625,2.8058,1.2718,1.272,29.3812,6.009,264.04,1,1,47.4437,38.825,0,,,
25/06/2025,14:30:00,11.8345,2.7717,2.8211,1.274,1.2751,28.875,0.851,278.92,1,1,47.4812,38.675,0,,,
25/06/2025,15:00:00,11.9045,2.2371,2.2716,1.0618,1.0743,29.3687,0.827,301.9,1,1,47.7687,38.5438,0,,,
25/06/2025,15:30:00,11.8904,2.2357,2.2659,1.0828,1.0699,28.2875,0.776,297.78,1,1,48.4375,38.3937,0,,,
25/06/2025,16:00:00,13.3292,3.9822,4.0431,1.8016,1.8169,28.8812,18.236,283.3,1,1,49.2812,38.3062,0,,,
25/06/2025,16:30:00,12.9591,4.1546,4.2281,1.9541,1.9513,28.3625,9.279,283.24,1,1,47.7062,38.175,0,,,
25/06/2025,17:00:00,11.848,2.4746,2.4991,1.2806,1.274,29.5312,16.411,291.88,1,1,46.3187,38.0438,0,,,
25/06/2025,17:30:00,12.0145,2.1736,2.2064,1.0334,1.0286,28.2812,0.888,284.06,1,1,49.2812,38.0625,0,,,
25/06/2025,18:00:00,11.6962,1.7851,1.8153,0.9529,0.9419,28.9125,0.841,277.94,1,1,43.0875,38.1375,53.875,,,
25/06/2025,18:30:00,12.5897,3.2674,3.3238,1.5221,1.5404,29.775,0.796,288.52,1,1,47.6875,37.9312,0,,,
25/06/2025,19:00:00,12.4362,3.8654,3.9319,1.7152,1.7246,29.4,0.843,286.44,1,1,50.2125,37.8625,0,,,
25/06/2025,19:30:00,11.8432,2.2471,2.2891,1.0878,1.1069,28.3,3.052,290.26,1,0,46.0187,37.8312,0,,,
25/06/2025,20:00:00,12.0121,2.3254,2.3705,1.0913,1.0835,29.4062,3.072,294.22,1,0,49.2625,37.7938,0,,,
25/06/2025,20:30:00,12.9221,4.1826,4.2535,1.9731,1.972,29.8687,3.041,293.94,1,0,43.3438,37.8937,0,,,
25/06/2025,21:00:00,12.7497,3.8952,3.956,1.8108,1.8259,29.3687,0.747,277.28,1,0,48.2562,37.7812,0,,,
25/06/2025,21:30:00,12.5967,3.5741,3.6327,1.65,1.6542,29.5375,0.876,264.74,1,0,43.3875,37.8312,0,,,
25/06/2025,22:00:00,11.7281,2.1513,2.1837,1.1088,1.1025,30.55,17.523,286.02,1,1,48.625,37.8625,1.3687,,,
25/06/2025,22:30:00,12.0119,2.2952,2.3333,1.0686,1.0787,29.9312,19.83,301.44,1,1,43.9562,37.9375,0,,,
25/06/2025,23:00:00,11.6914,1.3135,1.3428,0.7849,0.7949,29.425,11.64,265.88,1,1,48.7562,37.8687,46.7,,,
25/06/2025,23:30:00,11.8973,1.6477,1.6749,1.0395,1.0386,27.675,5.803,271.7,1,1,43.2562,37.875,48.2,,,
26/06/2025,00:00:00,11.789,1.5449,1.5751,0.9376,0.9419,28.3187,0.856,273.44,1,1,48.4875,37.925,55.825,,,
26/06/2025,00:30:00,11.7992,2.0503,2.0778,1.1279,1.1349,28.1812,0.931,263.32,1,1,42.75,37.875,54.0625,,,
26/06/2025,01:00:00,11.8232,1.8472,1.8752,1.0231,1.0159,29.8563,0.939,265.26,1,1,48.1625,37.95,43.8062,,,
26/06/2025,01:30:00,11.8091,1.5659,1.6001,0.8431,0.8418,30.5938,2.623,263.34,1,1,42.5,37.9937,34.2812,,,
26/06/2025,02:00:00,11.7652,1.5283,1.5524,0.9004,0.9004,30.3625,0.881,270.4,1,1,47.8812,37.9813,51.1625,,,
26/06/2025,02:30:00,11.8744,1.5016,1.5279,0.9262,0.9282,29.4,0.875,266.2,1,1,43.05,38.1187,55.9875,,,
26/06/2025,03:00:00,11.8004,1.4102,1.4465,0.849,0.8503,29.9688,0.886,265.56,1,1,47.8687,38.1187,59.0938,,,
26/06/2025,03:30:00,11.7783,1.4128,1.4404,0.8724,0.8741,29.3687,3.4,281.88,1,0,43.0562,38.3438,59.05,,,
26/06/2025,04:00:00,11.8628,1.4846,1.5095,0.9266,0.9321,29.975,3.221,284.16,1,0,47.3937,38.3687,60.0938,,,
26/06/2025,04:30:00,11.8113,1.4132,1.4399,0.8899,0.8853,28.9937,3.055,283.8,1,0,50.1437,38.5438,61.525,,,
26/06/2025,05:00:00,11.6838,1.4141,1.443,0.8516,0.8566,29.4062,0.878,273.64,1,0,46.7312,38.575,61.0437,,,
26/06/2025,05:30:00,11.8559,1.4391,1.464,0.9144,0.9133,29.975,0.804,268.72,1,0,49.9125,38.725,60.9,,,
26/06/2025,06:00:00,11.7533,1.4679,1.492,0.8816,0.8787,29.5125,0.765,284.14,1,1,45.7875,38.8625,55.5125,,,
26/06/2025,06:30:00,11.7919,1.5362,1.5633,0.9579,0.9618,28.4188,0.729,283.84,1,1,49.5562,38.975,51.7437,,,
26/06/2025,07:00:00,11.8786,1.5292,1.5598,0.8875,0.8879,27.825,0.789,272.18,1,1,45.2687,38.9625,48.7188,,,
26/06/2025,07:30:00,11.8324,1.4854,1.5126,0.8789,0.8708,29.1875,0.816,268.66,1,1,49.3125,39.05,49.9312,,,
26/06/2025,08:00:00,11.6919,1.4881,1.52,0.8277,0.8273,29.4188,0.822,285.56,1,1,44.325,39.1125,44.6437,,,
26/06/2025,08:30:00,11.8936,1.5082,1.5414,0.9076,0.915,29.45,0.814,282.08,1,1,48.7312,39.0687,50.2812,,,
26/06/2025,09:00:00,11.8159,1.4391,1.4657,0.7906,0.7973,29.9,0.879,272.28,1,1,42.0562,39.075,51.525,,,
26/06/2025,09:30:00,11.6848,1.4189,1.4412,0.8011,0.7949,29.925,0.828,267.7,1,1,46.475,39.1,48.8625,,,
26/06/2025,10:00:00,11.817,1.4819,1.5121,0.8785,0.88,28.9,0.805,267.68,1,1,48.5,38.9,48.825,,,
26/06/2025,10:30:00,11.7952,1.4749,1.5078,0.854,0.8619,29.4062,0.827,268.9,1,1,49.3937,38.9625,47.2062,,,
26/06/2025,11:00:00,11.9001,1.5559,1.5861,0.9667,0.9594,29.2437,0.815,269.2,1,1,49.7625,38.9813,47.5875,,,
26/06/2025,11:30:00,11.8012,1.471,1.4964,0.8614,0.8577,28.8187,3.092,285.22,1,0,49.7437,38.7938,47.4125,,,
26/06/2025,12:00:00,11.6965,1.4609,1.4916,0.8439,0.8376,29.4125,2.972,288.18,1,0,49.7625,38.675,47.2,,,
26/06/2025,12:30:00,11.7895,1.5266,1.5576,0.9288,0.9196,29.9813,3.063,287.26,1,0,49.7812,38.6187,47.4812,,,
26/06/2025,13:00:00,11.8255,1.4959,1.5235,0.8953,0.9063,30.6187,0.809,276.02,1,0,49.725,38.5187,49.6062,,,
26/06/2025,13:30:00,11.8616,1.5073,1.5379,0.8986,0.9013,30.3438,0.802,270.5,1,0,49.55,38.5375,47.35,,,
26/06/2025,14:00:00,11.8399,1.4762,1.5043,0.856,0.8551,28.3687,0.862,267.86,1,1,49.4875,38.4875,47.4625,,,
26/06/2025,14:30:00,11.7516,1.4876,1.5169,0.8743,0.8715,29.9,0.794,266.96,1,1,49.3562,38.3687,48.0875,,,
26/06/2025,15:00:00,12.7882,3.2853,3.3474,1.5481,1.5474,28.6125,0.953,262.48,1,1,49.125,38.3812,2.025,,,
26/06/2025,15:30:00,12.8723,3.6213,3.6664,1.6168,1.6249,29.9125,0.945,228.3,1,1,49.0875,38.2562,0,,,
26/06/2025,16:00:00,13.2413,4.2483,4.3292,1.941,1.9416,28.9,0.734,235.5,1,1,48.8312,38.2938,0,,,
26/06/2025,16:30:00,12.6508,3.5666,3.62,1.6715,1.6699,28.3375,0.98,247.62,1,1,48.7125,38.3187,0,,,
26/06/2025,17:00:00,11.8243,2.3228,2.3561,1.2331,1.2193,28.8875,0.859,281.5,1,1,48.9375,38.1875,0,,,
26/06/2025,17:30:00,11.7663,1.2514,1.2803,0.6773,0.6788,28.3687,3.747,290.82,1,1,49.3625,38.2313,46.5562,,,
26/06/2025,18:00:00,12.6009,2.2016,2.2419,1.0321,1.0198,29.3687,8.92,296.84,1,1,49.9937,38.2437,11.1437,,,
26/06/2025,18:30:00,13.0771,4.1437,4.2124,1.9495,1.9434,28.9,0.894,287.78,1,1,46.0062,38.3062,0,,,
26/06/2025,19:00:00,13.228,4.1708,4.2395,1.8889,1.8837,29.2562,0.728,284.68,1,1,49.6937,38.3812,0,,,
26/06/2025,19:30:00,13.1782,4.1363,4.2084,1.8819,1.8823,29.4562,7.973,281.7,1,0,46.6687,38.4125,0,,,
26/06/2025,20:00:00,13.2197,4.0387,4.0991,1.8047,1.8062,29.3062,3.014,279.3,1,0,44.95,38.6562,0,,,
26/06/2025,20:30:00,13.1147,4.1008,4.1691,1.8397,1.8467,28.2938,6.411,283.64,1,0,48.4937,38.725,0,,,
26/06/2025,21:00:00,13.1014,4.04,4.1113,1.7787,1.7854,28.3438,2.672,275.4,1,0,45.6,38.7812,0,,,
26/06/2025,21:30:00,13.0716,4.0461,4.1069,1.8198,1.8187,29.9875,0.842,277.12,1,0,50.225,38.8062,0,,,
26/06/2025,22:00:00,12.928,4.1043,4.1761,1.8287,1.8233,29.225,5.492,278.56,1,1,47,38.9125,0,,,
26/06/2025,22:30:00,13.1695,4.0299,4.0943,1.7997,1.8117,28.5125,0.934,269.86,1,1,43.6187,38.9813,0,,,
26/06/2025,23:00:00,12.1886,2.7166,2.7677,1.2165,1.2191,28.2938,0.838,280.44,1,1,49.4937,39.1125,0,,,
26/06/2025,23:30:00,11.8289,2.3101,2.3377,1.0658,1.0614,29.6562,2.72,291,1,1,46.8438,39.2,0,,,
27/06/2025,00:00:00,12.5564,2.353,2.3976,1.0824,1.076,29.4125,0.756,294.1,1,1,43.8375,39.2812,0,,,
27/06/2025,00:30:00,11.7566,1.2531,1.2794,0.6897,0.7028,29.5312,0.838,280.96,1,1,49.4187,39.3562,43.725,,,
27/06/2025,01:00:00,11.7172,1.3126,1.3415,0.8006,0.7873,28.8812,0.834,273.04,1,1,46.0125,39.4812,55.9937,,,
27/06/2025,01:30:00,11.907,1.3441,1.3747,0.819,0.8238,30.025,0.86,269.84,1,1,43.8812,39.5062,57.775,,,
27/06/2025,02:00:00,11.8348,1.2269,1.2597,0.7348,0.733,29.2938,0.871,270,1,1,49.0562,39.6312,59.875,,,
27/06/2025,02:30:00,11.7701,1.3923,1.422,0.8418,0.8531,29.9375,0.765,270.96,1,1,46.0562,39.6125,56.6812,,,
27/06/2025,03:00:00,11.8652,1.3734,1.4006,0.8428,0.8369,29.4,0.87,271.08,1,1,44.1187,39.5875,59.475,,,
27/06/2025,03:30:00,11.7913,1.3721,1.3971,0.8275,0.8253,28.9062,5.45,286.82,1,0,48.8,39.7125,59.1687,,,
27/06/2025,04:00:00,11.893,1.4119,1.4421,0.8737,0.8617,28.8563,3.021,289.8,1,0,45.4187,39.8562,57.0687,,,
27/06/2025,04:30:00,11.8266,1.3677,1.3953,0.8337,0.831,28.2938,3.166,286.38,1,0,50.475,39.8438,53.4812,,,
27/06/2025,05:00:00,11.7041,1.3818,1.4054,0.828,0.8315,29.75,0.773,276.4,1,0,47.8187,39.925,54.575,,,
27/06/2025,05:30:00,11.9075,1.3664,1.3914,0.8245,0.8227,30.35,0.835,272.04,1,0,43.7562,40,57.9937,,,
27/06/2025,06:00:00,11.8103,1.2999,1.3345,0.7801,0.7903,28.8062,3.057,271.06,1,1,49.2375,39.9625,59.4875,,,
27/06/2025,06:30:00,11.7375,1.3297,1.3607,0.791,0.7873,29,0.767,282.1,1,1,45.775,39.8937,54.9625,,,
27/06/2025,07:00:00,11.8198,1.3651,1.3923,0.8035,0.7973,29.6312,0.832,275.22,1,1,50.075,39.9375,53.825,,,
27/06/2025,07:30:00,11.7021,1.3739,1.4084,0.7483,0.7486,29.9813,0.789,272.28,1,1,47.4437,40.0312,51.7062,,,
27/06/2025,08:00:00,11.9018,1.4049,1.4347,0.8365,0.8415,29.1063,0.814,270.94,1,1,42.2375,39.9187,51.725,,,
27/06/2025,08:30:00,11.84,1.4627,1.4903,0.8527,0.8634,29.4562,0.741,270.3,1,1,47.275,39.8187,52.6312,,,
27/06/2025,09:00:00,11.7783,1.4421,1.4745,0.8656,0.8767,28.7062,0.791,269.92,1,1,49.4625,39.6625,54.0187,,,
27/06/2025,09:30:00,11.7632,1.3467,1.3761,0.7687,0.7748,29.5312,0.85,269.18,1,1,41.9625,39.5812,54.35,,,
27/06/2025,10:00:00,11.7071,1.4216,1.4487,0.8372,0.8407,29.5187,0.883,268.48,1,1,45.8375,39.375,53.1812,,,
27/06/2025,10:30:00,11.8938,1.4272,1.4622,0.8608,0.8628,29.7437,0.768,267.6,1,1,47.2687,39.1812,53.0187,,,
27/06/2025,11:00:00,11.7748,1.3774,1.4071,0.8315,0.8273,28.6812,0.817,267.12,1,1,47.9688,39.0437,51.7062,,,
27/06/2025,11:30:00,11.863,1.4509,1.4828,0.8448,0.8404,28.2875,3.171,282.1,1,0,48.5312,38.9125,47.9875,,,
27/06/2025,12:00:00,11.7948,1.4391,1.4706,0.8533,0.8623,28.3187,3.044,286,1,0,48.7562,38.75,48.8312,,,
27/06/2025,12:30:00,11.7233,1.5449,1.576,0.9404,0.9373,28.3563,3.222,287.44,1,0,48.9812,38.725,44.4125,,,
27/06/2025,13:00:00,11.9021,1.583,1.6119,0.933,0.9317,30.3625,0.795,289.86,1,0,49.1187,38.7437,40.7437,,,
27/06/2025,13:30:00,11.7898,1.5585,1.5913,0.896,0.8978,28.7812,0.773,288.28,1,0,49.2812,38.6875,37.9062,,,
27/06/2025,14:00:00,11.7593,1.5261,1.555,0.9065,0.9104,29.9688,0.785,276.56,1,1,49.1062,38.525,45.1937,,,
27/06/2025,14:30:00,11.8664,1.5953,1.6228,0.9957,0.9984,29.9625,0.825,271.34,1,1,48.55,38.5125,46.4937,,,
27/06/2025,15:00:00,11.7494,1.4443,1.4714,0.8199,0.8218,29.4125,0.853,286.92,1,1,47.9937,38.3875,41.5625,,,
27/06/2025,15:30:00,11.7972,1.5677,1.6005,0.9833,0.9833,29.9688,0.874,286.96,1,1,47.5938,38.3312,46.1187,,,
27/06/2025,16:00:00,11.8011,1.6775,1.7002,0.9271,0.9133,28.3312,0.797,263.72,1,1,47.3375,38.15,54.3312,,,
27/06/2025,16:30:00,11.7232,1.5519,1.5861,0.9352,0.9268,29.9813,0.849,258.66,1,1,47.3438,38.1625,37.6187,,,
27/06/2025,17:00:00,11.8874,1.5519,1.5852,0.9268,0.9362,29.3937,0.774,261.48,1,1,47.3312,38.0375,36.2687,,,
27/06/2025,17:30:00,11.7719,1.4903,1.5217,0.9034,0.9109,30.5562,0.843,264.54,1,1,47.4688,37.9937,37.7562,,,
27/06/2025,18:00:00,11.7509,1.5874,1.6176,0.9769,0.9883,29.925,0.873,267.86,1,1,47.7,38.0312,37.5687,,,
27/06/2025,18:30:00,11.8277,1.5843,1.6171,0.9793,0.9796,29.3687,0.827,269.26,1,1,48.3062,38.0187,39.125,,,
27/06/2025,19:00:00,11.7852,1.5034,1.5371,0.8669,0.8702,29.2812,0.798,287.14,1,1,49.075,38.025,35.3375,,,
27/06/2025,19:30:00,11.7281,1.5988,1.632,0.9551,0.9597,30.4813,19.456,292.56,1,0,49.8812,38.2125,44.4062,,,
27/06/2025,20:00:00,11.8245,1.4854,1.5134,0.9047,0.9043,29.8062,2.888,289,1,0,46.0625,38.275,47.5187,,,
27/06/2025,20:30:00,11.8035,1.4929,1.5217,0.9137,0.9172,29.1625,2.96,287.24,1,0,49.2375,38.3687,50.7625,,,
27/06/2025,21:00:00,11.7237,1.4745,1.5056,0.9128,0.9205,28.8937,0.807,277.24,1,0,44.0062,38.4125,51.4312,,,
27/06/2025,21:30:00,11.865,1.4889,1.5217,0.9028,0.9019,28.925,0.835,272.74,1,0,48.4688,38.575,51.1,,,
27/06/2025,22:00:00,11.7626,1.4679,1.4999,0.8958,0.9006,28.875,0.837,270.34,1,1,43.25,38.6688,49.9375,,,
27/06/2025,22:30:00,11.8709,1.4924,1.5209,0.9373,0.9343,29.7562,0.767,269.34,1,1,46.7562,38.7625,46.7625,,,
27/06/2025,23:00:00,11.7846,1.4106,1.4377,0.831,0.8299,29.0125,0.851,268.28,1,1,49.5,38.825,49.7812,,,
27/06/2025,23:30:00,11.7984,1.4535,1.4841,0.8702,0.8767,30.1063,0.874,267.08,1,1,44.25,38.7812,52.3062,,,
28/06/2025,00:00:00,11.7708,1.3647,1.3975,0.7584,0.7724,30.0062,0.886,266.26,1,1,48.5625,38.8375,50.3187,,,
28/06/2025,00:30:00,11.8381,1.38,1.4106,0.8282,0.8234,30.0375,0.853,266.12,1,1,43.0562,39.0312,47.5812,,,
28/06/2025,01:00:00,11.8255,1.4303,1.4583,0.8299,0.8258,29.5375,0.805,267.6,1,1,46.0375,38.9562,44.3937,,,
28/06/2025,01:30:00,11.7,1.4102,1.4369,0.8245,0.8199,29.3625,0.768,268.1,1,1,48.275,38.9375,45.9875,,,
28/06/2025,02:00:00,11.8489,1.4544,1.4876,0.8612,0.8522,30.1063,0.905,268.04,1,1,49.5875,38.9062,46.7375,,,
28/06/2025,02:30:00,11.7829,1.38,1.4097,0.7682,0.7722,29.9375,0.84,267.5,1,1,43.075,38.8625,47.0625,,,
28/06/2025,03:00:00,11.8969,1.4233,1.4509,0.8267,0.8271,29.45,0.756,267.28,1,1,47.2875,38.7562,46.175,,,
28/06/2025,03:30:00,11.8407,1.4141,1.4469,0.8127,0.8221,29.4062,3.252,280.56,1,0,48.9937,38.7313,45.4812,,,
28/06/2025,04:00:00,11.7127,1.3953,1.4286,0.7987,0.8124,31.0062,3.344,284.88,1,0,50.1562,38.675,49.4625,,,
28/06/2025,04:30:00,11.7771,1.3686,1.4006,0.8144,0.8083,28.3187,3.145,284.46,1,0,45.5687,38.65,47.675,,,
28/06/2025,05:00:00,11.6835,1.3892,1.4198,0.784,0.7928,28.4,0.787,274.34,1,0,48.875,38.7437,48.6062,,,
28/06/2025,05:30:00,11.8566,1.3927,1.4255,0.8337,0.8361,29.9,0.849,269.82,1,0,42.6625,38.8125,48.2062,,,
28/06/2025,06:00:00,11.7994,1.3743,1.4036,0.8127,0.8127,29.3687,0.804,268.12,1,1,47.3,38.825,45.6812,,,
28/06/2025,06:30:00,11.7185,1.4951,1.5244,0.8908,0.9013,29.3062,0.777,284.7,1,1,49.8562,38.9062,40.4375,,,
28/06/2025,07:00:00,11.7624,1.4741,1.5043,0.8457,0.8341,29.4062,0.737,274.64,1,1,44.9,38.7812,34.6688,,,
28/06/2025,07:30:00,11.7448,1.4819,1.5169,0.7989,0.803,28.8625,0.802,270.64,1,1,48.7937,38.9062,34.1187,,,
28/06/2025,08:00:00,11.7423,1.5309,1.5668,0.8597,0.8634,29.6812,0.837,270.22,1,1,42.4125,38.8875,34.5562,,,
28/06/2025,08:30:00,11.8399,1.5003,1.5327,0.8374,0.8297,27.2,0.815,280.78,1,1,46.7188,38.95,28.5938,,,
28/06/2025,09:00:00,11.7115,1.5318,1.5589,0.8551,0.8529,29.9688,0.756,281.28,1,1,48.9062,38.825,25.7437,,,
28/06/2025,09:30:00,11.9151,1.4544,1.4894,0.8321,0.8354,28.9,0.8,273.16,1,1,49.8812,38.7875,33.5312,,,
28/06/2025,10:00:00,11.7506,1.4356,1.4649,0.7864,0.7818,29.95,0.834,284.38,1,1,43.7,38.6875,30.6562,,,
28/06/2025,10:30:00,11.8106,1.4758,1.5108,0.8096,0.8129,28.3125,0.909,274.04,1,1,46.7937,38.5938,33.2437,,,
28/06/2025,11:00:00,11.9056,1.4474,1.4784,0.7623,0.765,29.9688,0.851,267.86,1,1,48.0687,38.5562,33.2437,,,
28/06/2025,11:30:00,11.7444,1.3472,1.3778,0.7392,0.74,29.3438,3.193,281.72,1,0,48.6062,38.5062,35.225,,,
28/06/2025,12:00:00,11.9016,1.4028,1.436,0.7755,0.7752,29.4562,2.917,284.6,1,0,48.8875,38.3438,34.9688,,,
28/06/2025,12:30:00,11.8174,1.4356,1.4653,0.7702,0.7746,28.8125,3.093,284.16,1,0,49.0187,38.3187,30.8187,,,
28/06/2025,13:00:00,11.7075,1.4307,1.4627,0.7919,0.791,29.9437,0.843,286.12,1,0,48.9437,38.3,37.1688,,,
28/06/2025,13:30:00,11.8053,1.4478,1.4802,0.8085,0.8039,29.9188,0.802,282.74,1,0,48.5875,38.2375,36.7375,,,
28/06/2025,14:00:00,11.7737,1.4019,1.4325,0.782,0.7792,29.9125,0.859,281.84,1,1,48.1937,38.1063,43.7875,,,
28/06/2025,14:30:00,11.7362,1.4019,1.4321,0.8214,0.8111,28.9062,0.823,273.44,1,1,47.6625,38.05,49.0187,,,
28/06/2025,15:00:00,11.9445,1.4216,1.4509,0.8317,0.8212,29.475,0.85,268.28,1,1,47.3875,38.0187,47.2687,,,
28/06/2025,15:30:00,11.781,1.4321,1.464,0.8144,0.8048,29.4188,0.832,263.62,1,1,47.3312,37.9312,45.9562,,,
28/06/2025,16:00:00,11.7303,1.4233,1.4557,0.7991,0.8054,28.8062,0.8,259.6,1,1,47.5062,38,42.8375,,,
28/06/2025,16:30:00,11.8196,1.5497,1.583,0.9131,0.9091,29.4562,5.618,271.06,1,1,47.925,38,42.4312,,,
28/06/2025,17:00:00,11.7176,1.4461,1.4767,0.8628,0.8592,27.7562,5.232,273.56,1,1,48.3125,38.05,45.7312,,,
28/06/2025,17:30:00,11.9202,1.5318,1.5541,0.9177,0.9231,31.125,0.854,264.56,1,1,48.6625,38.1375,47.9812,,,
28/06/2025,18:00:00,11.8593,1.4771,1.5047,0.8669,0.8658,29.975,0.881,260.08,1,1,48.8625,38.225,51.4312,,,
28/06/2025,18:30:00,11.7278,1.5008,1.5287,0.9126,0.9004,30.7125,0.79,257.94,1,1,49.45,38.425,50.3687,,,
28/06/2025,19:00:00,11.7844,1.5003,1.5327,0.8986,0.8894,29.85,17.995,275.24,1,1,43.6125,38.4312,47.6562,,,
28/06/2025,19:30:00,11.8573,1.541,1.5716,0.9288,0.9275,29.9312,3.272,274.12,1,0,46.8,38.4875,40.7687,,,
28/06/2025,20:00:00,11.7106,1.5069,1.5397,0.8807,0.8822,29.4562,3.094,269.14,1,0,49.4437,38.6312,39.0125,,,
28/06/2025,20:30:00,11.8774,1.4692,1.4964,0.8568,0.8566,29.4125,2.986,269.66,1,0,44.7,38.7188,39.9375,,,
28/06/2025,21:00:00,11.797,1.4211,1.4526,0.8116,0.812,28.3625,0.823,261.52,1,0,49.0062,38.7313,41.1562,,,
28/06/2025,21:30:00,11.7373,1.4605,1.4889,0.8579,0.8538,29.5187,0.801,259.02,1,0,44.7125,38.9188,40.6687,,,
28/06/2025,22:00:00,11.8485,1.4784,1.5113,0.868,0.8652,29.9375,0.802,258.4,1,1,49.0562,38.925,42.15,,,
28/06/2025,22:30:00,11.7867,1.478,1.5051,0.8577,0.8663,29.9312,0.751,258.72,1,1,45.1625,39.075,44.1812,,,
28/06/2025,23:00:00,11.7804,1.4574,1.4859,0.8706,0.8693,29.45,0.801,258.64,1,1,49.5562,39.1625,45.1125,,,
28/06/2025,23:30:00,11.8472,1.4487,1.4762,0.8223,0.8153,28.3187,0.697,258.46,1,1,45.8438,39.3438,45.0312,,,
29/06/2025,00:00:00,11.7157,1.4811,1.5113,0.8844,0.891,29.9375,0.737,259.46,1,1,49.6,39.4062,44.4187,,,
29/06/2025,00:30:00,11.9246,1.5817,1.6101,0.9789,0.9837,29.45,5.627,276.2,1,1,45.5375,39.4187,41.8062,,,
29/06/2025,01:00:00,11.7988,1.4561,1.4876,0.859,0.8619,30.4188,6.401,276.18,1,1,49.3875,39.3875,50,,,
29/06/2025,01:30:00,11.6852,1.5222,1.5524,0.8897,0.9041,30.4813,5.252,275.46,1,1,45.1687,39.5375,45.2437,,,
29/06/2025,02:00:00,11.8824,1.5546,1.5869,0.9417,0.9391,30.4188,18.453,279.94,1,1,49.6312,39.5375,46.6125,,,
29/06/2025,02:30:00,11.8045,1.4596,1.4898,0.8168,0.8155,28.8625,0.487,282.9,1,1,46.1937,39.65,46.275,,,
29/06/2025,03:00:00,11.8558,1.4811,1.5108,0.8761,0.8853,29.375,0.792,281.36,1,1,50.1125,39.7437,46.1,,,
29/06/2025,03:30:00,11.8293,1.4701,1.4964,0.8835,0.8781,29.4375,2.893,281.38,1,0,46.175,39.8187,45.7125,,,
29/06/2025,04:00:00,11.6906,1.4124,1.4391,0.8411,0.842,29.4125,3.165,279.9,1,0,50,39.7625,58.1562,,,
29/06/2025,04:30:00,11.9143,1.408,1.4364,0.8748,0.8743,29.9125,2.992,277.66,1,0,46.2062,39.85,60.3375,,,
29/06/2025,05:00:00,11.7694,1.3599,1.3909,0.8067,0.8048,29.9125,0.793,267.66,1,0,50.1062,39.9312,60.275,,,
29/06/2025,05:30:00,11.8177,1.3993,1.4286,0.8358,0.8407,28.3312,0.889,262.96,1,0,46.8562,40.0375,60.0875,,,
29/06/2025,06:00:00,11.7955,1.3367,1.3651,0.8105,0.8151,29.9875,0.834,261.96,1,1,44.375,40.075,59.3312,,,
29/06/2025,06:30:00,11.7027,1.3341,1.3616,0.7573,0.7687,28.4688,0.76,262.88,1,1,47.7562,40.1937,57.1187,,,
29/06/2025,07:00:00,11.8623,1.4614,1.4986,0.8778,0.8822,29.5438,0.821,263.24,1,1,42.8562,40.2062,56.4187,,,
29/06/2025,07:30:00,11.7783,1.4264,1.4649,0.8072,0.7989,28.8875,0.736,261.16,1,1,47.5312,40.225,55.2062,,,
29/06/2025,08:00:00,11.856,1.4216,1.4526,0.8232,0.8168,29.8563,0.859,259.58,1,1,49.8312,40.1937,53.0562,,,
29/06/2025,08:30:00,11.8308,1.4119,1.4391,0.7871,0.7928,29.4813,0.802,257.62,1,1,45.2625,40.0812,50.1812,,,
29/06/2025,09:00:00,11.6883,1.4605,1.4933,0.8474,0.8444,29.4188,0.803,256.66,1,1,48.925,39.9,51.55,,,
29/06/2025,09:30:00,11.8623,1.5196,1.5515,0.8713,0.8754,29.925,17.92,269.16,1,1,42.55,39.95,51.875,,,
29/06/2025,10:00:00,11.7865,1.5086,1.5441,0.882,0.8866,29.9688,5.001,274.56,1,1,46.5375,39.9,48.75,,,
29/06/2025,10:30:00,11.7566,1.5266,1.5541,0.8844,0.8923,29.8375,5.898,276.72,1,1,48.1875,39.7562,44.8937,,,
29/06/2025,11:00:00,11.8352,1.4758,1.5038,0.8739,0.8643,28.4125,0.794,266.72,1,1,48.8937,39.75,47.0625,,,
29/06/2025,11:30:00,11.7858,1.4754,1.5073,0.8763,0.8682,30.05,3.326,267.78,1,0,49.1812,39.6,25.4,,,
29/06/2025,12:00:00,11.7967,1.6473,1.6771,0.9877,0.9931,29.375,3.348,271.52,1,0,49,39.5375,28.6,,,
29/06/2025,12:30:00,11.7784,1.5974,1.6193,0.9588,0.9669,28.8563,2.936,275.62,1,0,48.6937,39.5125,48.75,,,
29/06/2025,13:00:00,11.8046,1.5843,1.6123,0.9691,0.9599,29.2,0.789,271.52,1,0,48.3187,39.3,46.1,,,
29/06/2025,13:30:00,11.7828,1.5707,1.5996,0.9798,0.9787,30.9,0.787,260.92,1,0,47.7,39.2188,54.5938,,,
29/06/2025,14:00:00,11.7648,1.5528,1.5808,0.968,0.9658,29.4688,0.864,254.88,1,1,47.2687,39.1687,53.2625,,,
29/06/2025,14:30:00,11.7818,1.5445,1.5777,0.9413,0.9356,29.425,2.032,251.6,1,1,47.0062,39.0812,51.3125,,,
29/06/2025,15:00:00,11.7743,1.5432,1.5707,0.9271,0.9166,29.9875,0.817,267.44,1,1,47.1437,39.05,51.2188,,,
29/06/2025,15:30:00,11.8431,1.5371,1.5602,0.9605,0.9601,29.2062,3.734,270.96,1,1,47.2188,38.8563,53.3438,,,
29/06/2025,16:00:00,11.8066,1.5126,1.5423,0.9284,0.9253,29.7437,2.715,266.48,1,1,47.4562,38.925,48.1562,,,
29/06/2025,16:30:00,11.7863,1.5502,1.5756,0.9656,0.9677,29.1312,0.863,266.54,1,1,48.0625,38.8687,53.55,,,
29/06/2025,17:00:00,11.7241,1.5165,1.5441,0.9327,0.9288,29.975,0.802,258.06,1,1,48.575,38.9,49.9875,,,
29/06/2025,17:30:00,11.8725,1.5178,1.5515,0.9426,0.9373,30.6187,0.807,252.84,1,1,49.4,39.0562,51.8562,,,
29/06/2025,18:00:00,11.7889,1.4649,1.499,0.8608,0.8516,29.45,0.76,249,1,1,43.575,39.025,51.0312,,,
29/06/2025,18:30:00,11.6993,1.4942,1.5196,0.8958,0.8971,29.9813,0.749,246.48,1,1,47.2188,39.1937,52.4062,,,
29/06/2025,19:00:00,11.9122,1.5148,1.5388,0.9319,0.9314,29.8875,0.816,244.48,1,1,49.8562,39.3,52.0938,,,
29/06/2025,19:30:00,11.8293,1.4719,1.4959,0.8649,0.8608,28.9,3.144,255.4,1,0,46.325,39.3937,52.6437,,,
29/06/2025,20:00:00,11.7096,1.4347,1.4614,0.852,0.8509,28.9437,3.066,257.92,1,0,49.9562,39.5437,54.3687,,,
29/06/2025,20:30:00,11.9044,1.5156,1.5366,0.9384,0.9382,31.1312,3.158,260.22,1,0,46.4437,39.6937,53.1125,,,
29/06/2025,21:00:00,11.8096,1.4312,1.4605,0.8597,0.8555,29.4562,0.833,250.9,1,0,48.825,39.7812,53.3438,,,
29/06/2025,21:30:00,11.7053,1.4544,1.4868,0.8829,0.8787,29.9437,0.801,246.34,1,0,47.5375,39.9187,53.3375,,,
29/06/2025,22:00:00,11.8494,1.4303,1.4592,0.854,0.8422,29.5187,0.738,244.34,1,1,43.5875,39.9812,55.5562,,,
29/06/2025,22:30:00,11.8093,1.4312,1.4587,0.8628,0.859,28.9,0.829,254.68,1,1,48.8,40.0938,51.4375,,,
29/06/2025,23:00:00,11.789,1.4754,1.5034,0.8619,0.8601,28.9688,0.842,265.5,1,1,44.75,40.1687,50.6625,,,
29/06/2025,23:30:00,11.8039,1.4631,1.4973,0.877,0.8886,29.3687,0.838,257.22,1,1,49.575,40.1937,49.775,,,
30/06/2025,00:00:00,11.8679,1.4631,1.492,0.8967,0.8988,30.5875,0.847,249.04,1,1,45.9875,40.275,54.4437,,,
30/06/2025,00:30:00,11.7569,1.4093,1.4382,0.8205,0.8288,29.5125,0.84,245.26,1,1,50.3687,40.2812,54.0375,,,
30/06/2025,01:00:00,11.7569,1.4749,1.5021,0.9063,0.908,29.45,0.753,243.76,1,1,47.075,40.275,52.9812,,,
30/06/2025,01:30:00,11.8801,1.4951,1.5174,0.8905,0.8978,30.6125,5.478,256.06,1,1,43.5625,40.35,52.2375,,,
30/06/2025,02:00:00,11.8186,1.4307,1.4601,0.8752,0.8726,29.4125,0.773,249.02,1,1,48.6062,40.4,57.5312,,,
30/06/2025,02:30:00,11.7512,1.4167,1.4465,0.8665,0.8667,29,0.839,245.96,1,1,44.0687,40.2687,58.4375,,,
30/06/2025,03:00:00,11.9147,1.5633,1.5922,0.9813,0.9828,29.9688,16.76,267.18,1,1,49.475,40.4125,54.9312,,,
30/06/2025,03:30:00,11.807,1.4587,1.4868,0.8676,0.8564,29.5187,3.37,268.76,1,0,45.55,40.35,55.325,,,
30/06/2025,04:00:00,11.7091,1.4736,1.5047,0.9039,0.894,30.05,2.949,269.26,1,0,50,40.325,54.5812,,,
30/06/2025,04:30:00,11.917,1.4863,1.5178,0.938,0.9347,29.4312,3.015,265.86,1,0,46.7687,40.3375,57,,,
30/06/2025,05:00:00,11.7733,1.3874,1.4146,0.8358,0.8383,29.9813,0.766,255.84,1,0,49.6437,40.3375,56.6812,,,
30/06/2025,05:30:00,11.7419,1.4202,1.4482,0.8529,0.859,29.4062,0.783,251.16,1,0,47.1875,40.1187,56.0812,,,
30/06/2025,06:00:00,11.8635,1.4723,1.4994,0.9212,0.9295,30.5875,0.759,249.36,1,1,44.2937,40.1812,54.95,,,
30/06/2025,06:30:00,11.819,1.4561,1.4854,0.8794,0.8767,29.9813,0.783,265.7,1,1,47.6312,40.125,51.0938,,,
30/06/2025,07:00:00,11.7381,1.5406,1.5694,0.9231,0.9212,29.4625,0.727,256.02,1,1,42.9937,40.0687,52.0125,,,
30/06/2025,07:30:00,11.8662,1.5091,1.5379,0.875,0.8726,29.35,0.73,252.02,1,1,48.0875,40.1437,49.3937,,,
30/06/2025,08:00:00,11.7485,1.4535,1.4894,0.8514,0.8498,28.8812,0.783,251.04,1,1,43.5375,40.1062,46.3875,,,
30/06/2025,08:30:00,11.72,1.5034,1.5362,0.889,0.8862,28.9,0.704,250.24,1,1,48.9187,40.0375,45.5812,,,
30/06/2025,09:00:00,11.8736,1.5616,1.5913,0.9382,0.9492,28.3375,0.732,249.38,1,1,44.8062,40.0625,42.7375,,,
30/06/2025,09:30:00,11.7644,1.5099,1.5362,0.8708,0.8835,29.3375,0.705,249,1,1,49.6062,40.1437,41.6562,,,
30/06/2025,10:00:00,11.8772,1.6167,1.6491,0.9752,0.9815,29.925,0.785,249.06,1,1,46.2687,40.175,40.7312,,,
30/06/2025,10:30:00,11.7547,1.5244,1.5528,0.873,0.8813,29.4,6.059,259.64,1,1,49.1812,40.275,40.5375,,,
30/06/2025,11:00:00,11.7095,1.5117,1.5397,0.8625,0.8638,28.85,0.779,256.28,1,1,47.7562,40.2375,37.175,,,
30/06/2025,11:30:00,11.8508,1.5839,1.6058,0.9376,0.9284,28.35,3.347,263.92,1,0,43.5687,40.275,35.7812,,,
30/06/2025,12:00:00,11.7625,1.555,1.5874,0.8827,0.8855,29.4312,3.259,264.72,1,0,49.2437,40.3438,33.4125,,,
30/06/2025,12:30:00,11.7072,1.6027,1.6324,0.9443,0.9489,28.4062,3.008,263.38,1,0,45.925,40.4062,33.2687,,,
30/06/2025,13:00:00,11.8707,1.7217,1.7501,1.0653,1.0583,30.0312,18.646,259.08,1,0,48.1375,40.5625,29.9125,,,
30/06/2025,13:30:00,11.8772,1.5821,1.6215,0.891,0.8982,29.4813,3.525,260.92,1,0,48.0938,40.5,35.3187,,,
30/06/2025,14:00:00,11.6897,1.5121,1.5441,0.9266,0.9227,29.4688,6.353,258.9,1,1,42.9875,40.5437,49.4562,,,
30/06/2025,14:30:00,11.9004,1.5519,1.5821,0.978,0.964,29.9125,0.829,254.68,1,1,47.4062,40.55,54.1312,,,
30/06/2025,15:00:00,11.8212,1.4347,1.4653,0.8498,0.8444,29.4188,0.677,248.08,1,1,48.8187,40.5,56.6,,,
30/06/2025,15:30:00,11.7198,1.4447,1.4758,0.8687,0.8687,29.6312,0.823,261.4,1,1,49.2312,40.3312,54.1062,,,
30/06/2025,16:00:00,11.8856,1.4859,1.5121,0.9047,0.9115,29.4062,2.283,260.62,1,1,49.425,40.1,55.4312,,,
30/06/2025,16:30:00,11.8335,1.4447,1.4706,0.8665,0.8678,30.4937,0.861,257.68,1,1,49.6062,40.0562,58.0812,,,
30/06/2025,17:00:00,11.7157,1.4627,1.4898,0.8964,0.8953,29.4562,0.745,249.82,1,1,49.45,39.95,61.5938,,,
30/06/2025,17:30:00,11.8329,1.4579,1.4859,0.8971,0.8975,29.3687,0.789,245.94,1,1,49.1125,39.8125,61.5812,,,
30/06/2025,18:00:00,11.8248,1.4583,1.4903,0.9496,0.9397,28.95,0.842,243.86,1,1,49.0687,39.7562,60.2625,,,
30/06/2025,18:30:00,11.8199,1.6718,1.6959,1.0025,1.0017,29.6812,0.87,240.46,1,1,49.075,39.6625,61.1875,,,
30/06/2025,19:00:00,12.1081,1.8385,1.8643,1.01,0.9995,29.9688,0.751,220.7,1,1,49.6687,39.6625,58.7812,,,
30/06/2025,19:30:00,11.8075,1.4408,1.4727,0.863,0.8632,29.9375,3.374,259.02,1,0,44.1,39.6312,49.4625,,,
30/06/2025,20:00:00,12.1119,2.2852,2.3162,1.0528,1.0636,29.9688,3.034,263.24,1,0,47.9125,39.5938,4.275,,,
30/06/2025,20:30:00,12.4574,2.255,2.2847,1.0308,1.0189,29.4062,2.962,298.92,1,0,49.825,39.6062,0,,,
30/06/2025,21:00:00,11.7765,1.2741,1.3096,0.7744,0.7809,29.4188,0.808,288.14,1,0,45.4562,39.7,43.5812,,,
30/06/2025,21:30:00,11.7724,1.5008,1.5349,0.9028,0.9087,29,0.763,273.52,1,0,49.45,39.7562,42.3062,,,
30/06/2025,22:00:00,11.8008,1.4819,1.5148,0.9264,0.9273,29.4188,0.821,275.14,1,1,45.2125,39.9187,54.4937,,,
30/06/2025,22:30:00,11.7679,1.4758,1.5038,0.9214,0.9144,29.6625,0.873,267.56,1,1,49.7937,40.0062,59.5625,,,
30/06/2025,23:00:00,11.8553,1.5003,1.5327,0.9524,0.9461,29.5312,0.842,265.02,1,1,45.7062,40.175,58.575,,,
30/06/2025,23:30:00,11.8427,1.4767,1.5073,0.9056,0.9198,27.8312,0.856,263.18,1,1,50.0437,40.2,61.0562,,,
01/07/2025,00:00:00,11.6912,1.4819,1.5099,0.9301,0.9336,29.7812,0.868,262.22,1,1,47.0062,40.3687,62.2,,,
*** END OF DATA ***
