Datetime,NET MW,ECO O/L FG TEMP,AH O/L FG TEMP,AH I/L PA TEMP,AH O/L PA TEMP,AH I/L SECAIR TEMP,AH O/L SECAIR TEMP,AH O/L SECAIR TEMP,ECO O/L FG ANALR 1 PRB O2 DNSTY 1 VLU,ECO O/L FG ANALR 1 PRB O2 DNSTY 2 VLU,ECO O/L FG ANALR 2 PRB O2 DNSTY 1 VLU,ECO O/L FG ANALR 2 PRB O2 DNSTY 2 VLU,ECO O/L FG PRS,AH O/L FG PRS,PAF A O/L AIR PRS,PAF B O/L AIR PRS,HPA PRS SETP BIAS PV,FDF A O/L AIR PRS,FDF B O/L AIR PRS,AH O/L SECAIR PRS,AH O/L SECAIR PRS,AH RTDRV CURR,B-SB STM FLW,B-SB STM TEMP,AH SOOTBLOWER HOT SIDE RETRACTED,AH SOOTBLOWER COLD SIDE RETRACTED,AH GDBRG TEMP,AH SPT BRG TEMP,AH SECAIR BYP CDPR CDRV POSN FDBK,Unknown_1,Unknown_2,Unknown_3
2025-06-01 00:00:00,267.4313,296.0938,120.2625,50.8625,282.65,39.6062,280.2188,280.2812,5.7016,5.2188,5.2562,6.2469,-0.6841,-1.8295,12.6045,12.5265,11.7059,1.4907,1.5204,0.9006,0.8897,28.3375,3.211,248.14,1.0,0.0,50.0938,38.875,57.2687,,,
2025-06-01 00:30:00,415.3312,315.3125,116.225,50.9688,288.375,38.6812,295.4375,295.5,4.9656,4.3594,4.2937,4.0219,-0.8499,-2.6255,13.5632,13.4706,12.2569,2.4002,2.4282,1.1222,1.1209,29.8,0.737,259.52,1.0,0.0,46.4562,38.8,16.6312,,,
2025-06-01 01:00:00,472.4938,327.0312,117.4125,49.775,298.975,38.1688,307.5625,307.6562,3.3562,3.9469,4.3609,3.9297,-1.0323,-3.067,13.7257,13.6169,12.2306,2.5713,2.6019,1.1823,1.1653,28.9813,0.781,280.56,1.0,0.0,49.5125,38.7875,0.0,,,
2025-06-01 01:30:00,509.8938,336.625,119.6,49.5,307.1,38.075,316.5938,316.6875,3.2953,3.6375,3.9766,3.625,-0.975,-3.178,13.5502,13.4381,12.0744,2.9121,2.9541,1.342,1.3427,29.8687,0.813,294.24,1.0,0.0,45.2812,38.6812,0.0,,,
2025-06-01 02:00:00,509.575,338.8438,120.725,49.6875,308.95,38.0938,318.7812,318.7812,3.0484,3.5719,4.0453,3.9469,-0.9921,-3.1595,13.5795,13.3861,12.0262,2.7625,2.8032,1.2504,1.2504,29.0812,0.778,294.96,1.0,1.0,48.9062,38.6437,0.0,,,
2025-06-01 02:30:00,510.9563,334.9375,120.3625,50.4812,306.875,38.5062,316.7188,316.8125,3.2094,3.5469,3.8953,3.8422,-0.9724,-3.16,13.5974,13.4804,12.1373,2.7717,2.808,1.2613,1.265,29.4125,0.858,292.78,1.0,1.0,44.2,38.6375,0.0,,,
2025-06-01 03:00:00,508.1937,329.5625,120.2375,50.6562,304.775,38.8563,314.0312,314.125,3.0156,3.3953,3.7984,3.6656,-0.9579,-3.075,13.5047,13.3926,12.0547,2.7008,2.7271,1.2038,1.2001,28.4125,0.884,287.4,1.0,1.0,48.6875,38.5875,0.0,,,
2025-06-01 03:30:00,508.8313,327.4688,119.3875,50.3312,302.675,38.6437,312.0312,312.0625,3.2188,3.2859,3.7437,3.7078,-0.9886,-3.128,13.4674,13.3617,11.9628,2.7301,2.7607,1.2132,1.2068,29.9312,0.898,284.52,1.0,1.0,43.7875,38.6063,0.0,,,
2025-06-01 04:00:00,509.15,327.0312,118.2,50.6312,301.9,38.6562,311.2812,311.3125,3.2312,3.4281,3.825,3.8984,-0.947,-3.165,13.6461,13.547,12.1559,2.7704,2.8054,1.2486,1.251,30.5312,3.003,286.46,1.0,0.0,48.3562,38.5938,0.0,,,
2025-06-01 04:30:00,509.2562,326.9062,117.7125,49.7937,301.65,38.325,311.4375,311.4688,3.2266,3.3312,3.7672,3.7703,-1.0231,-3.1735,13.6087,13.5047,12.0992,2.6706,2.7004,1.1672,1.1624,28.9875,2.898,289.76,1.0,0.0,43.075,38.55,0.0,,,
2025-06-01 05:00:00,507.9812,326.625,117.15,49.225,301.7,37.9188,311.2188,311.2812,3.2234,3.375,3.6328,4.0453,-1.0174,-3.1015,13.4885,13.378,12.0396,2.5993,2.6234,1.1467,1.1493,29.9813,3.092,290.6,1.0,0.0,48.0437,38.5438,0.0,,,
2025-06-01 05:30:00,507.45,326.0938,117.7,49.1187,302.05,37.7313,311.4062,311.4375,2.9844,3.4187,3.8766,3.8687,-0.9549,-3.079,13.8314,13.7014,12.2563,2.661,2.6921,1.2351,1.2302,29.3875,5.374,293.14,1.0,0.0,42.8,38.5125,0.0,,,
2025-06-01 06:00:00,436.2625,320.5,117.0625,48.275,299.85,37.4562,307.0312,307.0625,4.2906,3.8203,4.0625,5.1375,-0.8477,-2.5375,12.5623,12.4339,11.7449,2.3631,2.3924,1.2812,1.2659,29.9312,0.849,280.26,1.0,0.0,47.5062,38.3687,8.8312,,,
2025-06-01 06:30:00,328.95,317.9375,115.6125,48.9937,296.525,37.4062,301.875,301.9375,4.2437,4.0797,4.9266,4.7234,-0.821,-1.995,12.5216,12.4501,11.6771,1.2413,1.2684,0.6425,0.6429,29.975,11.292,293.62,1.0,1.0,49.9812,38.275,60.3438,,,
2025-06-01 07:00:00,266.0499,293.75,125.175,50.6562,284.35,39.0938,281.875,281.9062,5.2672,5.4484,5.3687,5.7375,-0.5983,-1.747,12.7816,12.7134,11.9061,1.5016,1.5305,0.905,0.9047,29.7375,17.789,273.24,1.0,1.0,45.6687,38.325,45.2312,,,
2025-06-01 07:30:00,266.475,290.0,118.95,51.2812,278.475,39.9375,277.5,277.5312,5.3266,5.4641,5.5734,6.2031,-0.6176,-1.8445,12.7686,12.6874,11.865,1.5699,1.6014,0.9345,0.9319,30.3625,16.302,274.08,1.0,1.0,49.1187,38.2437,52.2562,,,
2025-06-01 08:00:00,265.625,288.2188,119.3125,51.5187,277.5,40.2687,275.25,275.2812,5.5141,5.3969,5.5422,6.1391,-0.6412,-1.848,12.6597,12.5752,11.7129,1.4531,1.4806,0.838,0.8236,29.3062,0.796,263.8,1.0,1.0,44.6,38.1875,55.8687,,,
2025-06-01 08:30:00,266.7937,287.4062,120.025,51.9062,277.0,40.6812,274.25,274.2188,5.3516,5.8172,5.8687,6.7156,-0.5961,-1.901,12.7686,12.7004,11.8685,1.5257,1.5546,0.8708,0.8752,30.5687,0.803,256.66,1.0,1.0,48.9187,38.25,54.3375,,,
2025-06-01 09:00:00,265.9437,286.9062,119.45,52.3,276.475,41.0062,274.0625,274.0938,5.1656,5.4984,5.4656,6.1469,-0.6364,-1.851,12.7183,12.6435,11.8097,1.4929,1.5244,0.8509,0.8555,28.3312,3.143,259.3,1.0,0.0,44.3375,38.2125,52.7875,,,
2025-06-01 09:30:00,261.0563,286.7812,118.675,52.8187,276.3,41.8812,273.9062,274.0312,5.3391,5.3562,5.2719,6.2312,-0.6705,-1.794,12.8401,12.754,11.8522,1.3984,1.4272,0.7965,0.7956,29.4188,3.3,255.62,1.0,0.0,48.9688,38.3,53.7937,,,
2025-06-01 10:00:00,266.5812,286.9062,118.425,53.4812,275.925,42.6437,274.5625,274.6562,5.4672,5.3969,5.6156,6.1969,-0.6622,-1.761,12.6792,12.6207,11.8177,1.4509,1.4815,0.8402,0.8378,29.1625,0.833,250.84,1.0,0.0,43.7875,38.4062,50.5312,,,
2025-06-01 10:30:00,266.2625,287.125,118.225,53.3875,276.0,42.8125,275.3125,275.4375,5.6437,5.6375,5.5625,5.5125,-0.7318,-1.8585,12.6419,12.5623,11.8088,1.4636,1.4933,0.7934,0.7917,29.4,0.806,242.74,1.0,0.0,48.475,38.3125,48.375,,,
2025-06-01 11:00:00,265.2,287.0,118.0875,53.9688,276.225,43.1562,275.6562,275.7812,5.6187,5.6734,5.6156,6.4078,-0.6416,-1.8375,12.7897,12.7166,11.8287,1.5248,1.5554,0.8601,0.859,30.6125,0.879,242.26,1.0,0.0,43.25,38.4062,46.4562,,,
2025-06-01 11:30:00,266.9,287.9375,117.7375,54.1125,276.225,43.175,276.0938,276.1875,5.8734,5.6281,5.9766,5.6953,-0.6355,-1.8785,12.6727,12.5866,11.7982,1.5554,1.5817,0.8628,0.8776,28.3375,0.793,242.94,1.0,1.0,48.2312,38.4375,45.05,,,
2025-06-01 12:00:00,267.1124,288.5938,117.725,55.1875,276.325,43.9312,276.6875,276.7812,5.7328,5.2766,5.7016,6.3359,-0.6836,-1.983,12.7036,12.6272,11.7949,1.6386,1.6687,0.8794,0.8772,29.4125,0.845,241.5,1.0,1.0,43.7875,38.45,40.1875,,,
2025-06-01 12:30:00,266.6875,289.7188,116.8375,55.425,276.225,44.2687,277.2812,277.375,5.8516,5.4094,5.4578,5.4953,-0.6574,-2.003,12.832,12.7459,11.7095,1.6543,1.6854,0.8547,0.8402,29.425,0.784,239.96,1.0,1.0,48.4375,38.6375,36.4062,,,
2025-06-01 13:00:00,266.2625,289.875,116.425,55.6625,276.35,44.4562,277.6875,277.75,5.9094,5.3328,5.8578,6.0406,-0.6661,-2.087,12.8482,12.7719,11.867,1.6784,1.7042,0.8544,0.8555,29.875,0.824,238.88,1.0,1.0,43.7812,38.775,34.9188,,,
2025-06-01 13:30:00,265.5187,290.2188,116.175,55.925,276.275,44.6,278.0312,278.125,6.0953,5.6328,5.3234,5.4375,-0.6049,-2.058,12.7946,12.7215,11.7889,1.7597,1.7834,0.8962,0.8999,29.85,2.261,245.66,1.0,1.0,49.1187,38.9312,32.4625,,,
2025-06-01 14:00:00,266.9,290.75,115.1625,55.8875,276.35,44.55,278.3438,278.4062,5.55,5.3812,5.5875,5.7188,-0.7213,-1.958,12.7426,12.6711,11.7223,1.6132,1.6416,0.8669,0.8647,31.65,3.137,252.96,1.0,0.0,45.5938,39.0625,34.9188,,,
2025-06-01 14:30:00,350.0938,302.25,113.0125,53.4812,281.525,41.1187,286.9375,287.0,5.4391,5.1344,4.6953,4.2703,-0.8403,-2.4315,13.0221,12.9506,11.9506,2.0398,2.0673,0.9789,0.9815,28.7875,20.37,271.44,1.0,0.0,49.7812,39.2062,41.75,,,
2025-06-01 15:00:00,439.2374,319.0625,115.0,52.5,294.225,40.1875,301.7812,301.875,4.05,3.4875,3.6672,3.625,-0.9715,-2.884,13.1342,13.0156,11.7823,2.5809,2.6238,1.2294,1.2504,28.3563,5.867,293.8,1.0,0.0,44.9937,39.375,0.0062,,,
2025-06-01 15:30:00,508.4062,334.0938,119.0,52.4,304.75,40.2375,314.3125,314.4062,3.1359,3.5094,3.9797,3.8906,-1.0013,-3.244,13.7696,13.6819,12.2295,2.8741,2.9104,1.3134,1.3005,29.4062,5.907,292.26,1.0,0.0,48.4125,39.425,0.0,,,
2025-06-01 16:00:00,508.6188,333.6875,120.5375,52.1937,305.05,39.95,314.5625,314.5938,3.4016,3.6281,4.0062,3.9828,-0.9737,-3.204,13.6185,13.5145,12.2057,2.8994,2.941,1.3261,1.3265,28.05,0.818,300.6,1.0,1.0,49.8562,39.2937,0.0,,,
2025-06-01 16:30:00,507.6625,330.875,120.625,53.475,303.525,41.125,313.1562,313.1875,3.2125,3.6328,4.0094,3.6859,-0.9829,-3.2065,13.6477,13.5421,12.1505,2.8535,2.8977,1.302,1.2943,29.5438,0.811,296.14,1.0,1.0,44.7062,39.45,0.0,,,
2025-06-01 17:00:00,508.0875,327.4062,121.5875,53.6562,302.925,42.0375,311.9062,311.9062,3.2031,3.6312,3.8625,3.9906,-1.0153,-3.1905,13.5356,13.4414,12.0395,2.7642,2.7975,1.2206,1.2112,29.9375,0.628,292.1,1.0,1.0,48.325,39.4312,0.0,,,
2025-06-01 17:30:00,508.3,325.1875,120.925,53.4688,300.8,41.8812,309.8438,309.875,3.3234,3.6953,3.9109,3.9187,-0.9142,-3.0635,13.6055,13.5031,12.1157,2.7616,2.7962,1.246,1.2615,29.4562,0.749,288.82,1.0,1.0,46.0875,39.5062,0.0,,,
2025-06-01 18:00:00,505.75,324.625,119.45,53.2188,299.8,41.6687,308.9688,309.0,3.3281,3.45,3.7875,3.8281,-0.9916,-3.1645,13.6575,13.5616,12.095,2.7467,2.7831,1.2232,1.2211,29.4,0.722,277.06,1.0,1.0,47.5062,39.6,0.0,,,
2025-06-01 18:30:00,506.7063,325.1562,119.0875,52.775,299.75,41.3125,309.0312,309.0938,3.3625,3.6047,3.8797,3.9375,-1.0249,-3.2555,13.508,13.3991,12.0494,2.8198,2.864,1.2596,1.2504,29.5312,2.883,287.82,1.0,0.0,44.3125,39.7188,0.0,,,
2025-06-01 19:00:00,507.875,325.3125,118.8875,52.5125,300.05,41.0,309.3438,309.4688,3.1766,3.5422,3.8797,3.8281,-1.0157,-3.1845,13.5372,13.43,11.9802,2.7266,2.7677,1.2077,1.2103,29.975,3.158,289.86,1.0,0.0,49.1062,39.8062,0.0,,,
2025-06-01 19:30:00,508.8313,325.5625,118.7375,52.4562,300.4,40.9437,309.5625,309.6562,3.1,3.2266,3.6031,4.2797,-0.9978,-3.1505,13.5876,13.482,12.1616,2.7428,2.7831,1.2467,1.2462,31.65,2.74,290.94,1.0,0.0,45.8062,40.0062,0.0,,,
2025-06-01 20:00:00,508.4062,326.2188,118.925,52.3187,300.75,40.7062,309.875,309.9688,3.0031,3.4422,3.8906,3.8578,-0.9746,-3.1205,13.6087,13.4852,12.0968,2.7778,2.8115,1.2604,1.2521,30.5375,0.861,279.08,1.0,0.0,48.4812,40.0562,0.0,,,
2025-06-01 20:30:00,509.15,326.3125,118.9625,52.1062,301.0,40.6,310.0938,310.0938,3.2422,3.6406,4.0062,3.9375,-0.9855,-3.1815,13.5941,13.4885,12.0113,2.7831,2.8238,1.2366,1.2375,29.625,0.628,273.06,1.0,0.0,48.7062,40.0687,0.0,,,
2025-06-01 21:00:00,507.45,326.7812,118.9,51.9625,301.275,40.4125,310.4375,310.5312,3.1734,3.1906,3.5547,4.3453,-0.9444,-3.18,13.5746,13.4625,12.1259,2.8316,2.8666,1.2814,1.2795,29.4188,0.905,268.0,1.0,1.0,45.5875,40.2312,0.0,,,
2025-06-01 21:30:00,508.3,326.5938,118.825,51.9062,301.55,40.2312,310.625,310.7188,3.1734,3.2125,3.4484,4.0156,-0.9719,-3.22,13.5779,13.4592,12.0608,2.7958,2.8286,1.2261,1.2254,29.9688,0.866,264.12,1.0,1.0,50.0312,40.2937,0.0,,,
2025-06-01 22:00:00,576.9375,335.7188,120.0625,51.9562,305.85,40.1437,316.6562,316.7812,3.1141,3.0875,3.3141,3.0859,-1.1093,-3.751,13.976,13.8557,12.27,3.4065,3.4507,1.4879,1.4868,30.4188,0.595,275.06,1.0,1.0,48.6375,40.4062,0.0,,,
2025-06-01 22:30:00,665.2312,347.6562,123.2,51.6875,312.825,39.6875,326.1875,326.2812,2.5609,2.5141,2.8547,2.5406,-1.2799,-4.4905,14.8519,14.7202,12.9455,4.1354,4.2023,1.8139,1.8102,29.925,0.913,279.76,1.0,1.0,46.1125,40.3812,0.0,,,
2025-06-01 23:00:00,563.2312,346.375,125.3625,51.15,317.625,39.65,327.6875,327.6875,3.0141,2.8766,3.1078,3.4187,-1.0612,-3.5455,13.7257,13.6039,12.2259,3.2013,3.2407,1.4339,1.4276,28.8062,1.359,278.04,1.0,1.0,44.1062,40.3937,0.0,,,
2025-06-01 23:30:00,505.1125,332.4375,121.925,50.95,306.95,39.5312,315.875,315.9062,3.0578,3.3844,3.8719,3.775,-0.9697,-3.112,13.3146,13.2139,11.9581,2.6824,2.7113,1.1918,1.1911,29.8625,3.829,285.74,1.0,1.0,48.9812,40.4312,0.0,,,
2025-06-02 00:00:00,507.025,327.5312,119.35,50.8125,302.5,39.2687,311.4375,311.4375,3.1062,3.575,4.0906,4.1922,-0.996,-3.2985,13.6559,13.5454,12.1054,2.7708,2.8045,1.2307,1.237,29.3687,5.79,289.18,1.0,1.0,45.5125,40.3875,0.0,,,
2025-06-02 00:30:00,451.6687,319.5625,118.8375,50.3937,298.7,39.1125,306.0625,306.0938,3.9531,4.35,4.6797,4.7562,-0.9243,-2.878,13.0238,12.9214,11.784,2.4654,2.507,1.1438,1.143,29.9813,16.416,297.92,1.0,1.0,50.5312,40.2812,5.2563,,,
2025-06-02 01:00:00,436.9,314.2812,119.1625,50.375,294.725,39.025,301.25,301.3125,3.9016,4.3734,4.5375,3.8797,-0.8783,-2.743,13.1895,13.0855,11.9384,2.0809,2.1185,0.8833,0.875,28.4125,8.37,303.82,1.0,0.0,47.3625,40.2937,0.0,,,
2025-06-02 01:30:00,369.325,307.3438,117.3125,51.675,289.9,39.5375,293.625,293.6875,4.5781,4.9406,5.1375,5.0672,-0.7886,-2.3275,13.1082,13.0173,11.9644,1.8779,1.9116,0.9424,0.9435,30.525,2.927,303.86,1.0,0.0,44.2188,40.175,47.4062,,,
2025-06-02 02:00:00,264.5625,295.5,126.4625,51.2625,285.975,40.0687,282.375,282.4688,5.0844,5.5266,5.6094,6.2516,-0.6193,-1.728,12.6337,12.5492,11.8029,1.4377,1.4688,0.8824,0.8654,28.3312,17.485,274.02,1.0,0.0,49.5187,40.1125,49.725,,,
2025-06-02 02:30:00,265.2,290.0312,119.1125,50.975,278.05,39.775,277.3125,277.3438,5.0266,5.4891,5.4328,6.3016,-0.6469,-1.7825,12.7118,12.6224,11.7974,1.4797,1.5196,0.8851,0.8932,28.7938,0.804,268.66,1.0,0.0,46.1125,40.0938,53.3687,,,
2025-06-02 03:00:00,264.4562,287.5312,119.7375,50.9187,276.75,39.6375,273.9375,274.0,5.4516,5.2609,5.3234,5.8797,-0.6959,-1.844,12.7052,12.6143,11.7008,1.3888,1.4216,0.8223,0.814,31.625,0.824,260.52,1.0,0.0,50.3438,40.0375,59.2875,,,
2025-06-02 03:30:00,264.1375,286.875,120.5875,50.9125,276.25,39.5312,272.6875,272.7188,5.2516,5.6547,5.7328,6.4484,-0.66,-1.917,12.7946,12.7166,11.8708,1.4535,1.4806,0.8507,0.8584,30.5562,0.899,253.46,1.0,1.0,46.6875,39.975,59.8,,,
2025-06-02 04:00:00,265.625,286.5625,120.8375,50.5875,276.175,39.1875,272.1875,272.2188,5.3453,5.6891,5.7531,6.1906,-0.6298,-1.8845,12.8076,12.7247,11.8352,1.4797,1.5038,0.8737,0.8673,30.55,3.231,252.12,1.0,0.0,43.6937,39.9375,60.7562,,,
2025-06-02 04:30:00,264.8812,286.4062,120.725,50.3562,276.425,38.95,272.0625,272.125,5.4484,5.6812,5.5328,6.2109,-0.7112,-1.8665,12.6224,12.5574,11.7202,1.3839,1.4111,0.8337,0.8404,29.4562,3.261,249.24,1.0,0.0,48.3562,39.8875,63.7812,,,
2025-06-02 05:00:00,265.2,286.4375,121.2125,50.4875,276.7,38.925,271.9062,272.0,5.4859,5.5016,5.6594,6.7844,-0.6451,-1.76,12.6744,12.5655,11.8594,1.3888,1.4198,0.8733,0.8652,29.9813,3.301,248.08,1.0,0.0,43.5875,39.95,64.6437,,,
2025-06-02 05:30:00,286.5563,288.9062,120.675,51.2812,277.125,39.0875,274.0625,274.1562,5.2656,5.5234,5.3969,5.9094,-0.6928,-1.9355,12.8645,12.7881,11.8439,1.5961,1.6237,0.9387,0.9365,29.9125,0.822,240.1,1.0,0.0,49.1687,39.975,60.1875,,,
2025-06-02 06:00:00,265.9437,288.5,122.25,51.5,278.25,39.625,273.7812,273.8438,5.6891,5.7031,5.6859,6.5781,-0.6587,-1.8195,12.6987,12.6224,11.696,1.4342,1.4579,0.8507,0.8509,29.4125,0.802,235.5,1.0,0.0,45.3562,39.975,58.2687,,,
2025-06-02 06:30:00,264.8812,288.7812,120.4625,51.225,277.425,39.7188,274.1562,274.2188,5.8453,5.5328,5.4922,4.7547,-0.6482,-1.9415,12.7572,12.6874,11.8391,1.4482,1.4741,0.8678,0.8494,28.7188,0.76,237.42,1.0,1.0,49.9375,40.0,57.55,,,
2025-06-02 07:00:00,265.2,292.0938,121.075,51.3562,278.775,39.8125,276.1875,276.25,5.3344,5.4328,5.5125,6.7172,-0.7077,-1.958,12.7686,12.6841,11.7951,1.4469,1.4745,0.7954,0.7932,29.45,0.842,253.12,1.0,1.0,46.575,40.0812,54.7562,,,
2025-06-02 07:30:00,266.0499,293.2188,120.2375,51.3937,279.75,40.1125,277.4062,277.5,5.1812,5.4562,5.4359,6.2719,-0.6753,-1.951,12.65,12.5639,11.6945,1.4736,1.5051,0.8225,0.828,29.9125,0.838,246.58,1.0,1.0,46.7437,40.05,55.3625,,,
2025-06-02 08:00:00,265.4125,292.875,120.5875,51.3062,279.975,40.275,277.6875,277.75,5.45,5.7297,5.6531,6.35,-0.6666,-1.9945,12.9051,12.806,11.8441,1.492,1.5191,0.8378,0.8339,29.1063,0.873,246.56,1.0,1.0,46.8375,40.0125,53.7312,,,
2025-06-02 08:30:00,305.8937,299.0625,119.175,51.9937,283.35,40.1,283.3438,283.4375,5.1281,5.2969,5.3125,6.0219,-0.7777,-2.35,12.9019,12.8255,11.8297,1.7891,1.8061,0.8472,0.8354,29.5187,0.91,252.96,1.0,1.0,50.2062,39.9937,51.575,,,
2025-06-02 09:00:00,263.6062,296.125,121.9375,52.2125,283.675,40.8187,281.0625,281.125,5.2766,5.2687,5.2969,6.2047,-0.7422,-1.966,12.5249,12.4485,11.7125,1.4373,1.4662,0.7923,0.7897,29.4062,3.02,267.2,1.0,0.0,46.35,39.9937,50.15,,,
2025-06-02 09:30:00,259.6749,292.9375,118.675,52.175,279.775,40.675,279.1875,279.2188,5.5875,5.8031,5.6172,5.9828,-0.5913,-1.749,12.7832,12.7036,11.8605,1.5458,1.5782,0.9137,0.9093,29.9625,3.116,267.54,1.0,0.0,49.25,39.9062,51.1562,,,
2025-06-02 10:00:00,263.7125,292.0,118.8375,52.8062,279.775,40.9375,278.6875,278.7188,5.3469,5.4844,5.7719,6.7109,-0.6836,-1.8315,12.6711,12.5915,11.804,1.4561,1.485,0.838,0.8418,29.5938,5.438,263.94,1.0,0.0,42.8625,39.8062,54.3937,,,
2025-06-02 10:30:00,276.1437,292.5625,118.7375,52.925,279.45,40.9562,279.1562,279.25,5.1031,5.5875,5.775,6.0297,-0.7213,-1.904,12.5655,12.4875,11.7477,1.5126,1.5392,0.8201,0.8223,29.9125,0.831,252.82,1.0,0.0,47.0062,39.8125,51.9375,,,
2025-06-02 11:00:00,264.2438,292.5938,119.95,53.2562,280.025,41.3812,278.9062,279.0,5.0766,5.4328,5.6312,5.9437,-0.6657,-1.8565,12.7962,12.7312,11.8215,1.464,1.4959,0.8354,0.8317,30.5312,0.788,246.82,1.0,0.0,48.7062,39.7562,50.4125,,,
2025-06-02 11:30:00,264.0312,289.1875,119.4125,53.2437,278.275,41.3312,278.2188,278.25,5.4562,5.7687,5.7891,6.3937,-0.6211,-1.852,12.8174,12.7394,11.8273,1.632,1.6578,0.9413,0.9343,29.9813,0.832,264.04,1.0,1.0,49.4562,39.6437,46.2188,,,
2025-06-02 12:00:00,264.1375,289.4688,118.5875,53.85,278.025,41.8687,278.2812,278.3125,5.2906,5.4422,5.625,6.1875,-0.6648,-1.8285,12.6565,12.5769,11.7884,1.5191,1.5515,0.8673,0.8765,30.0187,0.822,261.7,1.0,1.0,49.7937,39.6062,46.2437,,,
2025-06-02 12:30:00,263.7125,288.875,117.6125,54.2437,276.775,42.5687,277.3438,277.4062,5.4609,5.0828,4.9781,6.2547,-0.6302,-1.8345,12.7572,12.689,11.758,1.5729,1.6031,0.8792,0.8792,29.4188,0.807,252.3,1.0,1.0,43.7125,39.6562,44.8812,,,
2025-06-02 13:00:00,293.6749,290.1562,117.2375,55.1062,276.35,43.5562,278.5938,278.6875,5.0187,5.5156,5.5922,6.3469,-0.6368,-2.1025,12.9441,12.8678,11.8788,1.9067,1.9317,1.0183,1.034,30.05,3.007,247.6,1.0,1.0,47.075,39.6375,37.275,,,
2025-06-02 13:30:00,291.975,291.0312,115.8,55.1812,277.3,43.5562,279.4062,279.5312,5.1141,5.5391,5.4547,5.7406,-0.7663,-2.107,12.8531,12.7654,11.8007,1.6552,1.6797,0.8234,0.8186,29.9688,2.761,244.72,1.0,1.0,48.8438,39.6562,42.025,,,
2025-06-02 14:00:00,344.8875,299.2188,114.2125,54.9437,281.025,43.2,285.7812,285.8438,4.8266,4.9016,5.1297,5.2344,-0.8245,-2.351,12.8547,12.7589,11.713,1.9081,1.9317,0.9041,0.917,29.75,3.243,229.0,1.0,0.0,44.0812,39.7,41.8375,,,
2025-06-02 14:30:00,421.4938,313.0,112.85,54.3812,287.225,42.3375,294.7812,294.875,4.2219,4.175,4.0141,4.2125,-0.8831,-2.7765,13.9451,13.8427,12.521,2.4882,2.5271,1.122,1.1198,31.075,19.762,289.06,1.0,0.0,47.7375,39.7937,0.0125,,,
2025-06-02 15:00:00,460.3812,322.5938,115.775,53.825,295.325,42.3937,304.0625,304.1562,3.4672,3.5125,4.3375,4.7141,-0.9702,-2.8715,12.9961,12.8743,11.751,2.374,2.4024,1.0594,1.0515,30.55,0.619,284.48,1.0,0.0,50.1437,39.9125,0.0,,,
2025-06-02 15:30:00,436.0499,321.2812,121.0625,53.725,298.05,42.3562,304.6875,304.6875,4.6016,3.4688,3.7781,4.5406,-0.9015,-2.7425,13.2334,13.1245,12.0086,2.1579,2.1929,0.9146,0.915,28.8062,0.831,276.32,1.0,0.0,46.9812,39.9688,0.0,,,
2025-06-02 16:00:00,581.7188,327.5,119.5,54.1562,296.525,42.475,307.7812,307.875,3.4109,2.9516,3.2297,4.1469,-1.283,-4.4995,15.367,15.2272,12.9799,4.1253,4.194,1.8548,1.8631,29.2938,0.845,273.24,1.0,1.0,50.2687,40.0625,0.0,,,
2025-06-02 16:30:00,660.3438,349.6562,126.1,53.9937,314.6,42.2062,327.3125,327.4062,3.0297,2.2906,2.5078,3.4531,-1.3307,-4.4265,14.7332,14.6114,12.8505,4.0168,4.082,1.7415,1.7417,29.9312,1.018,280.98,1.0,1.0,47.6437,40.1437,0.0,,,
2025-06-02 17:00:00,572.3688,343.4062,125.1625,53.5,311.525,41.8812,322.0938,322.125,3.5547,2.9734,2.9688,4.2797,-1.1189,-3.6865,13.8655,13.755,12.3443,3.3111,3.3562,1.454,1.4593,28.8812,0.837,281.1,1.0,1.0,44.2562,40.1812,0.0,,,
2025-06-02 17:30:00,574.7063,340.5,122.825,53.2188,308.775,41.425,319.4688,319.5312,3.2297,2.925,3.025,3.8719,-1.1036,-3.699,14.1353,14.0134,12.4537,3.3067,3.3509,1.4632,1.4658,28.8563,3.822,270.88,1.0,1.0,48.9812,40.2937,0.0,,,
2025-06-02 18:00:00,575.45,339.3125,122.65,53.2,308.025,41.4688,318.6562,318.7188,3.0891,2.6625,2.7062,4.1094,-1.1137,-3.7455,14.1564,14.0442,12.4618,3.2927,3.3352,1.4532,1.4558,29.4688,5.724,280.82,1.0,1.0,45.5,40.3625,0.0,,,
2025-06-02 18:30:00,574.4938,336.1562,122.075,53.1875,305.9,41.5062,316.4688,316.5,3.2578,2.5453,2.7687,4.1094,-1.1347,-3.6875,14.1255,14.0036,12.4067,3.2236,3.2665,1.3834,1.3836,30.15,3.101,282.78,1.0,0.0,50.3312,40.4875,0.0,,,
2025-06-02 19:00:00,574.175,336.3125,121.6125,52.9688,305.8,41.1562,316.375,316.4375,3.1844,3.0016,3.1344,4.1031,-1.1509,-3.684,14.1369,14.0069,12.346,3.2236,3.2648,1.4035,1.4114,28.8687,2.957,282.86,1.0,0.0,48.1562,40.4812,0.0,,,
2025-06-02 19:30:00,575.2375,337.0312,121.3,52.7062,306.425,40.9125,316.8125,316.9062,2.9828,2.8047,3.1453,4.1594,-1.0984,-3.613,14.0865,13.9776,12.4245,3.2057,3.2516,1.4505,1.4411,29.4562,5.827,285.18,1.0,0.0,45.2,40.5062,0.0,,,
2025-06-02 20:00:00,660.3438,337.6562,122.05,52.925,304.975,40.95,317.0938,317.1875,2.6,2.9141,3.1953,4.0109,-1.3228,-4.607,15.5994,15.4417,13.4123,4.3458,4.4276,1.9289,1.9335,27.7875,1.085,277.06,1.0,0.0,50.2,40.55,0.0,,,
2025-06-02 20:30:00,662.15,346.75,123.6625,52.8937,311.95,40.9812,324.6875,324.8438,2.3656,2.2766,2.5453,3.5078,-1.3552,-4.38,14.7657,14.6325,12.8388,3.8536,3.9118,1.6621,1.659,30.5375,0.907,266.58,1.0,0.0,47.5125,40.6562,0.0,,,
2025-06-02 21:00:00,662.7875,347.5,124.7125,53.0062,313.475,41.0187,326.3125,326.4375,2.6234,2.4937,2.6797,4.0109,-1.2948,-4.407,14.8584,14.7284,12.9803,3.998,4.0693,1.7806,1.7773,29.3062,0.966,259.78,1.0,1.0,45.125,40.6937,0.0,,,
2025-06-02 21:30:00,663.85,347.6875,125.0,52.8187,314.5,40.8438,326.8125,326.9062,2.4016,2.4766,2.7703,3.6109,-1.311,-4.3895,14.7869,14.6585,12.9414,4.0444,4.1026,1.7725,1.7708,28.9062,0.881,259.78,1.0,1.0,50.3875,40.7125,0.0,,,
2025-06-02 22:00:00,664.5938,348.0938,125.4625,52.85,315.225,40.8562,327.1562,327.25,2.5469,2.6969,2.9594,3.6875,-1.3009,-4.379,14.7024,14.5691,12.8839,4.0697,4.1301,1.7903,1.7894,30.5562,0.846,261.66,1.0,1.0,47.9688,40.6375,0.0,,,
2025-06-02 22:30:00,664.9125,349.9688,125.5625,52.875,316.0,40.8687,328.2812,328.375,2.5406,2.4312,2.7406,3.5828,-1.2904,-4.403,14.9039,14.7804,13.0467,4.0413,4.1074,1.7677,1.7583,30.0875,1.064,257.92,1.0,1.0,44.6875,40.6375,0.0,,,
2025-06-02 23:00:00,666.2937,351.625,126.625,52.6875,317.375,40.7437,329.5,329.5938,2.6609,2.4953,2.5984,3.5547,-1.3604,-4.4775,14.8324,14.7202,13.0204,3.9836,4.0479,1.6947,1.7036,28.2875,0.947,276.06,1.0,1.0,50.2687,40.6187,0.0,,,
2025-06-02 23:30:00,623.475,354.0938,126.725,52.6,318.725,40.6375,330.9375,331.0312,2.9187,2.8797,3.1453,3.8734,-1.2467,-4.006,13.8834,13.794,12.3859,3.6025,3.6524,1.5527,1.5586,28.3312,6.307,283.0,1.0,0.0,47.9312,40.7,0.0,,,
2025-06-03 00:00:00,457.8312,330.375,124.35,52.0125,306.6,40.675,313.4062,313.4688,3.9922,3.6094,3.9437,5.2812,-0.856,-2.741,13.2496,13.1424,11.9475,2.4392,2.4808,1.1966,1.1806,28.7125,3.059,293.78,1.0,0.0,44.4062,40.625,0.0,,,
2025-06-03 00:30:00,436.1562,319.5312,122.2375,51.8125,297.85,40.6187,303.75,303.7812,3.9719,3.3062,3.4187,4.8016,-0.9002,-2.5915,13.4219,13.313,12.2212,2.1006,2.1373,0.9054,0.903,29.9813,0.875,295.78,1.0,0.0,49.4312,40.5312,0.0,,,
2025-06-03 01:00:00,262.4375,300.7188,124.375,52.8,289.05,41.6125,287.9375,287.9062,5.4406,5.2344,5.4203,5.7719,-0.6989,-1.708,12.507,12.4631,11.7214,1.3174,1.3481,0.7689,0.7669,28.6375,3.826,273.06,1.0,0.0,46.0562,40.5187,39.1625,,,
2025-06-03 01:30:00,369.4313,304.5,113.1,52.425,280.775,40.3937,286.5938,286.7188,4.525,4.4922,4.6578,5.5344,-0.7318,-2.271,13.2675,13.1635,12.104,2.0113,2.0498,1.0382,1.0369,29.4562,5.189,278.42,1.0,0.0,50.425,40.4437,36.7562,,,
2025-06-03 02:00:00,369.8562,304.5,116.9625,52.3375,286.175,40.3312,288.6875,288.7188,5.1797,4.5734,4.6328,5.4406,-0.7895,-2.342,13.1196,13.0351,11.967,1.8542,1.8849,0.9229,0.917,28.3812,0.688,286.0,1.0,1.0,47.1937,40.3562,53.0187,,,
2025-06-03 02:30:00,370.8125,304.1562,119.55,52.2375,286.925,40.2875,288.375,288.4062,4.5094,4.3984,4.6875,5.7516,-0.7711,-2.3615,12.9425,12.8564,11.8037,1.9146,1.9466,0.9627,0.9638,29.8563,0.792,281.04,1.0,1.0,43.2375,40.2812,53.1812,,,
2025-06-03 03:00:00,370.4938,304.2188,119.875,52.125,287.0,40.1562,288.25,288.3125,4.8266,4.475,4.5672,5.4219,-0.7773,-2.4215,13.222,13.1407,11.9948,1.8945,1.9234,0.9382,0.9354,29.85,0.816,279.76,1.0,1.0,48.275,40.2625,53.1812,,,
2025-06-03 03:30:00,369.8562,304.3438,119.9875,52.125,287.15,40.1,288.2812,288.375,4.4984,4.3656,4.7234,5.5375,-0.8569,-2.5555,13.1131,13.0806,11.9747,1.8862,1.9107,0.8883,0.898,29.5187,0.963,279.16,1.0,1.0,43.0125,40.1812,52.7812,,,
2025-06-03 04:00:00,369.6437,305.7812,119.925,51.9,287.575,39.9437,288.8438,288.9062,4.2578,4.3031,4.2266,5.325,-0.8039,-2.531,13.0709,12.9896,11.9656,1.9313,1.9627,0.9327,0.9338,29.4562,3.155,297.82,1.0,0.0,48.6125,40.0687,53.3,,,
2025-06-03 04:30:00,369.0062,307.7812,119.8875,51.5375,288.7,39.6,290.0938,290.1875,4.5578,4.8766,4.8438,5.5891,-0.7296,-2.343,13.0465,12.949,11.8659,1.9177,1.9453,0.9745,0.9811,30.6562,3.066,305.5,1.0,0.0,43.725,40.0812,55.4625,,,
2025-06-03 05:00:00,369.6437,305.7812,120.2625,51.1812,288.975,39.2687,289.4688,289.5312,4.8375,4.7766,5.0266,5.7562,-0.751,-2.2965,13.1554,12.9977,12.079,1.8599,1.8888,0.9922,0.9822,29.4188,2.938,308.4,1.0,0.0,48.8187,40.0312,57.4625,,,
2025-06-03 05:30:00,370.2812,306.5625,121.05,50.6875,289.65,38.75,289.5,289.625,4.7125,4.4203,4.9688,5.8516,-0.8136,-2.38,13.0465,12.9409,11.9464,1.8223,1.8455,0.9286,0.9282,30.1812,0.893,297.4,1.0,0.0,43.5312,39.9312,58.9062,,,
2025-06-03 06:00:00,369.325,306.1562,121.4625,50.775,289.625,38.7,289.3125,289.4062,4.8281,4.6453,4.7625,5.5375,-0.8293,-2.416,13.2106,13.1115,11.9258,1.8158,1.8499,0.9157,0.9201,29.6312,0.817,289.84,1.0,0.0,48.6062,39.7875,58.0312,,,
2025-06-03 06:30:00,279.0125,297.4062,127.4,51.2375,286.175,39.9437,281.1875,281.2812,5.1234,5.3969,5.3953,5.8922,-0.7344,-1.943,12.7183,12.6435,11.7389,1.4045,1.4399,0.7928,0.8024,29.4625,17.949,253.26,1.0,1.0,43.2812,39.6937,51.25,,,
2025-06-03 07:00:00,263.7125,293.2812,120.7375,51.0375,279.3,40.0312,277.6875,277.7188,5.5516,5.4594,5.5391,6.2172,-0.625,-1.777,12.7247,12.6321,11.792,1.4671,1.499,0.8396,0.84,29.225,0.842,253.54,1.0,1.0,48.1312,39.5938,48.8187,,,
2025-06-03 07:30:00,370.4938,305.5,114.2625,51.725,282.725,39.8562,286.7812,286.9688,4.6719,4.6047,4.9922,5.9406,-0.828,-2.585,13.1619,13.079,11.8989,2.0555,2.0887,0.9594,0.9645,30.6,0.766,256.22,1.0,1.0,44.3,39.5437,50.0625,,,
2025-06-03 08:00:00,369.6437,309.3125,119.7125,52.2562,290.275,40.3875,290.9688,291.0625,4.7547,4.9891,4.8641,5.5484,-0.7632,-2.5565,13.1797,13.1017,12.022,1.9645,1.9995,0.9338,0.9376,28.9312,1.144,264.14,1.0,1.0,46.85,39.3562,53.2437,,,
2025-06-03 08:30:00,370.1749,310.0,120.425,52.3687,290.375,40.5938,292.5,292.5312,4.7609,4.6328,4.7078,5.2641,-0.8276,-2.6385,13.157,13.0546,11.9821,1.9881,2.017,0.9065,0.8969,29.9375,0.914,269.3,1.0,1.0,49.8312,39.375,47.3312,,,
2025-06-03 09:00:00,370.6,309.6562,119.3375,53.0687,289.625,41.225,292.875,292.9375,4.4672,4.8859,5.2625,5.7625,-0.7724,-2.5145,13.1196,13.027,11.8788,2.059,2.0957,0.9842,0.9835,28.3187,3.215,298.78,1.0,0.0,45.8937,39.325,44.8687,,,
2025-06-03 09:30:00,282.0938,309.375,119.25,53.525,292.125,41.9437,291.9062,291.9375,5.2656,4.7891,4.8797,5.7203,-0.7554,-1.8745,12.4128,12.3266,11.807,1.2387,1.2693,0.7098,0.7068,29.7375,13.563,281.32,1.0,0.0,49.3438,39.2312,63.7812,,,
2025-06-03 10:00:00,265.3063,297.6562,122.85,54.075,281.925,43.175,281.9062,281.9688,5.3875,5.3562,5.4359,6.25,-0.7147,-1.7885,12.6792,12.6029,11.7852,1.4758,1.5082,0.8041,0.81,29.525,0.803,269.16,1.0,0.0,44.6875,39.225,31.6437,,,
2025-06-03 10:30:00,265.0938,291.875,117.1375,54.2875,276.625,43.4688,278.2812,278.3438,5.5516,5.2875,5.4234,6.0203,-0.6596,-1.721,12.7052,12.6354,11.7154,1.5134,1.5449,0.861,0.8597,27.9125,0.848,259.64,1.0,0.0,48.9437,39.175,33.4562,,,
2025-06-03 11:00:00,264.5625,290.5312,115.225,54.5437,275.125,43.8062,276.2812,276.3125,5.5437,5.5469,5.6047,6.4078,-0.6635,-1.8,12.6809,12.598,11.8052,1.5152,1.5458,0.8643,0.8621,29.6063,0.88,249.94,1.0,0.0,43.8438,39.3,42.2875,,,
2025-06-03 11:30:00,263.9249,290.8125,116.2625,55.1,275.45,44.2687,275.7812,275.875,5.5844,5.6109,5.6984,5.9359,-0.7427,-1.9205,12.6711,12.5866,11.7687,1.5034,1.5336,0.8059,0.8129,30.5687,0.777,245.48,1.0,1.0,48.625,39.2062,43.3875,,,
2025-06-03 12:00:00,265.4125,289.8125,116.725,55.3,275.1,44.3062,275.5,275.5312,5.4422,5.4187,5.3922,5.9094,-0.7094,-1.956,12.8466,12.7654,11.8354,1.5454,1.5777,0.8277,0.8262,29.9312,0.754,242.3,1.0,1.0,43.75,39.3375,40.525,,,
2025-06-03 12:30:00,264.9874,289.875,116.35,55.6312,274.75,44.5312,275.3438,275.4688,5.6203,5.5328,5.5953,5.9547,-0.646,-1.972,12.7118,12.637,11.7942,1.6224,1.6556,0.8759,0.868,29.4062,0.835,240.04,1.0,1.0,48.7125,39.4,38.5062,,,
2025-06-03 13:00:00,264.2438,290.6562,115.975,55.4688,275.025,44.3375,275.875,275.9062,5.4625,5.4,5.4953,6.0328,-0.6937,-2.0565,12.8076,12.7231,11.7758,1.6176,1.6477,0.835,0.8367,28.5375,0.824,238.56,1.0,1.0,44.0187,39.475,38.7375,,,
2025-06-03 13:30:00,264.4562,288.75,116.3,56.0312,274.925,44.7625,276.0625,276.125,5.3656,5.5031,5.4797,6.0609,-0.6171,-1.8835,12.9084,12.7849,11.8523,1.6272,1.6587,0.9091,0.8997,27.7125,2.299,248.58,1.0,1.0,48.8937,39.65,35.8,,,
2025-06-03 14:00:00,264.1375,290.375,114.925,55.8875,274.35,44.7687,275.9375,276.0625,5.7984,5.4641,5.6953,6.0484,-0.5843,-1.782,12.7069,12.598,11.7946,1.6766,1.7007,0.9763,0.9791,29.4,2.976,249.94,1.0,0.0,44.575,39.7312,38.3438,,,
2025-06-03 14:30:00,288.8937,290.875,114.8125,55.9062,275.3,44.7687,276.4688,276.5625,5.4578,5.4359,5.5328,6.0797,-0.6867,-2.026,12.884,12.793,11.7664,1.9404,1.9684,1.1003,1.1032,29.3625,3.187,246.7,1.0,0.0,49.5,39.8438,38.8563,,,
2025-06-03 15:00:00,372.1937,307.9062,113.125,56.1125,282.7,44.1312,289.625,289.625,4.5797,4.6547,4.8844,5.5328,-0.7698,-2.341,13.2675,13.1927,11.9756,2.1237,2.1509,1.0318,1.0356,28.9875,0.747,263.52,1.0,0.0,45.825,39.8875,30.3,,,
2025-06-03 15:30:00,372.0875,310.8438,115.0625,55.8687,287.275,43.9937,293.2812,293.3125,4.4328,4.875,5.0891,5.4781,-0.7803,-2.3755,12.9718,12.923,11.9529,2.0918,2.1268,1.024,1.0251,29.45,0.772,263.26,1.0,0.0,50.4875,40.0312,36.25,,,
2025-06-03 16:00:00,372.2999,310.7188,116.425,55.5687,288.05,43.7125,293.6562,293.7188,4.6141,4.4359,4.7391,5.7469,-0.8044,-2.432,13.0059,12.9295,11.8992,2.0699,2.1006,0.982,0.9737,30.1063,0.853,266.08,1.0,1.0,47.4937,40.1375,35.25,,,
2025-06-03 16:30:00,371.025,310.1562,116.75,55.4625,288.075,43.5187,293.5938,293.6562,4.4562,4.2703,4.3719,5.2969,-0.8503,-2.5095,12.9912,12.8954,11.8192,2.0708,2.101,0.9518,0.9607,28.9,0.838,269.6,1.0,1.0,43.25,40.2,33.7875,,,
2025-06-03 17:00:00,367.8375,309.6562,116.55,55.3,287.75,43.2062,293.2188,293.25,4.5875,4.5187,4.4031,5.3234,-0.7794,-2.5,13.1944,13.1131,12.0631,2.1303,2.1653,1.0019,0.9993,28.9688,0.911,272.4,1.0,1.0,48.9937,40.2875,34.025,,,
2025-06-03 17:30:00,371.9812,310.2188,116.65,53.1437,288.95,40.675,293.4375,293.5,4.7812,4.4812,4.6672,5.6781,-0.8171,-2.602,13.0871,13.001,11.9142,2.0857,2.1167,0.9728,0.9774,28.975,0.724,274.78,1.0,1.0,45.625,40.3625,46.5312,,,
2025-06-03 18:00:00,371.45,310.875,119.125,54.5187,290.0,42.1875,293.875,293.9688,4.675,4.2641,4.5328,5.3672,-0.8389,-2.6515,12.9847,12.8921,11.7814,2.1006,2.1378,0.9909,0.9721,28.9,17.255,306.78,1.0,1.0,50.0687,40.5125,40.4625,,,
2025-06-03 18:30:00,371.7687,313.875,118.2875,53.925,290.375,41.9312,295.5625,295.5312,4.7516,4.5703,4.8547,5.6391,-0.7711,-2.5125,13.1245,13.0351,11.9677,2.1754,2.2056,1.0537,1.0391,29.45,2.985,308.5,1.0,0.0,46.575,40.5375,35.7188,,,
2025-06-03 19:00:00,372.0875,313.6562,117.725,54.0562,290.5,42.0687,295.5938,295.625,4.8172,4.4906,4.7328,5.4781,-0.8424,-2.4675,13.0546,12.9701,11.9031,1.9781,2.0082,0.9279,0.9317,29.9125,2.938,315.6,1.0,0.0,43.9312,40.6875,37.1812,,,
2025-06-03 19:30:00,371.2374,313.9688,117.0875,53.6625,291.225,41.8062,295.9688,296.0625,4.3078,4.3203,4.5703,5.3062,-0.7471,-2.308,12.962,12.8596,11.851,2.0126,2.0476,1.0211,1.0262,29.2875,2.93,312.3,1.0,0.0,48.3812,40.7312,42.6812,,,
2025-06-03 20:00:00,371.9812,312.8125,118.1375,53.5562,291.55,41.5875,295.875,295.9062,4.7766,4.5625,4.7422,5.6578,-0.7562,-2.3485,13.0546,12.9587,11.9217,1.9999,2.0271,0.9863,0.992,29.9,0.786,298.5,1.0,0.0,44.775,40.6812,43.6375,,,
2025-06-03 20:30:00,372.9375,312.6562,118.5625,52.7312,291.725,40.8625,295.5625,295.6562,4.4906,4.4859,4.7406,5.4719,-0.7768,-2.4395,13.0205,12.9295,11.936,1.9916,2.0244,0.9798,0.9831,29.925,0.838,290.96,1.0,0.0,49.8375,40.8125,46.6562,,,
2025-06-03 21:00:00,372.1937,312.125,119.275,52.6687,291.9,40.725,295.3438,295.4062,4.5641,4.5891,4.7766,5.6906,-0.8424,-2.515,13.0302,12.9392,11.9169,1.9894,2.0166,0.9349,0.9492,30.5562,0.916,286.6,1.0,1.0,46.475,40.7812,46.4688,,,
2025-06-03 21:30:00,372.1937,312.375,119.4625,52.9875,292.0,40.9,295.4375,295.5,4.65,4.5172,4.7188,5.6062,-0.7523,-2.4465,13.0595,12.9604,11.8574,2.0402,2.0695,0.9892,0.9815,29.3438,1.205,283.5,1.0,1.0,43.8375,40.8062,44.7188,,,
2025-06-03 22:00:00,371.6625,310.8438,119.5375,53.15,290.75,41.175,294.5312,294.625,4.6562,4.55,4.7781,5.2203,-0.7978,-2.516,13.2009,13.1082,11.9923,1.9999,2.0288,0.9236,0.9286,29.5438,0.748,304.1,1.0,1.0,48.2375,40.8937,40.7625,,,
2025-06-03 22:30:00,371.2374,310.3438,118.825,52.3062,290.425,40.4312,294.125,294.1875,4.3375,4.4672,4.8406,5.7297,-0.8306,-2.5415,13.1846,13.0839,11.9899,1.9514,1.9767,0.9017,0.8971,28.9562,0.868,302.56,1.0,1.0,42.9688,40.8125,44.975,,,
2025-06-03 23:00:00,371.9812,309.9688,118.825,52.5187,290.325,40.5437,293.6875,293.7188,4.6156,4.4531,4.6687,5.3187,-0.8092,-2.521,13.014,12.9262,11.8656,1.982,2.0144,0.9266,0.9201,28.8563,2.946,307.92,1.0,0.0,48.7937,40.8375,47.4312,,,
2025-06-03 23:30:00,372.0875,310.375,119.1125,52.9875,290.85,40.8937,293.875,293.9688,4.2687,4.2422,4.7484,5.75,-0.7978,-2.431,13.2236,13.1278,12.012,1.9203,1.9505,0.9325,0.9354,29.375,2.948,309.16,1.0,0.0,44.5938,40.7875,47.5375,,,
2025-06-04 00:00:00,371.6625,311.2188,118.9875,52.7937,291.425,40.8625,294.5938,294.625,4.6125,4.6078,5.075,5.6781,-0.793,-2.383,13.092,12.9961,11.9641,1.9264,1.9579,0.9618,0.9568,29.3875,0.845,305.92,1.0,0.0,49.4187,40.675,47.5938,,,
2025-06-04 00:30:00,291.975,301.0938,124.725,52.8812,288.05,41.2062,286.0,286.0312,5.0031,5.0391,5.1859,6.1547,-0.6674,-1.851,12.6126,12.5232,11.7305,1.5729,1.6044,0.8866,0.8785,28.975,0.831,252.78,1.0,0.0,45.6062,40.6875,44.5437,,,
2025-06-04 01:00:00,332.2438,298.9688,118.35,52.6187,280.75,40.6437,283.8438,283.9375,4.8562,4.8312,4.8312,5.4172,-0.7081,-2.144,12.9522,12.8564,11.8755,1.8472,1.8779,0.9553,0.957,30.3625,0.771,250.18,1.0,0.0,50.4062,40.725,38.3875,,,
2025-06-04 01:30:00,360.9313,305.2188,115.0625,52.2437,285.875,40.2562,288.875,288.9688,4.6781,4.9797,5.0547,5.7047,-0.8166,-2.4285,13.0611,12.975,11.8769,1.8844,1.9168,0.9319,0.9439,29.2562,0.824,259.96,1.0,1.0,47.4375,40.725,53.3812,,,
2025-06-04 02:00:00,360.7188,312.375,120.0,52.05,291.4,40.0125,292.375,292.5,4.1344,4.6484,4.6344,5.3547,-0.8315,-2.483,13.0627,12.975,11.9131,1.8827,1.9129,0.9063,0.9074,29.6187,1.041,269.5,1.0,1.0,43.8187,40.8,54.2875,,,
2025-06-04 02:30:00,359.4437,311.7188,120.9125,52.2312,291.65,40.1687,293.875,293.9062,4.6328,4.9984,5.0531,5.3875,-0.7821,-2.451,13.1131,13.0124,11.8514,1.9728,2.0034,0.9704,0.9776,29.9188,0.997,274.62,1.0,1.0,49.2562,40.8125,48.05,,,
2025-06-04 03:00:00,360.0812,309.8438,120.45,51.8312,290.85,39.8312,293.4375,293.5312,4.6828,4.6109,5.0344,5.5453,-0.7549,-2.4805,13.0709,12.9701,11.8861,2.0367,2.0691,1.0098,1.0146,28.9312,0.974,311.52,1.0,1.0,45.8812,40.8875,47.2312,,,
2025-06-04 03:30:00,360.2937,309.5625,119.5375,52.0125,290.175,39.95,292.9375,292.9375,4.6609,4.5891,4.8672,5.5734,-0.7825,-2.481,12.8889,12.8076,11.8365,1.9824,2.0135,0.9544,0.9489,29.3687,0.885,296.32,1.0,1.0,49.1437,41.0062,48.8187,,,
2025-06-04 04:00:00,359.4437,309.0312,119.8125,52.0812,290.2,40.0062,292.5,292.5625,4.7969,4.5953,4.6766,5.3656,-0.7781,-2.5185,13.131,13.0514,11.9452,1.9907,2.0244,0.966,0.9717,29.6063,3.104,305.02,1.0,0.0,47.6625,40.9437,49.6062,,,
2025-06-04 04:30:00,360.4,309.6562,119.5375,51.725,290.275,39.8312,292.4688,292.5312,4.6297,4.3438,4.3734,5.1672,-0.7882,-2.434,13.1099,13.0189,11.9499,1.9067,1.9413,0.9389,0.9408,29.9813,2.968,309.26,1.0,0.0,43.7312,40.9937,52.1687,,,
2025-06-04 05:00:00,360.6124,309.4375,120.05,51.9312,291.125,39.975,292.5625,292.6562,4.7031,4.4375,4.6594,5.5531,-0.8538,-2.392,12.8954,12.7995,11.8393,1.8424,1.877,0.9098,0.9152,28.2437,3.002,310.64,1.0,0.0,49.0437,41.0125,52.775,,,
2025-06-04 05:30:00,358.275,310.625,120.4,51.7062,291.775,39.75,293.3438,293.375,4.9109,4.7687,4.9453,6.1344,-0.7073,-2.284,13.0254,12.9425,11.9037,1.9435,1.9746,1.0157,1.0286,29.9813,0.881,299.5,1.0,0.0,44.9312,40.9375,52.325,,,
2025-06-04 06:00:00,361.8875,311.75,120.4625,52.125,292.15,39.6562,294.25,294.3125,4.6781,4.6078,4.9719,6.0234,-0.7453,-2.32,12.9457,12.8564,11.8516,1.8879,1.9234,0.9651,0.9559,30.0438,0.793,291.86,1.0,0.0,49.7625,40.8812,49.775,,,
2025-06-04 06:30:00,359.5499,311.875,120.1875,51.75,292.25,39.8312,294.5,294.5,4.9922,4.5094,4.7687,5.6234,-0.7838,-2.394,12.8564,12.7767,11.8222,1.947,1.9732,0.9695,0.9603,29.975,0.842,287.52,1.0,1.0,46.075,40.8625,49.5625,,,
2025-06-04 07:00:00,359.4437,312.0938,120.2375,52.1187,292.15,40.3812,294.5312,294.625,4.6078,4.375,4.7062,5.4203,-0.7724,-2.476,13.1602,13.066,11.9532,2.0043,2.0398,0.9824,0.9912,30.0187,16.855,306.14,1.0,1.0,50.2937,40.8312,47.8187,,,
2025-06-04 07:30:00,359.6562,313.4688,119.9375,52.325,292.15,40.7,295.6875,295.75,4.8906,4.7609,5.0281,5.7484,-0.7676,-2.4005,12.9847,12.8856,11.9211,1.9907,2.0301,0.9583,0.9389,29.925,0.738,301.64,1.0,1.0,47.1312,40.8187,43.7312,,,
2025-06-04 08:00:00,360.4,314.3125,119.175,52.3687,292.825,40.95,296.1875,296.2812,4.6375,4.6141,4.85,5.8312,-0.7597,-2.4275,12.8954,12.8076,11.81,2.0161,2.0542,0.973,0.9682,29.85,0.898,292.86,1.0,1.0,44.2937,40.7562,45.0562,,,
2025-06-04 08:30:00,360.4,313.625,119.45,52.5938,292.65,41.1125,296.0312,296.0625,4.5062,4.7031,4.9547,5.6609,-0.7707,-2.502,13.0367,12.9425,11.8843,2.0704,2.1062,0.9828,0.992,28.3375,0.686,288.16,1.0,1.0,48.0812,40.8125,43.5125,,,
2025-06-04 09:00:00,359.5499,313.0,119.175,53.5062,291.9,41.9562,295.8438,295.9688,4.7781,4.475,4.4703,5.55,-0.8214,-2.5085,12.9214,12.8385,11.892,1.9969,2.0297,0.9253,0.9325,29.8187,2.999,305.64,1.0,0.0,43.5687,40.7062,39.3312,,,
2025-06-04 09:30:00,317.6875,307.875,120.525,53.9688,289.925,42.725,291.625,291.6875,4.9734,5.0531,5.2641,6.0031,-0.7702,-2.154,12.572,12.4842,11.6845,1.7589,1.7799,0.9019,0.8868,29.4625,2.999,291.68,1.0,0.0,48.775,40.6562,39.65,,,
2025-06-04 10:00:00,315.775,304.3438,117.7875,54.2625,286.3,43.0062,289.25,289.2812,4.9375,4.7719,5.0469,5.9406,-0.7304,-2.094,12.7816,12.7101,11.8318,1.8035,1.8263,0.9244,0.9262,31.6437,11.723,301.7,1.0,0.0,44.0562,40.6937,36.1875,,,
2025-06-04 10:30:00,318.4313,303.25,116.675,54.4812,284.975,43.35,288.125,288.1875,5.0562,5.2578,5.3859,6.0797,-0.7392,-2.145,12.8206,12.7345,11.7844,1.8499,1.8779,0.9616,0.9704,29.425,5.972,295.98,1.0,0.0,48.875,40.5875,37.075,,,
2025-06-04 11:00:00,314.075,303.7188,116.975,55.0375,285.15,43.7,288.5312,288.5312,5.1922,4.9328,5.1047,5.9547,-0.7969,-2.1935,12.6906,12.5801,11.7357,1.8442,1.87,0.9268,0.9238,29.3875,5.471,295.18,1.0,0.0,43.4375,40.5938,36.3187,,,
2025-06-04 11:30:00,319.0687,298.7188,116.6875,54.9937,281.65,43.2812,285.1562,285.2812,4.9516,4.9922,5.2641,5.9437,-0.8013,-2.176,12.8076,12.7247,11.8444,1.8245,1.8595,0.901,0.9146,29.8062,5.281,296.18,1.0,1.0,48.4937,40.4625,33.1812,,,
2025-06-04 12:00:00,316.8375,298.7812,115.2875,54.45,281.125,42.1562,284.5,284.5625,5.2016,5.1703,5.3062,6.1047,-0.7007,-2.057,12.7524,12.663,11.743,1.8472,1.8656,0.9662,0.9634,29.4625,0.884,277.92,1.0,1.0,43.475,40.4312,43.1562,,,
2025-06-04 12:30:00,318.325,296.8438,116.7625,54.0312,282.05,41.9062,284.1875,284.2188,4.8766,5.0781,5.2437,5.6859,-0.8481,-2.283,12.7329,12.6451,11.722,1.8061,1.8337,0.8947,0.8988,29.4625,8.594,301.34,1.0,1.0,48.1187,40.3875,48.225,,,
2025-06-04 13:00:00,317.3688,298.4375,118.5375,53.5125,283.275,40.9312,283.9062,284.0,4.8172,4.7203,4.9016,6.0094,-0.7134,-2.2565,12.9506,12.8954,11.8224,1.8862,1.9151,0.992,0.9758,29.4688,17.613,311.18,1.0,1.0,49.8875,40.4312,52.2,,,
2025-06-04 13:30:00,317.6875,299.9688,119.3375,52.6375,284.125,40.0187,284.4688,284.5,5.4656,5.2453,5.275,6.0422,-0.7147,-2.2135,12.8352,12.7914,11.7802,1.8503,1.8678,0.9872,0.9828,30.35,2.266,285.44,1.0,1.0,44.5187,40.3937,53.5062,,,
2025-06-04 14:00:00,316.625,299.9375,119.3625,52.8687,284.225,40.3625,283.9688,284.0625,4.8219,4.8203,5.0266,5.9922,-0.8118,-2.2695,12.7183,12.637,11.6869,1.7344,1.7597,0.8956,0.887,29.4062,2.998,290.24,1.0,0.0,46.8625,40.325,54.5687,,,
2025-06-04 14:30:00,318.4313,301.0625,119.3375,53.0437,284.925,40.7312,284.6875,284.8125,4.8766,4.7531,4.8828,5.5281,-0.7759,-2.1325,12.9002,12.8125,11.8191,1.6902,1.7156,0.873,0.8842,29.2687,3.012,290.44,1.0,0.0,48.0687,40.3062,52.8625,,,
2025-06-04 15:00:00,363.6937,307.3125,117.4875,52.05,286.775,39.4375,289.7188,289.8438,4.9437,5.1047,4.9312,5.6109,-0.8678,-2.4885,12.9864,12.9051,11.902,1.9929,2.0236,0.9955,0.9977,28.2812,0.831,287.62,1.0,0.0,48.7562,40.2875,51.9625,,,
2025-06-04 15:30:00,361.4625,310.5625,119.9375,52.2937,291.775,39.65,293.0625,293.1562,4.5531,4.8875,4.8781,5.4266,-0.8569,-2.488,13.0075,12.91,11.8873,1.9474,1.9789,0.9669,0.964,27.6875,0.899,283.72,1.0,0.0,49.1,40.0812,54.6812,,,
2025-06-04 16:00:00,362.4187,310.9375,120.8375,51.7625,292.0,39.6625,293.9688,294.0625,4.3797,4.7109,4.9016,5.6344,-0.8061,-2.438,12.9961,12.897,11.8224,1.9916,2.0201,1.0058,1.0089,28.3812,0.88,281.76,1.0,1.0,49.3937,40.1937,50.9062,,,
2025-06-04 16:30:00,507.45,325.0625,117.6,50.525,295.375,39.2125,305.0,305.1562,3.5812,3.7703,3.8953,5.0516,-1.1448,-3.868,14.5675,14.4456,12.5335,3.3693,3.4187,1.4319,1.4289,29.4562,0.858,303.1,1.0,1.0,49.8187,40.1562,0.0,,,
2025-06-04 17:00:00,430.1,326.3125,118.9375,50.4812,303.725,39.25,309.9375,309.9688,4.45,4.6891,5.0062,5.5781,-0.8451,-2.755,12.8905,12.7767,11.7284,2.4081,2.4523,1.1123,1.1213,28.8687,0.786,287.48,1.0,1.0,42.8,40.1875,0.0,,,
2025-06-04 17:30:00,357.85,323.2812,119.5875,50.9187,300.2,38.4875,305.0,305.0625,4.3375,4.8484,5.0031,5.4672,-0.6701,-2.2705,12.8824,12.7881,11.8076,2.0708,2.1089,1.0695,1.0743,29.5312,0.74,298.2,1.0,1.0,47.0812,40.0687,39.8062,,,
2025-06-04 18:00:00,359.8688,318.1875,119.5625,50.6937,294.8,38.2625,298.625,298.6875,4.5312,4.8219,4.8812,5.5047,-0.7484,-2.4965,13.0449,12.9555,11.9303,2.1128,2.1439,1.0682,1.0638,28.325,0.976,300.3,1.0,1.0,48.725,40.2312,47.9562,,,
2025-06-04 18:30:00,360.9313,313.125,120.5625,50.625,292.675,38.275,295.5625,295.5938,4.4516,4.8312,4.8281,5.4375,-0.8582,-2.493,12.8775,12.7946,11.7426,1.9614,1.9872,0.9494,0.9529,28.9,2.909,308.18,1.0,0.0,49.6937,40.2875,51.6062,,,
2025-06-04 19:00:00,361.6749,312.375,120.9,50.525,292.45,38.0687,294.5938,294.5938,4.3891,4.8281,4.8031,5.5766,-0.7265,-2.3395,13.0367,12.9441,11.9554,1.9894,2.0117,1.0524,1.0489,29.9937,2.884,311.94,1.0,0.0,43.1187,40.2937,54.9062,,,
2025-06-04 19:30:00,360.9313,311.5312,121.3875,50.325,292.75,37.8187,293.6562,293.6875,4.5406,4.9344,4.8828,5.5922,-0.7803,-2.377,12.9457,12.8466,11.8844,1.9072,1.9321,1.008,1.0028,29.3563,2.936,311.44,1.0,0.0,46.1375,40.3937,58.225,,,
2025-06-04 20:00:00,361.1437,311.0312,122.2,50.2625,292.425,37.9375,292.9375,293.0625,4.4922,4.8016,4.8828,5.5016,-0.7659,-2.377,12.9051,12.8206,11.7717,1.9273,1.9641,0.9942,0.9916,31.1312,0.96,297.9,1.0,0.0,48.7437,40.4062,56.6312,,,
2025-06-04 20:30:00,539.5375,321.4375,117.1375,49.675,292.875,37.8062,302.4375,302.5,3.4109,3.1219,2.8625,4.0125,-1.1955,-4.3245,15.0566,14.925,12.7912,3.7123,3.7709,1.6187,1.6159,29.975,5.06,300.7,1.0,0.0,50.0437,40.4437,0.0,,,
2025-06-04 21:00:00,663.9563,343.3438,119.4125,49.3625,308.45,37.4125,322.0938,322.2188,2.8766,2.5437,3.0203,2.7016,-1.3127,-4.4815,14.4716,14.3465,12.6198,4.0719,4.1402,1.7371,1.7371,28.4125,0.647,285.3,1.0,1.0,47.1125,40.5687,0.0,,,
2025-06-04 21:30:00,662.6813,346.8438,121.4125,48.9812,311.85,37.025,325.3125,325.4062,2.8266,2.5359,2.6359,3.2437,-1.3145,-4.5035,14.5139,14.3855,12.6037,4.0378,4.1034,1.7332,1.7393,28.225,0.879,272.86,1.0,1.0,50.1312,40.5625,0.0,,,
2025-06-04 22:00:00,663.0,347.6875,121.5,48.4625,312.875,36.0938,326.2812,326.375,2.7641,2.3406,2.6297,3.1687,-1.297,-4.4915,14.4391,14.3237,12.5609,4.0142,4.0781,1.6982,1.6931,29.6187,0.926,268.36,1.0,1.0,47.1375,40.4875,0.0,,,
2025-06-04 22:30:00,595.2125,342.0,120.9875,48.5938,311.15,36.3812,321.9062,322.0,3.1469,2.8812,2.9969,3.7312,-1.1693,-3.8955,13.6689,13.5616,12.0984,3.4901,3.55,1.4849,1.4934,27.2313,0.808,263.9,1.0,1.0,44.825,40.5812,0.0,,,
2025-06-04 23:00:00,436.2625,325.3125,119.5875,48.5187,303.15,36.5687,310.1562,310.2188,4.3359,4.2672,4.1906,4.6266,-0.8407,-2.666,12.6597,12.5281,11.7673,2.3324,2.367,1.2044,1.2071,29.2812,3.283,288.4,1.0,0.0,47.775,40.575,6.7,,,
2025-06-04 23:30:00,359.0187,321.2812,116.6,49.1625,297.275,36.8,303.0312,303.1562,4.2578,4.3125,4.9359,5.7547,-0.744,-2.1385,12.6792,12.5671,11.7609,1.6416,1.6639,0.8595,0.8459,29.4125,7.833,301.6,1.0,0.0,44.55,40.5375,46.9062,,,
2025-06-05 00:00:00,362.2062,309.7188,120.3125,48.8312,292.275,36.6875,293.5312,293.5625,4.6844,4.7625,4.8359,5.5859,-0.7838,-2.3155,12.8076,12.7264,11.8312,1.8446,1.8731,0.9397,0.9518,28.8,2.938,305.28,1.0,0.0,47.7812,40.5062,59.9375,,,
2025-06-05 00:30:00,362.1,307.8125,122.6375,48.8687,291.65,36.9125,290.8438,290.9375,4.5531,4.7234,4.7906,5.6328,-0.8004,-2.3745,12.7995,12.7199,11.7364,1.7956,1.8232,0.9306,0.9356,27.1875,0.768,293.56,1.0,0.0,43.7937,40.5875,61.1,,,
2025-06-05 01:00:00,264.8812,304.1562,125.575,49.4,291.75,37.425,286.5,286.5312,5.5828,5.2047,5.3109,5.5766,-0.6442,-1.7115,12.5411,12.4631,11.8617,1.2649,1.2929,0.8337,0.8343,28.3375,8.953,258.78,1.0,0.0,47.7188,40.5875,73.7562,,,
2025-06-05 01:30:00,262.4375,291.0312,124.425,48.7937,280.0,37.7437,276.6875,276.6875,5.5984,5.4297,5.5016,6.3438,-0.7637,-1.8905,12.637,12.5557,11.8091,1.3603,1.3888,0.7669,0.7648,29.3125,0.853,254.0,1.0,1.0,46.9688,40.5187,52.7937,,,
2025-06-05 02:00:00,263.6062,288.0625,121.0,48.9187,277.5,37.4375,273.5,273.5312,5.5344,5.5891,5.6359,6.3578,-0.6604,-1.912,12.7166,12.5801,11.7264,1.4627,1.4933,0.8763,0.8704,29.4688,0.798,249.12,1.0,1.0,46.8,40.425,65.9625,,,
2025-06-05 02:30:00,361.4625,300.4062,117.85,48.4,284.25,36.6562,283.9688,284.0,4.8187,4.9844,4.95,5.7672,-0.8127,-2.6345,13.1391,13.053,11.9765,1.961,1.9881,1.0329,1.0268,29.3937,0.743,252.34,1.0,1.0,49.7125,40.3438,67.2875,,,
2025-06-05 03:00:00,360.4,302.9375,124.3375,48.3625,289.625,36.5687,286.875,287.0312,4.6625,4.4062,4.5719,5.5203,-0.8136,-2.597,13.0173,12.9246,11.8742,1.9146,1.9418,0.9575,0.9669,28.8438,1.205,262.04,1.0,1.0,44.4375,40.2562,63.0625,,,
2025-06-05 03:30:00,360.7188,303.5,123.525,48.3375,289.575,36.625,287.4375,287.5625,4.6172,4.5891,4.8562,5.7797,-0.8079,-2.628,13.1261,13.0335,11.8406,1.9789,2.0126,0.9977,0.9852,29.5438,0.78,268.14,1.0,1.0,47.875,40.1687,62.825,,,
2025-06-05 04:00:00,360.9313,303.7812,123.675,48.475,290.275,36.6375,288.125,288.2188,4.6109,4.6703,4.8375,5.7062,-0.7191,-2.5825,13.1164,13.04,11.9564,2.0196,2.0446,1.0399,1.0498,29.9688,3.165,293.16,1.0,0.0,49.4312,39.95,61.7812,,,
2025-06-05 04:30:00,360.7188,304.0938,123.1625,48.225,290.3,36.6125,288.1562,288.1875,4.5062,4.3469,4.5062,5.1922,-0.8337,-2.5365,13.1294,13.0351,11.9123,1.8897,1.9164,0.9496,0.9577,28.3125,3.029,304.2,1.0,0.0,41.475,39.75,64.3187,,,
2025-06-05 05:00:00,360.1875,304.5625,123.5875,47.9812,291.05,36.4437,288.4375,288.5312,4.6953,4.7578,4.9562,5.7016,-0.8289,-2.4165,13.079,12.9831,11.846,1.8066,1.8341,0.961,0.9513,29.9688,3.0,308.22,1.0,0.0,46.05,39.6562,65.7875,,,
2025-06-05 05:30:00,360.5062,305.5,123.95,47.6625,291.525,36.275,288.8125,288.875,4.7641,4.7406,4.9953,5.5391,-0.7663,-2.3615,13.0107,12.9246,11.9445,1.8039,1.8328,0.982,0.9807,28.8438,0.82,297.66,1.0,0.0,48.0312,39.4688,65.4875,,,
2025-06-05 06:00:00,361.4625,306.125,124.2,48.1875,291.8,36.0812,289.1562,289.25,4.3562,4.5578,4.725,5.6687,-0.7921,-2.417,12.9912,12.8986,11.9117,1.8507,1.8805,0.9776,0.971,27.9062,0.86,290.1,1.0,0.0,49.1875,39.3312,63.9187,,,
2025-06-05 06:30:00,361.1437,306.875,123.8875,48.7562,291.95,36.4312,289.625,289.75,4.5344,4.55,4.6625,5.5281,-0.8276,-2.4865,12.8759,12.7767,11.7774,1.8214,1.8499,0.9056,0.8894,28.3563,0.832,286.04,1.0,1.0,49.925,39.1562,62.1,,,
2025-06-05 07:00:00,360.4,306.9688,123.35,49.4812,291.675,37.0438,289.9375,290.0312,4.7109,4.6187,4.7828,5.7016,-0.7843,-2.507,13.0302,12.9555,11.9298,1.94,1.9763,0.9831,0.9833,29.5187,1.126,283.38,1.0,1.0,45.8062,39.1437,59.1125,,,
2025-06-05 07:30:00,361.9938,307.4688,122.6,50.2125,291.4,37.6937,290.4375,290.5312,4.5312,4.5734,4.7859,5.5375,-0.8188,-2.5865,13.0319,12.9311,11.9024,1.9579,1.9964,0.912,0.908,29.7625,0.825,282.26,1.0,1.0,48.7812,39.1375,56.4375,,,
2025-06-05 08:00:00,360.9313,308.3438,121.975,50.3625,291.65,37.8625,291.3125,291.4062,4.6969,4.4547,4.725,5.6891,-0.7234,-2.543,12.8889,12.8027,11.7489,2.0157,2.0463,0.9702,0.9715,29.4188,0.731,281.5,1.0,1.0,49.8187,39.1312,55.5437,,,
2025-06-05 08:30:00,361.0375,308.0,121.975,50.8937,291.625,38.4375,291.5625,291.6562,4.7047,4.6,4.8391,5.5609,-0.7676,-2.633,13.157,13.0693,11.9654,2.0857,2.1277,1.006,1.0021,28.825,0.871,280.58,1.0,1.0,44.325,39.2375,53.0187,,,
2025-06-05 09:00:00,359.125,306.0,121.325,51.0875,290.3,38.5875,291.4375,291.5,4.5344,4.5687,5.0516,6.0766,-0.8254,-2.497,13.0075,12.91,11.8691,1.9212,1.9527,0.9093,0.9089,30.0938,3.1,308.44,1.0,0.0,47.5687,39.0687,51.9437,,,
2025-06-05 09:30:00,361.3562,306.0938,120.275,51.3375,289.825,38.8438,290.7812,290.8125,4.6516,4.5047,4.6984,5.5562,-0.8424,-2.4365,12.858,12.7719,11.7957,1.9295,1.9667,0.9697,0.966,27.8937,2.938,309.54,1.0,0.0,48.8875,38.9375,55.3125,,,
2025-06-05 10:00:00,361.3562,306.5625,120.75,51.175,290.5,38.5812,290.75,290.8438,4.5328,4.6516,4.7844,5.7125,-0.8026,-2.409,13.053,12.9571,11.9273,1.9076,1.9457,0.9575,0.9583,29.2313,0.843,308.72,1.0,0.0,49.4625,38.9062,57.4187,,,
2025-06-05 10:30:00,361.25,308.0312,121.25,51.0625,291.025,38.425,291.3125,291.4375,4.6312,4.5391,4.8078,5.6641,-0.828,-2.4745,13.053,12.9555,11.972,1.9041,1.9361,0.9369,0.9332,29.8625,0.823,295.22,1.0,0.0,49.4625,38.8312,56.1875,,,
2025-06-05 11:00:00,360.1875,307.875,121.4,51.55,291.275,38.8875,292.0,292.0938,4.4859,4.5141,4.8297,5.6406,-0.8783,-2.556,12.9181,12.8011,11.7856,1.9369,1.9706,0.9286,0.9258,27.6812,5.542,306.28,1.0,0.0,49.4937,38.6937,53.275,,,
2025-06-05 11:30:00,361.6749,310.0938,120.775,51.2562,291.175,38.5625,292.75,292.8438,4.6047,4.7828,4.9844,5.875,-0.7593,-2.4395,13.2188,13.118,12.03,2.0349,2.066,1.0257,1.0194,29.4125,0.755,295.02,1.0,1.0,49.325,38.6,53.25,,,
2025-06-05 12:00:00,361.4625,312.8438,121.6625,51.2687,293.0,38.6125,294.6875,294.7812,4.7109,4.6641,5.0078,5.9094,-0.7829,-2.582,13.248,13.1505,11.9863,2.1084,2.1443,1.0329,1.0351,29.4188,0.797,313.42,1.0,1.0,49.0437,38.5938,52.05,,,
2025-06-05 12:30:00,361.25,308.5,121.325,51.6375,290.8,39.2625,293.3438,293.375,4.5375,5.1484,5.4609,5.8609,-0.8503,-2.478,13.0644,12.975,11.9269,1.9772,2.01,0.9419,0.9478,29.85,0.95,307.96,1.0,1.0,48.95,38.525,48.4312,,,
2025-06-05 13:00:00,360.4,309.7188,119.7875,51.9562,290.875,39.3,293.3125,293.4062,4.3328,4.8375,5.0203,5.775,-0.8232,-2.5015,13.1537,13.0595,11.8909,1.9531,1.9842,0.9378,0.9314,29.925,0.803,293.2,1.0,1.0,48.7875,38.4937,52.6687,,,
2025-06-05 13:30:00,360.4,306.8125,120.4375,51.2687,290.1,38.475,291.875,291.9375,4.5281,4.6656,5.0547,5.8281,-0.7326,-2.4725,13.2155,13.1261,12.0316,2.0122,2.0367,1.003,1.0034,29.45,2.271,306.16,1.0,1.0,48.7437,38.3812,54.1062,,,
2025-06-05 14:00:00,361.1437,305.875,120.6125,51.7812,290.0,38.9437,291.1875,291.25,4.5016,4.5281,4.9,5.8234,-0.7974,-2.469,13.1505,13.0449,11.9427,1.9544,1.9824,0.9542,0.9632,29.9,2.895,308.8,1.0,0.0,48.2937,38.3625,55.15,,,
2025-06-05 14:30:00,360.4,305.375,120.625,51.5,290.25,38.6937,290.875,290.9375,4.5641,4.6359,4.8281,5.6969,-0.8175,-2.4395,13.105,13.014,11.8721,1.9251,1.9579,0.9616,0.966,29.4562,3.038,309.3,1.0,0.0,47.8375,38.3187,57.1437,,,
2025-06-05 15:00:00,360.9313,305.9688,121.125,51.7312,290.625,39.1,291.1562,291.25,4.8281,4.7219,4.9609,5.7109,-0.8276,-2.4785,13.1781,13.1066,12.0737,1.8971,1.9286,0.9347,0.9347,28.3062,0.91,299.94,1.0,0.0,47.5125,38.2562,55.2875,,,
2025-06-05 15:30:00,361.3562,306.9688,120.8625,51.575,290.575,39.15,291.5312,291.6562,4.2906,4.4,4.8969,5.7,-0.8731,-2.541,13.1733,13.0871,11.9557,1.8682,1.9024,0.9015,0.8982,29.4188,0.941,289.82,1.0,0.0,47.4312,38.2625,54.1875,,,
2025-06-05 16:00:00,360.7188,308.1562,120.725,51.3562,291.25,38.7938,292.25,292.3125,4.5672,4.6047,4.8281,5.4656,-0.7576,-2.437,13.0124,12.9198,11.7986,2.0187,2.0472,1.0001,1.0003,28.8937,0.812,284.4,1.0,1.0,47.5062,38.175,54.3438,,,
2025-06-05 16:30:00,361.1437,309.0312,121.1625,50.9875,292.1,38.4312,292.6562,292.7812,4.4469,4.7281,4.9672,5.6312,-0.8044,-2.568,13.1733,13.0904,11.9457,2.0148,2.0476,0.9815,0.9883,29.4188,0.731,280.7,1.0,1.0,47.7375,38.2938,54.9375,,,
2025-06-05 17:00:00,360.6124,308.2188,121.5375,51.0,292.175,38.4062,292.5312,292.625,4.6109,4.7359,5.0547,5.7094,-0.8306,-2.659,13.1196,13.0254,11.8887,2.0126,2.0419,0.9818,0.9758,29.4125,0.894,278.18,1.0,1.0,47.7562,38.375,54.0312,,,
2025-06-05 17:30:00,360.5062,308.6562,121.4875,50.9375,292.025,38.5625,292.75,292.8438,4.4625,4.4797,4.8,5.7812,-0.8018,-2.6395,13.0822,12.9896,11.9108,2.0555,2.0835,0.9828,0.9844,30.575,1.067,276.9,1.0,1.0,47.65,38.3563,52.6125,,,
2025-06-05 18:00:00,359.7625,309.125,121.425,51.0187,292.35,38.8187,293.1562,293.25,4.6297,4.5609,4.5187,5.5797,-0.8368,-2.694,13.0644,12.9685,11.788,2.0747,2.1049,1.001,0.9938,29.3687,1.015,275.94,1.0,1.0,48.0562,38.4562,51.0938,,,
2025-06-05 18:30:00,359.6562,309.75,121.1,50.6625,292.475,38.825,293.7188,293.7812,4.6469,4.6047,4.8094,5.8359,-0.7886,-2.645,13.0969,13.0481,11.9619,2.0791,2.1049,0.9922,0.9977,30.5062,3.058,298.46,1.0,0.0,48.3375,38.4875,51.65,,,
2025-06-05 19:00:00,359.5499,311.375,120.9,50.7437,293.05,38.7125,294.25,294.3125,4.5906,4.9641,4.9891,5.6797,-0.7348,-2.453,13.0351,12.9522,11.9107,2.052,2.0839,1.0447,1.0489,28.3187,2.993,304.82,1.0,0.0,49.0,38.6875,53.4875,,,
2025-06-05 19:30:00,359.2312,311.7188,121.425,50.7312,294.0,38.5125,294.8125,294.8438,4.8578,4.7328,4.6906,5.4812,-0.7983,-2.433,12.8629,12.7751,11.77,2.0126,2.0433,1.036,1.0412,28.4937,3.008,307.48,1.0,0.0,49.6687,38.775,54.0,,,
2025-06-05 20:00:00,387.7062,311.4688,121.7875,49.7875,294.25,38.2,295.0312,295.0938,3.8922,4.2797,4.6078,5.5953,-0.8346,-2.754,13.6624,13.5437,12.3235,2.4746,2.5131,1.2206,1.2047,31.0187,1.797,293.98,1.0,0.0,42.725,38.775,33.2375,,,
2025-06-05 20:30:00,597.0188,334.8125,118.025,48.975,298.975,37.6437,311.7812,312.0312,2.9109,3.3187,3.1328,3.8797,-1.2611,-4.783,15.2727,15.1427,12.8427,4.3922,4.4823,1.8856,1.8854,28.3375,0.713,301.36,1.0,0.0,46.9312,38.9125,0.0,,,
2025-06-05 21:00:00,660.9812,356.25,123.2125,48.8562,317.475,37.5562,331.8125,331.9062,3.0391,2.4125,2.8328,2.6406,-1.3215,-4.6135,14.509,14.392,12.5844,4.1363,4.2102,1.7629,1.7382,29.9312,0.866,284.46,1.0,1.0,48.8062,38.875,0.0,,,
2025-06-05 21:30:00,660.45,358.0625,125.0625,48.7687,320.6,37.3937,334.4375,334.5312,2.6641,2.2125,2.6937,3.2594,-1.2511,-4.491,14.3319,14.197,12.4728,4.054,4.1227,1.7441,1.7384,29.45,3.317,280.0,1.0,1.0,49.5938,38.8312,0.0,,,
2025-06-05 22:00:00,658.325,356.0938,124.7125,49.025,319.4,37.425,333.0938,333.0938,2.8016,2.4172,2.7516,3.3531,-1.1824,-4.483,14.522,14.392,12.6322,4.1476,4.2076,1.839,1.8454,29.7562,16.158,274.58,1.0,1.0,43.8687,38.8687,0.0,,,
2025-06-05 22:30:00,541.025,343.9062,123.2875,49.2188,313.45,37.475,323.5938,323.5938,3.1297,3.3531,3.2625,3.5703,-1.1032,-3.6305,13.5405,13.4154,11.9439,3.053,3.1046,1.2987,1.2926,27.8062,11.232,288.94,1.0,1.0,48.3562,38.9,0.0,,,
2025-06-05 23:00:00,431.9062,324.5938,120.325,48.525,303.8,37.25,310.5312,310.625,4.0187,4.0578,4.3406,4.9266,-0.8893,-2.803,12.975,12.858,11.7143,2.2896,2.3228,1.0629,1.0553,29.6812,8.719,297.34,1.0,1.0,43.4312,38.9437,4.75,,,
2025-06-05 23:30:00,398.9688,319.6562,118.8,48.4312,296.8,37.0938,303.5938,303.6562,4.6437,5.075,5.2172,5.2594,-0.6933,-2.463,12.9327,12.845,11.8447,2.1592,2.1828,1.0303,1.0364,30.5562,5.249,299.66,1.0,1.0,47.5687,39.075,27.55,,,
2025-06-06 00:00:00,438.9187,319.0625,111.45,49.5562,291.6,37.0687,300.3438,300.5,3.6781,4.0609,3.9047,4.8594,-0.9295,-2.851,13.5405,13.4349,12.2222,2.4637,2.4878,1.0489,1.0662,28.3312,0.885,287.08,1.0,1.0,49.6687,39.1062,16.75,,,
2025-06-06 00:30:00,432.9688,320.5312,112.625,49.6875,293.75,37.2062,301.9688,302.0938,4.0672,4.1531,3.9906,4.7297,-0.9116,-2.868,13.4105,13.3146,12.1123,2.423,2.4471,1.059,1.059,29.375,0.817,278.7,1.0,1.0,47.1812,39.2188,30.1187,,,
2025-06-06 01:00:00,432.5437,320.9062,114.3375,49.6812,294.275,37.0812,302.0,302.0312,4.0234,4.1625,4.1062,4.9094,-0.8394,-2.927,13.781,13.6949,12.3851,2.521,2.5617,1.1506,1.1532,28.9188,0.787,274.04,1.0,1.0,44.05,39.2812,33.8687,,,
2025-06-06 01:30:00,374.3187,311.3125,126.725,49.75,296.725,37.6625,293.4688,293.5938,4.8203,4.9187,4.9656,5.7094,-0.8617,-2.764,13.222,13.1213,12.0913,2.2371,2.2673,1.0714,1.0655,30.0438,5.355,287.28,1.0,0.0,47.95,39.325,51.9375,,,
2025-06-06 02:00:00,372.6188,312.6562,120.925,49.6937,293.025,37.3438,295.4062,295.4688,4.5344,4.6453,4.5969,5.4312,-0.7948,-2.48,12.9376,12.8466,11.8093,1.9794,2.0047,0.9763,0.9879,28.9562,2.937,309.88,1.0,0.0,43.7937,39.4062,56.5625,,,
2025-06-06 02:30:00,373.3624,310.4375,121.8875,49.675,293.4,37.3,293.9062,293.9375,4.4344,4.6,4.9984,5.75,-0.7733,-2.4535,13.17,13.0774,11.9926,1.9536,1.9855,1.008,1.015,28.8812,0.801,308.16,1.0,0.0,48.9875,39.5312,59.375,,,
2025-06-06 03:00:00,372.1937,310.25,122.375,49.1125,293.3,37.1562,293.25,293.2812,4.4078,4.5172,4.6625,5.8578,-0.765,-2.435,13.1066,13.0254,11.9264,1.9203,1.9435,0.994,0.9831,29.9375,0.835,294.14,1.0,0.0,45.0,39.7375,60.4187,,,
2025-06-06 03:30:00,373.3624,310.9062,122.9875,49.05,293.875,37.075,293.5,293.625,4.3078,4.4547,4.7875,5.325,-0.9011,-2.6105,13.105,13.0124,11.9127,1.9116,1.9396,0.915,0.924,29.925,0.904,287.84,1.0,0.0,49.4937,39.6875,58.75,,,
2025-06-06 04:00:00,373.575,311.625,122.8375,48.9875,294.2,36.7188,293.9688,294.0938,4.3672,4.5187,4.5703,5.3578,-0.7681,-2.5485,13.1684,13.0758,11.8852,1.9811,2.0148,1.0023,0.9955,29.4188,3.06,299.66,1.0,0.0,45.9187,39.875,59.6062,,,
2025-06-06 04:30:00,372.4062,312.25,123.025,49.0312,294.65,36.8062,294.3125,294.375,4.3594,4.6891,4.7641,5.5953,-0.8311,-2.53,13.0351,12.9376,11.9489,1.9317,1.9654,0.9977,1.0023,29.075,2.956,305.42,1.0,0.0,49.8187,39.875,59.8375,,,
2025-06-06 05:00:00,372.725,314.1562,122.975,48.7125,295.375,37.1375,295.5,295.625,4.3078,4.7234,4.8234,5.5266,-0.8403,-2.495,13.0173,12.9409,11.9181,1.8989,1.926,0.9424,0.9489,29.45,2.994,307.42,1.0,0.0,45.775,39.8,58.775,,,
2025-06-06 05:30:00,371.9812,314.1875,123.15,48.9437,295.9,36.7313,295.7812,295.8438,4.525,4.8297,4.8547,5.3141,-0.8184,-2.4825,13.0351,12.9376,11.8623,1.9142,1.9422,0.9607,0.9607,29.975,0.729,296.66,1.0,0.0,49.5125,39.85,59.4812,,,
2025-06-06 06:00:00,373.2562,314.5312,123.175,49.2312,295.9,36.7437,296.0625,296.1875,4.625,4.8266,4.9531,5.6094,-0.7387,-2.48,13.0449,12.9392,11.9385,2.0157,2.0428,1.0187,1.0172,28.3375,0.913,288.76,1.0,0.0,45.1937,39.8312,57.7125,,,
2025-06-06 06:30:00,297.3937,302.0312,128.35,49.4062,290.325,37.2875,286.375,286.4375,5.1828,5.3516,5.45,5.9359,-0.6959,-2.0185,12.715,12.6191,11.7649,1.6469,1.6718,0.908,0.9008,29.4,0.848,247.8,1.0,1.0,49.275,39.8,51.5875,,,
2025-06-06 07:00:00,375.0625,309.6875,117.2375,49.3687,288.75,36.8812,292.2188,292.3125,4.6328,4.9297,5.0078,5.7969,-0.8083,-2.595,13.1147,13.0124,11.8282,2.0979,2.1246,1.0524,1.0583,29.4625,0.817,254.94,1.0,1.0,44.2937,39.9125,52.4688,,,
2025-06-06 07:30:00,374.0,314.75,121.975,49.9312,295.575,37.45,295.625,295.7188,4.3625,4.6281,4.7969,5.4172,-0.7536,-2.6445,13.1082,13.0173,11.97,2.1097,2.1443,1.0454,1.0445,30.2062,0.794,266.1,1.0,1.0,48.3937,39.8562,57.175,,,
2025-06-06 08:00:00,373.8937,314.3438,122.4375,50.3062,295.125,37.8375,296.8125,296.9375,4.4781,4.6609,4.7203,5.3875,-0.8109,-2.686,13.066,12.9977,11.9319,2.1439,2.1762,0.9837,0.985,30.45,0.847,271.9,1.0,1.0,45.0875,39.8937,50.3625,,,
2025-06-06 08:30:00,374.85,315.4375,121.55,50.8125,295.55,38.1187,297.875,297.9688,4.5547,4.6937,4.5875,5.3078,-0.8035,-2.691,12.9002,12.8125,11.7725,2.1627,2.1916,0.9982,0.9879,29.725,0.866,274.62,1.0,1.0,46.4375,39.875,49.925,,,
2025-06-06 09:00:00,374.85,314.125,120.95,50.75,295.125,38.0562,298.0938,298.0312,4.3578,4.6469,4.6766,5.525,-0.7523,-2.6615,13.0579,12.9766,11.9456,2.1946,2.2309,1.064,1.0688,28.9062,3.065,300.06,1.0,0.0,48.6875,39.7312,49.925,,,
2025-06-06 09:30:00,375.3812,316.625,120.8625,50.8687,296.025,38.2375,298.7812,298.875,4.1375,4.3,4.4688,5.4719,-0.8232,-2.578,13.0351,12.9392,11.9458,2.0677,2.0988,0.9855,0.9835,29.6688,3.0,305.3,1.0,0.0,49.3875,39.625,52.0375,,,
2025-06-06 10:00:00,374.0,316.2188,121.3125,51.2,296.175,38.5312,299.3438,299.375,4.7078,4.8438,4.9781,5.4047,-0.8101,-2.5205,12.9246,12.8417,11.7801,2.0852,2.1216,1.0218,1.0172,29.9813,0.82,311.56,1.0,0.0,49.4187,39.5312,49.4187,,,
2025-06-06 10:30:00,376.5499,319.1875,121.475,51.3375,297.275,38.7875,301.0938,301.1875,4.625,4.8125,4.8141,5.5562,-0.7908,-2.5285,13.0173,12.9376,11.9862,2.2082,2.2476,1.1012,1.0924,29.4062,0.815,317.0,1.0,0.0,49.5,39.4625,46.275,,,
2025-06-06 11:00:00,375.7,315.9688,120.9625,51.525,295.425,38.975,299.625,299.7188,4.375,4.7469,4.8547,5.5859,-0.8569,-2.541,12.9977,12.9165,11.9356,2.1246,2.1548,1.008,1.0071,29.5438,0.902,310.12,1.0,0.0,49.5375,39.3187,44.1062,,,
2025-06-06 11:30:00,265.5187,300.0,126.6875,51.7125,289.8,39.9937,286.75,286.8125,5.4594,5.2734,5.5,5.8891,-0.7138,-1.8085,12.4956,12.4225,11.6925,1.4627,1.4933,0.8472,0.8409,28.875,0.849,258.14,1.0,1.0,49.4312,39.2562,46.275,,,
2025-06-06 12:00:00,267.2188,293.8125,119.825,51.3062,280.1,39.35,280.3125,280.3438,5.5187,5.6641,5.6344,5.8453,-0.6801,-1.8485,12.7767,12.6874,11.9005,1.6237,1.6547,0.9715,0.9712,30.425,0.82,251.54,1.0,1.0,49.3562,39.1125,45.1062,,,
2025-06-06 12:30:00,373.8937,307.8438,114.05,51.1562,285.65,38.425,290.8125,290.875,4.6047,4.85,4.7859,5.7094,-0.8389,-2.653,13.1359,13.0514,11.9447,2.2038,2.2292,1.0649,1.057,29.4562,0.841,254.92,1.0,1.0,49.075,39.075,50.6562,,,
2025-06-06 13:00:00,372.8312,311.4375,120.9125,51.2437,292.975,38.6125,294.6562,294.7812,4.0687,4.4453,4.5828,5.4875,-0.7926,-2.556,13.079,13.0026,11.884,2.0927,2.1216,1.0157,1.0143,29.2875,1.002,300.4,1.0,1.0,48.8625,39.05,53.1437,,,
2025-06-06 13:30:00,372.6188,312.7812,120.9625,51.325,293.225,38.7562,295.8438,295.9375,4.5547,4.6781,4.7609,5.7391,-0.793,-2.6235,13.196,13.1099,12.0429,2.1504,2.1815,1.0533,1.043,30.0375,2.265,295.48,1.0,1.0,48.5625,38.95,51.4688,,,
2025-06-06 14:00:00,372.1937,312.3438,120.65,51.5562,293.25,38.85,296.1562,296.1875,4.2719,4.6125,4.7594,5.8047,-0.8337,-2.609,13.1684,13.0822,11.9938,2.0852,2.1224,1.0428,1.0248,28.9312,2.939,304.9,1.0,0.0,48.4437,38.9062,51.8438,,,
2025-06-06 14:30:00,373.2562,311.0625,120.375,51.2937,293.325,38.5812,295.8438,295.8438,4.3734,4.4937,4.6172,5.3672,-0.8136,-2.5,13.1034,13.0107,11.9686,2.0927,2.1255,1.0404,1.038,30.025,2.997,307.26,1.0,0.0,48.2562,38.9062,53.425,,,
2025-06-06 15:00:00,539.2188,321.4375,117.3125,49.8812,294.675,37.775,304.375,304.4688,3.6125,3.2422,3.6109,4.6391,-1.1784,-4.217,15.3816,15.2272,12.845,3.7919,3.8471,1.6505,1.6522,29.3625,0.908,303.28,1.0,0.0,48.0062,38.8563,0.0,,,
2025-06-06 15:30:00,661.0875,348.7188,120.5625,48.95,312.225,37.0187,326.5312,326.5625,3.0141,2.6766,2.925,2.7344,-1.2799,-4.5635,14.8129,14.7024,12.841,4.0496,4.1174,1.7259,1.7279,29.4062,0.762,287.96,1.0,0.0,48.0062,38.7875,0.0,,,
2025-06-06 16:00:00,662.0437,352.125,122.0375,47.2875,316.275,36.1063,330.4688,330.5938,2.6797,2.2656,2.8375,3.1187,-1.4055,-4.6355,14.7934,14.6666,12.7753,4.0409,4.1074,1.6647,1.6715,29.4125,3.661,279.28,1.0,1.0,48.325,38.6937,0.0,,,
2025-06-06 16:30:00,662.4688,351.5312,121.95,47.35,316.525,35.3438,330.4375,330.5312,2.7156,2.3703,2.8156,2.8,-1.3022,-4.525,14.5805,14.4667,12.6081,3.9941,4.0579,1.701,1.7023,27.3875,0.76,276.84,1.0,1.0,48.9062,38.6937,0.0,,,
2025-06-06 17:00:00,443.8063,328.4062,121.7,47.1812,307.875,35.3312,315.1875,315.2188,4.5859,4.6766,4.8359,5.3438,-0.7523,-2.605,13.079,12.9604,11.8897,2.3311,2.3539,1.1458,1.1353,28.2938,0.818,289.24,1.0,1.0,49.2375,38.6063,7.65,,,
2025-06-06 17:30:00,384.3063,320.375,116.8,47.5938,297.05,35.2188,304.0625,304.125,4.7312,4.5359,5.0469,5.4766,-0.8096,-2.3565,12.8482,12.7572,11.7825,1.7357,1.7615,0.8,0.805,29.9062,6.015,289.64,1.0,1.0,49.75,38.5625,42.9688,,,
2025-06-06 18:00:00,371.7687,308.3438,121.15,48.2062,293.325,36.0062,294.3125,294.3438,4.5391,4.2641,4.6125,5.4828,-0.9028,-2.6185,13.0644,12.9669,11.8777,1.8586,1.8888,0.915,0.9089,29.975,5.848,299.98,1.0,1.0,43.9562,38.5687,59.8562,,,
2025-06-06 18:30:00,371.025,306.4375,122.8125,47.9875,291.85,35.625,290.625,290.6875,4.6844,4.8141,4.8375,5.6062,-0.8074,-2.462,13.222,13.1391,12.0847,1.8761,1.9076,1.0224,1.0108,28.6562,5.273,304.48,1.0,0.0,47.9,38.6812,64.8937,,,
2025-06-06 19:00:00,371.5563,307.25,123.675,47.8125,291.8,36.0,290.3438,290.375,4.4859,4.5109,4.6484,5.6937,-0.8079,-2.4485,13.1147,13.0384,12.0336,1.8717,1.9063,0.9748,0.9737,29.4312,2.996,312.62,1.0,0.0,49.425,38.5062,64.3687,,,
2025-06-06 19:30:00,372.0875,306.5,123.875,47.675,291.825,35.8687,289.75,289.7812,4.2609,4.675,4.6047,5.0938,-0.8591,-2.4915,12.9815,12.8889,11.8615,1.8214,1.8516,0.9188,0.9231,30.0687,2.911,310.72,1.0,0.0,42.2312,38.5187,65.8625,,,
2025-06-06 20:00:00,371.45,307.2188,124.3875,47.625,292.125,35.9937,289.9375,290.0312,4.5437,4.775,4.7578,5.5734,-0.7099,-2.3805,13.1992,13.1066,12.0775,1.9308,1.9597,1.0714,1.0614,30.5625,0.904,297.06,1.0,0.0,46.4812,38.4562,65.4437,,,
2025-06-06 20:30:00,372.725,307.3125,124.3,47.6437,292.35,35.8312,290.1562,290.1875,4.4297,4.7172,4.6375,5.2687,-0.8223,-2.499,13.0969,13.0059,11.9549,1.8346,1.8647,0.9244,0.9319,28.6562,0.903,289.18,1.0,0.0,48.725,38.4125,64.9125,,,
2025-06-06 21:00:00,372.4062,304.6875,124.75,47.6562,292.05,35.7812,289.8438,289.875,4.3781,4.5109,4.6344,5.6484,-0.8744,-2.607,12.884,12.7784,11.8344,1.8748,1.9076,0.9319,0.9334,29.45,11.026,309.26,1.0,1.0,49.8687,38.4062,63.3,,,
2025-06-06 21:30:00,372.6188,305.1562,123.8,47.7062,291.35,35.7188,289.125,289.1562,4.4781,4.6141,4.7031,5.5594,-0.8193,-2.533,13.1944,13.105,11.9276,1.8525,1.8818,0.9413,0.9435,30.5375,0.705,295.76,1.0,1.0,45.2812,38.3625,65.1062,,,
2025-06-06 22:00:00,371.7687,304.9688,124.4875,47.9,291.525,35.5062,289.0312,289.125,4.6,4.6109,4.6906,5.7672,-0.7576,-2.5345,13.1927,13.1099,12.0296,1.9514,1.982,1.0073,1.0023,29.4188,0.894,288.2,1.0,1.0,48.7312,38.3187,64.7062,,,
2025-06-06 22:30:00,371.7687,304.1875,124.65,47.85,291.75,35.5375,289.375,289.4375,4.525,4.6062,4.6422,5.5578,-0.8123,-2.64,13.1927,13.1115,11.9888,1.9816,2.0109,0.9901,0.989,29.45,0.745,307.2,1.0,1.0,42.6437,38.5312,63.7812,,,
2025-06-06 23:00:00,370.9187,306.0312,124.5625,47.6437,291.975,35.6875,289.5,289.5938,4.3703,4.6516,4.6312,5.3344,-0.849,-2.653,13.0384,12.9587,11.8214,1.9063,1.9374,0.9338,0.9415,30.5438,7.446,303.88,1.0,0.0,47.1937,38.675,63.9,,,
2025-06-06 23:30:00,372.4062,307.9375,123.8375,47.6562,291.9,35.85,290.1875,290.2812,4.2422,4.5266,4.7125,5.7719,-0.772,-2.519,13.17,13.0758,11.9763,1.8787,1.9032,0.968,0.9546,29.975,7.65,311.52,1.0,0.0,49.3187,38.5812,64.6375,,,
2025-06-07 00:00:00,372.5125,307.0,123.525,47.9688,291.525,35.8375,290.0,290.0312,4.6875,4.7109,4.9422,5.9109,-0.8057,-2.4675,13.0384,12.9441,11.9076,1.8927,1.9212,1.0056,1.0058,29.5187,2.882,310.44,1.0,0.0,42.075,38.7188,64.8875,,,
2025-06-07 00:30:00,315.8812,306.4375,125.75,48.2188,293.525,36.025,288.0312,288.125,5.2984,4.9625,4.9641,5.7156,-0.6683,-1.9885,12.7231,12.6419,11.8097,1.506,1.5296,0.8967,0.8905,30.75,0.886,294.88,1.0,0.0,46.9312,38.6312,76.4562,,,
2025-06-07 01:00:00,358.5938,306.5,122.975,47.8812,289.8,35.6937,289.1875,289.2812,4.3859,4.4781,4.6062,5.5594,-0.7707,-2.369,12.9327,12.858,11.769,1.8936,1.9186,0.9855,0.9855,28.9562,0.79,308.56,1.0,0.0,49.3687,38.6312,62.1875,,,
2025-06-07 01:30:00,361.7812,305.875,123.9125,47.7312,291.975,35.45,289.1562,289.1875,4.7547,4.7156,4.9562,5.6766,-0.7584,-2.428,13.0286,12.9425,11.9438,1.8757,1.9011,1.0244,1.0297,29.375,0.822,295.74,1.0,1.0,44.2437,38.7875,67.025,,,
2025-06-07 02:00:00,361.4625,305.875,124.725,47.7937,291.85,35.4188,289.25,289.3125,4.3531,4.3891,4.6391,5.6312,-0.8206,-2.5025,12.9198,12.8287,11.8145,1.8564,1.8906,0.9671,0.9577,30.1063,0.829,289.26,1.0,1.0,48.3812,38.8187,64.5375,,,
2025-06-07 02:30:00,361.5687,306.2812,124.3875,47.6375,291.925,35.35,289.375,289.4375,4.6469,4.4859,4.9859,5.7594,-0.7777,-2.4905,12.9929,12.9067,11.8374,1.8997,1.9256,1.0023,1.0084,29.9125,0.966,285.46,1.0,1.0,43.4125,38.9562,65.1125,,,
2025-06-07 03:00:00,360.0812,306.2188,124.7375,47.9,292.025,35.3937,289.375,289.3438,4.7906,4.7578,4.9844,5.9922,-0.7606,-2.5265,12.8824,12.7979,11.8612,1.9492,1.9824,1.0218,1.0211,30.0,0.79,283.24,1.0,1.0,47.825,39.0125,63.8375,,,
2025-06-07 03:30:00,360.1875,306.6875,124.5625,47.25,292.25,35.4688,289.5625,289.6562,4.6531,4.5812,4.9797,5.9266,-0.7812,-2.55,12.9766,12.8856,11.8254,1.9264,1.9544,0.9811,0.9936,29.9875,0.826,281.32,1.0,1.0,45.175,39.075,64.3187,,,
2025-06-07 04:00:00,361.1437,307.3125,124.85,47.5187,292.55,35.6125,290.0312,290.1875,4.5453,4.6516,4.5422,5.1937,-0.9225,-2.691,12.9084,12.8287,11.8561,1.8626,1.8919,0.9172,0.9104,29.9375,3.316,298.16,1.0,0.0,46.7687,39.2062,62.6125,,,
2025-06-07 04:30:00,359.6562,309.1562,124.15,47.3562,293.175,35.5812,290.8438,290.8438,4.7687,4.4594,4.5594,5.6922,-0.7278,-2.413,13.04,12.9555,11.9221,1.9225,1.9466,1.043,1.0386,30.55,2.99,305.82,1.0,0.0,49.4312,39.175,64.6312,,,
2025-06-07 05:00:00,360.2937,308.75,124.475,47.6312,293.5,35.6812,290.8125,290.875,4.6875,4.5875,4.9266,5.8109,-0.8131,-2.4125,12.8726,12.7524,11.7932,1.8534,1.8796,0.973,0.9772,29.35,2.984,308.68,1.0,0.0,43.3125,39.1625,64.1687,,,
2025-06-07 05:30:00,360.7188,308.8438,124.3625,47.675,293.3,35.475,290.7812,290.7812,4.4062,4.5938,5.0094,5.8062,-0.8359,-2.411,12.7118,12.6467,11.713,1.8411,1.863,0.9503,0.9443,29.5812,0.831,298.0,1.0,0.0,47.9437,39.125,64.4062,,,
2025-06-07 06:00:00,354.9812,309.0625,124.65,47.7375,293.675,35.5875,291.0,291.0625,4.9328,4.8141,5.1312,5.8578,-0.7335,-2.3855,12.871,12.7914,11.8683,1.912,1.9383,1.0202,1.0325,29.3625,0.86,290.22,1.0,0.0,49.9375,39.2188,63.3937,,,
2025-06-07 06:30:00,311.8438,302.7188,127.825,48.4812,290.1,36.4437,285.5,285.5,4.9578,4.7625,5.1734,6.1484,-0.7602,-2.1495,12.715,12.6386,11.7711,1.6552,1.6806,0.9177,0.9148,29.3625,0.859,271.0,1.0,1.0,45.8562,39.1062,57.4937,,,
2025-06-07 07:00:00,359.6562,305.875,120.525,49.1,287.15,36.8812,288.625,288.7188,4.7453,4.4547,4.7,5.9125,-0.6889,-2.3965,12.9571,12.8515,11.8137,2.1338,2.1623,1.083,1.0913,29.7625,2.835,273.58,1.0,1.0,49.275,39.1375,51.525,,,
2025-06-07 07:30:00,359.0187,309.9062,121.7625,49.6625,292.775,37.275,291.7812,291.9062,4.7922,4.9781,5.2188,5.8719,-0.7895,-2.5,12.8011,12.7134,11.7569,1.9348,1.9658,0.9417,0.9634,30.6063,0.828,301.68,1.0,1.0,43.9937,39.1687,59.4625,,,
2025-06-07 08:00:00,359.3375,310.6875,122.9375,49.7,293.275,37.2812,292.7188,292.7812,4.8516,5.0578,4.9656,5.4688,-0.807,-2.5415,12.7654,12.6987,11.7871,2.0415,2.0743,0.9942,1.0028,29.4625,1.022,291.52,1.0,1.0,47.9875,39.1437,55.825,,,
2025-06-07 08:30:00,359.0187,311.0,122.4125,50.1812,293.1,37.6812,293.0,293.0938,4.6734,4.5344,4.6937,5.5844,-0.7654,-2.5225,12.7264,12.637,11.7132,2.0586,2.0914,1.029,1.0391,29.8438,1.055,286.6,1.0,1.0,49.5,39.1,54.1812,,,
2025-06-07 09:00:00,360.0812,311.75,122.0125,50.4,293.375,37.975,294.125,294.1562,4.5125,4.6156,4.7937,5.7344,-0.6841,-2.4545,13.0302,12.9522,11.9232,2.1019,2.1378,1.0905,1.0861,29.5375,3.031,304.54,1.0,0.0,49.5062,38.9312,53.0312,,,
2025-06-07 09:30:00,358.8063,308.5625,121.4625,50.95,291.85,38.5312,292.9688,293.0625,4.8453,4.9125,5.1547,6.1406,-0.8206,-2.4505,12.8011,12.7312,11.8,1.9557,1.9824,0.9632,0.9776,28.8937,3.018,313.08,1.0,0.0,44.8625,38.9312,51.9437,,,
2025-06-07 10:00:00,358.4874,308.0938,120.7,50.7875,291.875,38.2875,292.7188,292.8125,4.3594,4.3719,4.5734,5.4297,-0.8757,-2.4585,12.8239,12.7264,11.7861,1.8862,1.9129,0.9255,0.9275,29.95,0.766,310.46,1.0,0.0,47.125,38.7812,56.1937,,,
2025-06-07 10:30:00,358.275,308.8438,121.625,50.7875,292.275,38.325,292.625,292.6875,4.5187,4.4594,4.7922,5.9562,-0.7856,-2.3905,12.845,12.7589,11.7444,1.9715,2.0004,0.9929,0.9971,29.9437,3.349,297.18,1.0,0.0,48.0812,38.6312,55.8687,,,
2025-06-07 11:00:00,357.85,308.625,121.5375,51.0437,291.875,38.4688,292.6875,292.7812,4.5391,4.4703,4.7422,5.6391,-0.7195,-2.3775,12.9847,12.9067,11.9611,2.0599,2.0901,1.0703,1.0712,30.5375,0.786,299.22,1.0,0.0,48.5187,38.5375,53.65,,,
2025-06-07 11:30:00,359.3375,306.875,121.55,51.2937,291.05,38.7313,292.5312,292.5625,4.7859,4.6703,4.8687,5.9578,-0.8503,-2.4645,12.9002,12.8158,11.832,1.9719,1.9991,0.9492,0.9428,28.3687,0.686,303.96,1.0,1.0,48.5625,38.5625,50.4125,,,
2025-06-07 12:00:00,358.4874,306.4062,120.275,51.5375,290.175,38.9062,291.5938,291.5625,4.2578,4.3812,4.6578,5.6922,-0.7843,-2.407,12.8141,12.7296,11.7164,2.0065,2.0323,1.0303,1.0251,29.3563,1.014,291.16,1.0,1.0,48.725,38.5062,53.6,,,
2025-06-07 12:30:00,359.6562,306.875,120.7,51.575,290.55,38.8312,291.5938,291.6875,4.1875,4.4156,4.7328,5.5969,-0.7934,-2.5025,13.0205,12.9327,11.9033,2.0187,2.0454,1.0049,1.0034,28.3312,0.764,285.78,1.0,1.0,48.5062,38.4188,53.5187,,,
2025-06-07 13:00:00,357.85,309.0938,121.2625,51.375,291.55,38.525,292.5938,292.6875,4.6422,4.5969,4.9562,5.5875,-0.8389,-2.659,13.014,12.9262,11.9272,2.0743,2.1001,1.0087,1.0069,28.8375,16.774,310.8,1.0,1.0,48.2188,38.3312,53.1812,,,
2025-06-07 13:30:00,358.7,310.9688,121.2875,52.0812,292.225,39.4625,294.5312,294.625,4.5531,4.5062,4.7406,5.6406,-0.8228,-2.6265,12.9994,12.9084,11.8734,2.1294,2.1605,1.0458,1.0439,28.4188,7.244,311.34,1.0,1.0,47.8438,38.3625,47.3,,,
2025-06-07 14:00:00,360.0812,309.3438,119.3875,51.4562,290.425,38.6875,293.2188,293.2812,4.7344,4.6187,4.9328,5.9062,-0.6985,-2.3895,13.0741,12.9961,11.9319,2.1062,2.1378,1.1001,1.1001,28.9312,3.054,310.44,1.0,0.0,47.6,38.2375,52.2625,,,
2025-06-07 14:30:00,371.9812,310.6875,119.525,51.45,291.875,38.5187,294.0312,294.0625,4.6734,4.3531,4.45,5.3656,-0.8127,-2.4995,13.0676,12.9766,11.9466,2.031,2.0577,1.0084,1.0084,28.8937,2.925,308.86,1.0,0.0,47.2812,38.1875,54.65,,,
2025-06-07 15:00:00,264.2438,302.25,126.3125,51.9,291.575,39.6625,286.3125,286.3438,5.4312,5.1141,5.2641,6.2453,-0.6289,-1.7365,12.5639,12.4777,11.7063,1.4067,1.436,0.8385,0.8358,29.4188,2.602,270.16,1.0,0.0,46.825,38.1562,58.9,,,
2025-06-07 15:30:00,361.9938,307.4688,119.3375,52.0187,284.4,39.2375,289.1875,289.25,4.5703,4.4484,4.7781,5.7016,-0.7449,-2.3955,13.1099,13.0351,12.044,2.2384,2.2686,1.1163,1.1384,30.0438,0.864,254.44,1.0,0.0,46.55,38.0875,29.95,,,
2025-06-07 16:00:00,359.6562,309.4688,116.3125,52.075,289.95,39.4437,292.6875,292.7188,4.6234,4.5734,4.8078,5.6219,-0.8534,-2.542,13.0335,12.9409,11.896,1.9794,2.0052,0.973,0.9612,29.9188,0.77,265.46,1.0,1.0,46.3687,38.1125,54.2937,,,
2025-06-07 16:30:00,361.7812,309.7188,120.775,52.2375,291.75,39.7437,293.0,293.0312,4.5437,4.5016,4.8328,5.4266,-0.7554,-2.472,12.9165,12.8174,11.8305,2.1045,2.1307,1.038,1.0255,29.6375,0.801,271.38,1.0,1.0,46.525,38.1562,50.875,,,
2025-06-07 17:00:00,361.5687,313.3438,120.575,52.025,292.425,39.625,294.9375,295.0312,4.6031,4.8078,4.8984,5.8922,-0.7497,-2.5315,13.1424,13.0367,11.9937,2.1176,2.1491,1.0482,1.0393,29.8563,0.749,274.74,1.0,1.0,46.7687,38.2188,48.5062,,,
2025-06-07 17:30:00,360.825,313.9688,120.5625,51.7375,293.4,39.7812,296.25,296.2812,4.5812,4.5312,4.9047,5.6844,-0.7851,-2.5845,13.001,12.897,11.9377,2.0826,2.1119,0.9986,1.0032,29.8937,0.71,276.12,1.0,1.0,47.0062,38.225,47.2437,,,
2025-06-07 18:00:00,361.4625,312.0625,120.3,51.9,292.4,39.8125,295.25,295.3438,4.6094,4.4266,4.6,5.7719,-0.8512,-2.637,12.845,12.7556,11.7023,2.0769,2.0979,0.9839,1.0017,29.4062,0.842,276.6,1.0,1.0,47.5437,38.3875,46.0125,,,
2025-06-07 18:30:00,360.7188,310.9375,119.9375,51.5812,292.175,39.6312,295.0938,295.125,4.4891,4.675,4.7406,5.5844,-0.7562,-2.595,13.0481,12.9669,11.861,2.1452,2.1758,1.0454,1.0465,29.0062,3.147,299.28,1.0,0.0,48.0687,38.4562,47.3438,,,
2025-06-07 19:00:00,360.9313,311.375,119.975,50.9875,292.775,39.2062,294.8438,294.9062,4.9984,4.9219,5.0125,5.6234,-0.7348,-2.466,12.91,12.832,11.8444,2.0616,2.0848,1.0485,1.0526,29.4562,2.995,305.94,1.0,0.0,48.65,38.575,52.9437,,,
2025-06-07 19:30:00,360.7188,311.4375,120.9375,50.8312,293.6,39.2,295.0,295.0938,4.475,4.6812,5.0469,6.0906,-0.786,-2.404,12.8027,12.7199,11.7227,1.9912,2.0183,1.0139,0.999,29.7812,2.987,308.82,1.0,0.0,49.325,38.6437,52.875,,,
2025-06-07 20:00:00,362.6312,313.1562,121.275,50.6062,294.225,38.9125,295.7188,295.7812,4.3141,4.4266,4.7891,5.3266,-0.7899,-2.444,13.0059,12.9084,11.8963,2.0052,2.0419,1.0253,1.017,29.9813,0.789,295.96,1.0,0.0,43.725,38.8062,52.8687,,,
2025-06-07 20:30:00,361.0375,312.3438,121.3875,51.1,294.15,38.9937,295.875,295.9062,4.6406,4.5203,4.7562,5.7703,-0.8201,-2.4905,12.9262,12.8417,11.8267,1.9824,2.0139,0.975,0.9813,30.4625,0.872,289.26,1.0,0.0,46.8937,38.9312,50.6187,,,
2025-06-07 21:00:00,361.8875,314.25,121.125,51.3375,294.375,39.15,296.7188,296.8125,4.6672,4.5625,4.8391,5.7453,-0.793,-2.4905,12.7166,12.6094,11.7174,2.0975,2.1364,1.0469,1.0375,28.3563,0.776,285.5,1.0,1.0,49.4688,39.075,48.5125,,,
2025-06-07 21:30:00,360.5062,316.0,121.125,51.5187,295.55,39.125,298.5625,298.5312,4.5656,4.3656,4.4437,5.7594,-0.8363,-2.6185,12.9734,12.8759,11.8757,2.0861,2.1159,1.0082,1.0089,28.8625,11.788,308.6,1.0,1.0,44.8625,39.1437,47.3375,,,
2025-06-07 22:00:00,360.825,312.2812,120.5625,52.125,293.375,39.875,296.6562,296.6875,4.7531,4.6344,4.7141,5.6172,-0.7357,-2.4615,12.8352,12.7524,11.8539,2.1303,2.1583,1.0522,1.0507,29.4688,0.765,297.24,1.0,1.0,48.9875,39.2125,43.6562,,,
2025-06-07 22:30:00,540.3875,326.6875,116.9875,49.0625,296.9,37.3062,307.1875,307.3438,3.7906,3.6891,3.925,4.575,-1.1028,-4.3965,15.1785,15.042,12.7217,4.0138,4.0658,1.687,1.6796,28.8563,0.847,303.42,1.0,1.0,44.95,39.3312,0.0,,,
2025-06-07 23:00:00,660.7688,356.4688,121.5,49.1125,316.75,36.8563,331.0312,331.125,2.7547,2.4219,2.7969,2.4781,-1.2808,-4.6025,14.8015,14.6666,12.7591,4.0444,4.1157,1.699,1.6901,29.3,2.331,290.2,1.0,1.0,49.1875,39.5312,0.0,,,
2025-06-07 23:30:00,452.5187,343.0625,124.45,48.9,315.525,37.0875,323.75,323.7188,4.6687,4.5812,4.7828,5.0719,-0.8971,-2.8535,12.8791,12.7784,11.7897,2.5022,2.5472,1.1325,1.1373,29.4188,3.055,293.3,1.0,0.0,45.25,39.4937,5.125,,,
2025-06-08 00:00:00,390.3624,333.7812,120.7375,48.8125,304.825,36.6187,312.3438,312.3438,5.0687,5.0844,5.4312,5.7781,-0.8731,-2.468,12.6906,12.6029,11.747,2.0117,2.038,0.975,0.9632,29.3187,5.267,298.76,1.0,0.0,49.2625,39.6187,35.9188,,,
2025-06-08 00:30:00,298.775,316.7812,125.8375,48.875,299.125,36.525,297.875,297.875,5.1594,5.1391,5.3469,5.8438,-0.6692,-2.035,12.858,12.7654,11.8892,1.7213,1.7466,1.0213,1.0257,29.4625,5.694,261.78,1.0,0.0,45.2312,39.6687,50.7125,,,
2025-06-08 01:00:00,340.6375,307.9375,118.8125,48.2625,290.575,35.9562,291.4375,291.4062,4.7766,4.8672,4.8172,5.6141,-0.7681,-2.3205,12.9279,12.832,11.7928,1.8035,1.8293,1.0017,0.9993,29.6312,5.855,283.12,1.0,0.0,49.525,39.7,64.2312,,,
2025-06-08 01:30:00,371.6625,308.4375,120.1,49.0938,289.925,36.45,290.8125,290.9062,4.4984,4.6203,4.5047,5.3578,-0.8451,-2.463,13.1131,13.0335,11.9052,1.8949,1.919,0.9605,0.9818,30.5875,0.874,277.26,1.0,0.0,46.4,39.6687,60.7375,,,
2025-06-08 02:00:00,370.6,309.5,122.45,49.8,292.475,37.1437,291.7188,291.7812,4.4312,4.6609,4.7016,5.8391,-0.7961,-2.443,13.4982,13.4121,12.2329,1.8551,1.8822,0.9258,0.9251,29.9375,1.005,276.1,1.0,1.0,49.8687,39.75,61.0437,,,
2025-06-08 02:30:00,370.9187,308.7812,122.2125,50.2875,292.0,37.8187,291.4062,291.4688,4.5094,4.5109,4.6047,5.375,-0.8136,-2.4975,13.456,13.3682,12.1833,1.8529,1.8761,0.9043,0.8997,29.4813,0.772,277.1,1.0,1.0,46.0125,39.8,59.8812,,,
2025-06-08 03:00:00,369.6437,308.5625,121.575,50.1437,291.875,37.4937,291.25,291.3125,4.4375,4.4969,4.8656,5.675,-0.709,-2.4055,13.7079,13.638,12.2791,1.8779,1.905,0.9702,0.9765,28.2188,0.895,277.62,1.0,1.0,49.625,39.7937,62.9688,,,
2025-06-08 03:30:00,371.45,309.0938,121.75,50.175,292.225,37.6625,291.375,291.4062,4.3969,4.5125,4.7828,5.525,-0.8455,-2.5805,13.768,13.6672,12.3224,1.7926,1.821,0.8402,0.8584,29.7188,0.945,278.2,1.0,1.0,45.6875,39.8438,63.325,,,
2025-06-08 04:00:00,369.2188,309.8125,121.9625,50.175,292.9,37.8812,291.875,292.0,4.4078,4.5203,4.6297,5.2234,-0.8477,-2.5855,13.9305,13.8492,12.3029,1.7934,1.8223,0.8739,0.8713,29.3438,3.185,296.76,1.0,0.0,49.3312,39.8937,63.725,,,
2025-06-08 04:30:00,279.7562,301.8438,127.6875,50.2,290.25,38.1937,284.0625,284.125,5.3672,5.1781,5.4344,6.2594,-0.5979,-1.8285,13.1619,13.0822,11.9199,1.3555,1.3809,0.7503,0.7599,29.4437,5.266,262.22,1.0,0.0,45.0812,40.0187,64.3312,,,
2025-06-08 05:00:00,265.4125,299.4688,121.425,50.1,284.475,38.35,280.4062,280.4375,5.6203,5.3062,5.2687,5.8281,-0.7164,-1.849,13.0173,12.9392,11.835,1.2006,1.226,0.6718,0.67,29.95,2.91,271.16,1.0,0.0,48.6625,39.95,65.8062,,,
2025-06-08 05:30:00,264.5625,296.3125,120.9375,50.2188,282.625,38.4188,278.1562,278.1875,5.8297,5.5109,5.5453,5.9219,-0.7156,-1.8575,12.9035,12.8141,11.7821,1.2225,1.2531,0.7118,0.7144,29.9375,0.859,260.08,1.0,0.0,43.5437,40.0375,71.3062,,,
2025-06-08 06:00:00,264.9874,297.2188,121.6625,50.2437,282.825,38.4875,278.1562,278.25,5.3,5.2875,5.5437,6.175,-0.6167,-1.7645,13.2902,13.2074,11.9825,1.2833,1.3074,0.7715,0.7707,29.5375,0.842,253.52,1.0,0.0,46.5875,40.0938,71.3,,,
2025-06-08 06:30:00,264.775,297.2812,121.475,50.425,283.65,38.5062,279.0312,279.125,5.5437,5.5406,5.6156,6.0453,-0.6591,-1.7925,13.1375,13.0579,11.863,1.2557,1.2864,0.7348,0.7479,29.95,0.833,250.88,1.0,1.0,48.8687,39.9812,72.0875,,,
2025-06-08 07:00:00,263.8187,297.2188,121.3625,50.6062,283.725,38.6437,278.9062,279.0312,5.2453,5.2594,5.4781,6.5219,-0.6696,-1.8185,13.1261,13.0416,11.9088,1.2422,1.2693,0.7129,0.7173,29.4437,0.795,251.6,1.0,1.0,49.8438,40.0125,71.0812,,,
2025-06-08 07:30:00,263.8187,298.0,121.5375,50.5875,284.425,38.6375,279.8125,279.9688,5.4984,5.4281,5.4062,6.4,-0.6596,-1.826,13.287,13.2171,11.945,1.2479,1.2759,0.6991,0.7031,29.4375,0.854,253.62,1.0,1.0,43.8875,39.9437,70.4375,,,
2025-06-08 08:00:00,265.2,298.4062,121.375,50.525,284.875,38.5875,280.3438,280.4688,5.5531,5.5156,5.5062,6.1937,-0.6456,-1.813,13.1326,13.0546,11.9606,1.2908,1.3205,0.7505,0.747,30.0,0.84,255.22,1.0,1.0,46.475,39.7937,70.85,,,
2025-06-08 08:30:00,264.35,299.75,121.45,50.5312,285.55,38.625,281.0,281.1875,5.2297,5.2812,5.6359,6.5547,-0.6464,-1.8095,13.1472,13.066,11.9124,1.2881,1.3152,0.747,0.7448,29.85,0.886,255.72,1.0,1.0,47.2125,39.7188,70.8375,,,
2025-06-08 09:00:00,265.2,299.125,121.35,50.2062,285.7,38.4375,281.3438,281.4375,5.6672,5.3625,5.3734,6.0891,-0.6499,-1.8145,13.0871,12.9961,11.8099,1.2991,1.3306,0.7512,0.7591,29.45,3.362,272.36,1.0,0.0,47.3438,39.5125,70.6312,,,
2025-06-08 09:30:00,265.9437,300.0312,122.0875,50.775,286.5,38.675,281.875,281.875,5.6937,5.4937,5.5719,6.1141,-0.6442,-1.826,13.1895,13.1245,11.9815,1.3327,1.3546,0.8011,0.7906,29.3625,3.133,273.56,1.0,0.0,47.2375,39.3562,68.7125,,,
2025-06-08 10:00:00,264.6687,298.4062,121.4,51.275,285.1,39.2312,280.5625,280.6562,5.5719,5.3375,5.4281,6.2109,-0.7213,-1.8575,13.1131,13.0514,11.8917,1.2452,1.2781,0.6932,0.6915,29.8687,0.796,277.32,1.0,0.0,47.0437,39.2062,64.325,,,
2025-06-08 10:30:00,264.6687,300.5938,120.2625,53.2312,285.225,41.375,281.4375,281.5312,5.5375,5.3875,5.6266,6.4266,-0.6521,-1.806,13.0579,12.9701,11.8145,1.3393,1.3586,0.7608,0.7518,30.1187,0.807,265.58,1.0,0.0,47.1687,39.1625,59.8687,,,
2025-06-08 11:00:00,263.8187,300.875,118.525,52.9,284.95,41.325,282.5938,282.7188,5.3812,5.1766,5.2578,6.3156,-0.6355,-1.8425,13.2269,13.131,11.9547,1.3818,1.4093,0.7632,0.7724,29.4437,17.713,276.08,1.0,0.0,47.5062,39.0375,60.2687,,,
2025-06-08 11:30:00,264.6687,304.4688,119.2,52.0312,287.35,40.2437,284.875,285.0,5.4062,5.3406,5.6844,6.3953,-0.667,-1.839,13.0449,12.9571,11.8435,1.359,1.3844,0.7698,0.7746,29.4437,6.305,280.78,1.0,1.0,48.175,39.05,62.3625,,,
2025-06-08 12:00:00,264.2438,303.1875,119.6125,51.9875,287.175,40.2188,284.625,284.6562,5.9734,5.5578,5.4234,6.0125,-0.7108,-1.797,13.0091,12.9262,11.8466,1.3616,1.3888,0.7744,0.7731,30.6,0.891,271.76,1.0,1.0,48.9375,38.9937,61.5312,,,
2025-06-08 12:30:00,264.1375,303.4688,121.0,51.6187,287.875,39.6,285.1562,285.1875,5.5359,5.4516,5.4062,5.9172,-0.6998,-1.831,12.9994,12.8986,11.7274,1.3743,1.4019,0.7768,0.7774,30.0187,0.913,280.36,1.0,1.0,49.0687,38.9875,60.0812,,,
2025-06-08 13:00:00,263.5,304.9062,120.075,51.7062,288.175,39.7437,285.3438,285.4375,5.4203,5.4516,5.3969,6.2594,-0.6779,-1.79,13.0367,12.9392,11.9043,1.3516,1.3761,0.7669,0.7829,30.65,0.85,268.7,1.0,1.0,48.9125,38.9062,62.7687,,,
2025-06-08 13:30:00,264.2438,302.5,120.6625,51.425,287.55,39.4,284.4688,284.5312,5.4734,5.1797,5.5219,6.1766,-0.6924,-1.8035,13.0595,12.9653,11.8842,1.3612,1.3857,0.7877,0.7794,30.3625,2.264,275.8,1.0,1.0,48.6437,38.9875,61.825,,,
2025-06-08 14:00:00,270.2999,302.25,120.475,51.4562,287.5,39.4812,284.2812,284.3438,4.9219,5.0437,5.0469,6.0969,-0.5839,-1.844,13.0075,12.91,11.8137,1.5051,1.5331,0.8868,0.8936,27.4,3.261,276.96,1.0,0.0,48.275,38.8062,61.3,,,
2025-06-08 14:30:00,371.3438,317.2188,117.575,51.0625,295.3,38.275,298.3438,298.4375,4.7,4.8297,5.1078,5.8703,-0.814,-2.4835,13.9012,13.8086,12.4739,1.9872,2.0087,0.9922,0.9962,30.55,3.132,249.32,1.0,0.0,47.8,38.725,56.9688,,,
2025-06-08 15:00:00,371.025,321.8125,121.3125,51.3187,299.95,38.6625,301.375,301.4375,4.3531,4.2562,4.7156,5.4484,-0.8652,-2.4885,13.7079,13.6283,12.3745,1.8538,1.8814,0.9023,0.9019,29.9437,0.852,255.04,1.0,0.0,47.3937,38.725,56.05,,,
2025-06-08 15:30:00,370.6,322.75,120.875,51.2625,300.275,38.8375,302.5938,302.6875,4.4,4.5594,4.8953,5.8047,-0.8455,-2.481,13.8281,13.7127,12.2793,1.8914,1.9168,0.9465,0.9358,31.6312,0.853,253.96,1.0,0.0,47.2062,38.6312,55.7437,,,
2025-06-08 16:00:00,369.75,322.7812,120.925,50.9875,300.625,38.9312,303.0312,303.1562,4.2469,4.4078,4.8828,5.55,-0.8477,-2.4865,13.8541,13.7631,12.4414,1.8744,1.8989,0.9382,0.9334,29.975,0.765,257.64,1.0,1.0,47.4,38.7188,55.5187,,,
2025-06-08 16:30:00,370.4938,323.75,120.825,51.0625,301.075,39.1312,303.7812,303.875,4.4266,4.6422,5.0172,5.5078,-0.8,-2.4555,13.9971,13.9045,12.4519,1.8958,1.9238,0.9461,0.9564,28.4188,1.198,261.54,1.0,1.0,47.7625,38.7625,55.1312,,,
2025-06-08 17:00:00,370.4938,324.4688,120.675,50.5562,301.45,38.875,304.3438,304.4375,4.5625,4.4062,4.6484,5.5187,-0.8503,-2.511,13.8671,13.7664,12.3306,1.8822,1.9098,0.8986,0.9067,29.9375,0.919,265.32,1.0,1.0,48.175,38.7875,56.1812,,,
2025-06-08 17:30:00,371.025,327.25,122.4375,49.45,303.925,37.6937,306.0938,306.1875,4.7016,4.7719,4.9937,5.775,-0.8074,-2.499,13.9516,13.859,12.434,1.9151,1.9361,0.94,0.9548,28.8563,0.747,304.54,1.0,1.0,48.6187,38.7938,56.8375,,,
2025-06-08 18:00:00,370.3875,327.125,122.525,49.4625,304.45,37.5312,305.9688,305.9688,4.5328,4.5453,4.8266,5.5078,-0.8193,-2.503,13.8687,13.7826,12.433,1.8481,1.877,0.9104,0.9052,29.3062,0.87,290.64,1.0,1.0,49.0375,38.7938,57.9312,,,
2025-06-08 18:30:00,370.0687,326.5,122.525,49.6625,304.275,37.5875,305.875,305.9375,4.5734,4.5453,4.7437,5.4734,-0.7794,-2.454,13.8606,13.7582,12.3895,1.8866,1.9151,0.9476,0.9516,29.4562,3.236,302.68,1.0,0.0,49.55,38.6937,57.3312,,,
2025-06-08 19:00:00,369.8562,327.4688,122.325,49.7937,304.75,37.8687,306.7812,306.8125,4.3922,4.3469,4.6422,5.4094,-0.8298,-2.501,13.69,13.6006,12.2941,1.8722,1.9006,0.9233,0.9255,30.0375,2.973,306.6,1.0,0.0,43.0437,38.625,55.8062,,,
2025-06-08 19:30:00,370.7062,327.7188,122.3625,49.875,305.0,37.9,307.2188,307.3125,4.75,4.6531,4.7594,5.6578,-0.7711,-2.4325,13.8232,13.729,12.4596,1.8779,1.9107,0.9645,0.9621,29.4813,2.97,308.48,1.0,0.0,46.9625,38.6125,54.9,,,
2025-06-08 20:00:00,370.6,329.1562,122.175,50.0812,305.45,37.8812,308.0938,308.25,4.6109,4.5984,4.7203,5.2641,-0.8232,-2.465,13.8687,13.7631,12.4133,1.8416,1.8652,0.8776,0.8722,29.4562,0.885,295.66,1.0,0.0,49.5125,38.5875,54.6437,,,
2025-06-08 20:30:00,370.2812,329.5,122.0,50.4312,305.625,38.2625,308.75,308.7812,4.4734,4.5328,4.7203,5.3297,-0.8525,-2.492,13.6315,13.5486,12.3332,1.8429,1.8669,0.8785,0.8772,27.7437,0.862,288.72,1.0,0.0,45.15,38.5812,52.2625,,,
2025-06-08 21:00:00,370.1749,330.0312,122.025,50.1375,306.0,37.9688,309.25,309.3125,4.3484,4.6172,4.8187,5.5547,-0.8368,-2.495,13.8687,13.7761,12.3371,1.8582,1.8822,0.9109,0.9065,29.3563,0.845,284.6,1.0,1.0,48.925,38.6937,52.9,,,
2025-06-08 21:30:00,370.2812,329.75,122.05,50.0687,305.95,37.9813,309.3438,309.4375,4.4641,4.6859,4.95,5.4688,-0.772,-2.4025,13.7257,13.6201,12.4133,1.8792,1.9011,0.908,0.9091,29.7313,0.891,281.58,1.0,1.0,43.3125,38.8125,52.275,,,
2025-06-08 22:00:00,370.7062,327.9375,122.375,49.8687,305.925,37.525,308.9375,309.0,4.6844,4.5687,4.8391,5.3984,-0.8858,-2.5665,13.7387,13.6559,12.37,1.8306,1.8556,0.8781,0.8774,29.4562,9.627,304.22,1.0,1.0,48.1062,38.8563,53.15,,,
2025-06-08 22:30:00,370.3875,327.0625,121.8875,49.825,305.075,37.35,308.0625,308.125,4.5437,4.6094,4.8641,5.4781,-0.8131,-2.418,13.5714,13.4852,12.199,1.8442,1.8757,0.8932,0.8932,28.3438,0.801,294.98,1.0,1.0,44.75,38.8875,54.875,,,
2025-06-08 23:00:00,370.6,327.6562,122.5625,49.4125,305.675,36.8687,307.9062,307.9688,4.5016,4.5062,4.7078,5.1969,-0.7825,-2.463,13.7891,13.6965,12.4009,1.8787,1.9037,0.9522,0.9371,29.9312,2.46,291.22,1.0,1.0,47.6062,38.9375,56.2937,,,
2025-06-08 23:30:00,370.6,327.875,123.0,49.1812,306.125,36.6375,308.0938,308.0938,4.4391,4.5219,4.8453,5.4031,-0.8573,-2.502,13.5584,13.4576,12.2829,1.8092,1.8424,0.8853,0.8789,28.8937,2.983,305.32,1.0,0.0,49.6625,38.9688,56.675,,,
2025-06-09 00:00:00,370.0687,327.3438,123.1125,49.0187,305.875,36.4062,307.5,307.5312,4.5266,4.6562,4.8687,5.4875,-0.8,-2.4355,13.5909,13.482,12.212,1.8634,1.8923,0.9282,0.9288,30.8062,2.932,310.64,1.0,0.0,47.7687,39.0687,56.9875,,,
2025-06-09 00:30:00,358.7,327.2812,124.1125,48.7188,305.95,36.1875,306.4375,306.5312,4.5656,4.5672,4.7937,5.5766,-0.7838,-2.457,13.6152,13.5243,12.2425,1.8223,1.856,0.9301,0.9358,29.95,17.456,315.5,1.0,0.0,43.7188,39.25,58.0312,,,
2025-06-09 01:00:00,415.65,329.5,123.175,48.9688,304.8,36.2,309.8438,309.9062,4.3766,4.7312,5.1156,5.65,-0.8827,-2.9395,14.4586,14.3579,12.9094,2.7118,2.7625,1.3204,1.3129,29.3937,5.285,312.22,1.0,0.0,48.6937,39.3187,25.5312,,,
2025-06-09 01:30:00,416.5,339.125,119.3125,50.9688,307.5,37.725,315.5625,315.5312,4.0922,4.2953,4.6062,5.3312,-0.8433,-2.689,14.1726,14.0702,12.5672,2.3526,2.3819,1.1139,1.1209,27.9062,5.846,308.44,1.0,0.0,44.4125,39.3125,26.9625,,,
2025-06-09 02:00:00,420.2188,345.125,116.8125,52.3562,307.525,39.5437,316.9375,317.0,4.2016,4.2844,4.6266,5.0719,-0.9085,-2.7645,14.3985,14.3091,12.9,2.3744,2.4169,1.1154,1.1165,29.4188,0.859,313.48,1.0,1.0,48.7812,39.2937,21.7937,,,
2025-06-09 02:30:00,418.0938,346.3125,116.5125,52.6562,307.75,40.0375,317.75,317.8125,4.2734,4.4453,4.6687,5.175,-0.9103,-2.732,14.2652,14.1612,12.7109,2.3193,2.3574,1.0432,1.0395,29.3687,0.91,311.2,1.0,1.0,44.725,39.3812,13.0562,,,
2025-06-09 03:00:00,416.8187,337.0625,115.7375,52.4625,303.825,39.9375,313.8438,313.9062,3.9047,4.0781,4.2391,5.0656,-0.8512,-2.6095,14.2019,14.0865,12.5741,2.2782,2.304,1.0382,1.043,28.2938,0.954,304.26,1.0,1.0,49.2125,39.4437,8.2062,,,
2025-06-09 03:30:00,417.4562,333.25,112.475,52.4625,299.825,40.025,310.1562,310.1562,4.2016,4.2844,4.3641,5.0828,-0.8674,-2.6335,14.2782,14.1824,12.7466,2.1859,2.2231,0.9944,0.9879,27.7125,0.901,290.34,1.0,1.0,45.625,39.4562,19.6375,,,
2025-06-09 04:00:00,416.7125,333.125,113.1625,52.6625,300.075,40.0437,310.2188,310.3438,3.9437,4.2266,4.5422,5.35,-0.8967,-2.6615,14.21,14.1174,12.7069,2.1881,2.2152,0.9833,0.9815,28.2437,3.073,296.28,1.0,0.0,49.7062,39.4937,26.025,,,
2025-06-09 04:30:00,417.4562,331.6562,113.975,52.1687,300.075,39.7062,309.8125,309.9062,3.8219,4.0687,4.3109,5.1484,-0.8998,-2.659,14.0849,13.9858,12.5573,2.1544,2.1802,0.9728,0.9605,26.8875,2.921,306.1,1.0,0.0,46.2188,39.5625,28.4437,,,
2025-06-09 05:00:00,416.8187,332.125,114.45,51.4812,301.3,38.9312,310.4688,310.5625,3.8969,4.1328,4.5,5.2781,-0.8245,-2.6015,14.2181,14.1369,12.7222,2.1666,2.1929,1.0128,1.0117,29.6187,3.043,304.6,1.0,0.0,48.65,39.625,34.1688,,,
2025-06-09 05:30:00,416.7125,333.3438,115.25,51.7625,302.275,38.7,311.2812,311.25,3.8281,4.3891,4.6797,5.3453,-0.8451,-2.6175,14.1856,14.0898,12.6629,2.1911,2.2257,1.0143,1.0253,27.7062,0.803,293.24,1.0,0.0,48.1187,39.6125,35.725,,,
2025-06-09 06:00:00,416.8187,334.1875,115.65,52.3687,303.0,39.1875,312.125,312.2188,3.9391,4.3453,4.5219,5.1547,-0.9028,-2.72,14.223,14.1076,12.6535,2.1955,2.2318,1.0041,0.9938,27.7062,5.412,299.82,1.0,0.0,44.05,39.7625,32.8687,,,
2025-06-09 06:30:00,417.35,334.375,116.125,52.3937,303.5,39.625,312.6875,312.75,4.3016,4.1344,4.3359,4.9937,-0.8105,-2.6425,14.3335,14.2279,12.8432,2.2467,2.2729,1.0719,1.0655,28.05,5.796,301.78,1.0,1.0,49.4125,39.775,26.9625,,,
2025-06-09 07:00:00,416.2875,334.3438,114.15,51.9812,301.65,39.2437,311.5312,311.5625,3.8484,4.3266,4.5797,5.1375,-0.9216,-2.6605,14.3107,14.2116,12.807,2.1032,2.1264,0.9321,0.9319,29.9562,0.872,289.2,1.0,1.0,46.0437,39.9062,29.95,,,
2025-06-09 07:30:00,417.1375,333.875,114.7375,51.1375,302.5,38.375,311.6562,311.6562,3.9344,3.9641,4.1422,4.9469,-0.8836,-2.6685,14.2279,14.1336,12.7233,2.1316,2.1649,0.9739,0.9815,29.9875,0.901,281.54,1.0,1.0,47.8062,39.9375,35.35,,,
2025-06-09 08:00:00,417.8812,326.6875,114.5875,51.2562,298.8,38.5125,307.5938,307.625,3.6016,4.0641,4.3406,5.3875,-0.8556,-2.6165,14.2344,14.171,12.7897,2.1653,2.1968,1.0102,1.0141,29.95,0.818,289.44,1.0,1.0,48.225,40.1312,33.9875,,,
2025-06-09 08:30:00,416.5,328.8438,115.1125,51.1562,300.15,38.8687,308.5,308.5625,3.6906,4.2094,4.7109,5.2359,-0.9046,-2.6675,14.1629,14.054,12.6635,2.1338,2.1636,0.9887,0.9772,29.9437,0.744,280.7,1.0,1.0,44.6,40.1812,36.1875,,,
2025-06-09 09:00:00,416.1813,331.6562,116.5625,51.2188,302.125,38.8438,310.5,310.5312,3.7953,4.0344,4.5484,5.3422,-0.8547,-2.619,13.9077,13.8005,12.5274,2.2375,2.262,1.0605,1.0579,29.9312,2.997,306.32,1.0,0.0,50.0812,40.3187,31.925,,,
2025-06-09 09:30:00,415.9688,332.0625,115.475,51.3875,301.775,38.9375,310.1875,310.3125,3.5281,3.9703,4.6547,5.3562,-0.8481,-2.627,14.1954,14.0865,12.7112,2.2038,2.2279,1.0511,1.0432,28.3687,2.86,304.02,1.0,0.0,47.3438,40.3875,33.7,,,
2025-06-09 10:00:00,264.4562,309.5625,128.7625,51.5437,296.05,40.2312,292.5,292.5,5.2109,5.4469,5.3469,5.65,-0.6543,-1.6775,12.7784,12.702,11.7907,1.2592,1.2829,0.7223,0.7324,29.9813,0.792,268.56,1.0,0.0,43.3438,40.2687,43.875,,,
2025-06-09 10:30:00,266.0499,310.7188,118.7125,51.9062,290.025,40.4875,290.0625,290.1562,5.2531,5.3516,5.7422,5.9969,-0.7322,-1.8255,12.7654,12.7069,11.7672,1.38,1.4054,0.8124,0.8054,28.375,0.82,264.68,1.0,0.0,49.2562,40.35,52.8062,,,
2025-06-09 11:00:00,265.4125,312.1562,119.575,52.65,290.7,41.075,290.5312,290.625,5.5859,5.5328,5.8453,6.1844,-0.6688,-1.7585,12.7832,12.7069,11.7422,1.4229,1.4539,0.8407,0.8428,28.3312,0.822,261.62,1.0,0.0,45.7312,40.3562,51.0125,,,
2025-06-09 11:30:00,260.7374,311.8438,119.175,52.3937,290.675,40.6937,290.8125,290.875,5.6187,5.5141,6.0672,6.2719,-0.6981,-1.7725,12.7914,12.7118,11.7943,1.3949,1.4224,0.8229,0.8131,29.9688,0.823,261.26,1.0,1.0,50.6437,40.3875,51.8187,,,
2025-06-09 12:00:00,264.4562,311.2812,119.4,51.5375,290.525,39.9375,290.5625,290.5625,5.3844,5.0828,5.5734,6.1328,-0.7269,-1.748,12.7735,12.7069,11.8154,1.4211,1.4557,0.8015,0.8096,30.225,0.856,262.84,1.0,1.0,47.8937,40.325,54.8937,,,
2025-06-09 12:30:00,265.4125,311.0,120.175,51.3312,290.6,39.4812,290.0,290.0312,5.3828,5.2266,5.6531,6.1828,-0.7287,-1.826,12.8044,12.7215,11.7161,1.4058,1.436,0.8214,0.8218,29.2938,0.809,263.08,1.0,1.0,42.7937,40.3187,57.0312,,,
2025-06-09 13:00:00,265.2,310.9062,120.725,51.075,290.95,39.25,289.9062,290.0,5.6391,5.6797,5.7594,6.0906,-0.6836,-1.7835,12.7995,12.7101,11.8627,1.45,1.4767,0.8728,0.8608,28.2875,0.889,262.6,1.0,1.0,46.7188,40.225,57.0,,,
2025-06-09 13:30:00,264.9874,311.0938,121.1125,50.75,291.325,38.8812,289.8438,289.9062,5.4859,5.3422,5.7172,6.4094,-0.6937,-1.787,12.8076,12.7118,11.8285,1.4552,1.4828,0.8722,0.87,29.975,2.17,270.94,1.0,1.0,48.3562,40.0938,57.6937,,,
2025-06-09 14:00:00,265.2,310.0312,120.975,50.925,290.9,38.95,289.6875,289.7188,5.5234,5.4937,5.5953,6.1375,-0.7213,-1.8225,12.5931,12.5184,11.6672,1.4741,1.5043,0.8809,0.8785,30.0312,3.011,279.98,1.0,0.0,48.9062,39.9125,56.5187,,,
2025-06-09 14:30:00,264.4562,310.4375,120.8875,51.2375,291.175,39.2687,290.0625,290.0938,5.6672,5.4281,5.8359,6.4781,-0.6456,-1.75,12.8109,12.7215,11.8343,1.5314,1.5598,0.9225,0.9268,30.6562,2.97,279.54,1.0,0.0,49.075,39.7625,55.1187,,,
2025-06-09 15:00:00,264.4562,309.875,120.7375,51.0938,290.85,39.0812,289.7188,289.7812,5.5453,5.5531,5.9172,6.2641,-0.7217,-1.81,12.7784,12.702,11.8228,1.4347,1.4609,0.8483,0.8536,30.45,0.754,269.7,1.0,0.0,49.0875,39.6437,56.6187,,,
2025-06-09 15:30:00,417.6687,326.375,112.7875,50.95,295.525,37.9813,304.2188,304.3125,3.9953,4.1266,4.5,5.2266,-0.9474,-2.7555,13.8996,13.8037,12.4872,2.4422,2.4624,1.1517,1.1456,30.7125,5.164,257.04,1.0,0.0,49.1125,39.5687,25.7812,,,
2025-06-09 16:00:00,416.9249,334.0938,116.1375,50.625,304.925,37.775,313.1562,313.2188,3.7062,4.0578,4.2375,5.1312,-0.8665,-2.674,13.7517,13.6624,12.4426,2.3727,2.3994,1.1452,1.1493,29.9937,9.467,278.82,1.0,1.0,48.8937,39.4625,31.4625,,,
2025-06-09 16:30:00,417.0312,332.375,116.9,50.5125,304.625,38.125,312.9688,313.0,3.9641,4.2828,4.5266,5.4828,-0.9728,-2.7355,13.8395,13.7371,12.4774,2.2349,2.2576,1.0542,1.048,29.925,0.654,294.36,1.0,1.0,48.8625,39.4937,30.6625,,,
2025-06-09 17:00:00,416.6062,331.9688,116.6625,50.2375,303.5,38.225,312.0938,312.0625,3.8344,4.2531,4.7188,5.4594,-0.8858,-2.6465,13.8298,13.7339,12.42,2.2944,2.318,1.0824,1.0889,30.5687,0.68,295.44,1.0,1.0,48.8375,39.3562,31.375,,,
2025-06-09 17:30:00,418.2,336.125,117.2,50.0375,304.85,38.0062,313.4688,313.5625,3.9578,4.0859,4.3125,5.0797,-0.8582,-2.662,14.0199,13.9224,12.5245,2.3639,2.4007,1.1487,1.1504,31.5,0.768,308.1,1.0,1.0,49.0312,39.2687,32.65,,,
2025-06-09 18:00:00,417.35,337.6562,117.3,50.0,305.775,38.0,314.5312,314.6562,3.9141,4.4422,5.0078,5.2219,-0.8818,-2.6905,13.8639,13.7778,12.5403,2.3473,2.3793,1.1373,1.1259,28.9062,0.922,308.48,1.0,1.0,49.125,39.1687,31.4937,,,
2025-06-09 18:30:00,416.3937,335.9375,117.025,51.0,304.275,38.6125,313.1875,313.2188,3.6906,4.4875,4.8484,5.0172,-0.8114,-2.587,13.9354,13.8314,12.5595,2.3302,2.3626,1.1362,1.1441,29.475,2.867,307.06,1.0,0.0,48.9688,39.1312,26.7,,,
2025-06-09 19:00:00,417.1375,336.4375,115.3875,49.7625,304.15,37.175,313.0625,313.0938,3.6578,3.9922,4.4359,4.9719,-0.8971,-2.6255,13.9419,13.846,12.4634,2.1421,2.1666,0.9879,0.9979,29.9188,3.025,304.78,1.0,0.0,49.1625,39.0312,36.975,,,
2025-06-09 19:30:00,417.0312,338.1875,116.825,49.5375,306.075,36.9688,314.2812,314.4062,3.775,4.2766,4.625,5.1859,-0.8354,-2.6225,14.1336,14.0394,12.7137,2.1658,2.1933,1.0469,1.0437,29.5375,2.948,304.04,1.0,0.0,49.6812,38.9188,38.8937,,,
2025-06-09 20:00:00,416.2875,335.4688,116.9,49.6812,305.175,37.0,313.5938,313.6562,3.9688,4.0938,4.3531,5.4578,-0.8704,-2.6385,14.0865,14.002,12.6217,2.1522,2.1767,1.0161,1.0318,28.9062,0.816,290.86,1.0,0.0,44.4625,38.8438,39.6062,,,
2025-06-09 20:30:00,416.6062,336.1875,117.85,48.625,306.625,35.8,314.2188,314.1875,3.8438,4.0266,4.3672,5.2844,-0.919,-2.7145,13.9549,13.8606,12.4907,2.1141,2.1399,0.973,0.9697,29.975,0.801,283.34,1.0,0.0,48.1812,38.9562,44.95,,,
2025-06-09 21:00:00,417.0312,336.5938,118.45,48.3812,307.15,35.5312,314.1562,314.2812,3.8719,4.3859,4.4156,4.975,-0.8494,-2.6985,14.2262,14.1401,12.6946,2.1557,2.1784,1.0402,1.0476,29.4,0.925,278.6,1.0,1.0,44.1687,38.9875,46.3125,,,
2025-06-09 21:30:00,416.075,338.4375,119.15,48.4937,308.125,35.7812,315.25,315.3438,4.1094,4.0938,4.3156,4.8562,-0.9168,-2.752,14.0898,13.976,12.6082,2.1207,2.1439,0.9704,0.9863,29.4562,0.809,275.38,1.0,1.0,47.3062,39.0062,43.4812,,,
2025-06-09 22:00:00,416.5,337.2812,118.55,49.0187,307.3,36.85,314.9062,314.9688,3.9219,3.9781,4.3344,5.2047,-0.9378,-2.7095,14.1482,14.0589,12.6452,2.0949,2.1202,0.9435,0.9428,28.9,0.735,290.18,1.0,1.0,49.8438,38.95,40.6125,,,
2025-06-09 22:30:00,415.7562,339.8125,118.0125,48.6875,308.15,36.0875,315.9375,315.9688,3.7172,4.0422,4.4922,5.1344,-0.8302,-2.639,14.0442,13.9321,12.5273,2.2169,2.2454,1.0437,1.0395,29.025,0.568,291.56,1.0,1.0,45.525,38.8875,40.9688,,,
2025-06-09 23:00:00,415.8624,337.25,117.575,48.4562,306.5,35.65,314.3125,314.2812,3.9344,4.2484,4.6,5.1266,-0.8324,-2.663,14.1239,14.0329,12.6785,2.1771,2.2025,1.0557,1.0633,29.2812,0.763,298.58,1.0,1.0,48.7312,38.8812,43.5375,,,
2025-06-09 23:30:00,416.3937,331.0,117.65,48.3812,303.775,35.4062,310.9688,311.0312,3.8031,4.2375,4.7031,5.1453,-0.8512,-2.6635,14.3562,14.2506,12.7462,2.108,2.1347,1.0132,1.0174,30.6125,2.858,304.68,1.0,0.0,43.1125,38.9688,47.5625,,,
2025-06-10 00:00:00,416.5,330.5,118.4,48.0375,304.225,35.0312,310.0312,310.125,3.7312,4.2047,4.5687,4.8797,-0.8958,-2.714,14.184,14.0979,12.6491,2.0494,2.073,0.9739,0.9726,30.0938,2.927,303.86,1.0,0.0,47.6125,38.9562,52.2437,,,
2025-06-10 00:30:00,328.8438,327.9062,129.0625,47.8312,309.8,35.2188,304.5312,304.625,5.2719,5.3266,5.7781,6.1719,-0.8144,-2.2665,13.4137,13.3228,12.153,1.4154,1.4347,0.7398,0.7422,28.7938,0.875,317.98,1.0,0.0,45.6437,38.8812,75.1375,,,
2025-06-10 01:00:00,376.2312,323.3125,120.4375,48.4375,300.375,35.6562,301.5625,301.6562,4.3844,4.5781,4.9047,5.4953,-0.8608,-2.531,14.0637,13.9565,12.5473,1.7768,1.7969,0.8792,0.8903,29.7125,0.829,300.16,1.0,0.0,47.3937,39.0687,65.9625,,,
2025-06-10 01:30:00,421.0687,325.2812,116.6875,49.3937,299.675,36.3375,306.0938,306.1562,3.9953,4.3797,4.4266,4.9562,-0.9054,-2.752,14.7706,14.665,12.9225,2.0796,2.1014,0.9599,0.9568,30.5812,0.723,305.3,1.0,0.0,47.4688,39.175,47.3812,,,
2025-06-10 02:00:00,420.5375,332.4688,118.45,49.0812,303.375,36.1937,309.8125,309.9375,3.8312,4.5297,4.4562,5.0953,-0.9256,-2.817,14.7544,14.6585,13.0704,2.2051,2.2353,1.0288,1.0294,30.6,0.95,308.38,1.0,1.0,47.0687,39.1875,47.1312,,,
2025-06-10 02:30:00,420.1124,329.5938,117.6625,49.4812,302.825,36.5812,309.625,309.6875,3.8484,4.1281,4.4078,5.2047,-0.9781,-2.808,14.4342,14.3335,12.8633,2.0472,2.0756,0.9205,0.9262,28.3125,0.889,292.64,1.0,1.0,49.5187,39.2812,47.7125,,,
2025-06-10 03:00:00,419.475,329.9062,117.1125,50.0812,302.4,37.2188,309.75,309.8125,3.6922,3.9594,4.3531,5.1547,-0.8569,-2.6615,14.4164,14.3124,12.7515,2.1448,2.1701,1.0069,0.9979,29.3563,0.789,284.16,1.0,1.0,44.1562,39.2312,44.6687,,,
2025-06-10 03:30:00,419.9,331.375,116.8,52.2312,302.0,38.9312,310.1562,310.1875,3.7953,4.1078,4.4437,5.3094,-0.8512,-2.6775,14.5951,14.5106,12.9158,2.2292,2.2633,1.0616,1.0563,28.6562,0.862,278.74,1.0,1.0,48.1,39.2188,35.65,,,
2025-06-10 04:00:00,419.7937,332.2812,115.6375,52.225,302.0,39.4437,310.8125,310.9062,3.7594,4.0234,4.4859,5.1187,-0.912,-2.752,14.2344,14.1369,12.7214,2.2187,2.2519,1.0185,1.0176,29.9813,8.629,298.52,1.0,0.0,49.95,39.2562,31.45,,,
2025-06-10 04:30:00,419.6875,334.0312,115.8125,52.1625,302.75,39.5,311.75,311.8125,3.9516,4.1937,4.3875,5.1281,-0.9094,-2.7425,14.3091,14.2181,12.6478,2.2301,2.2712,1.0244,1.0314,29.0125,7.907,305.58,1.0,0.0,46.2188,39.2937,27.0438,,,
2025-06-10 05:00:00,420.9625,329.5625,114.75,52.1687,300.3,39.5812,309.2812,309.3438,3.9203,4.3922,4.8234,5.3297,-0.8748,-2.672,14.2977,14.2019,12.6901,2.213,2.2388,1.0279,1.0237,30.4875,13.248,310.02,1.0,0.0,49.8687,39.3937,26.325,,,
2025-06-10 05:30:00,419.5812,328.1875,114.5625,51.9688,299.8,39.4062,308.8125,308.875,3.7125,4.5125,4.5312,4.8219,-0.8617,-2.66,14.2035,14.1157,12.6424,2.2248,2.2581,1.0467,1.0314,29.9562,5.614,307.2,1.0,0.0,46.6,39.4375,29.8812,,,
2025-06-10 06:00:00,419.5812,327.1875,113.825,51.575,298.275,39.1375,307.1875,307.1875,3.6734,4.1062,4.1031,4.8906,-0.7794,-2.548,14.3904,14.327,12.7821,2.1653,2.2012,1.0209,1.0351,27.9625,0.859,291.74,1.0,0.0,50.375,39.4937,35.4188,,,
2025-06-10 06:30:00,390.6813,321.2812,118.85,51.5062,298.55,39.2687,303.6562,303.7188,3.95,4.4078,4.7,5.5281,-0.8599,-2.4915,13.6803,13.5828,12.4054,1.9404,1.9667,0.9413,0.9268,29.4562,0.846,283.5,1.0,1.0,47.3438,39.5687,48.0875,,,
2025-06-10 07:00:00,392.275,321.4375,118.2375,51.4875,298.1,39.2312,303.1875,303.2188,4.0703,4.3328,4.5562,5.5891,-0.8267,-2.4655,13.6526,13.5437,12.292,1.9531,1.9741,0.9533,0.9551,30.4813,0.914,279.32,1.0,1.0,43.8125,39.5625,49.6812,,,
2025-06-10 07:30:00,418.7312,326.4062,114.975,51.4937,298.675,39.15,306.5938,306.75,3.9375,4.5031,4.4734,5.0687,-0.8949,-2.6655,14.2311,14.1418,12.6681,2.1684,2.2012,1.0095,1.0122,29.85,3.815,281.56,1.0,1.0,48.7812,39.5625,37.4875,,,
2025-06-10 08:00:00,419.6875,327.5312,114.95,51.5375,298.55,39.2437,306.9688,307.0625,3.7422,4.45,4.7703,5.1672,-0.9072,-2.65,14.0247,13.9305,12.6485,2.1307,2.1601,0.9785,0.9625,30.525,0.873,288.02,1.0,1.0,45.0375,39.5625,35.275,,,
2025-06-10 08:30:00,419.475,326.8125,115.0375,51.9125,298.4,39.5625,306.875,306.9375,3.8031,4.2469,4.5703,5.1297,-0.8411,-2.6,14.0946,13.9971,12.6472,2.2196,2.2489,1.0456,1.0485,29.4062,2.762,279.3,1.0,1.0,50.0,39.6187,34.275,,,
2025-06-10 09:00:00,419.7937,329.0938,115.05,52.2,299.15,39.925,308.0312,308.0625,3.7078,4.1797,4.525,5.1719,-0.8507,-2.594,14.0898,14.0036,12.5803,2.1863,2.2117,1.0111,1.0104,28.4312,2.906,303.84,1.0,0.0,47.0875,39.5938,29.475,,,
2025-06-10 09:30:00,418.5187,329.0312,114.575,52.425,299.0,40.3,308.0938,308.125,4.1047,4.2,4.4953,5.4219,-0.8604,-2.621,14.028,13.9321,12.609,2.2729,2.3027,1.0592,1.0629,29.3438,2.868,302.32,1.0,0.0,44.2937,39.6875,26.7062,,,
2025-06-10 10:00:00,418.3063,328.5938,114.3,52.7937,298.75,40.6187,308.0312,308.0625,3.7062,3.9672,4.1344,5.2453,-0.9264,-2.6485,14.0833,13.989,12.6158,2.1937,2.2174,0.9527,0.9642,29.0875,0.87,300.16,1.0,0.0,49.0625,39.6562,23.8375,,,
2025-06-10 10:30:00,419.1562,329.1562,114.0125,52.7188,298.775,40.5687,308.1875,308.2188,3.7453,4.0594,4.3453,5.1375,-0.8556,-2.5655,14.028,13.9321,12.5495,2.2476,2.2795,1.0332,1.0399,30.1688,0.79,282.88,1.0,0.0,45.2812,39.6562,23.5625,,,
2025-06-10 11:00:00,418.3063,329.3125,113.925,52.8125,299.125,40.4812,308.4688,308.4688,3.9641,4.1578,4.4703,5.5094,-0.8411,-2.5935,14.0004,13.9012,12.6268,2.2336,2.2589,1.034,1.0373,29.4937,0.8,272.66,1.0,0.0,50.3312,39.7125,23.65,,,
2025-06-10 11:30:00,413.8438,329.8438,113.9875,52.9,299.5,40.65,308.9062,308.9375,3.8578,4.1609,4.4453,5.3875,-0.8538,-2.5715,13.9841,13.8866,12.5546,2.2659,2.2966,1.0507,1.0456,29.3438,0.875,265.74,1.0,1.0,47.6687,39.7937,21.4812,,,
2025-06-10 12:00:00,262.1188,309.9062,126.6625,52.8687,295.925,41.65,294.25,294.2188,5.0797,5.0281,5.3375,5.8281,-0.6355,-1.6515,12.8434,12.754,11.7727,1.2881,1.3139,0.73,0.7311,29.95,0.714,254.1,1.0,1.0,44.5125,39.7812,39.25,,,
2025-06-10 12:30:00,264.2438,312.1562,117.6625,52.7,290.25,41.625,291.6875,291.7812,5.2984,5.4312,5.5906,6.1609,-0.6009,-1.6865,12.7946,12.7085,11.8038,1.4723,1.5029,0.8892,0.8796,28.3375,0.799,248.38,1.0,1.0,49.6375,39.825,46.0375,,,
2025-06-10 13:00:00,419.5812,320.7812,111.1625,52.3,288.85,40.2437,298.3438,298.4375,3.6437,3.7906,4.1422,5.0344,-0.9348,-2.713,14.171,14.0719,12.679,2.3736,2.3963,1.0329,1.0456,30.6063,0.722,246.44,1.0,1.0,46.4875,39.8438,16.125,,,
2025-06-10 13:30:00,419.1562,332.9375,113.1625,52.0875,300.45,40.0062,309.4375,309.5,4.0578,4.2359,4.6016,5.4594,-0.8639,-2.6,13.885,13.8606,12.5071,2.2812,2.3079,1.0612,1.0741,30.0625,2.18,265.4,1.0,1.0,45.9125,39.85,25.6437,,,
2025-06-10 14:00:00,418.8375,333.9688,114.8,52.7188,302.125,40.5312,311.4688,311.5625,3.6578,4.1141,4.5938,5.3141,-0.8455,-2.6095,14.0898,13.9874,12.6657,2.269,2.2931,1.0531,1.0568,29.9688,2.929,289.08,1.0,0.0,48.0125,39.8375,20.8375,,,
2025-06-10 14:30:00,419.3688,334.3438,114.825,52.8375,302.825,40.7062,312.25,312.3125,3.7297,4.0625,4.4453,5.1922,-0.8984,-2.6385,13.7859,13.6981,12.4783,2.2598,2.2804,1.0049,1.0222,29.7188,2.825,296.08,1.0,0.0,44.0125,39.7937,15.8375,,,
2025-06-10 15:00:00,419.0499,335.0312,114.6375,52.7312,303.4,40.65,313.0625,313.0938,3.7422,4.0766,4.4406,5.2828,-0.9081,-2.745,13.7729,13.6786,12.3245,2.2904,2.3224,1.0205,1.031,27.775,5.152,300.62,1.0,0.0,49.3625,39.7875,11.4812,,,
2025-06-10 15:30:00,419.3688,336.2812,113.775,52.7,302.925,40.5375,313.0,313.0938,3.7812,4.3875,4.8156,5.3297,-0.8324,-2.587,13.9955,13.8883,12.5844,2.3307,2.3583,1.0813,1.0699,29.9375,0.687,286.6,1.0,0.0,46.3062,39.7937,8.9875,,,
2025-06-10 16:00:00,420.325,336.9688,113.8,52.6875,303.35,40.5312,313.5938,313.7188,3.7859,4.4609,4.7703,5.25,-0.8604,-2.616,13.8086,13.7014,12.4225,2.3639,2.3981,1.0962,1.0907,29.4312,0.786,274.86,1.0,1.0,44.925,39.7062,9.0875,,,
2025-06-10 16:30:00,419.0499,335.8125,113.6875,52.3187,303.15,40.2188,313.2812,313.3125,3.8969,4.3875,4.7312,5.1016,-0.8433,-2.6075,13.7826,13.6705,12.3732,2.3771,2.4051,1.1167,1.1259,29.4437,0.849,280.34,1.0,1.0,49.1375,39.75,10.7375,,,
2025-06-10 17:00:00,418.9437,336.9688,113.9875,52.1687,304.125,39.7687,314.125,314.2188,3.5156,4.2531,4.5625,5.1844,-0.856,-2.6075,13.9338,13.833,12.5482,2.3027,2.3364,1.0714,1.0756,28.85,0.821,275.36,1.0,1.0,46.4125,39.9437,13.8875,,,
2025-06-10 17:30:00,417.9874,338.25,114.275,52.0812,305.0,39.7562,314.875,314.9688,3.6594,4.1984,4.5437,5.4141,-0.8223,-2.587,13.9581,13.8622,12.5265,2.3036,2.3329,1.0933,1.0881,30.425,0.788,272.94,1.0,1.0,44.4187,39.975,14.3937,,,
2025-06-10 18:00:00,419.0499,338.1875,114.5,52.675,305.0,40.2687,315.125,315.2188,3.7672,4.3641,4.5719,5.2531,-0.9019,-2.6505,13.9386,13.8363,12.502,2.3281,2.3618,1.0826,1.0828,29.1625,0.765,271.38,1.0,1.0,49.2875,39.975,11.8687,,,
2025-06-10 18:30:00,418.9437,337.9062,114.5,52.825,305.0,40.325,315.25,315.2812,3.7937,4.3,4.6922,5.5781,-0.8276,-2.579,13.8135,13.7127,12.3758,2.3372,2.3784,1.1012,1.1027,29.0562,3.169,291.42,1.0,0.0,47.0938,40.0625,8.65,,,
2025-06-10 19:00:00,418.3063,339.5625,113.7625,52.7188,305.425,39.9437,315.9375,315.9688,3.6312,4.2641,4.5047,5.2484,-0.8971,-2.7045,14.1369,14.0556,12.6949,2.2686,2.3009,1.0305,1.0308,29.8312,3.139,297.68,1.0,0.0,44.2875,40.1625,10.9875,,,
2025-06-10 19:30:00,418.5187,339.875,114.325,52.6187,306.1,40.05,316.5312,316.5625,3.6812,4.0719,4.5,5.1766,-0.8678,-2.6315,14.0199,13.9175,12.6328,2.3066,2.3359,1.0629,1.0609,28.4375,2.954,300.6,1.0,0.0,49.7625,40.2625,9.2062,,,
2025-06-10 20:00:00,418.0938,339.4688,114.05,52.3562,305.9,39.825,316.4688,316.5312,3.5047,4.2188,4.625,5.3,-0.8862,-2.6365,13.9077,13.8037,12.4543,2.2865,2.3197,1.0557,1.0651,30.5625,0.842,287.62,1.0,0.0,47.1062,40.3562,10.2437,,,
2025-06-10 20:30:00,417.6687,340.4688,114.325,52.175,306.75,39.6,317.1562,317.1875,3.5797,4.2266,4.7812,5.3297,-0.8599,-2.6315,14.0394,13.9386,12.5821,2.2922,2.3202,1.0738,1.0852,29.4188,0.804,280.54,1.0,0.0,44.9375,40.4875,12.325,,,
2025-06-10 21:00:00,419.1562,343.0625,115.0125,51.1312,308.675,38.8,318.6562,318.7812,3.8187,4.5047,4.5203,5.0484,-0.8472,-2.633,13.9858,13.8964,12.5542,2.3355,2.3683,1.1036,1.0975,28.525,0.831,276.3,1.0,1.0,50.6,40.5062,15.6,,,
2025-06-10 21:30:00,418.9437,343.6562,115.3875,51.0875,309.35,38.4937,319.1562,319.2188,3.6031,4.3547,4.5234,5.2578,-0.9068,-2.6785,13.7371,13.6331,12.3577,2.2913,2.3171,1.0579,1.0568,30.0438,0.763,273.6,1.0,1.0,48.3062,40.625,16.4375,,,
2025-06-10 22:00:00,418.7312,343.9688,115.675,51.0687,309.875,38.1375,319.5938,319.6875,3.575,4.2766,4.4031,5.2234,-0.8551,-2.652,13.8379,13.7306,12.4565,2.3197,2.3469,1.0887,1.0804,29.7562,0.824,271.82,1.0,1.0,45.6,40.6687,17.6375,,,
2025-06-10 22:30:00,418.3063,344.1562,115.925,50.95,310.375,38.15,320.0625,320.0938,3.5531,4.2266,4.5797,5.1859,-0.8547,-2.64,13.8314,13.7371,12.4407,2.3071,2.3359,1.0878,1.0889,29.9312,3.839,279.92,1.0,1.0,46.4187,40.7437,16.1875,,,
2025-06-10 23:00:00,419.2625,344.1562,115.7375,50.75,310.425,37.7938,320.0625,320.125,3.6203,4.0969,4.4516,5.0703,-0.8827,-2.6685,13.6412,13.5437,12.2935,2.3211,2.3569,1.0795,1.087,29.9125,4.028,287.94,1.0,1.0,49.0125,40.9062,18.2437,,,
2025-06-10 23:30:00,417.1375,339.875,115.525,50.95,308.15,38.125,317.7812,317.8438,3.7984,4.2188,4.5453,4.9562,-0.8184,-2.641,13.8899,13.7891,12.4925,2.3364,2.3653,1.1143,1.1137,31.4875,11.378,304.06,1.0,0.0,46.3562,40.9062,18.8375,,,
2025-06-11 00:00:00,418.9437,337.1562,115.6375,51.725,306.5,39.1937,315.8125,315.875,3.6687,4.0469,4.2312,4.9219,-0.9085,-2.743,13.8525,13.7599,12.4565,2.2651,2.297,1.0235,1.0237,28.8875,8.315,308.2,1.0,0.0,44.3,40.9625,15.4562,,,
2025-06-11 00:30:00,330.5437,331.6562,123.75,51.7062,307.5,39.6812,309.6875,309.75,5.1375,4.9234,5.2297,5.6922,-0.8193,-2.3025,13.0579,12.9539,11.8246,1.7987,1.8293,0.9126,0.9058,28.3312,17.841,316.2,1.0,0.0,49.075,41.0625,41.2125,,,
2025-06-11 01:00:00,374.7438,329.2188,116.875,51.7687,300.625,39.525,307.6875,307.7188,4.2422,4.6656,4.9266,5.6328,-0.7943,-2.466,13.4836,13.3715,12.2546,2.08,2.1084,1.0531,1.0684,29.9312,5.759,313.46,1.0,0.0,46.3937,41.0687,36.8438,,,
2025-06-11 01:30:00,269.025,316.6562,125.75,51.5938,299.575,40.125,298.1562,298.1875,5.1859,5.0734,5.1984,5.8172,-0.7134,-1.839,12.7329,12.6565,11.8396,1.4216,1.4517,0.814,0.8122,28.9062,16.063,283.22,1.0,0.0,44.7875,41.0938,40.5437,,,
2025-06-11 02:00:00,269.6625,315.5938,118.45,51.4125,293.275,39.9062,293.9688,294.0312,5.1781,5.2172,5.5672,6.1516,-0.6552,-1.7245,12.7052,12.6175,11.7367,1.4404,1.4771,0.8741,0.863,28.7313,0.797,276.06,1.0,1.0,48.95,40.9937,50.3812,,,
2025-06-11 02:30:00,269.025,315.0938,119.75,51.2125,292.85,39.7812,293.0,293.0625,5.5094,5.4266,5.7703,6.2609,-0.6477,-1.7775,12.871,12.7914,11.8862,1.4854,1.5134,0.8958,0.9032,29.9188,0.828,267.76,1.0,1.0,45.5312,41.0125,53.875,,,
2025-06-11 03:00:00,268.9187,305.0312,119.6125,51.4,288.3,39.9437,287.5625,287.5625,5.4141,5.3438,5.525,5.9828,-0.7003,-1.8055,12.8401,12.7556,11.8395,1.3905,1.4154,0.8177,0.8177,28.8937,0.748,262.0,1.0,1.0,50.1312,40.9187,56.35,,,
2025-06-11 03:30:00,269.6625,311.0,120.2125,51.2125,290.6,39.8375,289.1875,289.3125,5.2094,5.1359,5.8766,6.3469,-0.6736,-1.8005,12.8807,12.7897,11.7474,1.4041,1.4329,0.8317,0.8426,28.3125,0.762,260.46,1.0,1.0,47.125,40.8812,58.6375,,,
2025-06-11 04:00:00,270.4062,311.125,120.7875,50.6562,291.625,39.3812,290.125,290.1875,5.6406,5.4875,5.4484,6.2812,-0.6167,-1.7705,12.8336,12.7638,11.8355,1.4601,1.4797,0.8776,0.8693,29.525,3.087,269.4,1.0,0.0,43.25,40.7687,58.9937,,,
2025-06-11 04:30:00,270.0875,309.5312,120.9125,50.4187,291.025,39.0875,289.25,289.2812,5.6844,5.5516,5.3953,6.2891,-0.6355,-1.76,12.8369,12.7556,11.8292,1.4084,1.4373,0.854,0.8448,30.05,3.092,273.02,1.0,0.0,48.0625,40.625,61.2062,,,
2025-06-11 05:00:00,269.1312,310.375,121.325,50.2875,291.725,38.9312,289.375,289.4688,5.3719,5.2219,5.2734,6.45,-0.6644,-1.7935,12.7686,12.689,11.7572,1.3879,1.415,0.828,0.8286,29.4062,2.984,274.5,1.0,0.0,42.8062,40.45,61.6,,,
2025-06-11 05:30:00,269.2374,310.5312,121.3375,50.2375,292.05,38.9,289.7812,289.875,5.2766,5.4094,5.8125,6.4734,-0.6434,-1.774,13.04,12.9457,11.9031,1.4049,1.4325,0.8337,0.8293,28.9562,0.831,264.98,1.0,0.0,47.7812,40.3312,61.6562,,,
2025-06-11 06:00:00,269.45,312.1562,121.675,50.2562,293.125,38.8875,290.8438,290.9375,5.4312,5.3328,5.625,6.3422,-0.6946,-1.831,13.0416,12.9522,11.9078,1.3424,1.3708,0.7873,0.7886,28.8937,0.86,258.36,1.0,0.0,44.6312,40.125,60.6687,,,
2025-06-11 06:30:00,269.3438,312.4062,121.45,50.4562,293.025,39.0375,291.0312,291.0938,5.5312,5.2562,5.4828,6.2031,-0.6998,-1.819,12.9653,12.884,11.8537,1.3467,1.3765,0.7823,0.7794,27.7625,0.78,255.08,1.0,1.0,46.9125,39.9937,59.7437,,,
2025-06-11 07:00:00,269.2374,312.2188,121.325,50.2,293.5,38.8563,291.4375,291.5,5.3953,5.1516,5.6359,6.3469,-0.6604,-1.7855,12.9051,12.8531,11.76,1.3778,1.4076,0.8118,0.81,28.525,0.818,254.0,1.0,1.0,49.8875,39.825,60.7125,,,
2025-06-11 07:30:00,420.6437,331.125,113.925,50.1625,297.9,37.7562,306.7812,306.875,3.7375,4.3703,4.4828,4.8969,-0.8599,-2.7365,14.5675,14.4684,12.9913,2.3841,2.416,1.1298,1.1233,29.35,5.54,256.52,1.0,1.0,45.6187,39.6,27.1,,,
2025-06-11 08:00:00,418.9437,348.3125,117.0,50.3062,311.3,37.8187,320.25,320.3438,3.5844,4.4031,4.6,5.2578,-0.9046,-2.761,14.4879,14.4066,12.9284,2.2996,2.3162,1.0559,1.0563,29.6812,5.383,272.84,1.0,1.0,48.875,39.45,29.4062,,,
2025-06-11 08:30:00,419.7937,350.5938,117.025,50.4625,312.45,38.0625,322.0312,322.1562,3.7609,4.2672,4.2328,4.7469,-0.8836,-2.682,14.2181,14.1092,12.7489,2.3005,2.3355,1.0776,1.0782,29.4062,0.734,263.34,1.0,1.0,42.5187,39.2562,24.3875,,,
2025-06-11 09:00:00,418.9437,355.2812,117.5875,51.075,315.1,38.5687,324.8125,324.9375,3.875,4.2937,4.7016,4.9312,-0.8827,-2.7205,14.4212,14.3205,12.8103,2.3197,2.3482,1.0756,1.0828,29.3687,2.957,303.92,1.0,0.0,47.0812,39.1875,14.3062,,,
2025-06-11 09:30:00,419.1562,357.9688,117.675,50.5875,318.025,38.3,327.4375,327.4688,3.5719,4.4688,4.2656,4.8047,-0.9527,-2.75,14.1092,14.0052,12.7486,2.2712,2.2948,1.0012,1.0052,29.4125,2.893,307.46,1.0,0.0,49.5625,38.9875,5.6313,,,
2025-06-11 10:00:00,417.9874,357.1562,116.2375,51.1312,316.875,38.7313,326.8438,326.875,3.6516,4.5781,4.4531,4.9172,-0.961,-2.718,14.0556,13.9516,12.5449,2.2476,2.276,0.9988,1.0001,29.925,0.756,307.94,1.0,0.0,44.9375,38.9,0.975,,,
2025-06-11 10:30:00,417.8812,354.4688,115.325,51.35,314.225,38.9937,324.5,324.5938,3.7469,4.4406,4.4031,4.9859,-0.8634,-2.6635,14.2197,14.119,12.6588,2.3202,2.3539,1.0507,1.0636,30.6063,3.783,302.72,1.0,0.0,48.9937,38.8625,0.0,,,
2025-06-11 11:00:00,419.2625,345.5625,113.725,51.3312,307.925,39.0687,318.5,318.5312,4.0422,4.6703,4.1359,4.7609,-0.891,-2.62,14.1434,14.054,12.6169,2.2406,2.2712,1.029,1.0106,28.9,3.448,297.36,1.0,0.0,44.0375,38.7375,3.8062,,,
2025-06-11 11:30:00,418.8375,335.6875,112.0625,50.9187,301.65,38.7062,311.9375,312.0,4.0875,4.2734,4.1641,4.6234,-0.9269,-2.6815,14.158,14.0507,12.5786,2.2025,2.2301,0.9855,0.9809,29.4062,0.866,294.36,1.0,1.0,48.55,38.65,14.3062,,,
2025-06-11 12:00:00,266.1562,310.5938,125.4875,51.1,296.95,39.8937,294.8438,294.9062,5.3031,5.4656,5.3406,5.7625,-0.6631,-1.688,12.8092,12.7946,11.7182,1.2159,1.2439,0.6665,0.6665,29.4125,0.797,275.84,1.0,1.0,42.75,38.6063,45.9688,,,
2025-06-11 12:30:00,422.45,318.3438,113.6125,51.2625,288.375,39.0437,297.7812,297.8438,4.1172,4.4,4.3047,5.1297,-0.9536,-2.9255,14.6162,14.5171,12.9546,2.5893,2.6181,1.1651,1.1699,29.925,0.87,270.4,1.0,1.0,47.7125,38.5187,13.8438,,,
2025-06-11 13:00:00,419.1562,336.25,113.0,51.1812,301.65,38.8812,310.6562,310.7812,3.8922,4.2391,4.1016,4.6969,-0.8739,-2.6245,14.3026,14.2116,12.6946,2.2336,2.2603,1.0393,1.0391,28.8187,0.773,288.34,1.0,1.0,50.2,38.4688,31.45,,,
2025-06-11 13:30:00,420.5375,335.9062,114.725,51.2812,303.05,38.9562,312.0938,312.1562,3.8828,4.2469,4.3297,5.0938,-0.9041,-2.679,14.3546,14.275,12.6447,2.2082,2.2379,1.0275,1.0268,28.3125,2.471,287.8,1.0,1.0,46.1875,38.3812,32.1688,,,
2025-06-11 14:00:00,419.3688,335.9688,115.2,51.275,303.75,39.0875,312.8438,312.875,3.7656,4.2203,4.5312,5.1781,-0.9173,-2.6905,14.2002,14.093,12.7312,2.1876,2.2178,1.015,1.0069,29.4125,2.982,298.48,1.0,0.0,49.5062,38.25,32.1312,,,
2025-06-11 14:30:00,420.1124,334.9688,115.2125,51.7312,303.6,39.375,312.75,312.8125,3.7312,4.3156,4.4797,5.25,-0.9072,-2.7005,14.1759,14.0686,12.6654,2.2091,2.2379,0.9931,0.9997,29.4062,2.97,301.36,1.0,0.0,44.725,38.2875,29.4625,,,
2025-06-11 15:00:00,419.0499,333.9062,114.575,51.9187,302.775,39.6437,312.3438,312.4062,3.9141,4.0297,4.275,4.9703,-0.8604,-2.6055,14.1677,14.0865,12.5988,2.1902,2.2169,1.0148,1.0025,29.45,0.856,293.86,1.0,0.0,49.0062,38.1937,28.3187,,,
2025-06-11 15:30:00,421.2812,333.9375,114.375,51.8125,302.95,39.5062,312.6562,312.75,3.9234,4.3406,4.6312,5.1812,-0.8184,-2.6025,14.2734,14.1759,12.7814,2.2725,2.3014,1.0588,1.0649,28.6562,0.927,285.38,1.0,0.0,43.8375,38.2125,28.9688,,,
2025-06-11 16:00:00,419.475,334.4375,114.65,51.5812,303.575,39.3125,313.0625,313.125,3.85,4.1906,4.4719,5.0,-0.8958,-2.651,14.2132,14.1255,12.6698,2.1609,2.1863,0.9778,0.9811,29.3937,0.912,280.56,1.0,1.0,48.4437,38.1562,29.7625,,,
2025-06-11 16:30:00,418.625,337.5,114.9125,51.5562,305.025,39.1625,314.5938,314.6875,3.9719,4.0969,4.15,5.0859,-0.9466,-2.7365,14.1255,14.0117,12.5549,2.1972,2.2239,0.9835,0.9793,29.475,0.747,276.92,1.0,1.0,43.1062,38.1063,28.35,,,
2025-06-11 17:00:00,420.2188,336.0625,115.0625,51.2937,305.25,38.9188,314.9375,314.9375,3.8234,4.0109,4.0594,5.0406,-0.8245,-2.612,14.3026,14.1938,12.7805,2.269,2.2979,1.0756,1.09,29.3438,0.749,274.86,1.0,1.0,47.95,38.1375,27.95,,,
2025-06-11 17:30:00,420.0062,335.6875,115.2625,50.4062,305.9,38.2687,315.1562,315.25,3.6937,3.9828,4.2234,5.1859,-0.8932,-2.654,13.9484,13.8525,12.5289,2.2099,2.2362,1.0412,1.0305,29.3625,0.811,273.44,1.0,1.0,43.0187,38.1875,31.2562,,,
2025-06-11 18:00:00,419.2625,337.625,116.275,49.9187,307.65,37.7562,316.5,316.5938,3.6047,3.9922,4.3922,5.3766,-0.9002,-2.663,13.7192,13.6071,12.4104,2.2624,2.2917,1.0666,1.064,28.3187,0.858,272.28,1.0,1.0,47.4937,38.1688,31.9437,,,
2025-06-11 18:30:00,419.5812,337.3125,116.55,49.4875,308.05,37.3687,316.875,316.9375,3.8125,4.1516,4.425,5.2859,-0.8818,-2.664,13.8395,13.7517,12.3897,2.2572,2.2799,1.0684,1.0684,29.35,3.07,291.54,1.0,0.0,50.1562,38.1,32.65,,,
2025-06-11 19:00:00,420.325,339.2812,117.0625,48.7437,309.5,36.6625,317.8125,317.875,3.4781,4.1094,4.625,5.2219,-0.8599,-2.647,13.7209,13.6315,12.4474,2.2576,2.2795,1.0896,1.1018,29.3937,3.031,297.92,1.0,0.0,46.275,37.9188,35.7313,,,
2025-06-11 19:30:00,419.475,339.5312,117.7875,48.9,310.125,36.6562,318.2812,318.375,3.4875,3.8078,4.5375,5.4734,-0.9111,-2.686,13.6299,13.5957,12.328,2.2274,2.2511,1.0522,1.0544,29.4188,2.979,300.42,1.0,0.0,49.1125,37.8687,34.1812,,,
2025-06-11 20:00:00,419.1562,339.875,117.6125,48.9875,310.325,36.7375,318.7188,318.8438,3.6672,4.025,4.5031,5.4219,-0.8604,-2.6385,13.7192,13.6234,12.2885,2.2804,2.3088,1.1078,1.1274,30.3563,0.895,287.22,1.0,0.0,42.2687,37.75,34.25,,,
2025-06-11 20:30:00,418.5187,339.125,117.3625,48.7875,310.325,36.5875,318.8125,318.8438,3.8141,4.2922,4.5906,5.5078,-0.8044,-2.595,13.7176,13.6071,12.4178,2.2979,2.3228,1.1209,1.1259,29.1562,0.838,280.4,1.0,0.0,47.3187,37.5375,35.3875,,,
2025-06-11 21:00:00,420.325,339.625,117.55,49.1937,310.55,36.8875,319.0625,319.0938,3.6016,3.9719,4.2719,5.3031,-0.8984,-2.683,13.8655,13.7778,12.459,2.2379,2.2633,1.0651,1.0679,29.4188,0.761,276.22,1.0,1.0,49.5187,37.4937,33.6625,,,
2025-06-11 21:30:00,419.9,344.0625,118.7375,49.3937,312.275,37.0375,320.9375,321.0,3.9437,4.1906,4.5031,5.1156,-0.8569,-2.7135,13.9516,13.8541,12.46,2.4086,2.451,1.1705,1.1618,29.2,0.847,303.56,1.0,1.0,43.8187,37.4125,27.9437,,,
2025-06-11 22:00:00,419.0499,343.0938,117.1625,49.5812,311.825,37.2437,320.8438,320.9375,3.5172,4.2422,4.6922,5.2875,-0.9019,-2.692,13.8671,13.7745,12.4254,2.2563,2.2878,1.0644,1.0653,28.325,0.786,287.74,1.0,1.0,47.8937,37.2875,28.6437,,,
2025-06-11 22:30:00,419.7937,342.6562,118.025,49.9812,311.975,37.6875,321.1562,321.1875,3.3734,4.1359,4.4547,5.3812,-0.9588,-2.7695,13.5649,13.4674,12.2942,2.2891,2.3254,1.0445,1.0456,29.4188,5.001,299.72,1.0,1.0,49.9125,37.2375,22.625,,,
2025-06-11 23:00:00,420.6437,350.125,118.5375,50.1437,315.0,37.875,323.8438,323.9375,4.0172,4.2109,4.8312,5.4141,-0.8438,-2.699,13.8167,13.7371,12.4856,2.5101,2.5525,1.2278,1.2276,27.7313,0.778,310.06,1.0,1.0,45.5,37.075,15.3,,,
2025-06-11 23:30:00,418.9437,343.0,117.4,50.1375,311.35,37.7625,321.0312,321.0938,3.9344,4.5266,4.6687,5.3906,-0.8477,-2.66,13.6217,13.5243,12.3511,2.3893,2.4261,1.1377,1.1384,29.5187,3.031,308.52,1.0,0.0,48.9688,36.9937,11.3,,,
2025-06-12 00:00:00,420.2188,350.2812,117.3,50.2625,314.475,37.925,323.5312,323.625,4.0234,4.15,4.2453,5.3031,-0.8634,-2.67,13.5763,13.4788,12.2168,2.4541,2.4917,1.1622,1.1627,29.9813,2.908,310.54,1.0,0.0,43.1,36.975,9.2437,,,
2025-06-12 00:30:00,351.7937,337.25,122.425,50.125,310.9,38.0187,315.2812,315.4062,4.7359,4.9125,5.275,5.3016,-0.7676,-2.2345,13.0822,12.9864,11.9387,1.8087,1.8385,0.9223,0.9295,29.9625,0.831,310.38,1.0,0.0,47.9875,36.9062,39.7625,,,
2025-06-12 01:00:00,411.9313,331.4688,118.4875,49.95,301.75,37.4375,310.0625,310.1562,3.8203,4.3266,4.4437,5.2266,-0.9391,-2.7325,13.9224,13.8379,12.4659,2.3508,2.3744,1.0668,1.0749,28.9125,0.723,305.86,1.0,0.0,44.5687,36.9937,14.3625,,,
2025-06-12 01:30:00,447.8438,339.0,114.525,49.8375,304.125,37.2125,314.6562,314.75,3.8,4.2828,3.8,4.2812,-0.9881,-2.9845,13.6591,13.5372,12.3355,2.5661,2.6181,1.125,1.125,29.4625,0.75,300.44,1.0,0.0,47.1937,37.0187,11.25,,,
2025-06-12 02:00:00,445.825,346.25,118.0625,48.85,312.45,37.25,322.0625,322.1875,3.4234,4.2844,4.4078,4.7312,-0.8897,-2.7725,13.5145,13.3975,11.9778,2.22,2.2506,1.0222,1.0229,29.375,0.829,300.12,1.0,1.0,50.225,36.925,0.0062,,,
2025-06-12 02:30:00,444.3375,347.6562,120.1125,48.7937,315.225,37.2812,324.8125,324.875,3.4937,3.8875,4.1953,4.5656,-0.9116,-2.786,13.4072,13.2951,11.899,2.269,2.2952,1.0388,1.0369,29.4312,0.947,301.42,1.0,1.0,46.8812,37.0375,0.0,,,
2025-06-12 03:00:00,445.7188,344.875,119.2,48.8375,313.275,37.4688,323.4375,323.4375,3.7281,4.1984,4.5125,4.5,-0.9501,-2.8325,13.3,13.1781,11.7933,2.2244,2.2524,0.9979,0.9872,28.6937,0.843,296.18,1.0,1.0,49.825,36.9562,0.0,,,
2025-06-12 03:30:00,445.1875,343.625,118.4625,49.075,312.275,37.6312,322.6875,322.6562,3.9234,3.6172,3.9484,4.8578,-0.8529,-2.7495,13.5616,13.4576,12.0018,2.2812,2.3136,1.0688,1.059,27.8062,0.878,283.58,1.0,1.0,45.6312,36.975,0.0,,,
2025-06-12 04:00:00,427.4437,339.8125,120.7125,49.5312,311.2,37.8125,319.625,319.6562,4.8562,5.1062,4.9984,4.7094,-0.8564,-2.661,13.8005,13.6965,12.4319,2.4409,2.4891,1.1292,1.1268,29.9312,4.617,291.52,1.0,0.0,48.9312,36.9125,9.1562,,,
2025-06-12 04:30:00,264.5625,314.0,126.175,50.1375,300.325,38.7938,299.8438,299.875,5.1656,5.5406,5.4984,6.1656,-0.7121,-1.744,12.5395,12.5297,11.6725,1.2225,1.2505,0.6768,0.6777,30.3687,2.969,278.8,1.0,0.0,42.4812,36.8563,39.5875,,,
2025-06-12 05:00:00,449.4375,317.5,113.5375,50.0062,289.65,37.7437,298.4375,298.5,4.3156,4.2969,4.1922,3.7437,-0.9899,-3.1375,15.3118,15.2289,13.4631,2.9734,3.0189,1.3788,1.3797,29.375,3.006,292.86,1.0,0.0,47.45,36.85,0.0,,,
2025-06-12 05:30:00,446.25,338.2812,112.35,49.8687,304.5,37.3812,313.8125,313.9062,4.3734,4.6156,4.0531,3.975,-0.9212,-2.7985,14.3627,14.2474,12.7963,2.3946,2.4138,1.0736,1.0782,28.4625,0.856,283.88,1.0,0.0,49.6,36.8,15.225,,,
2025-06-12 06:00:00,313.4375,324.0312,128.675,49.9875,306.975,38.2188,305.2188,305.2812,4.8266,5.2016,5.2891,5.7594,-0.7676,-2.0335,12.8336,12.7475,11.8752,1.5178,1.5436,0.8032,0.8039,29.9813,0.805,291.08,1.0,0.0,43.4,36.675,43.625,,,
2025-06-12 06:30:00,266.475,307.1562,122.4,50.2937,291.875,38.8875,290.9062,290.9688,5.1516,5.7328,5.6109,6.0062,-0.6797,-1.754,12.8889,12.806,11.8068,1.331,1.3572,0.7842,0.7796,27.7437,0.85,268.72,1.0,1.0,47.5125,36.65,49.4375,,,
2025-06-12 07:00:00,266.6875,303.7812,120.1625,50.4062,287.7,39.0687,286.5938,286.5938,5.0719,5.5703,5.5266,6.0641,-0.6775,-1.771,12.8515,12.7816,11.8008,1.3651,1.3949,0.8225,0.8247,30.5687,0.878,273.84,1.0,1.0,49.2188,36.55,56.9187,,,
2025-06-12 07:30:00,267.0062,301.4688,120.4625,50.6437,286.65,39.3562,284.0312,284.0938,5.45,5.8766,5.7391,6.1859,-0.7007,-1.799,12.7361,12.6435,11.683,1.3179,1.3459,0.7779,0.7823,28.9937,0.854,265.18,1.0,1.0,42.6875,36.475,60.35,,,
2025-06-12 08:00:00,268.1749,300.7188,121.0625,50.8187,286.15,39.5437,282.9688,283.0312,5.3156,5.7141,5.6828,6.1812,-0.5974,-1.6995,12.9425,12.8369,11.8979,1.4128,1.4421,0.8693,0.8599,29.8812,1.883,262.2,1.0,1.0,46.4187,36.425,59.5437,,,
2025-06-12 08:30:00,365.6062,315.25,115.8125,51.0187,292.125,38.9875,294.5938,294.625,4.6687,4.7078,5.2203,5.2016,-0.8394,-2.39,13.5795,13.4869,12.2071,1.7982,1.8236,0.9229,0.9019,29.9813,0.812,260.1,1.0,1.0,48.7625,36.425,58.6875,,,
2025-06-12 09:00:00,449.9688,326.6875,116.4875,50.1687,298.25,38.675,305.9375,306.0312,3.9453,3.8281,4.5391,4.9562,-0.9938,-2.9275,13.5925,13.4999,11.8984,2.3049,2.3438,0.9993,0.9907,27.2375,2.953,289.9,1.0,0.0,50.1125,36.425,1.7375,,,
2025-06-12 09:30:00,429.9938,326.1562,118.175,50.7312,300.3,39.025,307.4062,307.5,4.8344,4.9062,4.7312,4.6312,-0.7352,-2.4965,13.586,13.4934,12.1817,2.4759,2.5127,1.1942,1.1968,29.9875,2.911,299.9,1.0,0.0,45.875,36.5375,4.8562,,,
2025-06-12 10:00:00,434.9874,317.4688,117.225,51.45,292.625,39.2437,300.0938,300.2188,4.4953,4.5906,4.3406,4.0703,-1.0354,-3.047,14.0995,14.0036,12.5245,2.4331,2.4597,1.0345,1.0345,29.3563,0.772,302.8,1.0,0.0,49.0125,36.475,0.0,,,
2025-06-12 10:30:00,448.9062,329.8438,114.8125,50.975,300.525,39.55,309.375,309.4062,3.925,3.6672,4.0453,4.4656,-0.9431,-2.8045,13.5275,13.4219,11.8806,2.1907,2.2156,0.9301,0.9404,29.025,0.775,286.36,1.0,0.0,42.8812,36.5625,0.0,,,
2025-06-12 11:00:00,426.0625,328.0938,118.3,51.6187,301.525,39.9062,309.1875,309.25,4.4969,4.8672,4.7828,4.5984,-0.7278,-2.506,13.9679,13.8704,12.3749,2.4576,2.5017,1.1646,1.1753,28.9125,0.76,277.12,1.0,0.0,47.7812,36.6063,4.875,,,
2025-06-12 11:30:00,264.1375,307.0625,125.1125,52.5938,296.4,41.275,295.0625,295.125,5.2641,4.8969,4.9516,5.5437,-0.6377,-1.7065,12.7654,12.6809,11.7822,1.3222,1.3476,0.7437,0.7322,28.3312,18.527,267.96,1.0,1.0,45.0187,36.7437,39.1,,,
2025-06-12 12:00:00,266.7937,302.375,117.3,52.5125,286.125,41.275,287.25,287.2812,5.0781,5.4656,5.1,5.7281,-0.6648,-1.7745,12.8271,12.7394,11.8056,1.4841,1.5152,0.87,0.8746,29.2938,5.919,278.72,1.0,1.0,47.3,36.9062,44.125,,,
2025-06-12 12:30:00,266.9,296.9062,117.525,52.5,283.05,41.625,282.625,282.6875,5.3391,5.7219,5.3625,6.0125,-0.7186,-1.832,12.8921,12.8044,11.7722,1.4255,1.4526,0.8312,0.8312,28.9688,11.13,275.64,1.0,1.0,50.2375,36.9813,52.025,,,
2025-06-12 13:00:00,267.2188,295.5938,117.875,52.625,281.625,41.5437,280.4062,280.4688,5.8922,5.6672,5.3687,5.7641,-0.66,-1.7145,12.6744,12.5996,11.7924,1.408,1.4364,0.8588,0.8538,30.5375,0.918,266.26,1.0,1.0,47.0,37.1063,55.1812,,,
2025-06-12 13:30:00,267.5375,294.7812,119.1625,51.2937,281.9,39.6437,279.3438,279.3438,5.0312,5.4594,5.4656,6.3766,-0.7134,-1.8215,12.7897,12.7118,11.779,1.429,1.4526,0.8385,0.8297,28.3375,2.233,261.9,1.0,1.0,50.0437,37.0562,61.8312,,,
2025-06-12 14:00:00,263.9249,293.9375,120.175,51.5187,282.125,39.575,278.5938,278.6875,5.4891,5.5,5.3953,6.3312,-0.6517,-1.768,12.8921,12.819,11.8466,1.4163,1.4443,0.8553,0.8678,28.2875,2.981,261.92,1.0,0.0,45.1062,37.2313,63.3875,,,
2025-06-12 14:30:00,267.4313,294.6562,120.2875,51.2562,282.725,39.5375,278.875,278.9375,5.1297,5.7875,5.6344,6.4672,-0.6723,-1.7775,12.8547,12.7605,11.7959,1.4124,1.4417,0.8542,0.8612,29.375,3.13,261.78,1.0,0.0,48.1687,37.3,63.8875,,,
2025-06-12 15:00:00,267.4313,294.875,120.6875,51.3562,283.075,39.4875,279.1562,279.25,5.5922,5.4453,5.2781,6.0062,-0.6736,-1.775,12.832,12.7491,11.8137,1.429,1.457,0.8623,0.8625,29.9688,0.816,255.8,1.0,0.0,49.2625,37.4125,63.3812,,,
2025-06-12 15:30:00,267.6437,295.0938,120.6125,51.3937,283.2,39.5625,279.4375,279.5312,5.3453,5.8266,5.6625,6.0891,-0.6351,-1.7655,12.9457,12.8385,11.8543,1.4649,1.4868,0.891,0.894,28.45,0.72,247.98,1.0,0.0,49.7625,37.4562,62.75,,,
2025-06-12 16:00:00,432.0125,316.625,114.025,50.5687,290.95,38.4188,297.4062,297.5625,4.0031,4.4781,5.0344,4.5766,-0.9378,-2.8435,13.846,13.7517,12.4272,2.2034,2.2283,1.0019,1.0014,29.6187,5.172,257.42,1.0,1.0,44.9875,37.4625,15.1562,,,
2025-06-12 16:30:00,450.075,333.0938,115.0625,50.5562,301.0,38.6875,310.0,310.125,3.9,3.8469,4.1234,4.2984,-0.9763,-3.002,13.9142,13.7469,12.0875,2.3889,2.4234,1.0369,1.0362,29.4062,19.913,290.28,1.0,1.0,45.9187,37.6312,0.0,,,
2025-06-12 17:00:00,435.7312,335.0625,119.025,50.6437,305.45,38.7625,313.4688,313.5312,3.8812,4.0187,3.9875,4.225,-0.9313,-2.8255,14.0442,13.9224,12.4027,2.1522,2.1863,0.9142,0.8988,29.35,0.752,298.72,1.0,1.0,48.4,37.7938,0.0,,,
2025-06-12 17:30:00,259.3562,320.9062,122.8125,51.5812,304.4,39.75,303.5625,303.625,5.0391,5.1172,5.5641,5.8687,-0.5686,-1.6265,12.7572,12.6857,11.8974,1.2089,1.2352,0.7785,0.7794,29.4062,0.788,272.5,1.0,1.0,49.7188,37.9813,53.7375,,,
2025-06-12 18:00:00,436.2625,323.875,111.975,50.4,292.75,38.7938,301.1562,301.25,4.35,4.2656,4.2266,3.8516,-0.9142,-2.8135,14.2197,14.0946,12.5381,2.0761,2.1014,0.8973,0.8949,29.9062,6.039,282.46,1.0,1.0,44.4688,38.0125,11.7687,,,
2025-06-12 18:30:00,450.075,333.7188,113.2125,49.4688,300.575,38.2812,310.375,310.5,4.1203,3.7797,4.0406,4.3953,-0.9234,-2.8785,13.937,13.833,11.9792,2.2913,2.3206,1.0032,1.0071,28.0687,5.388,296.72,1.0,0.0,48.1,38.2437,1.9937,,,
2025-06-12 19:00:00,446.8875,337.0625,113.925,49.3937,303.725,38.0875,313.8438,313.9375,4.0531,3.6281,4.025,4.4484,-0.9116,-2.9255,13.9662,13.8525,12.1449,2.2559,2.2887,0.989,0.9916,29.4562,8.414,304.62,1.0,0.0,49.7625,38.275,0.0,,,
2025-06-12 19:30:00,446.25,331.8125,113.7,49.525,301.25,38.3062,311.4688,311.5,3.4422,3.8125,4.4062,4.7609,-0.9352,-2.818,13.9906,13.8866,12.0712,2.1793,2.2126,0.924,0.9247,29.8187,2.894,302.7,1.0,0.0,44.625,38.325,0.0,,,
2025-06-12 20:00:00,447.1,332.1562,113.025,49.45,301.1,38.1875,311.5312,311.6562,3.9641,4.0203,4.3844,4.4219,-0.87,-2.786,14.015,13.8947,12.1098,2.2156,2.2546,0.9787,0.9783,28.7938,0.862,289.12,1.0,0.0,48.0312,38.3875,0.0,,,
2025-06-12 20:30:00,448.5875,332.8125,112.85,49.0625,301.75,37.75,312.2812,312.4062,3.6187,3.9141,4.2922,4.4578,-0.9693,-2.882,13.8216,13.7144,12.0367,2.1566,2.1951,0.9104,0.9166,29.4062,0.826,281.14,1.0,0.0,49.7562,38.3312,1.4937,,,
2025-06-12 21:00:00,434.0312,332.2188,116.8375,49.35,303.425,37.9062,311.9062,311.9375,4.5844,4.025,3.7828,4.1984,-1.0384,-2.899,14.1482,14.0442,12.4732,1.9925,2.0284,0.7862,0.7897,29.7562,0.82,276.5,1.0,1.0,44.5375,38.3375,0.0125,,,
2025-06-12 21:30:00,261.1625,314.9688,124.75,49.725,302.325,38.6688,299.625,299.7188,5.4172,4.9422,4.95,5.725,-0.6084,-1.639,12.9669,12.8872,11.8188,1.142,1.1648,0.6602,0.6543,28.8875,0.854,276.08,1.0,1.0,48.1687,38.3687,54.65,,,
2025-06-12 22:00:00,265.5187,308.3125,120.4625,49.5375,290.625,38.6812,289.375,289.4375,5.8922,5.9719,5.6203,5.8797,-0.7501,-1.8735,13.0189,12.9295,11.8174,1.3349,1.3638,0.7884,0.7656,29.7562,0.376,292.14,1.0,1.0,49.5,38.3062,58.7562,,,
2025-06-12 22:30:00,265.0938,306.0312,120.775,50.15,289.05,38.8937,285.625,285.6562,5.7422,5.5687,5.5766,6.4156,-0.6902,-1.803,12.9571,12.8661,11.7915,1.3034,1.3349,0.7893,0.7847,28.9,0.818,278.46,1.0,1.0,42.2375,38.2125,64.95,,,
2025-06-12 23:00:00,265.4125,304.6562,121.225,50.05,288.25,38.9375,284.25,284.3125,5.4844,5.5703,5.6344,6.4484,-0.6793,-1.8135,12.9035,12.8531,11.689,1.2956,1.3222,0.7665,0.772,29.3062,0.726,272.22,1.0,1.0,46.975,38.2,65.8062,,,
2025-06-12 23:30:00,264.0312,303.9688,121.4625,49.7812,288.375,38.3563,284.4062,284.4375,5.5687,5.7047,5.5219,6.0828,-0.6206,-1.7405,12.9912,12.9067,11.8936,1.3249,1.3537,0.7877,0.7849,29.8625,3.112,282.28,1.0,0.0,49.0625,38.175,68.2937,,,
2025-06-13 00:00:00,265.3063,303.375,121.975,49.125,288.425,38.2812,284.125,284.1562,5.2937,5.6422,5.5422,6.0078,-0.6836,-1.8115,13.0887,13.0042,11.8913,1.2969,1.324,0.789,0.7901,29.3875,3.242,282.4,1.0,0.0,42.8062,38.2625,69.95,,,
2025-06-13 00:30:00,265.0938,303.0312,122.475,49.9062,288.425,38.5875,283.8438,283.9062,5.4484,5.5875,5.4234,5.9469,-0.6355,-1.7435,12.9002,12.7962,11.7163,1.3362,1.3638,0.8144,0.8168,29.5187,3.2,282.08,1.0,0.0,46.8625,38.3375,66.3875,,,
2025-06-13 01:00:00,263.7125,303.375,122.0,49.5875,288.65,38.5187,284.25,284.3438,5.4828,5.6922,5.5125,5.9766,-0.6386,-1.735,13.0367,12.9718,11.9332,1.3402,1.3642,0.8297,0.838,28.8062,0.823,272.8,1.0,0.0,49.7188,38.2875,66.9,,,
2025-06-13 01:30:00,264.6687,303.7812,121.925,49.6937,288.825,38.7562,284.5,284.5938,5.7719,5.625,5.4156,6.2344,-0.6561,-1.746,12.949,12.8678,11.8126,1.3301,1.3542,0.8144,0.8111,29.4,0.816,268.12,1.0,0.0,44.9375,38.2938,64.7,,,
2025-06-13 02:00:00,264.35,304.1875,121.675,50.475,288.9,39.0187,284.9688,285.125,5.4203,5.5641,5.525,6.3047,-0.6841,-1.7895,12.8629,12.7784,11.8213,1.3345,1.3594,0.7921,0.7958,30.0312,0.83,265.44,1.0,1.0,48.5437,38.425,63.5437,,,
2025-06-13 02:30:00,264.5625,304.1875,121.3875,49.9437,288.95,39.1062,285.2188,285.3125,5.1891,5.5234,5.5109,6.1828,-0.7156,-1.8015,12.9279,12.8336,11.7126,1.317,1.3467,0.7737,0.7717,29.75,0.772,263.46,1.0,1.0,48.15,38.2938,63.6062,,,
2025-06-13 03:00:00,265.4125,304.75,121.65,49.6062,289.575,38.65,285.5938,285.625,5.4953,5.8062,5.7328,5.9672,-0.6154,-1.727,12.8369,12.754,11.8252,1.3603,1.3896,0.8407,0.8459,29.975,0.922,261.82,1.0,1.0,46.1125,38.5062,65.4187,,,
2025-06-13 03:30:00,265.0938,304.9375,121.95,49.6812,289.9,38.7687,285.9062,285.9688,5.3234,5.4453,5.5047,6.0734,-0.6547,-1.7505,12.8921,12.8044,11.7802,1.3546,1.3822,0.828,0.8245,29.9188,0.812,260.48,1.0,1.0,48.8687,38.3375,64.475,,,
2025-06-13 04:00:00,266.0499,305.1562,121.9875,49.3125,290.225,38.2875,286.1562,286.3125,5.1562,5.4453,5.3344,6.0281,-0.7331,-1.852,12.9409,12.858,11.7986,1.2938,1.3201,0.7658,0.7739,29.3062,3.134,272.56,1.0,0.0,50.0125,38.3687,65.7312,,,
2025-06-13 04:30:00,265.2,304.875,122.1625,49.45,290.275,38.4,286.3125,286.375,5.6016,5.8984,5.675,6.3406,-0.6823,-1.7925,12.9327,12.8515,11.8208,1.3214,1.3498,0.81,0.8037,29.9375,3.027,273.9,1.0,0.0,45.325,38.3125,64.325,,,
2025-06-13 05:00:00,265.0938,305.6875,122.425,49.3187,290.95,38.3375,286.7188,286.8125,5.3344,5.7281,5.5234,6.2172,-0.6972,-1.812,12.8856,12.8076,11.8127,1.3314,1.3586,0.8037,0.8059,29.5375,3.084,273.74,1.0,0.0,48.075,38.325,64.4688,,,
2025-06-13 05:30:00,264.8812,306.8438,122.225,49.6125,291.35,38.375,287.2812,287.4375,5.1219,5.5234,5.4812,6.2922,-0.6762,-1.779,12.9262,12.8385,11.7403,1.3253,1.3524,0.7888,0.7877,31.0312,2.614,269.86,1.0,0.0,49.2875,38.2437,64.0312,,,
2025-06-13 06:00:00,264.5625,303.8438,121.4,49.5,289.925,38.4875,286.1562,286.1562,5.4141,5.5891,5.65,6.375,-0.6486,-1.7655,12.9116,12.8417,11.8557,1.3454,1.3752,0.8249,0.8245,29.0562,2.664,269.98,1.0,0.0,50.1,38.225,64.4688,,,
2025-06-13 06:30:00,263.7125,305.3438,121.425,49.7375,290.4,38.675,286.6562,286.7812,5.0687,5.4422,5.3047,5.7,-0.6871,-1.8485,12.8369,12.7556,11.812,1.3415,1.3669,0.8028,0.8026,30.1,18.738,273.68,1.0,1.0,45.4875,38.2125,63.5375,,,
2025-06-13 07:00:00,264.8812,309.4062,121.2,50.0312,292.2,38.9625,289.3125,289.4062,5.3734,5.675,5.5547,5.8469,-0.681,-1.8475,12.8174,12.7345,11.7074,1.4071,1.4316,0.8564,0.8575,30.5375,5.597,274.5,1.0,1.0,48.4125,38.1625,61.55,,,
2025-06-13 07:30:00,269.1312,301.375,119.9625,50.3562,287.725,39.2562,285.0938,285.125,5.4078,5.6484,5.5047,6.0734,-0.6233,-1.7855,13.1489,13.0611,11.9611,1.4557,1.4819,0.8855,0.8881,29.6,8.563,273.18,1.0,1.0,49.8312,38.2938,61.5,,,
2025-06-13 08:00:00,270.5125,300.75,120.475,51.1562,287.75,39.5437,284.4688,284.5,5.3766,5.5906,5.4,6.0797,-0.6749,-1.7985,12.8531,12.7719,11.8083,1.3144,1.3415,0.7553,0.7536,29.4312,0.783,265.08,1.0,1.0,45.7937,38.2313,62.85,,,
2025-06-13 08:30:00,327.5687,301.5938,120.3875,52.125,287.675,40.4688,286.5312,286.625,5.2141,5.4812,5.3594,5.0047,-0.8394,-2.396,13.7631,13.6607,12.2949,1.8687,1.9037,0.9301,0.9402,30.5312,0.945,260.08,1.0,1.0,48.9375,38.4188,48.05,,,
2025-06-13 09:00:00,269.9812,307.2188,122.8625,51.9562,291.925,40.2562,288.4375,288.4688,5.4297,5.4484,5.3672,6.0797,-0.639,-1.7565,13.118,12.9522,11.9467,1.3914,1.4128,0.793,0.7976,28.95,3.389,266.94,1.0,0.0,43.8438,38.5125,55.3875,,,
2025-06-13 09:30:00,269.9812,305.4062,119.5125,52.0,289.525,40.3,287.7188,287.7188,5.65,5.8031,5.5328,5.9219,-0.7256,-1.8635,12.9685,12.8856,11.8192,1.373,1.3953,0.7617,0.7575,28.9,3.105,272.12,1.0,0.0,47.875,38.7,58.2,,,
2025-06-13 10:00:00,269.9812,304.9062,119.675,51.8062,289.7,40.3937,287.8125,287.9062,5.2859,5.7484,5.5781,5.9625,-0.7431,-1.8605,12.7865,12.7101,11.6813,1.3791,1.4001,0.7669,0.7711,29.9562,0.843,275.38,1.0,0.0,49.8937,38.8,57.9937,,,
2025-06-13 10:30:00,265.625,305.3438,119.875,51.5625,290.0,40.6062,288.0312,288.0938,5.3453,5.7891,5.5578,5.9719,-0.7003,-1.8145,13.0335,12.9425,11.9037,1.3529,1.3747,0.7967,0.8006,30.0938,0.794,266.06,1.0,0.0,45.3812,38.9562,58.8625,,,
2025-06-13 11:00:00,265.5187,305.4062,119.675,51.825,289.7,41.1187,287.9688,288.0625,5.1719,5.6047,5.6625,6.2156,-0.667,-1.781,13.001,12.9084,11.8887,1.3953,1.4202,0.8061,0.8015,29.475,0.833,262.88,1.0,0.0,48.9062,39.05,56.175,,,
2025-06-13 11:30:00,261.375,304.9062,119.6375,52.1812,289.7,41.2937,288.0625,288.0938,5.2219,5.4203,5.2797,5.8266,-0.6766,-1.786,12.78,12.6939,11.6924,1.3949,1.4251,0.7976,0.8032,28.325,0.787,260.62,1.0,1.0,43.5187,39.05,55.425,,,
2025-06-13 12:00:00,265.5187,305.5312,119.1375,52.8438,289.725,41.7188,288.7188,288.8438,5.3625,5.6922,5.4375,5.9281,-0.6254,-1.7375,13.0693,12.9977,11.9276,1.4513,1.4767,0.8129,0.8153,28.9813,0.812,259.8,1.0,1.0,48.1937,39.1562,53.1187,,,
2025-06-13 12:30:00,265.3063,305.9688,118.6375,52.4688,289.8,41.5437,289.2188,289.2812,5.5687,5.9766,5.7578,5.7609,-0.6582,-1.7605,12.9051,12.8255,11.8393,1.4286,1.4517,0.8173,0.8144,29.3875,0.801,259.06,1.0,1.0,45.4312,39.3312,54.0375,,,
2025-06-13 13:00:00,265.7312,306.375,119.0625,52.1062,290.5,41.3187,289.625,289.6875,5.3156,5.5578,5.3344,5.8469,-0.7042,-1.8125,12.8515,12.7556,11.7026,1.3966,1.4211,0.8157,0.8175,28.2875,0.814,257.68,1.0,1.0,47.4,39.4187,55.3562,,,
2025-06-13 13:30:00,264.2438,305.5938,119.3,53.1062,290.425,41.6125,289.9688,289.9688,5.3312,5.6172,5.5609,6.0422,-0.6044,-1.715,12.9864,12.9132,11.9096,1.4872,1.5182,0.8763,0.8763,29.9562,2.209,265.98,1.0,1.0,50.2125,39.5125,50.925,,,
2025-06-13 14:00:00,266.1562,305.9688,118.5625,52.7188,290.525,41.2875,290.5,290.5938,5.3344,5.5219,5.4359,5.8344,-0.7597,-1.8845,12.8954,12.8044,11.8618,1.4089,1.4364,0.8138,0.8116,28.875,2.928,276.86,1.0,0.0,46.625,39.6437,52.8937,,,
2025-06-13 14:30:00,265.2,305.6875,119.35,52.65,291.15,41.275,291.0938,291.1875,5.4562,5.4812,5.2703,5.9125,-0.7186,-1.818,12.7735,12.6841,11.7587,1.45,1.4692,0.8584,0.8612,29.8563,3.082,278.18,1.0,0.0,49.6812,39.8062,50.15,,,
2025-06-13 15:00:00,273.1687,306.625,119.1875,52.8125,291.3,41.65,291.625,291.6875,5.05,5.0719,4.9781,6.0547,-0.6281,-1.791,12.8385,12.7507,11.7045,1.5629,1.5931,0.9432,0.9428,29.4188,0.848,271.2,1.0,0.0,45.3937,39.8687,47.5437,,,
2025-06-13 15:30:00,420.4313,333.5,112.1625,52.6687,302.25,40.675,312.2812,312.3438,4.1281,4.4594,4.8266,4.3594,-0.8451,-2.6625,13.8606,13.7582,12.4562,2.4943,2.5179,1.1808,1.1703,29.0187,0.858,240.78,1.0,0.0,48.5125,40.0062,8.0687,,,
2025-06-13 16:00:00,606.9,350.4688,120.875,51.975,314.175,40.4375,327.8438,328.0938,2.9453,2.7312,2.9859,3.1734,-1.2987,-4.6555,15.9471,15.7895,13.2832,4.2028,4.2754,1.8364,1.8397,28.3187,0.883,221.72,1.0,1.0,49.7562,39.9375,0.0,,,
2025-06-13 16:30:00,663.0,379.625,130.1875,51.8,336.725,40.25,351.5312,351.6562,2.9172,2.7937,2.8703,2.7625,-1.3158,-4.6495,15.0355,14.8844,12.8258,4.1638,4.229,1.8191,1.804,28.0562,0.757,213.34,1.0,1.0,42.9562,39.9187,0.0,,,
2025-06-13 17:00:00,651.8438,380.0625,131.5375,51.55,338.85,40.1,353.6875,353.7812,2.8328,3.1391,3.1078,2.8219,-1.3626,-4.6385,14.8291,14.6894,12.7247,3.9954,4.0571,1.703,1.6949,27.6812,1.103,213.34,1.0,1.0,46.4,39.8562,0.0,,,
2025-06-13 17:30:00,663.2125,379.5,131.45,51.0437,339.05,39.7312,353.8125,353.875,2.5781,2.7766,2.7203,2.9375,-1.3946,-4.621,14.8145,14.6829,12.7586,4.0011,4.0645,1.6995,1.7047,27.7625,0.758,227.24,1.0,1.0,47.6125,39.6812,0.0,,,
2025-06-13 18:00:00,662.3625,378.8125,131.4,50.6875,339.5,39.275,353.9375,353.9062,2.5172,2.7047,2.9688,2.9172,-1.311,-4.6045,15.2142,15.0729,13.0731,4.0807,4.1323,1.7594,1.7568,28.9,0.67,240.7,1.0,1.0,48.1375,39.5812,0.0,,,
2025-06-13 18:30:00,661.1937,378.0625,132.4625,49.9812,339.725,38.425,354.0,354.0938,2.5781,2.6172,2.7234,2.9453,-1.3526,-4.7605,15.2987,15.159,13.1842,4.1135,4.1857,1.7955,1.7918,30.1688,20.434,284.04,1.0,0.0,48.3187,39.3687,0.0,,,
2025-06-13 19:00:00,662.6813,379.7188,131.375,50.1062,340.275,38.6063,354.9062,354.9688,2.4609,2.5687,2.7859,3.0344,-1.3136,-4.5475,15.2906,15.1704,13.2166,4.0164,4.0776,1.7504,1.752,30.7313,2.973,279.38,1.0,0.0,48.3125,39.2188,0.0,,,
2025-06-13 19:30:00,662.6813,376.9688,131.3,50.4,339.85,38.6875,353.8438,353.875,2.5375,2.6969,2.7031,2.9781,-1.2419,-4.4835,15.1558,15.0615,13.0771,4.0124,4.0789,1.783,1.7892,28.6625,3.006,278.88,1.0,0.0,48.1687,39.125,0.0,,,
2025-06-13 20:00:00,663.5312,376.6875,131.0375,50.4812,339.325,38.8,353.4688,353.5,2.5516,2.8453,2.8187,3.0953,-1.2506,-4.511,15.1769,15.0664,13.2054,4.0068,4.0728,1.7782,1.7719,28.8125,0.914,270.06,1.0,0.0,48.4437,38.9562,0.0,,,
2025-06-13 20:30:00,663.2125,375.8125,130.6125,50.35,338.725,38.0562,352.9375,352.9688,2.4031,2.6547,2.9375,3.1609,-1.2917,-4.5175,15.133,14.9835,13.1066,3.9945,4.0597,1.7198,1.7174,27.75,0.98,264.96,1.0,0.0,48.9375,38.8625,0.0,,,
2025-06-13 21:00:00,641.8562,379.75,131.4125,51.0187,340.1,38.5875,354.3438,354.375,2.4969,2.6484,3.0156,3.4531,-1.3294,-4.4415,14.7544,14.6244,12.7338,3.7534,3.816,1.5774,1.5785,28.65,0.892,280.56,1.0,1.0,49.875,38.8438,0.0,,,
2025-06-13 21:30:00,561.3187,370.7188,128.725,51.2812,333.775,38.775,345.5625,345.5938,3.0219,3.0875,3.4812,4.1734,-1.0546,-3.6635,14.0524,13.9419,12.3247,3.1698,3.2271,1.3926,1.386,29.4688,0.85,279.82,1.0,1.0,46.1437,38.9,0.0,,,
2025-06-13 22:00:00,464.4187,357.6562,127.3625,51.8125,327.75,40.0375,336.75,336.8125,3.5672,3.6641,4.4937,4.5344,-0.9081,-2.89,13.4625,13.3439,11.8657,2.3123,2.353,1.0356,1.031,28.3375,0.85,279.18,1.0,1.0,49.55,38.9875,0.0,,,
2025-06-13 22:30:00,433.5,347.6562,126.7375,51.7125,317.975,39.9562,325.375,325.4062,3.2312,3.7875,4.5875,5.1109,-0.9527,-2.856,13.9045,13.8005,12.3687,2.0266,2.0586,0.8396,0.8402,29.3625,0.799,285.82,1.0,1.0,46.2812,39.1312,0.0,,,
2025-06-13 23:00:00,262.9688,318.8438,126.4875,51.4625,304.95,39.6812,305.1875,305.2812,5.1094,4.8625,4.6469,5.6234,-0.6425,-1.677,12.8434,12.7605,11.818,1.2124,1.2413,0.6545,0.6471,29.4188,2.798,283.52,1.0,1.0,50.3,39.2812,36.9312,,,
2025-06-13 23:30:00,285.8125,317.1875,114.9,50.7687,294.85,39.4562,297.3438,297.4062,5.125,4.9656,4.7469,5.4391,-0.7077,-1.6975,12.6987,12.5915,11.8099,1.0773,1.1061,0.6009,0.5985,29.4813,12.457,286.86,1.0,0.0,47.2562,39.3562,55.8812,,,
2025-06-14 00:00:00,274.2312,314.875,120.1375,50.6062,293.425,39.4625,292.8438,292.875,5.9234,5.6547,5.3016,5.6594,-0.6941,-1.8875,13.0384,12.9604,11.8871,1.4854,1.5108,0.8774,0.8921,28.9312,11.618,277.06,1.0,0.0,44.6437,39.4437,54.9562,,,
2025-06-14 00:30:00,272.9562,310.1875,120.0,49.9937,291.475,39.1125,289.9062,289.875,5.4531,5.4187,5.1594,6.2578,-0.6727,-1.7985,12.9425,12.8694,11.7749,1.3778,1.4032,0.8328,0.8306,29.9125,0.823,272.9,1.0,0.0,46.875,39.3937,60.425,,,
2025-06-14 01:00:00,266.6875,308.3125,120.7375,49.875,291.05,38.8187,288.1875,288.25,5.425,5.2469,5.2656,6.0203,-0.6871,-1.7725,12.8255,12.7507,11.6801,1.3021,1.3314,0.7866,0.7862,29.9562,0.743,267.88,1.0,0.0,49.875,39.3812,64.5125,,,
2025-06-14 01:30:00,265.7312,307.0,121.3875,49.6875,290.275,38.25,286.5625,286.625,5.3391,5.4359,5.4625,6.2297,-0.632,-1.7265,13.0481,12.9604,11.8964,1.345,1.3721,0.8151,0.8173,29.9813,0.873,267.5,1.0,0.0,45.8562,39.3812,66.9688,,,
2025-06-14 02:00:00,266.7937,306.875,122.0875,49.2812,290.425,38.2,286.2188,286.3125,5.6375,5.2641,5.1687,6.1484,-0.7099,-1.825,12.9718,12.871,11.8491,1.3008,1.3292,0.8052,0.7973,30.5062,0.863,266.98,1.0,1.0,49.575,39.4875,67.45,,,
2025-06-14 02:30:00,266.1562,306.8438,122.8125,48.7188,290.8,37.9125,286.2812,286.375,5.075,5.3719,5.5687,6.3703,-0.6259,-1.7605,12.9376,12.8547,11.7341,1.3437,1.3682,0.8286,0.8345,27.9125,0.819,265.44,1.0,1.0,44.6125,39.4937,68.5562,,,
2025-06-14 03:00:00,266.0499,307.1562,122.8875,49.1937,291.025,37.9188,286.5,286.5625,5.3828,5.5734,5.4078,6.0516,-0.7296,-1.8855,12.9604,12.871,11.7822,1.3135,1.3406,0.8234,0.8089,29.5438,18.662,281.1,1.0,1.0,48.7,39.4812,66.4375,,,
2025-06-14 03:30:00,267.1124,310.0938,122.05,49.4,292.4,38.1125,288.25,288.4062,5.6281,5.4531,5.2375,6.0641,-0.6622,-1.7705,12.8905,12.8011,11.8164,1.3319,1.3603,0.8144,0.8129,28.825,0.853,276.98,1.0,1.0,42.2625,39.5125,64.3062,,,
2025-06-14 04:00:00,265.625,310.8125,122.375,49.3625,293.15,37.9,289.2812,289.3438,5.3547,5.2344,5.3203,6.2188,-0.5948,-1.734,13.0774,13.0026,11.8123,1.3949,1.4211,0.8706,0.8706,29.5187,3.05,280.44,1.0,0.0,47.5938,39.5812,64.6437,,,
2025-06-14 04:30:00,266.7937,309.7812,122.5375,49.125,292.9,37.6125,288.9062,288.875,5.1922,5.6484,5.7703,6.0234,-0.6368,-1.774,12.8726,12.7995,11.8213,1.3888,1.4181,0.8741,0.8704,28.9125,3.051,280.02,1.0,0.0,48.1812,39.5375,65.9688,,,
2025-06-14 05:00:00,266.6875,309.125,122.8375,49.15,292.95,37.4875,288.4375,288.5312,5.5062,5.4469,5.4047,6.2078,-0.6246,-1.747,12.9067,12.8271,11.8207,1.3778,1.4093,0.8774,0.8678,29.525,2.977,280.88,1.0,0.0,47.1562,39.7188,65.9187,,,
2025-06-14 05:30:00,266.475,310.5625,123.2625,49.1687,293.75,37.65,289.5938,289.6875,5.0891,5.3969,5.3687,6.0094,-0.6779,-1.8415,12.8499,12.7605,11.7117,1.4307,1.4587,0.8807,0.8879,29.4,17.54,282.84,1.0,0.0,49.8687,39.8812,63.2375,,,
2025-06-14 06:00:00,267.4313,310.6562,122.6,48.5312,293.925,37.5438,290.0938,290.1562,5.4875,5.6906,5.4844,6.0281,-0.7121,-1.8135,12.845,12.7638,11.8668,1.331,1.3621,0.8302,0.8319,29.9813,0.886,276.2,1.0,0.0,47.1187,39.85,64.3312,,,
2025-06-14 06:30:00,265.0938,310.8438,122.875,48.8062,294.125,37.8312,290.25,290.2188,5.3562,5.45,5.5312,6.6141,-0.6884,-1.7875,12.8515,12.7735,11.8512,1.3262,1.3546,0.7969,0.8063,29.2188,0.802,270.84,1.0,1.0,50.1812,39.975,62.825,,,
2025-06-14 07:00:00,267.5375,310.875,122.2,49.2937,293.75,38.1625,290.0938,290.2188,5.3906,5.7516,5.5547,6.0687,-0.7291,-1.83,12.8889,12.7995,11.7265,1.3345,1.3586,0.8035,0.7993,29.3625,0.829,267.42,1.0,1.0,46.225,39.9812,62.9937,,,
2025-06-14 07:30:00,436.0499,332.5938,115.1875,49.4562,301.775,37.4,310.0,310.0625,3.6516,4.0094,4.2469,4.9312,-0.8451,-2.8205,13.911,13.8102,12.5013,2.2231,2.255,1.0205,1.0137,29.8563,5.317,243.38,1.0,1.0,49.3937,39.975,14.8,,,
2025-06-14 08:00:00,434.9874,347.375,120.8125,48.9375,314.55,37.2375,322.6562,322.7188,3.6297,4.1156,3.9016,4.2609,-0.9374,-2.873,13.846,13.7274,12.3308,2.1885,2.2261,0.917,0.9225,28.9688,2.082,266.54,1.0,1.0,44.7875,39.9812,0.0,,,
2025-06-14 08:30:00,315.35,334.625,121.5625,50.175,313.05,37.7687,316.625,316.6875,5.2937,5.5156,5.3438,6.3422,-0.6941,-1.9215,12.8174,12.7394,11.8711,1.4727,1.5003,0.7818,0.7752,29.0,0.702,284.48,1.0,1.0,48.8312,39.9,47.8062,,,
2025-06-14 09:00:00,267.2188,313.0625,123.4125,50.4375,295.925,38.7062,296.1562,296.2188,5.5281,5.6125,5.6875,5.9953,-0.7134,-1.8365,12.8369,12.741,11.7897,1.4749,1.5051,0.8687,0.8667,29.25,3.073,290.12,1.0,0.0,43.15,39.9125,41.225,,,
2025-06-14 09:30:00,265.5187,305.7188,119.275,50.8,289.6,38.9562,289.4688,289.5312,5.5781,5.8781,5.5328,6.1125,-0.7173,-1.8005,12.8515,12.7654,11.6967,1.4684,1.499,0.875,0.8665,29.4188,2.832,277.44,1.0,0.0,47.3438,39.8562,54.2687,,,
2025-06-14 10:00:00,265.2,303.7812,121.4625,50.9312,288.875,39.0687,286.7812,286.8438,5.5516,5.7516,5.6328,6.1656,-0.6233,-1.723,12.8174,12.7426,11.8353,1.478,1.5095,0.9037,0.9131,28.2875,0.756,281.36,1.0,0.0,49.175,39.6875,56.2188,,,
2025-06-14 10:30:00,265.8375,301.75,120.25,51.0,287.375,39.3062,284.4688,284.5312,5.2203,5.6547,5.5484,6.1094,-0.7532,-1.8335,12.8092,12.728,11.7817,1.3122,1.3428,0.7462,0.7472,27.925,0.789,271.76,1.0,0.0,50.0375,39.6062,62.15,,,
2025-06-14 11:00:00,265.5187,301.3438,120.5,51.3625,286.975,39.6812,283.8438,283.875,5.6906,5.6578,5.4516,6.0562,-0.7011,-1.797,12.7962,12.7085,11.6781,1.3559,1.3861,0.7873,0.7947,28.3312,0.755,268.54,1.0,0.0,44.8625,39.4812,61.6312,,,
2025-06-14 11:30:00,260.95,300.875,120.325,51.5687,286.875,39.7625,283.6562,283.6562,5.3969,5.8266,5.7875,6.3891,-0.6679,-1.777,12.8856,12.7654,11.8283,1.3826,1.4163,0.8306,0.8227,30.55,0.864,265.62,1.0,1.0,47.1375,39.3625,62.275,,,
2025-06-14 12:00:00,265.5187,301.5938,121.05,51.7312,287.25,39.775,284.4375,284.4688,5.2469,5.7578,5.6484,6.2437,-0.7077,-1.7965,12.9002,12.8158,11.7901,1.3888,1.4137,0.8026,0.8043,28.8375,0.905,277.58,1.0,1.0,47.95,39.3125,58.8,,,
2025-06-14 12:30:00,265.4125,301.9062,120.1375,51.6187,287.525,39.7375,284.5,284.5625,4.9922,5.4516,5.4172,6.3625,-0.6202,-1.714,12.9912,12.9002,11.8692,1.4194,1.4474,0.8647,0.8704,29.4625,0.817,267.62,1.0,1.0,48.2812,39.2375,61.9,,,
2025-06-14 13:00:00,265.2,302.375,120.3125,51.825,287.875,40.0062,284.8438,284.9062,5.1781,5.8844,5.7172,6.2031,-0.7549,-1.842,12.9149,12.8352,11.8251,1.2956,1.3209,0.7374,0.7389,29.9813,0.797,263.4,1.0,1.0,48.2312,39.2437,60.6812,,,
2025-06-14 13:30:00,264.8812,302.5,119.9375,52.0125,287.825,40.1312,285.0,285.0938,5.0469,5.7062,5.6609,6.0828,-0.6556,-1.7345,12.8125,12.7296,11.7077,1.4067,1.4347,0.8571,0.8557,29.8625,2.243,267.6,1.0,1.0,48.1875,39.1687,60.7687,,,
2025-06-14 14:00:00,265.2,303.0625,120.0125,52.4375,288.15,40.5437,285.5938,285.6562,5.3062,5.7156,5.6156,6.2594,-0.6919,-1.803,12.9734,12.8889,11.8913,1.3621,1.3944,0.8144,0.8127,28.8937,2.938,272.22,1.0,0.0,48.05,39.1,58.8062,,,
2025-06-14 14:30:00,318.325,303.0312,119.725,52.0375,288.125,40.0562,287.2812,287.3438,5.1062,5.7188,5.4734,5.7031,-0.8258,-2.318,13.7631,13.6851,12.2456,1.8779,1.9142,0.9778,0.9765,29.5625,3.135,271.44,1.0,0.0,47.9688,38.9875,50.2937,,,
2025-06-14 15:00:00,352.4313,321.125,119.375,52.5938,298.7,40.3875,300.7812,300.9062,5.1344,4.9328,5.125,5.0234,-0.8241,-2.3595,13.5567,13.4121,12.1459,1.7681,1.7996,0.8897,0.8901,29.4375,1.037,243.4,1.0,0.0,48.0625,39.0812,52.8937,,,
2025-06-14 15:30:00,439.6625,334.9688,114.4125,52.25,302.95,39.6812,312.4688,312.5938,3.9281,4.3984,4.5812,4.7312,-0.8709,-2.824,14.0459,13.9467,12.5003,2.3219,2.3473,1.043,1.0469,29.675,0.742,268.78,1.0,0.0,48.1062,39.025,3.6125,,,
2025-06-14 16:00:00,437.6437,345.5312,119.125,51.8125,312.1,39.9125,321.1875,321.25,3.8703,4.0844,4.7031,4.8625,-0.9557,-2.898,13.5714,13.4576,11.9141,2.2952,2.3333,1.015,1.013,27.9625,0.69,299.02,1.0,1.0,48.6875,39.1875,0.0,,,
2025-06-14 16:30:00,436.3688,343.375,121.075,52.1875,312.625,40.8375,321.6562,321.6875,4.325,4.2188,4.2172,4.3625,-0.9383,-2.8445,13.5535,13.4495,11.7882,2.2252,2.2554,0.9944,0.9986,28.3375,0.8,295.66,1.0,1.0,49.2375,39.2062,0.0,,,
2025-06-14 17:00:00,435.2,336.75,119.1,51.9875,308.1,40.3062,317.0938,317.25,3.4109,4.1875,4.775,4.6562,-0.8822,-2.767,13.5828,13.4771,11.9087,2.2086,2.2344,0.9892,0.9824,28.8687,0.838,301.38,1.0,1.0,49.825,39.4062,0.0,,,
2025-06-14 17:30:00,434.9874,335.1562,118.4,50.95,306.05,39.2375,315.125,315.1562,3.5687,4.0656,4.3219,4.6547,-0.8446,-2.734,13.5779,13.4722,11.9088,2.2843,2.3206,1.0233,1.01,29.4188,0.903,297.52,1.0,1.0,45.2562,39.4562,0.0,,,
2025-06-14 18:00:00,437.1124,331.1562,116.675,51.05,303.025,39.7875,312.1875,312.25,3.6328,4.0375,4.4437,4.8,-0.9116,-2.785,13.5535,13.4446,11.7817,2.1609,2.1863,0.9583,0.9555,29.9188,0.834,295.24,1.0,1.0,48.5,39.6312,0.0,,,
2025-06-14 18:30:00,436.475,329.8125,115.15,50.9625,301.65,39.3687,311.0625,311.1562,3.7562,4.2687,4.6469,4.8562,-0.8577,-2.736,13.5974,13.4885,11.9611,2.1907,2.2213,1.0003,0.9912,28.7062,3.02,296.94,1.0,0.0,50.1437,39.7437,0.0,,,
2025-06-14 19:00:00,436.1562,330.4375,115.175,50.7312,302.2,39.2875,311.3438,311.4688,3.6594,4.0953,4.4375,4.5687,-0.9199,-2.8025,13.6283,13.5112,11.899,2.1312,2.1579,0.9201,0.9082,29.6437,2.896,298.84,1.0,0.0,46.7375,39.9062,0.0,,,
2025-06-14 19:30:00,437.0062,331.5,116.625,50.1375,303.775,38.625,312.75,312.7812,3.8016,4.0734,4.3891,4.5031,-0.9299,-2.854,13.4804,13.3748,11.8054,2.2633,2.2979,1.0119,1.006,29.5438,12.986,310.22,1.0,0.0,50.0062,40.0375,0.0,,,
2025-06-14 20:00:00,435.3063,333.4375,116.125,49.7875,304.925,38.0,314.0312,314.125,3.6109,4.1328,4.4906,4.9062,-0.912,-2.8305,13.4885,13.3942,11.8717,2.2261,2.2572,1.0067,1.0104,28.8937,16.19,305.42,1.0,0.0,46.6625,40.15,0.0,,,
2025-06-14 20:30:00,629.3187,358.0938,120.9125,50.3312,318.325,38.4125,332.7812,332.875,2.6906,2.6516,3.1359,3.0859,-1.2253,-4.187,14.9835,14.8454,12.6986,3.564,3.6213,1.5133,1.5218,29.3687,0.877,293.58,1.0,0.0,49.4,40.3438,0.0,,,
2025-06-14 21:00:00,463.4625,358.875,125.0625,50.1,327.15,38.575,336.2812,336.375,2.8984,3.4609,4.1125,4.6969,-0.9557,-2.817,13.027,12.8645,11.6836,2.1128,2.1496,0.9483,0.9422,29.375,19.748,298.82,1.0,1.0,47.6875,40.3937,0.0,,,
2025-06-14 21:30:00,436.2625,343.0312,121.9875,49.6562,313.825,37.9312,322.7188,322.7812,3.5797,3.8125,4.2031,4.9172,-0.8814,-2.793,13.3357,13.2139,11.8062,2.283,2.3232,1.0513,1.0364,30.0875,4.986,297.14,1.0,1.0,43.625,40.5125,0.0062,,,
2025-06-14 22:00:00,436.0499,339.6875,118.875,49.175,309.6,37.3937,318.8125,318.875,4.0219,3.8578,3.85,4.8391,-0.9772,-2.919,13.3455,13.2512,11.8035,2.3014,2.3377,1.0741,1.0601,28.7875,17.584,304.62,1.0,1.0,48.875,40.7,0.0,,,
2025-06-14 22:30:00,435.2,337.5,118.425,48.6375,308.55,36.825,317.5312,317.5938,4.225,3.9172,4.2062,4.8828,-0.9107,-2.7975,13.3049,13.1797,11.7859,2.3447,2.3832,1.0883,1.076,29.9312,2.98,304.22,1.0,0.0,44.9437,40.6,0.0,,,
2025-06-14 23:00:00,436.6875,336.1875,116.65,48.2937,306.7,37.0687,315.8438,315.875,4.1281,3.9859,4.2828,4.8109,-0.9002,-2.8025,13.4089,13.2805,11.8645,2.2983,2.3337,1.0859,1.0894,29.9813,11.62,304.96,1.0,0.0,48.9625,40.8187,0.0,,,
2025-06-14 23:30:00,435.4125,335.75,115.8875,47.825,306.025,36.8937,315.2188,315.2188,3.9828,3.8609,4.0281,5.0875,-0.9072,-2.777,13.3926,13.2708,11.8454,2.2686,2.2992,1.0454,1.0356,29.3312,2.756,303.18,1.0,0.0,43.6,40.6312,0.0,,,
2025-06-15 00:00:00,435.625,332.125,115.625,48.1,304.675,36.5438,313.75,313.8125,3.9547,4.1016,4.1109,4.8344,-0.9286,-2.823,13.2886,13.1716,11.6794,2.3018,2.3394,1.0734,1.0791,28.3062,8.603,304.46,1.0,0.0,48.3125,40.6562,1.325,,,
2025-06-15 00:30:00,660.7688,352.9375,122.0625,49.6125,315.325,37.3875,330.3125,330.4375,2.7672,2.8531,3.2375,2.8125,-1.409,-4.669,15.2857,15.1411,12.8895,3.8287,3.9022,1.6139,1.6137,28.3375,1.572,289.0,1.0,0.0,43.2312,40.6625,0.0,,,
2025-06-15 01:00:00,660.1312,360.1562,124.625,49.75,321.8,37.75,336.1562,336.25,2.5359,2.4016,2.7953,3.0312,-1.3005,-4.5305,15.0712,14.9543,12.8302,3.8624,3.9302,1.6642,1.654,29.3875,17.012,287.24,1.0,1.0,48.1187,40.525,0.0,,,
2025-06-15 01:30:00,659.8125,363.4062,124.7125,50.0062,323.8,38.1187,338.5625,338.6562,2.6297,3.0656,2.7781,3.1109,-1.3473,-4.518,14.9965,14.8438,12.7986,3.8431,3.9109,1.6432,1.6306,29.5312,0.737,274.94,1.0,1.0,43.4312,40.55,0.0,,,
2025-06-15 02:00:00,659.3875,363.1562,125.2375,50.475,325.475,38.1187,339.4375,339.5312,2.7219,2.6891,2.8422,3.3156,-1.2673,-4.4425,15.1866,15.0631,12.915,3.8821,3.9542,1.6728,1.6717,27.6125,1.999,269.94,1.0,1.0,48.7188,40.6375,0.0,,,
2025-06-15 02:30:00,660.45,363.5625,125.5125,50.8687,325.7,38.25,340.0312,340.0938,2.5078,2.3937,2.75,3.5094,-1.2493,-4.4345,15.2727,15.1509,13.017,3.8939,3.9661,1.6866,1.6944,29.4562,2.325,272.82,0.0,1.0,45.3937,40.6187,0.0,,,
2025-06-15 03:00:00,660.6625,364.4062,126.05,50.7437,326.65,38.5062,340.9375,341.0625,2.5047,2.5359,2.8422,3.3266,-1.3499,-4.525,15.2354,15.0924,12.9765,3.8667,3.9346,1.6295,1.6343,29.4,2.315,271.92,0.0,1.0,50.2937,40.6562,0.0,,,
2025-06-15 03:30:00,659.3875,366.8125,126.425,50.5062,328.225,38.15,342.8438,342.9062,2.4578,2.4047,2.4781,3.2797,-1.2808,-4.4355,15.263,15.12,12.993,3.8974,3.9639,1.6999,1.7012,30.775,0.954,279.3,0.0,1.0,47.8187,40.825,0.0,,,
2025-06-15 04:00:00,659.7063,365.75,126.5875,50.7125,328.1,38.3062,342.4688,342.5312,2.7,2.4531,2.6281,3.3922,-1.3289,-4.5005,15.2776,15.1362,13.0481,3.8488,3.9179,1.6441,1.643,29.45,0.787,273.56,0.0,1.0,43.9875,40.7687,0.0,,,
2025-06-15 04:30:00,659.9187,366.6562,126.6125,50.375,328.3,38.1937,342.75,342.875,2.6422,2.7828,2.7578,3.1969,-1.3346,-4.5105,15.2484,15.107,13.0573,3.858,3.9153,1.64,1.6461,29.925,0.84,278.82,1.0,1.0,49.225,40.9187,0.0,,,
2025-06-15 05:00:00,660.9812,365.1875,126.6625,50.4812,327.275,38.6625,341.7188,341.7188,2.6141,2.525,2.5391,3.1594,-1.374,-4.4925,15.1232,14.9949,12.9881,3.7775,3.8436,1.5829,1.5818,30.3438,3.115,280.74,1.0,0.0,45.4312,40.9062,0.0,,,
2025-06-15 05:30:00,382.3937,347.8125,128.5625,49.7,327.075,38.1125,332.3125,332.3438,4.6422,4.5219,4.5984,5.3766,-0.6985,-2.0485,12.5769,12.5265,12.0958,1.7068,1.7283,0.9334,0.9387,27.8062,14.18,298.86,1.0,0.0,49.7062,40.7875,35.1312,,,
2025-06-15 06:00:00,261.7999,305.2188,122.55,51.1562,293.85,38.6625,295.8438,295.9062,5.6969,5.2766,4.9375,5.9922,-0.7199,-1.7035,13.1992,13.144,12.3298,1.107,1.1389,0.5224,0.5099,28.8125,0.841,235.26,1.0,0.0,45.8562,40.8312,33.4875,,,
2025-06-15 06:30:00,206.6562,295.6562,117.1875,49.95,283.8,38.6187,277.5938,277.6875,5.4125,5.9203,6.4719,7.2484,-0.5786,-1.4955,12.4095,12.3266,11.6845,1.0029,1.0352,0.5795,0.5911,28.65,0.797,249.62,1.0,0.0,49.8375,40.7875,74.85,,,
2025-06-15 07:00:00,170.0,287.0938,119.05,50.75,275.175,38.0125,269.7812,269.7812,8.5359,8.3484,8.3016,8.7094,-0.5493,-1.48,12.3039,12.2486,11.8233,1.0094,1.0313,0.4572,0.4611,28.325,0.827,257.28,1.0,0.0,45.95,40.8812,74.9375,,,
2025-06-15 07:30:00,0.0,258.0312,118.6125,51.9,262.95,38.5562,237.875,237.9375,13.5703,13.8766,13.6953,14.5719,-0.4544,-1.2025,11.9447,11.9545,11.7803,0.8541,0.8852,0.3677,0.3657,28.85,0.761,261.58,1.0,1.0,49.3375,40.75,94.7562,,,
2025-06-15 08:00:00,0.0,207.5,96.2875,51.7375,240.125,36.7188,197.4375,197.2812,-0.9328,-0.9313,-0.9313,-0.9391,-0.2842,-0.484,-0.0331,-0.0201,-0.2997,-0.1198,-0.1009,-0.023,-0.0236,30.0312,0.812,247.56,1.0,1.0,44.175,40.7625,100.0,,,
2025-06-15 08:30:00,0.0,209.0312,93.4375,51.0062,239.175,36.9813,190.0,190.0,-0.9359,-0.9313,-0.9328,-0.9406,0.0216,-0.09,-0.0136,-0.0201,-0.0755,-0.0161,-0.0069,-0.023,-0.0236,30.5312,0.783,229.2,1.0,1.0,47.6937,40.6437,100.0,,,
2025-06-15 09:00:00,0.0,207.4062,92.8625,50.9812,233.55,38.2687,190.7812,190.9062,-0.9328,-0.9313,-0.9328,-0.9453,0.0194,-0.081,-0.012,-0.0185,-0.0692,-0.0143,-0.0038,-0.023,-0.023,30.6375,1.481,212.9,1.0,1.0,49.0938,40.5,100.0,,,
2025-06-15 09:30:00,0.0,202.1562,91.4875,50.8937,227.55,39.0062,190.25,190.2812,-0.9328,-0.9328,-0.9344,-0.9422,0.0199,-0.075,-0.0217,-0.0201,-0.0723,-0.0191,-0.0082,-0.023,-0.023,30.5312,1.297,198.76,1.0,1.0,49.5562,40.2062,100.0,,,
2025-06-15 10:00:00,0.0,197.1875,89.6125,50.7437,221.875,39.3562,188.9375,189.0312,-0.9328,-0.9328,-0.9328,-0.9406,0.019,-0.074,-0.0153,-0.0217,-0.0722,-0.0121,-0.0038,-0.023,-0.023,31.6625,0.94,187.26,1.0,1.0,49.7687,40.2188,100.0,,,
2025-06-15 10:30:00,0.0,192.9062,88.0,50.5875,216.65,39.6437,187.375,187.4062,-0.9344,-0.9344,-0.9328,-0.9406,-0.0191,-0.0995,-0.0136,-0.0169,-0.0909,-0.0148,-0.0091,-0.023,-0.023,30.0062,0.904,176.72,1.0,1.0,49.9375,40.0312,100.0,,,
2025-06-15 11:00:00,0.0,185.8438,86.5125,50.4125,211.625,39.2125,184.9375,185.0,-0.9328,-0.9328,-0.9328,-0.9422,-0.0431,-0.11,-0.0201,-0.0217,-0.116,-0.0196,-0.0178,-0.023,-0.0232,31.3125,0.904,167.4,1.0,1.0,49.9,39.7312,100.0,,,
2025-06-15 11:30:00,0.0,180.5312,85.4125,50.275,206.8,39.05,182.6875,182.75,-0.9328,-0.9328,-0.9344,-0.9406,-0.0458,-0.115,-0.0201,-0.0217,-0.115,-0.0266,-0.0257,-0.023,-0.023,31.7,0.879,159.0,1.0,1.0,49.8125,39.7375,100.0,,,
2025-06-15 12:00:00,0.0,176.7188,84.4125,50.175,202.15,39.2562,179.5312,179.5625,-0.9328,-0.9328,-0.9328,-0.9438,-0.0361,-0.0975,-0.0153,-0.0234,-0.1129,-0.0261,-0.0226,-0.023,-0.023,31.6812,0.892,151.34,1.0,1.0,49.5562,39.525,0.0,,,
2025-06-15 12:30:00,0.0,173.5,83.4125,50.0625,197.625,39.6937,176.3438,176.3438,-0.9344,-0.9328,-0.9344,-0.9406,-0.0374,-0.102,-0.0201,-0.0234,-0.1092,-0.0239,-0.0213,-0.023,-0.023,32.875,0.904,144.28,1.0,1.0,49.0437,39.475,0.0,,,
2025-06-15 13:00:00,0.0,170.0,82.575,49.95,193.25,39.9125,173.5938,173.6562,-0.9359,-0.9328,-0.9359,-0.9406,-0.0326,-0.101,-0.0201,-0.025,-0.1122,-0.0266,-0.0244,-0.023,-0.023,31.7062,0.904,137.9,1.0,1.0,48.5312,39.2875,0.0,,,
2025-06-15 13:30:00,0.0,166.625,81.875,49.825,189.525,39.95,170.8438,170.9062,-0.9344,-0.9328,-0.9344,-0.9422,-0.0278,-0.0935,-0.0169,-0.0234,-0.1062,-0.0231,-0.02,-0.023,-0.0236,30.6562,0.892,131.88,1.0,1.0,47.8812,39.1562,0.0,,,
2025-06-15 14:00:00,0.0,163.4375,81.2375,49.6937,186.3,40.1437,167.5938,167.6562,-0.9344,-0.9344,-0.9344,-0.9422,-0.0248,-0.09,-0.012,-0.0185,-0.099,-0.0161,-0.0134,-0.023,-0.023,31.2188,0.916,126.38,1.0,1.0,47.35,39.0562,0.0,,,
2025-06-15 14:30:00,0.0,160.4062,80.5375,49.5687,183.275,40.3125,164.7188,164.7812,-0.9328,-0.9344,-0.9344,-0.9406,-0.0287,-0.0935,-0.0153,-0.0201,-0.0954,-0.0161,-0.013,-0.023,-0.023,29.7125,0.879,121.36,1.0,1.0,46.9312,38.8875,0.0,,,
2025-06-15 15:00:00,0.0,157.6875,80.0125,49.4875,180.3,40.3875,161.6562,161.7812,-0.9344,-0.9328,-0.9391,-0.9406,-0.0304,-0.095,-0.0201,-0.025,-0.098,-0.0226,-0.02,-0.023,-0.0232,31.625,0.879,116.8,1.0,1.0,46.75,38.8312,0.0,,,
2025-06-15 15:30:00,0.0,155.1875,79.3875,49.3937,177.55,40.4437,158.7812,158.8438,-0.9344,-0.9328,-0.9344,-0.9406,-0.0313,-0.094,-0.0217,-0.0266,-0.1,-0.0266,-0.0222,-0.023,-0.0232,29.4875,0.892,112.5,1.0,1.0,46.5437,38.7437,0.0,,,
2025-06-15 16:00:00,0.0,152.6562,78.9625,49.2625,174.775,40.525,156.3438,156.4062,-0.9344,-0.9344,-0.9391,-0.9422,-0.0344,-0.091,-0.0201,-0.0283,-0.0912,-0.0248,-0.0182,-0.023,-0.0234,30.6625,0.892,108.4,1.0,1.0,46.3,38.7062,0.0,,,
2025-06-15 16:30:00,0.0,150.25,78.575,49.1375,172.125,40.475,153.7812,153.8125,-0.9344,-0.9328,-0.9328,-0.9406,-0.0296,-0.087,-0.0153,-0.0217,-0.0921,-0.0182,-0.0156,-0.0232,-0.0234,30.5562,0.854,104.78,1.0,1.0,45.8875,38.6063,0.0,,,
2025-06-15 17:00:00,0.0,148.0,78.2,48.9937,169.5,40.475,151.3438,151.4375,-0.9344,-0.9328,-0.9328,-0.9406,-0.0213,-0.0825,-0.0153,-0.0185,-0.0898,-0.0156,-0.0121,-0.023,-0.0236,30.5938,0.854,101.76,1.0,1.0,45.6,38.625,0.0,,,
2025-06-15 17:30:00,0.0,146.0,77.8625,48.8937,166.925,40.4688,148.9062,149.0,-0.9344,-0.9328,-0.9344,-0.9406,-0.0186,-0.079,-0.0136,-0.0185,-0.0814,-0.0169,-0.0117,-0.0232,-0.0232,28.325,0.841,99.56,1.0,1.0,45.425,38.5438,0.0,,,
2025-06-15 18:00:00,0.0,144.5,77.325,48.8187,164.55,40.6625,146.6562,146.7188,-0.9344,-0.9328,-0.9344,-0.9406,-0.0051,-0.068,-0.0153,-0.0217,-0.0702,-0.0174,-0.0113,-0.023,-0.023,29.975,0.867,97.66,1.0,1.0,45.6062,38.4875,0.0,,,
2025-06-15 18:30:00,0.0,142.4375,76.7125,48.7437,162.175,40.8375,147.75,147.75,-0.9344,-0.9328,-0.9344,-0.9406,-0.0068,-0.069,-0.0217,-0.025,-0.0779,-0.02,-0.0148,-0.023,-0.0232,29.425,0.841,96.76,1.0,1.0,45.7125,38.5562,0.0,,,
2025-06-15 19:00:00,0.0,140.5312,76.2625,48.6312,159.8,40.9437,147.25,147.2812,-0.9328,-0.9328,-0.9328,-0.9391,-0.0042,-0.0645,-0.0185,-0.025,-0.0746,-0.0187,-0.0143,-0.023,-0.0232,29.9813,0.879,96.32,1.0,1.0,45.8438,38.6437,0.0,,,
2025-06-15 19:30:00,0.0,138.8438,75.8375,48.525,157.525,41.1,146.0625,146.125,-0.9328,-0.9328,-0.9344,-0.9406,-0.0002,-0.063,-0.0185,-0.025,-0.07,-0.0244,-0.0169,-0.023,-0.023,29.4062,0.879,96.0,1.0,1.0,46.1,38.6375,0.0,,,
2025-06-15 20:00:00,0.0,137.25,75.4,48.4125,155.275,41.3937,144.75,144.7812,-0.9391,-0.9328,-0.9328,-0.9391,0.0037,-0.057,-0.0169,-0.0153,-0.0732,-0.0209,-0.0148,-0.023,-0.0236,28.325,0.867,95.14,1.0,1.0,46.4062,38.7062,0.0,,,
2025-06-15 20:30:00,0.0,135.8125,74.9875,48.3062,153.1,41.5687,143.375,143.4062,-0.9328,-0.9328,-0.9328,-0.9406,0.005,-0.0575,-0.0185,-0.025,-0.0664,-0.0248,-0.0191,-0.023,-0.023,29.7562,0.867,93.96,1.0,1.0,46.6562,38.7562,0.0,,,
2025-06-15 21:00:00,0.0,134.3125,74.675,48.15,151.15,41.5312,141.6875,141.7812,-0.9328,-0.9328,-0.9344,-0.9406,-0.0191,-0.07,-0.025,-0.0315,-0.073,-0.0331,-0.0283,-0.023,-0.0232,30.0312,0.867,92.9,1.0,1.0,46.9187,38.775,0.0,,,
2025-06-15 21:30:00,0.0,132.875,74.4125,47.95,149.125,41.4125,139.5312,139.5938,-0.9328,-0.9328,-0.9344,-0.9406,-0.0033,-0.0605,-0.0169,-0.025,-0.0694,-0.0231,-0.0165,-0.023,-0.0234,31.1063,0.854,91.36,1.0,1.0,46.925,38.8563,0.0,,,
2025-06-15 22:00:00,0.0,131.4688,74.0375,47.75,147.15,41.5812,137.1562,137.1875,-0.9328,-0.9344,-0.9344,-0.9422,0.0059,-0.052,-0.0185,-0.0185,-0.0607,-0.0178,-0.0104,-0.023,-0.023,29.9125,0.841,89.22,1.0,1.0,46.725,38.8312,0.0,,,
2025-06-15 22:30:00,0.0,130.125,73.675,47.575,145.4,41.575,134.9062,135.0,-0.9344,-0.9328,-0.9359,-0.9406,0.0015,-0.055,-0.012,-0.0201,-0.0639,-0.0191,-0.013,-0.023,-0.0234,27.8125,0.867,86.82,1.0,1.0,46.4937,38.7625,0.0,,,
2025-06-15 23:00:00,0.0,128.875,73.325,47.3625,143.725,41.5875,132.8125,132.875,-0.9344,-0.9328,-0.9328,-0.9406,0.0015,-0.052,-0.0136,-0.0217,-0.0574,-0.0196,-0.0121,-0.023,-0.0232,28.175,0.814,84.44,1.0,1.0,46.45,38.6562,0.0,,,
2025-06-15 23:30:00,0.0,127.5625,72.925,47.1625,142.075,41.625,130.875,130.9062,-0.9359,-0.9328,-0.9359,-0.9406,0.0028,-0.051,-0.0136,-0.0217,-0.0617,-0.0182,-0.0113,-0.023,-0.0236,29.3438,0.854,81.98,1.0,1.0,46.4375,38.7062,0.0,,,
2025-06-16 00:00:00,0.0,126.3125,72.525,47.0,140.5,41.6625,129.1562,129.25,-0.9344,-0.9328,-0.9391,-0.9391,-0.0037,-0.051,-0.0136,-0.0217,-0.057,-0.0165,-0.0104,-0.0206,-0.0203,28.725,0.827,79.6,1.0,1.0,46.3375,38.7313,0.0,,,
2025-06-16 00:30:00,0.0,125.0938,72.1625,46.8062,138.925,41.6125,127.5938,127.6562,-0.9328,-0.9328,-0.9344,-0.9422,-0.0037,-0.0535,-0.0136,-0.0185,-0.0562,-0.0161,-0.0086,-0.023,-0.0232,29.6625,0.841,77.36,1.0,1.0,46.3125,38.7875,0.0,,,
2025-06-16 01:00:00,0.0,124.0,71.775,46.6062,137.55,41.6125,126.0312,126.125,-0.9313,-0.9328,-0.9344,-0.9469,-0.0011,-0.052,-0.0153,-0.0201,-0.0522,-0.0196,-0.0134,-0.023,-0.023,28.8875,0.841,75.24,1.0,1.0,46.275,38.7437,0.0,,,
2025-06-16 01:30:00,0.0,122.8438,71.3875,46.4187,136.175,41.5938,124.5938,124.6875,-0.9344,-0.9344,-0.9344,-0.9469,0.0002,-0.049,-0.0185,-0.0283,-0.0559,-0.0217,-0.0148,-0.023,-0.023,28.1937,0.827,73.16,1.0,1.0,46.3438,38.7313,0.0,,,
2025-06-16 02:00:00,0.0,121.6875,70.975,46.1937,134.725,41.5062,123.2188,123.2812,-0.9344,-0.9328,-0.9344,-0.9406,0.0046,-0.0435,-0.0136,-0.0201,-0.048,-0.0182,-0.0099,-0.023,-0.023,27.75,0.841,71.26,1.0,1.0,46.225,38.8563,0.0,,,
2025-06-16 02:30:00,0.0,120.5625,70.625,45.9875,133.425,41.4562,121.8438,121.9375,-0.9391,-0.9328,-0.9344,-0.9406,0.0063,-0.043,-0.0136,-0.0201,-0.0463,-0.0178,-0.0108,-0.0236,-0.023,28.8,0.827,69.42,1.0,1.0,46.1562,38.8438,0.0,,,
2025-06-16 03:00:00,0.0,119.625,70.25,45.7937,132.225,41.3937,120.625,120.625,-0.9328,-0.9344,-0.9344,-0.9422,0.0028,-0.044,-0.0153,-0.0217,-0.0498,-0.0178,-0.0108,-0.023,-0.0232,28.6375,0.814,67.66,1.0,1.0,46.0125,38.875,0.0,,,
2025-06-16 03:30:00,0.0,118.5625,69.8,45.6062,130.875,41.325,119.25,119.375,-0.9344,-0.9328,-0.9344,-0.9422,0.0098,-0.038,-0.012,-0.0217,-0.0404,-0.0174,-0.0091,-0.023,-0.0232,29.4062,0.854,65.96,1.0,1.0,45.9625,38.8687,0.0,,,
2025-06-16 04:00:00,0.0,117.5938,69.4125,45.4125,129.675,41.275,118.0625,118.1875,-0.9328,-0.9328,-0.9344,-0.9438,0.0094,-0.038,-0.0136,-0.0217,-0.0417,-0.0174,-0.0082,-0.0232,-0.0234,29.3875,0.841,64.32,1.0,1.0,45.7687,38.8187,0.0,,,
2025-06-16 04:30:00,0.0,117.0938,69.0125,45.2625,128.425,41.3187,116.9062,116.9688,-0.9328,-0.9344,-0.9328,-0.9406,0.0365,-0.0075,-0.0136,-0.0217,-0.015,-0.0143,-0.0029,0.0024,0.0022,29.4125,0.841,62.84,1.0,1.0,45.6937,38.8312,0.0,,,
2025-06-16 05:00:00,0.0,117.5312,68.2125,45.2937,127.35,41.8125,116.0,116.0,-0.9344,-0.9328,-0.9344,-0.9406,0.0347,-0.0085,-0.012,-0.0217,-0.0152,-0.0126,-0.0029,0.0055,0.0059,29.9188,0.841,61.38,1.0,1.0,45.6375,38.9375,0.0,,,
2025-06-16 05:30:00,0.0,117.1562,67.4,45.175,126.35,41.9625,115.0,115.0625,-0.9344,-0.9328,-0.9328,-0.9406,0.0382,-0.007,-0.012,-0.0201,-0.0136,-0.0148,-0.0043,0.0048,0.0048,28.2188,0.841,60.0,1.0,1.0,45.6187,38.925,0.0,,,
2025-06-16 06:00:00,0.0,116.5625,66.65,45.025,125.425,42.0312,114.0,114.0625,-0.9328,-0.9328,-0.9344,-0.9406,0.0356,-0.003,-0.0104,-0.0185,-0.0091,-0.0099,0.001,0.0278,0.0276,29.9312,0.786,58.64,1.0,1.0,45.6625,38.975,0.0,,,
2025-06-16 06:30:00,0.0,115.9688,65.9125,44.875,124.55,42.0312,113.0625,113.125,-0.9328,-0.9328,-0.9328,-0.9422,0.0422,-0.0005,-0.0104,-0.0185,-0.0056,-0.006,0.008,0.0131,0.0129,30.375,0.827,57.46,1.0,1.0,45.6,39.0625,0.0,,,
2025-06-16 07:00:00,0.0,115.5312,65.2625,44.7312,123.675,42.0687,112.1562,112.2188,-0.9328,-0.9328,-0.9375,-0.9406,0.0256,-0.016,-0.0087,-0.0185,-0.0063,-0.0064,0.0062,-0.0077,-0.0083,29.2812,0.867,56.54,1.0,1.0,45.7125,39.0938,0.0,,,
2025-06-16 07:30:00,0.0,115.8125,64.65,44.5938,122.125,40.9688,115.125,115.25,-0.9328,-0.9328,-0.9344,-0.9453,0.0291,-0.042,-0.0136,-0.0201,0.0007,-0.0244,-0.0091,-0.023,-0.023,29.2125,0.867,56.02,1.0,1.0,45.7437,39.0875,100.0,,,
2025-06-16 08:00:00,0.0,115.7188,64.0,44.4875,120.625,40.025,116.1875,116.3125,-0.9344,-0.9328,-0.9328,-0.9453,0.0487,-0.027,-0.0104,-0.0185,0.0019,-0.0222,-0.0069,-0.023,-0.0232,30.3312,0.928,55.48,1.0,1.0,45.6562,39.1437,100.0,,,
2025-06-16 08:30:00,0.0,115.125,63.525,44.325,119.325,39.65,116.3438,116.4688,-0.9328,-0.9328,-0.9328,-0.9391,0.0562,-0.023,-0.012,-0.0169,0.0013,-0.0226,-0.0064,-0.0188,-0.0179,28.2875,0.879,54.62,1.0,1.0,45.3687,39.0875,100.0,,,
2025-06-16 09:00:00,0.0,114.5312,63.025,44.2062,118.3,39.3187,116.5,116.5938,-0.9328,-0.9328,-0.9328,-0.9406,0.0269,-0.0485,-0.0136,-0.0201,0.0042,-0.0231,-0.0078,-0.0004,-0.0004,28.175,0.892,53.78,1.0,1.0,44.8625,38.8937,100.0,,,
2025-06-16 09:30:00,0.0,112.5,62.475,44.0562,117.3,39.0625,116.7812,116.875,-0.9328,-0.9344,-0.9391,-0.9406,0.0579,-0.0015,-0.0104,-0.0185,0.0161,-0.0047,0.0097,0.0103,0.0103,28.6562,0.892,53.02,1.0,1.0,44.4562,38.85,100.0,,,
2025-06-16 10:00:00,0.0,106.7188,61.9875,43.9375,116.275,38.5062,120.5312,120.625,-0.9328,-0.9328,-0.9344,-0.9406,0.0361,-0.0105,-0.0087,-0.0169,0.0022,-0.0301,-0.0143,-0.0123,-0.012,29.45,0.904,52.66,1.0,1.0,43.9875,38.6063,100.0,,,
2025-06-16 10:30:00,0.0,108.2812,61.55,43.6187,115.175,38.2938,117.0938,117.1562,-0.9328,-0.9328,-0.9344,-0.9406,0.0347,-0.009,-0.0104,-0.0217,0.0096,-0.0156,-0.0016,-0.0144,-0.0147,29.375,0.892,51.9,1.0,1.0,43.4625,38.5938,100.0,,,
2025-06-16 11:00:00,0.0,100.0625,73.9,43.6562,112.8,37.2875,108.4062,108.5312,-0.9328,-0.9328,-0.9328,-0.9438,-0.4001,-0.528,-0.0364,-0.0201,-0.361,-0.2383,-0.0607,-0.023,-0.023,29.4188,0.867,51.1,1.0,1.0,43.15,38.4813,100.0,,,
2025-06-16 11:30:00,0.0,107.2188,65.8,43.65,109.3,37.4625,107.2812,107.375,-0.9375,-0.9375,-0.9391,-0.9406,-0.5944,-1.5755,-0.0071,-0.0185,0.0905,1.828,1.8696,0.707,0.705,28.8062,0.892,50.34,1.0,1.0,42.7687,38.3375,79.9187,,,
2025-06-16 12:00:00,0.0,100.0938,54.825,41.0875,101.75,35.5562,95.7188,95.8125,-0.9328,-0.9328,-0.9391,-0.9406,-0.6307,-1.623,-0.012,-0.0266,0.1034,1.8687,1.9094,0.712,0.7118,28.8625,0.879,49.54,1.0,1.0,42.4062,38.2938,79.9062,,,
2025-06-16 12:30:00,0.0,116.8438,55.4,40.1562,102.625,35.2062,110.3125,110.375,20.8703,17.4141,17.1,20.7812,-0.8438,-1.8615,-0.0136,-0.0234,-0.0258,1.8324,1.8752,0.7085,0.7096,29.9312,0.854,48.68,1.0,1.0,42.0312,38.2,79.9062,,,
2025-06-16 13:00:00,0.0,148.0,63.4,41.0437,116.875,35.85,138.5938,138.6875,17.3344,16.0281,15.7719,18.9937,-0.6854,-1.8045,-0.0006,-0.0201,0.2023,2.2336,2.2786,1.0804,1.0977,28.3625,0.867,47.86,1.0,1.0,41.4625,38.0438,79.9062,,,
2025-06-16 13:30:00,0.0,174.8125,71.875,42.6625,136.75,36.5,164.75,164.7812,16.1969,15.7312,15.7078,18.4234,-0.8398,-2.0005,-0.0055,-0.0234,0.1069,2.2996,2.3491,1.1355,1.1419,30.1125,0.827,47.1,1.0,1.0,40.9625,37.9937,79.9062,,,
2025-06-16 14:00:00,0.0,190.2188,77.7625,44.075,149.9,36.65,180.1875,180.2812,15.75,15.5391,15.6203,18.1031,-0.8407,-2.0265,-0.0023,-0.0185,0.1884,2.4134,2.4593,1.2307,1.2252,28.4562,0.892,46.46,1.0,1.0,40.5625,37.8875,79.9062,,,
2025-06-16 14:30:00,0.0,201.7812,81.625,50.625,179.525,37.4625,187.75,187.875,12.9906,12.7188,12.9141,15.1469,-0.7038,-1.9705,12.0114,11.961,11.5845,2.5197,2.5472,1.5299,1.5256,29.4562,0.867,45.88,1.0,1.0,40.4562,37.9,79.9062,,,
2025-06-16 15:00:00,71.6124,197.2188,86.75,50.4688,186.425,38.1937,185.5312,185.6562,8.1562,8.6156,9.1484,10.8203,-0.7243,-1.703,12.5005,12.4241,11.7817,1.1967,1.2151,0.6374,0.6442,28.375,0.892,45.3,1.0,1.0,40.4688,37.8812,100.0,,,
2025-06-16 15:30:00,83.0875,209.7812,87.825,49.825,195.225,38.8937,181.5938,181.875,10.2328,9.6906,10.1234,11.6031,-0.6031,-1.526,13.0173,12.9132,11.8958,1.3384,1.3704,0.9408,0.9446,29.3625,0.854,44.76,1.0,1.0,40.6687,37.8187,100.0,,,
2025-06-16 16:00:00,129.4125,251.3438,102.5625,49.8438,237.525,39.2562,219.7188,219.8125,9.6734,9.2078,9.5078,10.2,-0.6613,-1.582,13.1765,13.0579,12.0091,0.9036,0.9351,0.5532,0.5475,28.1625,0.892,44.26,1.0,1.0,40.8,37.7812,100.0,,,
2025-06-16 16:30:00,192.525,261.7188,113.3125,50.1687,251.65,40.0062,223.0625,223.1562,7.0922,6.5,6.8047,7.5656,-0.6591,-1.616,13.4852,13.3341,12.2197,0.6524,0.6848,0.3207,0.329,28.3,0.841,43.8,1.0,1.0,41.0875,37.8187,100.0,,,
2025-06-16 17:00:00,257.975,279.7188,119.6875,49.8625,266.5,39.3438,248.125,248.125,5.8016,5.3438,5.5172,6.6734,-0.7178,-2.0075,13.5291,13.4251,11.994,1.4106,1.4334,0.8813,0.8785,27.8563,17.912,166.7,1.0,1.0,41.225,37.85,100.0,,,
2025-06-16 17:30:00,370.1749,306.9375,124.3125,49.1687,287.475,38.125,283.2188,283.3438,4.5984,4.3,4.6062,5.2094,-0.8709,-2.9445,14.0394,13.9191,12.2376,2.1574,2.1942,1.1071,1.1027,29.3687,14.821,225.72,0.0,1.0,41.5125,37.8438,72.7812,,,
2025-06-16 18:00:00,508.1937,330.9688,115.6625,48.5062,296.625,37.25,306.4688,306.5938,3.5016,3.4203,4.3031,4.8,-1.1959,-3.857,15.3296,15.2142,12.6979,3.1283,3.1856,1.3777,1.3757,27.9437,2.49,275.54,0.0,1.0,41.9562,37.9125,5.5625,,,
2025-06-16 18:30:00,662.3625,361.8438,120.5,48.8438,319.0,37.1187,334.375,334.4688,2.85,2.8828,3.0578,3.3547,-1.5276,-4.8745,15.809,15.6709,13.3439,4.159,4.2404,1.7583,1.7616,29.4437,2.577,280.76,0.0,1.0,42.2312,37.9,0.0,,,
2025-06-16 19:00:00,662.4688,368.5625,124.4375,48.7812,326.9,36.8438,342.2188,342.3438,2.4156,2.6672,3.0219,3.5562,-1.3801,-4.712,15.7017,15.5653,13.2612,4.096,4.1682,1.7708,1.759,28.3312,0.763,273.82,0.0,1.0,42.7937,37.7875,0.0,,,
2025-06-16 19:30:00,662.2562,371.9375,126.0,48.7625,330.525,37.1063,346.3438,346.4375,2.1922,2.8031,3.2922,3.2672,-1.3521,-4.6585,15.406,15.2809,13.0708,4.0794,4.145,1.7865,1.8016,28.8937,1.098,266.66,0.0,1.0,43.3812,37.8,0.0,,,
2025-06-16 20:00:00,662.0437,373.0,126.8,48.9187,332.525,37.025,347.5,347.5312,2.5187,2.2797,2.7125,3.3453,-1.4361,-4.6895,14.9819,14.86,12.8311,4.0767,4.1415,1.72,1.7198,28.3375,0.813,259.06,1.0,1.0,43.975,37.7562,0.0,,,
2025-06-16 20:30:00,660.875,373.1562,126.775,48.525,332.85,36.7125,347.75,347.8438,2.425,2.4109,2.7562,3.5266,-1.2961,-4.6415,15.2711,15.1476,13.0481,4.1056,4.1695,1.8526,1.8384,28.4875,18.884,271.56,1.0,1.0,44.875,37.7562,0.0,,,
2025-06-16 21:00:00,662.7875,375.5312,127.5125,48.4062,334.4,36.7,349.625,349.6875,2.6609,2.5297,3.0672,3.5219,-1.3215,-4.655,15.263,15.1379,13.0578,4.1927,4.2618,1.8624,1.8707,29.8687,0.939,275.08,1.0,1.0,45.4875,37.775,0.0,,,
2025-06-16 21:30:00,661.6188,375.2188,127.7125,48.4812,334.55,36.7938,349.625,349.6875,2.6422,2.5328,2.8312,3.2906,-1.3727,-4.672,15.2272,15.094,13.0268,4.1485,4.215,1.7907,1.7861,29.9188,0.94,264.82,1.0,1.0,46.0687,37.8312,0.0,,,
2025-06-16 22:00:00,662.4688,375.2188,127.875,48.475,334.85,36.6125,349.7188,349.7188,2.5547,2.7078,3.1047,3.3422,-1.3648,-4.651,15.1119,14.9819,12.9047,4.0807,4.1533,1.7627,1.7581,28.8937,0.783,265.6,1.0,1.0,46.7875,37.8438,0.0,,,
2025-06-16 22:30:00,662.2562,374.4375,127.725,48.225,334.7,36.35,349.5,349.4688,2.5922,2.45,2.8687,3.7703,-1.3723,-4.681,15.1639,15.0469,13.0598,4.1122,4.1839,1.8163,1.8069,28.75,0.72,264.06,1.0,1.0,47.7188,37.9625,0.0,,,
2025-06-16 23:00:00,662.3625,378.0938,128.8625,47.95,336.375,36.2625,351.3125,351.4375,2.25,2.5969,3.1812,3.4719,-1.3189,-4.6765,15.2776,15.1541,13.156,4.2347,4.2986,1.8747,1.8815,29.775,0.663,282.84,1.0,1.0,48.4,37.8375,0.0,,,
2025-06-16 23:30:00,662.2562,377.1562,128.5875,48.0062,336.325,36.3875,351.4062,351.4375,2.7,2.6391,2.9969,3.5938,-1.3828,-4.7365,15.3686,15.2451,13.1169,4.0859,4.1529,1.7791,1.785,27.9,3.037,278.04,1.0,0.0,49.225,37.8438,0.0,,,
2025-06-17 00:00:00,662.0437,376.4062,128.025,47.9437,336.125,35.8375,350.8438,350.9688,2.3625,2.4375,3.0312,3.4562,-1.3574,-4.6435,15.2533,15.1314,13.1332,4.0256,4.0907,1.7325,1.7334,28.1375,2.96,277.7,1.0,0.0,49.9875,38.0438,0.0,,,
2025-06-17 00:30:00,605.7312,371.0312,126.2375,47.7312,332.55,35.775,346.1875,346.25,2.6875,2.55,3.1125,3.7641,-1.2992,-4.191,14.6309,14.5285,12.6287,3.5132,3.5811,1.5124,1.4995,27.675,3.133,285.3,1.0,0.0,46.325,37.95,0.0,,,
2025-06-17 01:00:00,430.2062,350.4375,124.6875,46.975,324.425,36.2625,331.875,331.9688,4.4391,4.0984,4.3797,5.4812,-0.8306,-2.6795,13.144,13.0173,11.9057,2.2791,2.3044,1.1546,1.1576,29.1812,0.866,284.82,1.0,0.0,49.2375,37.9875,3.4187,,,
2025-06-17 01:30:00,329.2687,343.0625,118.6625,47.5562,315.275,36.0562,321.4062,321.3125,4.2219,4.0484,4.9234,5.6531,-0.6898,-1.913,12.7264,12.637,11.788,1.3319,1.3564,0.7518,0.7584,29.2875,0.808,288.08,1.0,0.0,42.4062,38.0875,60.2312,,,
2025-06-17 02:00:00,265.4125,316.5938,126.1625,48.0,301.225,36.8125,298.8125,298.9062,5.4422,5.2453,5.55,5.7422,-0.6666,-1.7475,12.6321,12.5476,11.7643,1.3931,1.4185,0.8514,0.8466,28.3312,0.893,279.2,1.0,1.0,46.9125,38.075,50.0625,,,
2025-06-17 02:30:00,288.7875,318.1875,120.5125,48.025,296.4,36.5687,295.0312,295.0938,5.5578,5.475,5.5625,6.2109,-0.6994,-1.941,12.8937,12.8304,11.868,1.5996,1.6206,0.9979,0.9894,29.4437,3.195,274.36,1.0,1.0,49.1937,37.9188,64.3125,,,
2025-06-17 03:00:00,266.0499,315.0312,123.7125,48.075,295.625,36.7687,291.4375,291.4688,5.4375,5.4547,5.8531,6.1844,-0.6132,-1.7525,12.8239,12.7475,11.8096,1.4916,1.5191,0.9452,0.9518,29.9312,8.648,278.16,1.0,1.0,42.4812,37.9375,62.8062,,,
2025-06-17 03:30:00,264.5625,310.125,122.4625,47.9937,291.85,36.8625,287.9688,287.9688,5.4328,5.3828,5.8484,6.2188,-0.6539,-1.8035,12.845,12.7703,11.7819,1.4679,1.4946,0.9161,0.9306,29.3875,0.897,275.98,1.0,1.0,46.3812,37.8625,67.2937,,,
2025-06-17 04:00:00,264.5625,309.7812,123.6875,47.75,291.975,36.7313,287.5938,287.6562,5.6812,5.4609,5.7125,6.7656,-0.7016,-1.8545,12.8076,12.7312,11.7261,1.4657,1.4885,0.9157,0.9148,28.9062,3.121,279.02,1.0,0.0,48.9812,37.7938,68.2062,,,
2025-06-17 04:30:00,265.4125,308.8438,123.65,47.725,291.9,36.725,287.625,287.7188,5.7328,5.6766,5.8891,6.7234,-0.6696,-1.826,12.8954,12.8206,11.8891,1.4981,1.52,0.9538,0.9562,29.9312,2.987,279.74,1.0,0.0,50.0,37.8312,68.3062,,,
2025-06-17 05:00:00,265.7312,310.0312,123.8625,47.9688,292.575,36.5875,288.0938,288.125,5.7219,5.6062,5.7016,6.5578,-0.7016,-1.869,12.8482,12.7572,11.8084,1.4719,1.4973,0.919,0.9152,29.6312,3.241,280.56,1.0,0.0,44.6125,37.8062,68.075,,,
2025-06-17 05:30:00,265.2,309.75,123.8625,47.8187,292.825,36.375,288.4688,288.5,5.6469,5.6078,5.6406,6.4734,-0.6893,-1.8345,12.6402,12.5427,11.7355,1.4903,1.5064,0.9293,0.9317,28.3125,0.847,271.54,1.0,0.0,48.45,37.8625,68.3125,,,
2025-06-17 06:00:00,264.8812,309.1875,123.875,48.1,292.475,36.425,288.1875,288.25,5.625,5.5297,5.5766,6.3953,-0.6403,-1.793,12.8726,12.8044,11.8587,1.5008,1.5235,0.952,0.9461,29.9375,0.886,266.14,1.0,0.0,44.3062,37.8812,67.3687,,,
2025-06-17 06:30:00,263.7125,310.1875,123.65,48.2062,292.9,36.475,288.6875,288.7812,5.5156,5.5672,5.8062,6.6312,-0.6609,-1.8285,12.8385,12.7621,11.799,1.5034,1.5261,0.9516,0.9457,29.4062,0.832,263.5,1.0,1.0,47.0625,37.9188,67.4437,,,
2025-06-17 07:00:00,265.5187,311.6875,123.7375,48.5875,293.3,36.7687,289.1562,289.2812,5.6781,5.6469,5.6437,6.3937,-0.6902,-1.8355,12.6711,12.5915,11.6687,1.4977,1.5248,0.9503,0.9507,28.4188,0.822,262.02,1.0,1.0,49.8687,38.0187,65.1062,,,
2025-06-17 07:30:00,265.5187,310.6875,122.9625,48.9187,293.0,37.1187,289.375,289.4375,5.5734,5.6281,5.8547,6.7719,-0.6552,-1.8255,12.8629,12.7897,11.833,1.5196,1.5528,0.9157,0.917,29.8625,0.913,260.36,1.0,1.0,45.9,38.0938,64.7437,,,
2025-06-17 08:00:00,264.5625,310.25,123.875,49.1437,293.125,37.375,289.6562,289.75,5.9328,5.7734,5.7469,6.4344,-0.6723,-1.923,12.8824,12.8223,11.7954,1.6123,1.6421,1.0154,1.0229,29.9312,18.768,279.72,1.0,1.0,49.1312,38.15,63.0812,,,
2025-06-17 08:30:00,265.5187,312.2812,122.375,49.4,294.125,37.4813,291.1562,291.25,5.6719,5.5906,5.7672,6.4062,-0.695,-1.8205,12.7914,12.6256,11.7766,1.5826,1.6088,0.9861,0.9844,29.45,0.903,270.14,1.0,1.0,42.8312,37.9562,63.2437,,,
2025-06-17 09:00:00,265.2,313.125,122.675,49.1812,294.75,37.1937,291.8125,291.9375,5.5109,5.4031,5.5922,6.6453,-0.6814,-1.854,12.9344,12.8596,11.8486,1.5624,1.5887,0.9741,0.9708,28.8937,3.231,276.48,1.0,0.0,46.4437,38.0312,63.4688,,,
2025-06-17 09:30:00,265.3063,313.375,122.7,49.2437,294.8,37.2062,291.7812,291.8125,5.7078,5.6594,5.7969,6.6797,-0.7147,-1.886,12.8287,12.7475,11.8317,1.5467,1.5721,0.9472,0.9406,28.9625,3.325,275.86,1.0,0.0,47.8062,37.9062,63.8562,,,
2025-06-17 10:00:00,265.2,312.75,122.8875,49.4688,294.825,37.4813,291.8125,291.9375,5.6281,5.6406,5.6219,6.3703,-0.6915,-1.837,12.7004,12.6272,11.8157,1.5891,1.6167,0.9931,0.9861,29.0625,0.788,273.34,1.0,0.0,48.1687,37.7375,62.1562,,,
2025-06-17 10:30:00,264.775,312.875,122.45,49.9562,294.625,37.9813,292.0938,292.1875,5.7656,5.5844,5.7547,6.7578,-0.6473,-1.7885,12.8304,12.7589,11.8431,1.597,1.6272,0.9947,0.9866,29.525,0.921,263.2,1.0,0.0,48.2562,37.6937,59.975,,,
2025-06-17 11:00:00,265.7312,313.4688,122.05,50.1312,294.625,38.0875,292.375,292.5,5.4594,5.5047,5.7484,6.6453,-0.6854,-1.8315,12.8564,12.7621,11.805,1.5655,1.59,0.9748,0.9618,28.525,0.838,258.14,1.0,0.0,48.2,37.5187,59.8,,,
2025-06-17 11:30:00,260.1,313.9062,121.525,50.5187,294.75,38.4125,293.125,293.1875,5.7406,5.5953,5.7266,6.4984,-0.7068,-1.8205,12.6874,12.6094,11.7197,1.5874,1.6106,0.9697,0.957,29.9375,0.885,255.98,1.0,1.0,48.2062,37.4437,58.1687,,,
2025-06-17 12:00:00,267.325,314.1562,121.7625,50.2562,295.15,38.1375,293.2188,293.25,5.6984,5.6672,5.6875,6.5453,-0.7046,-1.864,12.8954,12.8206,11.8913,1.597,1.6163,0.9944,0.982,28.9688,0.829,254.48,1.0,1.0,47.9812,37.3687,59.9937,,,
2025-06-17 12:30:00,267.1124,314.0625,122.1375,50.8562,295.175,38.75,293.7812,293.9062,5.5859,5.5922,5.7047,6.5844,-0.7055,-1.8825,12.6646,12.585,11.8181,1.6171,1.6359,0.9975,0.9903,30.6,5.561,267.34,1.0,1.0,47.6625,37.3625,55.4312,,,
2025-06-17 13:00:00,266.7937,313.3438,120.9625,50.8562,294.55,38.85,293.5625,293.625,5.3984,5.525,5.7344,6.6125,-0.7073,-1.8325,12.6175,12.5265,11.6755,1.5909,1.625,0.9769,0.9789,30.1437,0.813,258.92,1.0,1.0,47.4125,37.3062,56.2062,,,
2025-06-17 13:30:00,265.625,314.125,121.1875,51.3438,294.825,39.2937,294.1562,294.2188,5.3187,5.3281,5.6531,6.6203,-0.7252,-1.8795,12.8369,12.78,11.8454,1.6097,1.6364,0.975,0.9839,30.5875,2.087,258.82,1.0,1.0,47.3687,37.3687,53.55,,,
2025-06-17 14:00:00,267.4313,315.2188,120.5375,51.0,295.05,39.3812,294.6562,294.7188,5.5094,5.4516,5.7047,6.5766,-0.7239,-1.871,12.6419,12.559,11.8009,1.6176,1.6394,0.999,0.992,30.5312,3.381,261.74,1.0,0.0,47.525,37.3687,55.0625,,,
2025-06-17 14:30:00,283.2625,321.5312,121.15,50.3375,298.4,38.9312,299.2812,299.375,5.6422,5.4297,5.6969,6.5547,-0.7567,-1.9905,12.7654,12.676,11.7006,1.7409,1.7646,1.062,1.055,29.4625,2.882,261.66,1.0,0.0,47.9062,37.3875,52.2687,,,
2025-06-17 15:00:00,290.3812,315.0,122.425,50.125,296.625,38.6875,297.9688,298.0,5.5969,5.4906,5.3906,6.0391,-0.6867,-1.9455,12.9165,12.8499,11.9071,1.7751,1.8013,1.0697,1.0638,29.5375,0.843,252.6,1.0,0.0,48.1375,37.4562,49.725,,,
2025-06-17 15:30:00,397.375,321.625,118.1125,49.8625,296.15,38.1187,303.4688,303.5312,4.0734,4.1328,4.2094,5.125,-1.0148,-3.0705,14.1499,14.0426,12.5484,2.7393,2.7695,1.3451,1.344,29.9688,0.869,249.4,1.0,0.0,48.5312,37.525,19.6,,,
2025-06-17 16:00:00,611.6813,350.1562,118.5625,49.1562,310.225,37.7625,325.6562,325.7188,3.2781,3.125,3.2594,3.8656,-1.3569,-4.9015,15.926,15.7765,13.1914,4.5545,4.642,2.0707,2.0773,29.4,0.862,237.94,1.0,1.0,48.7562,37.575,0.0,,,
2025-06-17 16:30:00,661.4062,364.2188,124.9875,49.0938,324.975,37.5875,340.3438,340.4375,2.7797,2.5547,3.0672,3.3766,-1.3263,-4.682,15.5945,15.4466,13.3065,4.1432,4.2106,1.8417,1.841,29.925,0.788,247.3,1.0,1.0,49.1937,37.5938,0.0,,,
2025-06-17 17:00:00,661.4062,363.2812,125.05,48.825,325.0,37.4062,340.0938,340.125,2.7266,2.6969,2.9062,3.3484,-1.3031,-4.578,15.2987,15.133,13.0704,4.0531,4.117,1.7668,1.773,29.1063,1.41,263.42,1.0,1.0,49.5625,37.55,0.0,,,
2025-06-17 17:30:00,661.6188,365.6562,125.425,48.5938,326.5,37.2375,341.7188,341.7812,2.3922,2.8359,2.9578,3.3297,-1.4388,-4.6605,15.0485,14.9087,12.8772,3.984,4.0509,1.6903,1.6918,30.35,0.786,275.0,1.0,1.0,42.9312,37.5625,0.0,,,
2025-06-17 18:00:00,660.6625,365.0938,125.8125,48.4812,327.725,37.1312,342.0,342.125,2.5109,2.5031,3.0641,3.7328,-1.353,-4.5975,15.12,14.9867,12.967,4.0802,4.1454,1.7876,1.787,30.5687,1.054,266.32,1.0,1.0,47.575,37.6125,0.0,,,
2025-06-17 18:30:00,660.2375,365.8125,126.3125,48.3375,328.45,37.0,342.7188,342.8438,2.4,2.6391,3.1078,3.4094,-1.3526,-4.7185,15.2094,15.0907,13.0445,4.1586,4.2321,1.8452,1.8386,28.9062,22.977,280.16,1.0,0.0,49.5375,37.675,0.0,,,
2025-06-17 19:00:00,661.4062,368.6562,126.55,48.4187,329.875,36.9437,344.1875,344.2812,2.5969,2.3734,2.7172,3.625,-1.4042,-4.6475,14.925,14.7934,12.8184,4.1096,4.1848,1.7835,1.7887,28.8812,2.944,279.68,1.0,0.0,44.1687,37.6375,0.0,,,
2025-06-17 19:30:00,660.45,367.5312,127.275,48.4375,330.25,36.925,344.125,344.1562,2.6828,2.5828,2.9672,3.4812,-1.3565,-4.6085,15.0696,14.9445,12.9369,4.1039,4.1774,1.8419,1.8283,29.4188,2.859,282.1,1.0,0.0,48.45,37.6812,0.0,,,
2025-06-17 20:00:00,661.5125,370.0,126.75,48.2375,331.0,36.9375,345.3438,345.4375,2.5922,2.4312,2.7891,3.6062,-1.4234,-4.6425,14.8129,14.7137,12.823,4.0676,4.1437,1.7725,1.7686,29.4062,0.78,268.02,1.0,0.0,42.9688,37.65,0.0,,,
2025-06-17 20:30:00,661.5125,370.375,126.775,48.1687,331.475,36.8687,346.0312,346.125,2.6672,2.5969,3.0312,3.6719,-1.3867,-4.651,14.8389,14.717,12.8626,4.1481,4.2163,1.8097,1.8215,29.8937,1.023,261.38,1.0,0.0,47.4,37.7,0.0,,,
2025-06-17 21:00:00,663.0,370.1875,127.1375,48.4187,332.075,36.8687,346.4688,346.4688,2.4484,2.6625,3.0281,3.6719,-1.3526,-4.6015,14.9851,14.8535,12.8309,4.0702,4.1328,1.778,1.7778,29.35,0.825,259.04,1.0,1.0,49.975,37.6562,0.0,,,
2025-06-17 21:30:00,662.0437,370.5938,127.2375,48.4562,332.375,36.6937,346.7188,346.8438,2.6312,2.9344,2.8672,3.4312,-1.3714,-4.636,14.8486,14.7446,12.8606,4.1148,4.1887,1.797,1.7999,29.475,2.732,263.26,1.0,1.0,46.6875,37.7437,0.0,,,
2025-06-17 22:00:00,659.6,373.4062,127.7875,48.2625,334.025,36.7625,348.625,348.75,2.7078,2.5016,2.7906,3.5125,-1.3171,-4.561,14.8697,14.7495,12.8847,4.11,4.1809,1.8283,1.8198,28.8187,0.683,275.3,1.0,1.0,50.1937,37.7,0.0,,,
2025-06-17 22:30:00,661.6188,372.8125,128.125,48.15,334.3,36.45,348.5312,348.625,2.8766,2.7984,2.9281,3.4469,-1.2856,-4.5855,14.7625,14.6406,12.7346,4.2246,4.2902,1.9047,1.9147,29.3,0.743,268.04,1.0,1.0,46.8438,37.8375,0.0,,,
2025-06-17 23:00:00,660.5563,373.5312,128.2375,47.8562,335.175,36.45,349.4062,349.5,2.7812,2.9109,3.0312,3.1406,-1.3443,-4.5925,14.7479,14.6374,12.8679,4.0417,4.1078,1.7839,1.7826,28.3687,1.984,261.94,1.0,1.0,47.5562,37.7812,0.0,,,
2025-06-17 23:30:00,661.3,373.6562,128.45,47.8187,335.625,36.3812,349.625,349.75,2.4625,2.3969,2.7594,3.4141,-1.3631,-4.582,14.6179,14.4976,12.7627,4.0181,4.0864,1.7566,1.75,28.9813,2.973,274.28,1.0,0.0,46.9688,37.9188,0.0,,,
2025-06-18 00:00:00,662.2562,377.2812,129.9875,47.7875,337.675,36.0125,351.4062,351.4688,2.7953,2.6906,2.9453,2.8672,-1.3823,-4.6725,14.5854,14.47,12.701,4.1717,4.2434,1.8408,1.8279,29.4375,3.076,286.24,1.0,0.0,44.5562,38.0187,0.0,,,
2025-06-18 00:30:00,536.35,366.25,128.775,47.6937,333.775,36.1812,344.125,344.125,3.1719,3.2047,4.1359,4.65,-1.0949,-3.5435,13.6445,13.5145,12.0576,3.018,3.0705,1.346,1.3497,29.3062,0.933,288.48,1.0,0.0,47.6812,37.9813,0.0,,,
2025-06-18 01:00:00,606.6875,368.2188,126.6375,47.8312,330.2,36.25,343.4062,343.5,2.9531,2.9344,3.3891,3.6719,-1.2196,-4.1135,14.1694,14.0491,12.428,3.6729,3.7333,1.671,1.6667,30.5687,0.88,281.66,1.0,0.0,43.7437,37.9875,0.0,,,
2025-06-18 01:30:00,640.9,370.8125,126.825,47.6812,331.55,36.3937,345.6562,345.6875,2.6062,2.4594,2.9922,3.25,-1.2909,-4.4155,14.4326,14.301,12.5834,3.8694,3.9284,1.7181,1.717,29.3687,9.483,272.96,1.0,0.0,49.0812,38.1437,0.0,,,
2025-06-18 02:00:00,569.075,364.4375,127.25,47.3125,331.225,35.925,342.625,342.6875,2.8766,2.9609,3.5672,4.3531,-1.0494,-3.7655,13.8899,13.7778,12.2279,3.2665,3.3142,1.4842,1.4779,28.425,6.063,280.08,1.0,1.0,44.7812,38.2375,0.0,,,
2025-06-18 02:30:00,470.3688,361.25,122.9375,47.3562,326.675,35.8625,337.5625,337.625,2.9422,3.7234,4.1953,4.6578,-0.9479,-2.8415,12.9977,12.884,11.8452,2.2086,2.2322,0.9995,1.0012,30.5938,19.827,288.92,1.0,1.0,49.75,38.2437,4.1687,,,
2025-06-18 03:00:00,434.775,344.625,125.0375,47.075,317.925,36.0625,325.4375,325.5,3.9953,3.7594,4.0828,5.2266,-0.9693,-2.945,13.404,13.2984,12.0696,2.2528,2.2856,0.9986,0.9898,29.9,8.683,298.5,1.0,1.0,46.3625,38.275,0.0,,,
2025-06-18 03:30:00,501.3938,341.0312,117.825,47.1562,308.3,35.95,319.4062,319.4688,4.1062,4.0469,4.3031,5.5062,-1.1194,-3.781,14.6292,14.5041,12.5458,3.4769,3.5342,1.6207,1.6142,29.4688,0.993,286.4,1.0,1.0,47.4812,38.3875,0.0,,,
2025-06-18 04:00:00,450.6062,343.2188,119.725,47.3062,313.65,35.7938,322.875,322.9062,4.4703,3.7297,3.8656,5.5828,-1.0083,-3.0175,13.2545,13.1375,11.8512,2.5206,2.5464,1.1806,1.1648,30.3125,3.1,301.64,1.0,0.0,47.675,38.4437,0.0,,,
2025-06-18 04:30:00,482.5875,346.125,118.2625,47.4562,314.025,35.7562,324.6562,324.7188,3.8609,3.1266,3.6594,5.1297,-0.9868,-3.1355,13.3228,13.2041,11.8679,2.8714,2.9021,1.3646,1.3576,29.6375,3.017,295.56,1.0,0.0,43.6312,38.4437,0.0062,,,
2025-06-18 05:00:00,460.7,344.5312,118.625,47.2375,313.775,35.8438,323.5,323.5,4.5172,3.8453,4.1156,5.8562,-0.8888,-2.9635,13.4105,13.287,12.0316,2.8605,2.9038,1.4451,1.4453,29.9312,3.128,294.68,1.0,0.0,49.4062,38.5562,0.0062,,,
2025-06-18 05:30:00,424.3624,343.5312,119.6,47.4937,311.15,35.9625,320.1875,320.2188,4.3281,3.9875,4.9688,5.5797,-1.0419,-2.9175,13.599,13.4934,12.342,2.4077,2.4326,1.0557,1.0548,30.4937,3.756,292.02,1.0,0.0,46.075,38.7313,3.2,,,
2025-06-18 06:00:00,260.8438,321.1875,128.7875,47.9437,307.3,36.7375,304.2188,304.25,5.1078,5.1937,5.3828,5.4984,-0.7204,-1.728,12.5541,12.4859,11.6656,1.1674,1.1949,0.6687,0.672,30.4562,3.733,265.74,1.0,0.0,50.325,38.8,49.7125,,,
2025-06-18 06:30:00,264.775,319.6875,121.4375,48.5875,298.675,36.8625,298.7812,298.875,5.3781,5.575,5.45,5.9047,-0.6394,-1.779,12.7686,12.6451,11.8898,1.5686,1.5974,0.9754,0.9767,29.4562,2.519,273.12,1.0,1.0,46.6687,38.825,51.6562,,,
2025-06-18 07:00:00,265.5187,320.4375,122.3375,48.9125,299.25,37.0562,298.7188,298.8125,5.6969,6.0719,5.5562,5.7219,-0.6981,-1.8145,12.7296,12.6532,11.8343,1.5283,1.5572,0.9177,0.9229,29.7687,0.777,271.26,1.0,1.0,50.0125,38.8312,52.5437,,,
2025-06-18 07:30:00,264.5625,319.1562,123.0125,49.1125,299.3,37.3812,298.1562,298.1562,5.7781,5.9828,5.8219,5.5859,-0.6845,-1.819,12.5639,12.4761,11.6911,1.5056,1.5362,0.8553,0.8562,29.95,0.851,268.12,1.0,1.0,45.725,38.7437,51.3937,,,
2025-06-18 08:00:00,263.6062,321.5938,120.6875,49.4312,301.125,37.5438,299.4062,299.4062,5.3484,5.3844,5.8484,5.775,-0.5436,-1.628,12.7394,12.6549,11.9307,1.4185,1.4447,0.8932,0.8894,30.0312,0.897,265.46,1.0,1.0,48.8687,38.7188,62.4625,,,
2025-06-18 08:30:00,264.2438,315.0938,122.4875,49.4875,295.9,37.6875,294.5312,294.5625,5.5547,5.6687,5.7078,6.0469,-0.6902,-1.7945,12.7329,12.6516,11.8088,1.4412,1.4741,0.8645,0.8522,29.4062,0.874,267.14,1.0,1.0,49.8937,38.6125,51.7875,,,
2025-06-18 09:00:00,265.4125,319.3438,122.3875,49.7437,297.675,37.8375,296.8125,296.8438,5.2078,5.1687,5.2766,5.4656,-0.6526,-1.858,12.6159,12.5395,11.7774,1.618,1.6482,1.006,1.0192,30.5938,3.089,278.88,1.0,0.0,42.6,38.5125,53.1687,,,
2025-06-18 09:30:00,264.775,321.25,122.075,50.0,298.525,37.9562,298.0,298.0938,5.4422,5.7094,5.6812,5.9203,-0.7418,-1.893,12.819,12.741,11.8121,1.5091,1.5406,0.8848,0.8866,28.825,2.944,281.48,1.0,0.0,46.0687,38.3375,52.7125,,,
2025-06-18 10:00:00,265.8375,321.7188,122.2375,50.2312,299.3,38.1937,299.4375,299.4688,5.5672,5.8172,5.9094,6.2156,-0.7672,-1.8885,12.7361,12.6029,11.7938,1.5003,1.5266,0.8345,0.8277,30.15,3.083,284.4,1.0,0.0,47.2625,38.2875,48.5125,,,
2025-06-18 10:30:00,290.0625,326.5938,119.825,50.5125,300.525,38.35,303.1562,303.25,5.4219,5.7328,5.6391,6.1953,-0.6902,-1.936,12.7605,12.6857,11.8249,1.7567,1.7825,1.0148,1.0196,28.3937,0.884,278.4,1.0,0.0,47.7188,38.1688,48.6562,,,
2025-06-18 11:00:00,320.875,331.75,120.6625,50.75,304.875,38.3125,308.8125,308.9062,5.2953,5.6781,5.5359,5.9297,-0.7873,-2.1955,12.8905,12.8092,11.8529,1.8525,1.8779,0.9848,0.9826,28.8687,0.88,261.12,1.0,0.0,47.8812,38.0125,48.4187,,,
2025-06-18 11:30:00,262.1188,326.7812,124.7375,50.6562,304.3,38.5187,304.625,304.6875,5.6687,5.6516,5.7,6.1375,-0.7055,-1.81,12.6532,12.5671,11.8414,1.5204,1.5493,0.882,0.8833,29.7938,0.959,256.74,1.0,1.0,47.8312,37.8937,40.8,,,
2025-06-18 12:00:00,265.9437,328.125,121.3,50.6312,302.9,38.575,304.3125,304.3125,5.3781,5.2062,5.2859,6.0422,-0.7536,-1.8935,12.6711,12.5866,11.7301,1.5524,1.5817,0.9021,0.9163,30.6125,0.8,260.12,1.0,1.0,47.6062,37.7687,43.8375,,,
2025-06-18 12:30:00,264.35,322.7188,120.8375,51.2812,300.3,39.2687,302.0938,302.1875,5.7906,5.6875,5.7047,6.2766,-0.6762,-1.8095,12.7995,12.728,11.9021,1.618,1.6469,0.978,0.98,29.9813,0.774,261.08,1.0,1.0,47.5938,37.7812,42.475,,,
2025-06-18 13:00:00,267.0062,327.1562,120.7,50.75,301.75,39.4,303.5,303.5625,5.2109,5.5859,5.8031,6.2797,-0.7335,-1.8785,12.7069,12.6094,11.8027,1.5178,1.5454,0.8735,0.8698,30.5812,0.736,260.92,1.0,1.0,47.7625,37.7938,43.6375,,,
2025-06-18 13:30:00,265.5187,321.0625,122.5625,50.5062,301.325,39.3375,302.0938,302.0625,5.3781,5.3859,5.3984,5.8187,-0.7843,-1.887,12.5411,12.468,11.7056,1.4951,1.5222,0.8547,0.8584,29.4562,2.149,279.02,1.0,1.0,48.0,37.775,45.4625,,,
2025-06-18 14:00:00,265.4125,326.4375,122.1125,50.75,301.125,39.1437,303.0625,303.0938,5.6297,5.7078,5.75,6.0859,-0.7549,-1.932,12.7686,12.6792,11.821,1.5511,1.5721,0.9056,0.9074,29.4562,3.916,279.86,1.0,0.0,48.65,37.8812,41.2375,,,
2025-06-18 14:30:00,363.2687,321.6875,119.5375,50.45,297.0,38.7938,303.75,303.875,4.8109,5.1844,5.2703,6.0297,-0.8534,-2.5345,13.3877,13.287,12.1482,2.3438,2.3753,1.1961,1.2062,29.9813,2.967,246.84,1.0,0.0,49.1062,37.9125,29.9188,,,
2025-06-18 15:00:00,358.275,333.9062,119.6875,49.6562,306.025,38.1,311.375,311.4375,4.4516,4.5094,5.225,5.775,-0.8919,-2.493,13.1635,13.0676,12.016,1.9859,2.01,0.9907,0.9966,30.1625,3.992,254.4,1.0,0.0,49.6312,38.0062,50.1812,,,
2025-06-18 15:30:00,461.7625,339.75,117.625,49.4688,309.4,38.275,318.7188,318.7812,3.7937,3.7594,3.9594,5.35,-0.9706,-3.1115,14.0686,13.9516,12.1125,2.7901,2.8404,1.3722,1.3707,29.9437,0.794,265.96,1.0,0.0,49.8438,37.975,0.0125,,,
2025-06-18 16:00:00,660.9812,364.9688,125.1875,50.3125,325.7,38.4188,340.5625,340.6562,2.4812,2.4594,2.9594,3.3594,-1.2611,-4.452,14.8941,14.7722,12.8463,3.9704,4.0356,1.7522,1.7607,28.8687,2.828,270.86,1.0,1.0,43.5,38.0375,0.0,,,
2025-06-18 16:30:00,658.4313,373.9062,127.7375,49.2562,332.175,37.05,347.375,347.4688,2.2047,2.4203,2.9219,3.3687,-1.3027,-4.5335,14.7576,14.6601,12.8102,4.0435,4.1078,1.7835,1.7817,28.55,0.914,278.86,1.0,1.0,48.1062,38.0687,0.0,,,
2025-06-18 17:00:00,655.8812,372.75,127.7625,49.0938,332.575,36.8625,347.5938,347.6875,2.3594,2.6156,3.1969,3.5656,-1.3381,-4.5245,14.5837,14.4635,12.6043,3.9534,4.0208,1.7139,1.7143,28.75,0.871,270.16,1.0,1.0,50.1375,38.075,0.0,,,
2025-06-18 17:30:00,659.7063,372.5938,127.925,49.0187,334.0,36.6875,348.0312,348.0625,2.5578,2.4297,2.875,3.1781,-1.2887,-4.469,14.808,14.6991,12.8294,4.0291,4.0934,1.7981,1.7843,28.2875,0.788,259.84,1.0,1.0,47.0187,38.1063,0.0,,,
2025-06-18 18:00:00,659.6,373.0312,128.0375,49.025,334.25,36.6875,348.5,348.625,2.3422,2.6266,2.8125,2.9797,-1.325,-4.5125,14.9055,14.7852,12.9409,3.9787,4.0452,1.7255,1.7334,29.1562,0.871,258.72,1.0,1.0,49.7062,38.0687,0.0,,,
2025-06-18 18:30:00,660.5563,374.4062,129.9375,49.0312,335.8,36.75,349.7812,349.8438,2.4578,3.0812,2.9484,3.3219,-1.4401,-4.7445,14.8697,14.743,12.8217,4.1087,4.1844,1.8075,1.8047,29.9562,2.296,284.72,1.0,1.0,45.3625,38.0562,0.0,,,
2025-06-18 19:00:00,660.3438,378.7812,129.525,48.5812,338.125,36.775,352.6562,352.7188,2.4,2.8141,3.1828,3.6516,-1.3298,-4.6325,14.9786,14.8665,12.9245,4.089,4.1599,1.7962,1.7876,29.4875,0.858,272.08,1.0,1.0,48.9875,38.0625,0.0,,,
2025-06-18 19:30:00,660.875,378.125,129.8,48.4812,338.625,37.0,353.0938,353.125,2.3516,2.6797,2.8172,2.8328,-1.4528,-4.6645,14.8665,14.7528,12.7992,3.9372,4.0011,1.6365,1.6505,29.8438,1.135,264.5,1.0,1.0,44.6875,38.0562,0.0,,,
2025-06-18 20:00:00,660.025,378.6562,129.6,48.2437,338.625,36.7938,353.0,353.0625,2.4109,2.9109,3.0766,3.1281,-1.4099,-4.6335,14.7609,14.6585,12.7516,4.0138,4.0754,1.727,1.7318,29.8438,0.59,260.0,1.0,1.0,48.7562,38.1,0.0,,,
2025-06-18 20:30:00,658.75,376.7188,129.1,47.7125,336.9,36.4062,351.1875,351.2188,2.3703,2.875,3.0766,2.7828,-1.2253,-4.437,14.977,14.8795,12.8255,4.0706,4.1415,1.825,1.8228,30.1,0.923,270.96,1.0,1.0,42.7062,38.1812,0.0,,,
2025-06-18 21:00:00,659.9187,381.4375,129.825,48.1312,339.325,36.6,354.0312,354.0938,2.3187,2.8406,3.1,3.3047,-1.3762,-4.645,14.8421,14.7235,12.8545,4.061,4.1384,1.7975,1.7784,27.7437,0.735,277.02,1.0,1.0,47.625,38.1625,0.0,,,
2025-06-18 21:30:00,660.875,377.9062,130.1375,48.3562,338.125,36.625,352.4062,352.5,2.5594,2.8547,2.9297,3.0359,-1.3574,-4.605,14.847,14.7251,12.854,4.0391,4.1087,1.7542,1.7517,28.9,2.405,281.02,1.0,1.0,49.9312,38.1125,0.0,,,
2025-06-18 22:00:00,660.6625,375.7188,130.1,48.325,336.725,36.225,351.0,351.0938,2.2219,2.9016,3.1406,3.2656,-1.3779,-4.6055,14.7739,14.6292,12.7325,3.9805,4.0426,1.7154,1.7148,29.0687,2.933,284.58,1.0,0.0,46.375,38.0687,0.0,,,
2025-06-18 22:30:00,654.2875,375.0938,128.3625,48.0437,336.05,36.0375,350.1875,350.2188,2.5031,2.9547,3.0,3.4,-1.3552,-4.5415,14.6877,14.5805,12.8059,3.9179,3.9814,1.71,1.7124,28.3312,3.057,279.96,1.0,0.0,50.3562,38.1375,0.0,,,
2025-06-18 23:00:00,650.25,374.1875,129.4375,48.375,336.85,35.9937,350.6562,350.6875,2.3172,2.6937,2.9562,3.1328,-1.2874,-4.5295,14.7999,14.6699,12.9158,4.0186,4.0842,1.7924,1.7903,28.2812,17.024,285.84,1.0,0.0,47.5938,38.3,0.0,,,
2025-06-18 23:30:00,662.2562,377.3125,128.7875,47.7062,337.875,35.7625,352.125,352.1875,2.4,2.7031,2.8578,3.2156,-1.3119,-4.535,14.9006,14.782,12.8882,3.9678,4.0461,1.7187,1.7421,29.375,0.843,275.46,1.0,0.0,44.9312,38.3875,0.0,,,
2025-06-19 00:00:00,661.0875,377.4688,128.325,47.625,337.55,35.7313,352.25,352.2812,2.2172,2.8109,2.9984,3.0422,-1.3193,-4.513,15.0371,14.9315,12.9792,3.9722,4.0396,1.729,1.7386,29.1312,0.819,265.12,1.0,1.0,50.425,38.5,0.0,,,
2025-06-19 00:30:00,536.5625,366.2188,126.7875,47.3937,331.475,35.675,342.9375,343.0625,2.6062,3.1812,3.6969,4.1797,-1.1566,-3.6095,13.8752,13.7761,12.1322,2.8544,2.899,1.1751,1.1786,29.375,0.8,284.62,1.0,1.0,48.1125,38.7,0.0,,,
2025-06-19 01:00:00,604.6687,368.125,124.4,47.0125,328.725,35.4688,342.9375,343.0312,2.2828,2.6328,3.2375,3.7969,-1.1916,-4.068,14.6439,14.522,12.6487,3.424,3.4686,1.4995,1.4888,29.4562,0.918,284.68,1.0,1.0,44.2625,38.725,0.0,,,
2025-06-19 01:30:00,588.8375,372.9062,125.6125,46.775,331.975,35.5,345.9688,346.0625,2.4422,2.825,3.6484,4.0922,-1.2633,-4.068,14.3839,14.249,12.423,3.4074,3.4573,1.4857,1.4855,29.2687,0.812,283.84,1.0,1.0,49.75,38.75,0.0,,,
2025-06-19 02:00:00,471.6438,358.5938,124.6125,46.6312,326.175,35.7062,335.6562,335.75,3.0906,3.8312,4.4156,4.3781,-1.0026,-3.0885,13.4934,13.378,11.8268,2.4422,2.4864,1.0765,1.0804,28.3375,0.814,281.76,1.0,1.0,46.55,38.8187,0.0,,,
2025-06-19 02:30:00,507.1312,355.3125,119.7625,46.4312,319.65,35.4437,332.1875,332.1875,3.0812,3.6516,4.2219,4.0125,-1.0279,-3.313,13.9094,13.7989,12.0904,2.7227,2.7529,1.1819,1.1963,28.9937,0.941,281.94,1.0,1.0,50.125,38.8687,0.0,,,
2025-06-19 03:00:00,575.6625,364.4062,120.625,46.3375,324.225,35.1312,338.5312,338.6875,2.4922,3.3687,3.6875,3.5656,-1.1601,-3.8295,14.3904,14.2685,12.3723,3.2556,3.3146,1.4252,1.4173,30.575,0.916,277.16,1.0,1.0,46.7375,38.7,0.0,,,
2025-06-19 03:30:00,625.9187,371.1875,122.625,46.625,328.325,34.975,343.75,343.75,2.5953,2.7234,3.1375,3.5187,-1.1841,-4.2195,15.133,14.9932,12.8335,3.6209,3.6795,1.5942,1.5899,29.425,0.706,264.72,1.0,1.0,50.225,38.6375,0.0,,,
2025-06-19 04:00:00,568.7562,370.75,123.4875,46.3312,328.975,35.0375,343.0938,343.1562,2.875,2.9406,3.3438,4.1703,-1.213,-3.9115,14.4375,14.3189,12.3825,3.2044,3.2521,1.3779,1.3779,29.3687,0.849,280.82,1.0,1.0,46.5938,38.5938,0.0,,,
2025-06-19 04:30:00,537.0938,371.5312,123.6125,46.6312,330.525,34.85,343.2188,343.2188,2.5312,3.5625,4.075,4.0297,-1.1465,-3.666,14.0085,13.8866,12.1519,2.9847,3.0228,1.2819,1.2797,28.425,0.986,284.46,1.0,1.0,50.3125,38.525,0.0,,,
2025-06-19 05:00:00,495.3375,362.4062,120.5375,46.125,324.125,34.4,337.0,337.0938,3.4219,3.2734,4.3844,4.6844,-0.9365,-3.0745,13.404,13.2854,11.8268,2.5862,2.6111,1.1797,1.1858,29.7562,3.246,278.48,1.0,1.0,47.0687,38.5625,2.15,,,
2025-06-19 05:30:00,463.4625,347.25,118.0375,46.05,315.475,34.6,326.625,326.5938,3.4984,3.9891,4.0766,4.5953,-1.0021,-3.0195,13.6266,13.5177,11.8565,2.2935,2.3228,0.9944,0.9807,29.4125,2.238,289.6,1.0,1.0,42.95,38.5812,0.0,,,
2025-06-19 06:00:00,442.1062,341.7188,117.1625,46.3687,312.525,34.7812,322.4375,322.5,3.7625,3.8922,4.2281,4.6016,-0.8131,-2.7405,13.5909,13.4788,11.8365,2.2725,2.3114,1.0997,1.0942,28.7938,2.864,293.98,1.0,0.0,48.9,38.625,1.75,,,
2025-06-19 06:30:00,605.3063,361.6875,120.4125,47.0125,322.4,34.9875,337.0625,337.1875,2.6266,2.5656,2.8562,3.8344,-1.2178,-4.172,15.12,15.0274,12.7555,3.4936,3.5461,1.5527,1.5527,29.5375,19.952,290.32,1.0,0.0,45.3687,38.7188,0.0,,,
2025-06-19 07:00:00,651.6312,370.3125,124.375,47.4125,329.5,35.5,345.375,345.4688,2.6234,2.575,2.95,3.5687,-1.3403,-4.538,15.1021,14.9819,12.8908,3.9236,3.9884,1.6957,1.6877,29.4562,0.797,276.28,1.0,0.0,47.6312,38.825,0.0,,,
2025-06-19 07:30:00,571.9437,370.4062,125.95,47.6562,331.275,35.5875,344.0,344.0938,2.8656,3.1141,3.1156,3.9641,-1.1723,-3.869,14.1954,14.0881,12.2652,3.3046,3.3597,1.3888,1.3882,30.7125,0.866,284.98,1.0,0.0,48.4875,38.875,0.0,,,
2025-06-19 08:00:00,592.6625,377.125,126.9875,47.9625,335.875,35.725,350.0312,350.1562,2.45,2.7125,3.0047,3.7406,-1.1369,-3.79,13.8427,13.7355,12.1467,3.2293,3.2661,1.3974,1.402,31.1125,0.854,275.5,1.0,1.0,44.025,38.9562,0.0,,,
2025-06-19 08:30:00,592.5563,363.5,126.35,48.275,328.025,36.1875,340.7188,340.7188,2.85,2.7906,3.0078,3.8187,-1.0861,-3.8985,14.0686,13.9516,12.1924,3.5023,3.5553,1.5831,1.5822,29.9813,0.92,273.82,1.0,1.0,48.6375,38.9437,0.0,,,
2025-06-19 09:00:00,638.5625,372.1875,127.45,48.7437,332.225,36.5312,346.7188,346.8125,2.725,2.7375,3.1031,3.6469,-1.3849,-4.514,14.0361,13.9029,12.3749,3.9682,4.0304,1.7244,1.7194,28.3187,0.955,278.12,1.0,1.0,42.4125,38.8563,0.0,,,
2025-06-19 09:30:00,454.8562,360.5312,127.55,48.7375,333.65,37.0312,341.3125,341.4062,3.5266,3.1687,3.8578,4.8406,-0.9002,-2.6965,12.9327,12.8206,11.8427,2.0726,2.1041,0.9616,0.9743,28.9,2.796,273.4,1.0,1.0,47.0187,38.75,0.0,,,
2025-06-19 10:00:00,431.375,338.875,124.95,48.5437,314.825,36.8438,321.875,321.9375,4.0797,4.2656,4.2594,4.7984,-0.9754,-2.8705,12.9457,12.8434,11.8824,2.2371,2.276,0.9844,0.9686,29.3625,0.753,284.52,1.0,1.0,49.0187,38.5938,0.0125,,,
2025-06-19 10:30:00,420.6437,337.3125,115.55,49.7625,307.375,37.1625,316.0625,316.125,4.2016,3.8953,4.4219,5.1187,-0.9203,-2.7315,13.1017,13.0091,11.9599,2.4742,2.5092,1.1629,1.1664,29.7375,0.735,276.62,1.0,1.0,45.8,38.4,14.5187,,,
2025-06-19 11:00:00,413.6312,334.4375,116.45,49.9875,306.525,37.2375,314.9375,315.0,4.2687,4.3094,4.4203,5.5437,-0.8932,-2.66,13.0514,12.9571,12.0109,2.4659,2.5009,1.1907,1.1821,29.3687,0.804,292.04,1.0,1.0,45.7375,38.325,19.6312,,,
2025-06-19 11:30:00,315.4562,325.5625,125.8,50.2125,303.825,37.8,305.7188,305.7812,4.9484,5.2297,5.3828,5.3141,-0.8757,-2.267,12.6516,12.6484,11.8212,1.8691,1.8958,0.9629,0.9588,29.7562,0.821,309.82,1.0,1.0,47.9,38.2188,38.0062,,,
2025-06-19 12:00:00,376.6562,320.625,120.95,49.95,298.75,37.5,302.7812,302.8438,4.8703,4.9781,5.4656,6.5813,-0.8455,-2.7195,13.3796,13.274,12.026,2.7043,2.7507,1.356,1.3521,29.35,0.963,295.52,1.0,1.0,48.9875,38.125,26.35,,,
2025-06-19 12:30:00,433.2875,329.2188,118.825,50.1,303.125,37.3312,309.7188,309.75,4.2281,4.0406,4.3906,5.3203,-0.9352,-3.0985,13.4349,13.3357,12.2719,2.9296,2.9782,1.3328,1.3296,29.4062,0.831,287.5,1.0,1.0,49.15,38.0438,13.525,,,
2025-06-19 13:00:00,622.2,347.1562,119.8125,49.375,311.175,37.1312,325.0312,325.0938,2.9203,2.7156,2.7453,3.7812,-1.3644,-4.7155,14.6731,14.561,12.6062,4.4806,4.5707,2.0532,2.0523,28.75,0.756,281.0,1.0,1.0,49.1437,37.9375,0.0,,,
2025-06-19 13:30:00,659.4938,366.6562,126.5625,49.5312,328.975,37.2938,343.0312,343.125,2.5109,2.8641,3.1734,2.5859,-1.2012,-4.3835,14.0637,13.9451,12.3624,4.0886,4.1529,1.8526,1.8548,28.3438,17.194,274.34,1.0,1.0,49.1375,37.8563,0.0,,,
2025-06-19 14:00:00,659.4938,372.25,129.1,49.7375,333.225,37.5687,347.4062,347.5312,2.8594,2.4953,2.8078,3.3344,-1.3281,-4.5535,14.002,13.885,12.317,4.2303,4.3051,1.9141,1.9088,28.8125,6.299,281.8,1.0,0.0,49.0938,37.7062,0.0,,,
2025-06-19 14:30:00,660.2375,371.6562,129.5875,49.825,334.425,37.625,347.4688,347.5312,2.4266,2.1906,2.775,3.2125,-1.3373,-4.451,13.7469,13.6851,12.2421,4.1179,4.1922,1.8287,1.8277,29.4188,3.014,278.56,1.0,0.0,48.9,37.7,0.0,,,
2025-06-19 15:00:00,663.9563,372.125,131.0,50.825,335.875,38.675,348.6562,348.75,2.4906,2.8078,3.2625,2.8672,-1.3941,-4.575,13.8184,13.6949,12.1931,4.1796,4.2513,1.8729,1.8664,29.6125,1.003,270.28,1.0,0.0,48.8312,37.7125,0.0,,,
2025-06-19 15:30:00,662.7875,372.9062,131.8,50.5312,337.375,39.1875,349.875,349.9688,2.6625,2.4984,2.8422,3.4234,-1.3591,-4.5305,13.7404,13.6445,12.2403,4.1734,4.2461,1.8845,1.8843,30.2,0.882,259.08,1.0,0.0,49.2,37.65,0.0,,,
2025-06-19 16:00:00,663.1062,373.5,132.2375,50.4312,337.85,39.3562,350.2812,350.375,2.3984,2.2984,2.8078,3.3578,-1.3731,-4.536,13.5892,13.4641,12.1762,4.1839,4.2583,1.8473,1.8471,29.4562,0.73,252.32,1.0,1.0,49.6375,37.7062,0.0,,,
2025-06-19 16:30:00,662.3625,373.0938,132.4,50.3187,338.1,39.1437,350.5,350.5625,2.3906,2.6297,3.1562,3.5344,-1.262,-4.4475,13.768,13.6607,12.1954,4.2312,4.3047,1.9405,1.9329,29.975,0.902,250.8,1.0,1.0,44.1625,37.7125,0.0,,,
2025-06-19 17:00:00,662.4688,373.5625,132.5875,50.1625,338.675,39.1187,350.9688,351.0312,2.5359,2.6141,3.0375,3.0687,-1.2751,-4.4995,13.5584,13.4349,12.224,4.2128,4.2811,1.8939,1.8992,29.3687,18.939,269.76,1.0,1.0,48.4375,37.7938,0.0,,,
2025-06-19 17:30:00,664.1687,377.9688,133.3625,50.7562,340.575,39.225,353.2188,353.3125,2.1359,2.9125,3.2641,3.0219,-1.3473,-4.5475,13.729,13.6136,12.2216,4.2347,4.3165,1.885,1.8869,29.475,0.846,272.82,1.0,1.0,43.6062,37.8687,0.0,,,
2025-06-19 18:00:00,662.7875,377.9688,133.775,50.7687,340.9,39.4125,353.5312,353.6562,2.9719,2.95,3.1406,3.4047,-1.3088,-4.5745,13.6607,13.5486,12.122,4.3323,4.4136,1.9456,1.9556,29.7437,0.899,263.82,1.0,1.0,48.1312,37.9688,0.0,,,
2025-06-19 18:30:00,662.6813,378.0938,132.5875,49.6187,340.875,37.925,353.75,353.8438,2.9562,2.6937,2.8375,3.3234,-1.3167,-4.5765,13.8492,13.7371,12.3303,4.3104,4.3926,1.9311,1.9313,29.1063,0.907,256.28,1.0,1.0,44.1937,38.1063,0.0,,,
2025-06-19 19:00:00,653.3313,377.4062,132.4375,49.75,340.925,37.9062,353.4062,353.4375,2.6469,2.5969,2.9937,3.4359,-1.2576,-4.434,13.7323,13.6152,12.2571,4.2531,4.3248,1.9515,1.9567,28.3375,0.89,251.52,1.0,1.0,49.1,38.2188,0.0,,,
2025-06-19 19:30:00,663.1062,379.5625,133.1125,49.15,341.6,37.3812,354.5312,354.5938,2.7641,2.6094,2.8344,3.2125,-1.3626,-4.601,13.6916,13.5681,12.2027,4.3021,4.3773,1.9123,1.9147,28.8563,0.147,282.14,1.0,1.0,45.575,38.3937,0.0,,,
2025-06-19 20:00:00,663.3187,379.625,132.1375,49.0437,342.025,37.0875,355.0625,355.125,2.6906,2.6859,3.0687,3.3359,-1.3149,-4.5385,13.7534,13.6429,12.3122,4.2443,4.3204,1.9224,1.9195,28.0562,0.631,268.2,1.0,1.0,49.85,38.5375,0.0,,,
2025-06-19 20:30:00,662.8938,378.5938,131.8125,48.9812,341.675,37.0625,354.8125,354.8125,2.7344,2.5344,2.8047,2.9781,-1.2743,-4.477,13.9272,13.82,12.3766,4.2321,4.3064,1.9047,1.8898,28.9062,1.001,263.36,1.0,1.0,46.7875,38.6562,0.0,,,
2025-06-19 21:00:00,664.4875,378.8438,131.75,48.95,341.75,36.8687,355.0938,355.1875,2.5297,2.7266,3.0391,3.1281,-1.3473,-4.6285,13.9435,13.8281,12.3465,4.2872,4.3624,1.8981,1.9147,30.5,5.296,270.22,1.0,1.0,43.8875,38.7938,0.0,,,
2025-06-19 21:30:00,663.6375,378.2812,132.0,48.8312,341.775,36.9062,354.8438,354.875,2.5172,2.9734,3.3875,2.8406,-1.3758,-4.6885,14.1271,14.0231,12.5113,4.1892,4.2596,1.8791,1.8841,27.775,11.517,277.64,1.0,1.0,48.625,38.9937,0.0,,,
2025-06-19 22:00:00,661.4062,377.4062,131.7,48.7562,340.6,37.075,353.7812,353.8125,2.6641,2.5297,2.7984,3.0734,-1.4164,-4.733,14.132,14.0312,12.5159,4.2872,4.3651,1.9499,1.9464,27.9625,19.95,282.58,1.0,0.0,44.5938,39.05,0.0,,,
2025-06-19 22:30:00,662.3625,376.3438,131.95,48.8125,341.025,36.9188,353.6562,353.6562,2.6203,2.6187,2.7625,3.4453,-1.2445,-4.5145,14.0361,13.9386,12.3972,4.2784,4.3489,1.9344,1.9313,28.2437,11.224,285.48,1.0,0.0,49.3187,39.1062,0.0,,,
2025-06-19 23:00:00,662.6813,374.8125,132.4625,48.8438,339.75,36.7125,352.2812,352.3125,2.6016,2.7125,3.0453,3.2687,-1.3022,-4.63,14.1092,13.9858,12.4812,4.2793,4.3589,1.9145,1.9204,29.3687,5.946,281.12,1.0,0.0,45.6812,39.1375,0.0,,,
2025-06-19 23:30:00,663.0,372.8125,130.875,48.8375,337.225,36.725,349.8438,349.9375,2.6219,3.0375,2.7797,2.8047,-1.3911,-4.6745,14.0849,13.9744,12.4495,4.2141,4.2828,1.8697,1.8616,28.5875,16.086,285.88,1.0,0.0,45.5125,39.225,0.0,,,
2025-06-20 00:00:00,663.425,375.8125,130.1625,48.475,337.975,37.1,351.0938,351.2188,2.5609,2.8797,2.8203,2.9156,-1.2568,-4.4475,14.1921,14.0767,12.4625,4.0894,4.1485,1.8543,1.8605,28.375,0.776,272.98,1.0,1.0,48.4688,39.2812,0.0,,,
2025-06-20 00:30:00,467.075,359.1562,129.6125,47.8625,330.925,36.1562,338.3125,338.3125,3.3719,3.9297,4.5719,4.4547,-0.9986,-3.0325,13.0693,12.9506,11.8427,2.5302,2.5691,1.1749,1.1653,27.9437,0.852,278.1,1.0,1.0,45.1062,39.3125,0.0,,,
2025-06-20 01:00:00,423.9375,348.2188,124.9875,47.8375,318.375,35.9312,325.9375,326.0312,4.425,4.5281,5.5828,5.5922,-0.8612,-2.689,12.8158,12.7296,11.8205,2.6151,2.6544,1.2635,1.2637,29.425,0.906,294.72,1.0,1.0,50.2937,39.3187,10.0687,,,
2025-06-20 01:30:00,265.8375,317.0312,128.9875,48.1937,304.35,36.5938,303.3438,303.375,5.2844,5.4141,5.4672,5.8266,-0.5996,-1.6735,12.7118,12.6289,11.8816,1.4522,1.4815,0.8921,0.8875,28.3062,0.819,276.68,1.0,1.0,47.0875,39.35,37.2938,,,
2025-06-20 02:00:00,265.9437,319.375,121.575,47.6937,299.75,35.8687,299.1562,299.1875,5.6703,6.0141,5.6531,5.3516,-0.7742,-1.916,12.6337,12.546,11.7799,1.4802,1.5069,0.8711,0.8761,28.3937,0.96,273.64,1.0,1.0,43.2562,39.3187,54.9562,,,
2025-06-20 02:30:00,264.8812,320.5938,123.95,47.475,300.375,36.0812,298.0625,298.0938,5.3969,5.475,5.375,5.5703,-0.7374,-1.8765,12.546,12.4615,11.7707,1.5423,1.5681,0.9879,0.9984,29.5312,0.881,270.74,1.0,1.0,48.8062,39.4625,55.1812,,,
2025-06-20 03:00:00,266.2625,321.0,124.425,47.0437,300.8,35.9937,298.125,298.125,5.7625,5.7828,5.7672,6.0531,-0.6744,-1.82,12.7183,12.6354,11.8828,1.5756,1.597,0.9868,0.975,29.4125,0.814,270.4,1.0,1.0,43.4937,39.25,55.75,,,
2025-06-20 03:30:00,265.9437,321.5312,124.5125,46.875,300.875,35.9,298.0,298.0938,6.0078,6.0594,5.6406,5.5781,-0.7186,-1.8635,12.6874,12.6305,11.831,1.5511,1.5769,0.9671,0.9614,28.4188,0.869,271.36,1.0,1.0,48.3125,39.2437,56.7562,,,
2025-06-20 04:00:00,265.9437,321.2812,124.6625,47.0187,300.175,36.0187,297.5938,297.6875,5.2594,5.6312,5.7922,5.9078,-0.716,-1.8415,12.5476,12.4615,11.7825,1.5371,1.5624,0.9728,0.9715,29.975,0.88,271.2,1.0,1.0,42.6687,39.15,55.8062,,,
2025-06-20 04:30:00,266.3688,320.625,124.275,46.6937,299.825,35.8625,297.3125,297.3438,5.5938,5.8,5.6766,5.7109,-0.6289,-1.764,12.767,12.6727,11.7919,1.576,1.5953,1.0139,1.0115,28.9813,0.801,271.26,1.0,1.0,46.3875,38.95,57.2312,,,
2025-06-20 05:00:00,267.6437,321.4688,124.6375,47.125,300.05,35.7812,297.4375,297.4688,5.7422,5.9766,5.6687,5.9578,-0.6246,-1.778,12.6679,12.5801,11.883,1.6346,1.6574,1.0598,1.0509,29.95,0.892,270.82,1.0,1.0,49.2812,38.925,56.6125,,,
2025-06-20 05:30:00,266.2625,323.3125,125.0375,46.8625,300.9,35.7562,298.4688,298.5938,5.5391,5.5953,5.5484,5.8406,-0.7637,-1.905,12.6077,12.52,11.7612,1.5266,1.5528,0.9319,0.9327,28.2875,2.233,285.5,1.0,1.0,43.1187,38.6312,55.5,,,
2025-06-20 06:00:00,266.2625,322.875,124.5875,47.0938,301.325,35.9312,299.25,299.3438,5.6969,5.5453,5.4797,5.4031,-0.7016,-1.8385,12.7069,12.6207,11.7461,1.5629,1.5869,0.9866,1.0008,29.4813,3.023,285.92,1.0,0.0,48.0125,38.65,55.75,,,
2025-06-20 06:30:00,265.5187,323.0938,124.6125,47.6875,301.4,36.45,299.4375,299.4688,5.4125,5.7734,5.6953,5.5297,-0.6793,-1.7975,12.6874,12.6094,11.8159,1.5436,1.5712,0.9785,0.9818,30.2062,3.033,286.42,1.0,0.0,49.9937,38.525,52.9875,,,
2025-06-20 07:00:00,265.7312,323.4688,123.55,48.3875,301.025,36.725,299.9688,300.0312,4.9547,5.1953,5.2875,5.9375,-0.6644,-1.788,12.546,12.4972,11.6871,1.5983,1.6267,0.9651,0.9712,29.5375,0.805,279.34,1.0,0.0,45.6625,38.6063,52.0,,,
2025-06-20 07:30:00,267.5375,322.3125,123.2375,48.875,299.8,37.075,299.625,299.6875,5.7094,5.7359,5.6109,6.1531,-0.6652,-1.8125,12.7329,12.6597,11.8891,1.6079,1.6342,0.98,0.9826,29.4625,0.85,279.56,1.0,0.0,48.9437,38.525,48.5062,,,
2025-06-20 08:00:00,266.0499,325.9688,122.9625,49.3187,302.225,37.325,302.0312,302.125,5.6109,5.7203,5.5969,5.6516,-0.7103,-1.8245,12.5623,12.5054,11.7937,1.5672,1.5983,0.9258,0.919,28.7,0.866,284.64,1.0,1.0,43.0062,38.4937,46.4875,,,
2025-06-20 08:30:00,266.9,328.875,123.0625,49.6937,304.475,37.6562,304.6562,304.6875,5.3719,5.7281,5.8609,5.9875,-0.6701,-1.8275,12.5151,12.4257,11.6977,1.6486,1.6766,0.9885,0.9927,28.3375,0.865,275.94,1.0,1.0,47.3812,38.4875,43.65,,,
2025-06-20 09:00:00,266.6875,328.25,122.45,50.0375,304.15,38.1063,305.1875,305.25,5.0203,5.0812,5.7828,5.8703,-0.6053,-1.794,12.7394,12.663,11.872,1.6718,1.7007,1.0058,1.0281,28.7188,0.859,270.64,1.0,1.0,49.4562,38.5187,41.1687,,,
2025-06-20 09:30:00,265.9437,329.0625,121.9,50.05,304.25,38.1312,305.75,305.875,5.8141,5.9781,5.9937,5.8578,-0.6731,-1.802,12.5752,12.4907,11.794,1.6512,1.6775,0.9872,0.9927,29.8062,0.926,268.26,1.0,1.0,43.9125,38.425,40.6125,,,
2025-06-20 10:00:00,266.475,324.0312,121.8,50.1875,300.725,37.9688,303.0312,303.125,5.5016,5.6594,5.8828,5.4375,-0.751,-1.838,12.4599,12.3786,11.7458,1.5554,1.5887,0.9161,0.9144,30.5875,0.948,283.66,1.0,1.0,47.325,38.3438,39.625,,,
2025-06-20 10:30:00,265.3063,326.5938,121.6875,50.475,302.525,38.375,304.2188,304.2812,5.4672,5.6922,5.7469,5.675,-0.674,-1.7955,12.7442,12.6175,11.818,1.6517,1.6832,0.9916,0.9839,29.4062,0.92,273.84,1.0,1.0,48.6875,38.2687,41.9125,,,
2025-06-20 11:00:00,266.2625,320.2812,121.675,50.5375,298.3,38.3687,300.4062,300.4375,5.7687,5.8562,5.6125,5.5656,-0.7204,-1.804,12.6272,12.5639,11.8228,1.5904,1.6163,0.9441,0.9297,29.5187,0.85,279.2,1.0,1.0,49.1687,38.2375,39.9062,,,
2025-06-20 11:30:00,261.1625,319.8438,120.45,50.3062,297.55,38.2,299.2812,299.3438,5.5109,5.725,5.6547,5.9594,-0.7007,-1.7795,12.507,12.4599,11.7041,1.5843,1.6123,0.9498,0.9527,30.5187,0.859,270.74,1.0,1.0,49.2312,38.05,47.1187,,,
2025-06-20 12:00:00,265.0938,319.125,121.3625,50.2562,297.35,38.0938,298.5938,298.625,5.5187,5.6766,5.8312,5.9688,-0.6565,-1.761,12.7361,12.6532,11.9176,1.6451,1.6722,1.0176,1.0084,28.7437,0.896,266.62,1.0,1.0,48.7875,37.9688,48.8312,,,
2025-06-20 12:30:00,266.3688,313.4688,123.95,50.375,296.35,38.1812,297.625,297.6875,5.5062,5.5359,5.7484,5.8875,-0.7125,-1.8755,12.702,12.6224,11.8376,1.6337,1.6648,0.966,0.9614,28.8812,5.79,279.42,1.0,1.0,48.2812,37.9437,43.5625,,,
2025-06-20 13:00:00,266.475,311.2812,119.875,50.0812,292.425,37.9125,293.3125,293.3438,5.4344,5.6906,5.8281,5.7969,-0.7326,-1.8355,12.5688,12.481,11.6987,1.5476,1.5729,0.924,0.9297,28.3687,0.916,267.78,1.0,1.0,47.675,37.8187,53.9437,,,
2025-06-20 13:30:00,266.7937,310.1562,121.6875,50.1,292.875,37.9562,292.8125,292.8438,5.7359,5.7812,5.5891,5.65,-0.6858,-1.8045,12.6581,12.5671,11.8692,1.5519,1.5751,0.9579,0.9511,28.3875,2.415,272.2,1.0,1.0,47.0437,37.6312,54.3375,,,
2025-06-20 14:00:00,266.6875,312.3438,121.975,50.825,293.35,38.5,293.375,293.5,5.7734,5.8109,5.7203,5.6844,-0.7164,-1.8465,12.6126,12.5395,11.8214,1.5659,1.5931,0.9402,0.9522,29.9375,3.111,278.64,1.0,0.0,46.4437,37.6375,51.9375,,,
2025-06-20 14:30:00,265.4125,316.3438,121.9875,51.1062,295.175,39.0187,295.875,295.9062,5.5141,5.7469,5.9594,6.15,-0.8022,-1.9295,12.5362,12.4436,11.693,1.5248,1.5484,0.8951,0.8995,29.4688,3.076,283.92,1.0,0.0,46.1375,37.5938,46.2125,,,
2025-06-20 15:00:00,265.9437,315.5,120.8,50.8,294.85,39.1875,295.7812,295.875,5.35,5.4328,5.6297,5.8328,-0.7991,-1.925,12.7247,12.6386,11.8755,1.4968,1.52,0.8903,0.8899,29.75,0.844,274.4,1.0,0.0,46.1312,37.425,48.0875,,,
2025-06-20 15:30:00,332.8812,315.375,120.875,50.025,295.425,38.7812,298.25,298.4062,4.6844,4.975,5.1797,5.3922,-0.9111,-2.527,13.2009,13.1099,11.9316,2.1434,2.1815,1.0478,1.0609,28.3,0.664,264.32,1.0,0.0,46.2625,37.5062,36.9625,,,
2025-06-20 16:00:00,492.3625,344.4062,118.275,48.8875,310.2,37.8687,321.25,321.3438,3.8453,3.8672,4.2453,4.8812,-1.0209,-3.394,13.5795,13.469,11.9419,3.2394,3.2862,1.5323,1.5409,29.5312,0.878,225.32,1.0,1.0,46.6875,37.4937,0.0,,,
2025-06-20 16:30:00,489.8125,355.8125,122.475,48.6312,321.35,37.6688,332.0938,332.1875,3.4734,3.8016,4.2859,4.3,-0.9916,-3.159,13.1749,13.0514,11.8555,2.7691,2.8001,1.2725,1.2705,29.95,0.875,237.08,1.0,1.0,47.225,37.475,0.0,,,
2025-06-20 17:00:00,474.1937,363.3125,125.0,48.4,326.125,37.4375,336.625,336.6562,4.1531,3.9125,4.6391,4.6906,-0.9732,-3.0355,13.0579,12.9311,11.8607,2.8723,2.9043,1.3748,1.381,29.4625,0.843,286.42,1.0,1.0,47.7,37.4312,0.0,,,
2025-06-20 17:30:00,432.3312,355.5312,127.85,48.4187,323.225,37.475,330.9688,330.9688,4.2578,3.7062,4.7047,5.6312,-0.9089,-2.8685,13.1716,13.0855,12.0272,2.7323,2.7817,1.297,1.2981,28.4,0.817,301.66,1.0,1.0,48.0375,37.4875,0.0,,,
2025-06-20 18:00:00,385.3688,324.0938,128.1125,49.2062,307.225,37.7,310.125,310.0625,4.225,4.4016,4.9781,5.0734,-0.9641,-2.923,13.5844,13.4885,12.3141,2.6645,2.7096,1.2637,1.2561,29.3812,11.616,289.02,1.0,1.0,48.6187,37.425,1.1062,,,
2025-06-20 18:30:00,486.3063,347.7188,113.625,49.0437,310.55,37.1688,322.4062,322.4688,3.3062,3.4359,4.1062,4.8656,-1.0244,-3.1715,13.6575,13.5405,12.4091,3.0346,3.0679,1.4245,1.4234,28.35,5.876,295.04,1.0,1.0,48.925,37.425,0.0,,,
2025-06-20 19:00:00,459.2125,347.875,115.6875,49.0437,313.275,37.2125,323.875,323.9375,3.9437,3.9172,4.2344,5.0312,-0.9107,-2.9525,13.4592,13.3552,12.1759,2.7257,2.7607,1.2838,1.2865,29.4188,5.986,295.82,1.0,1.0,49.3375,37.325,0.0,,,
2025-06-20 19:30:00,428.9313,344.5312,115.5875,49.0375,310.525,37.2,319.75,319.8125,4.3219,4.0969,4.5844,5.0016,-0.8525,-2.6665,13.1489,13.053,12.1109,2.5035,2.5381,1.2486,1.2305,29.5187,0.897,285.02,1.0,1.0,49.8062,37.4062,11.8562,,,
2025-06-20 20:00:00,348.5,314.4062,127.85,49.325,299.325,37.6812,300.6875,300.7188,4.4141,4.5375,4.7578,5.1156,-0.8433,-2.403,12.9653,12.8775,11.9026,2.0957,2.1347,1.0336,1.0323,29.925,0.806,289.94,1.0,1.0,43.5125,37.3312,21.075,,,
2025-06-20 20:30:00,482.9062,342.0938,112.95,49.1,304.625,36.9625,316.1562,316.25,3.4953,3.4891,3.9453,4.8172,-1.0069,-3.19,13.7534,13.6559,12.4495,3.0338,3.0661,1.3849,1.4109,27.8062,1.667,296.66,1.0,1.0,47.7,37.3625,0.0,,,
2025-06-20 21:00:00,463.0375,352.2188,114.875,48.675,312.35,36.8438,323.0,323.125,3.7687,3.7766,4.1203,4.7203,-1.0376,-3.0625,13.3032,13.2334,12.2006,2.8259,2.8741,1.3013,1.2981,29.375,0.755,295.06,1.0,1.0,49.4437,37.4188,0.0,,,
2025-06-20 21:30:00,394.4,353.4062,116.6125,48.4375,314.75,36.5,323.4375,323.5625,4.8141,4.5516,5.1531,5.2719,-0.716,-2.256,12.5931,12.5103,11.7781,2.1649,2.1924,1.1675,1.1675,29.8438,2.327,288.94,1.0,1.0,42.8562,37.5062,40.8187,,,
2025-06-20 22:00:00,263.3937,317.9062,128.675,49.1875,301.6,37.6063,300.8438,300.9062,5.3906,5.3781,5.4641,5.6078,-0.6617,-1.7295,12.6077,12.5639,11.8454,1.4876,1.5178,0.9026,0.9019,29.4125,2.992,282.78,1.0,0.0,47.5562,37.5187,33.9688,,,
2025-06-20 22:30:00,264.8812,320.3438,120.9625,48.9062,298.275,37.3563,298.8438,298.875,5.6875,5.8172,5.7906,5.7578,-0.6464,-1.777,12.6045,12.5265,11.8138,1.6429,1.667,1.0338,1.0393,28.325,3.025,282.24,1.0,0.0,50.0312,37.5812,47.0938,,,
2025-06-20 23:00:00,265.4125,319.4688,121.875,48.7562,297.0,37.3312,296.8125,296.9375,5.775,5.6187,5.6969,5.9547,-0.6819,-1.8015,12.5931,12.4989,11.7953,1.5821,1.611,0.978,0.9785,29.4562,0.854,275.8,1.0,0.0,46.45,37.6937,51.625,,,
2025-06-20 23:30:00,263.9249,317.9375,122.7375,48.5687,296.3,37.0562,295.6875,295.7188,5.05,5.2125,5.3656,6.1578,-0.6596,-1.758,12.6939,12.6305,11.7901,1.5589,1.5869,0.9787,0.9783,27.35,0.88,271.8,1.0,0.0,49.9812,37.8563,53.3125,,,
2025-06-21 00:00:00,264.8812,319.8125,124.625,48.1062,297.6,36.9188,296.9375,297.0312,6.0906,5.95,5.8125,5.8875,-0.6933,-1.812,12.6679,12.546,11.8438,1.6582,1.6806,1.0491,1.0601,30.5812,0.87,291.06,1.0,1.0,46.5125,37.8687,49.8,,,
2025-06-21 00:30:00,264.775,321.8438,123.4625,47.7562,299.0,36.7875,298.375,298.375,5.6578,5.6094,5.5516,5.7203,-0.6771,-1.771,12.3949,12.3055,11.7877,1.5966,1.6276,0.989,0.9898,29.9062,0.861,279.02,1.0,1.0,49.9187,38.0375,52.5562,,,
2025-06-21 01:00:00,264.1375,320.9688,123.9125,47.8187,299.075,36.7625,298.5312,298.5938,5.4688,5.525,5.7859,6.5875,-0.6307,-1.7365,12.6516,12.5525,11.8303,1.6259,1.6521,1.0515,1.0452,29.375,0.856,273.56,1.0,1.0,45.4,38.1063,52.0125,,,
2025-06-21 01:30:00,266.1562,323.0938,123.7625,47.65,300.125,36.6187,299.4375,299.5625,5.4672,5.6125,5.9234,6.3562,-0.6744,-1.7895,12.5541,12.4648,11.843,1.5795,1.6088,0.9826,0.9931,29.8625,0.848,270.9,1.0,1.0,48.6937,38.0687,52.15,,,
2025-06-21 02:00:00,266.0499,325.8438,124.9875,48.0312,301.775,36.2313,301.25,301.3438,5.9922,5.8266,5.6328,5.7672,-0.7029,-1.8475,12.6646,12.5866,11.8643,1.6893,1.7147,1.0539,1.0618,29.7625,0.851,288.86,1.0,1.0,42.7125,38.0312,48.5562,,,
2025-06-21 02:30:00,265.0938,326.9062,123.6,47.6687,302.6,36.15,302.4375,302.4688,5.3531,5.5391,5.65,6.0312,-0.7213,-1.8335,12.5769,12.4924,11.7067,1.5725,1.5974,0.9662,0.9636,29.45,0.875,276.56,1.0,1.0,47.775,38.1688,51.1687,,,
2025-06-21 03:00:00,266.1562,325.6562,124.0125,47.3562,302.1,36.2125,301.7188,301.75,5.8187,5.7578,5.5656,5.5344,-0.709,-1.826,12.6256,12.546,11.8413,1.5681,1.5913,0.9717,0.9767,30.5562,0.912,271.36,1.0,1.0,45.6375,38.0812,51.6187,,,
2025-06-21 03:30:00,265.7312,325.625,124.1375,47.5125,301.9,36.2313,301.3438,301.375,6.0875,5.9328,5.8062,6.0797,-0.6635,-1.7775,12.5574,12.4777,11.8065,1.5751,1.6084,0.9756,0.9765,28.3937,0.85,269.2,1.0,1.0,46.5938,38.3,51.9375,,,
2025-06-21 04:00:00,265.4125,323.6875,124.0375,47.325,301.625,35.9937,300.9375,300.9688,5.7109,5.6828,5.725,6.0187,-0.7134,-1.831,12.4306,12.3477,11.6409,1.5686,1.5983,0.9909,0.9872,29.4813,0.862,268.18,1.0,1.0,49.8375,38.3125,53.3187,,,
2025-06-21 04:30:00,264.5625,325.625,124.1625,47.2687,301.875,36.1063,301.0625,301.125,5.8875,5.7906,5.6516,5.8047,-0.6451,-1.781,12.7751,12.6971,11.8887,1.6114,1.6372,1.0165,1.0135,30.0375,0.906,267.32,1.0,1.0,45.5187,38.3375,54.025,,,
2025-06-21 05:00:00,263.9249,323.5312,124.0125,47.4,300.775,35.95,300.3438,300.375,5.6844,5.6234,5.3531,5.925,-0.6652,-1.7815,12.65,12.5671,11.8075,1.5616,1.5839,0.9542,0.9601,28.925,0.821,274.88,1.0,1.0,49.3125,38.4312,53.1875,,,
2025-06-21 05:30:00,264.5625,325.4062,123.9625,47.1375,301.45,35.9875,301.2188,301.3125,5.0797,5.3344,6.0891,6.7047,-0.7427,-1.855,12.598,12.5184,11.6659,1.5357,1.5624,0.9572,0.9538,29.4562,2.486,279.04,1.0,1.0,43.8812,38.4188,54.4625,,,
2025-06-21 06:00:00,262.1188,326.125,124.5625,47.2188,302.75,36.1312,302.3125,302.3438,5.6875,5.6437,5.8219,6.1281,-0.7134,-1.843,12.6289,12.5395,11.8949,1.4854,1.5104,0.9373,0.9253,29.3625,2.99,280.82,1.0,0.0,48.3312,38.4,54.2062,,,
2025-06-21 06:30:00,265.0938,319.5312,124.075,48.0562,299.625,36.35,299.8438,299.9062,6.0,5.9859,5.9266,5.6687,-0.6902,-1.798,12.5899,12.5265,11.7779,1.506,1.5318,0.9045,0.9069,29.4625,2.922,286.56,1.0,0.0,42.8812,38.5375,50.5125,,,
2025-06-21 07:00:00,265.2,319.3125,123.4,48.525,298.575,36.7375,298.9062,298.9688,5.5484,5.5938,5.7375,6.0969,-0.6762,-1.777,12.6776,12.5947,11.7508,1.485,1.5139,0.8676,0.8628,28.4,0.788,285.06,1.0,0.0,47.325,38.5687,51.3812,,,
2025-06-21 07:30:00,264.8812,309.25,122.9875,48.85,292.65,37.1063,293.2188,293.3125,5.3922,5.575,5.7562,6.4437,-0.5379,-1.6695,12.715,12.6272,11.8777,1.6093,1.6355,0.9568,0.9566,30.6,0.816,280.1,1.0,0.0,49.8687,38.5875,49.3438,,,
2025-06-21 08:00:00,264.9874,307.6875,121.625,49.0,291.75,37.2313,290.9688,291.0,5.6766,5.5812,5.6047,6.0891,-0.7427,-1.868,12.572,12.5086,11.728,1.4574,1.4828,0.8501,0.8466,29.05,3.061,275.68,1.0,1.0,44.8438,38.5562,58.9562,,,
2025-06-21 08:30:00,264.5625,312.5625,122.7,49.275,293.925,37.4375,292.9062,293.0,5.7937,5.5047,5.5344,5.7453,-0.7038,-1.8385,12.7719,12.7085,11.8129,1.4881,1.5152,0.8859,0.8855,28.3438,0.85,280.08,1.0,1.0,48.3125,38.5875,55.1937,,,
2025-06-21 09:00:00,266.3688,313.625,122.575,49.5062,294.675,37.5438,293.7812,293.8125,5.3937,5.5797,6.0766,6.2937,-0.6823,-1.82,12.6874,12.6061,11.8355,1.5231,1.5493,0.9188,0.9172,29.35,0.912,271.14,1.0,1.0,49.4937,38.4875,54.8,,,
2025-06-21 09:30:00,265.0938,312.8125,122.55,49.8,294.475,37.8125,293.7188,293.8438,5.6578,5.2547,5.6953,6.0266,-0.7059,-1.8265,12.5557,12.4891,11.6581,1.4889,1.5187,0.8831,0.8837,31.6875,0.852,266.8,1.0,1.0,49.8125,38.3375,53.6437,,,
2025-06-21 10:00:00,263.6062,312.5,122.15,49.8375,294.375,37.925,293.9375,294.0312,5.9891,5.6344,5.5437,5.7016,-0.6071,-1.718,12.7296,12.6484,11.8915,1.541,1.5637,0.9321,0.9279,29.4562,0.876,265.06,1.0,1.0,49.7875,38.1688,52.9187,,,
2025-06-21 10:30:00,265.2,313.375,122.025,49.975,294.75,38.075,294.625,294.6875,5.9031,5.3328,5.3141,5.7984,-0.7304,-1.825,12.6191,12.5297,11.8131,1.4933,1.5226,0.8713,0.8693,29.3937,0.961,264.52,1.0,1.0,49.4562,37.9875,52.2687,,,
2025-06-21 11:00:00,264.0312,312.9375,121.85,49.9625,294.625,37.9437,294.6562,294.7188,5.6094,5.4812,5.8375,6.2219,-0.6679,-1.779,12.7426,12.6679,11.7958,1.5357,1.5602,0.9227,0.9196,29.5687,0.821,263.28,1.0,1.0,49.0375,37.85,53.2,,,
2025-06-21 11:30:00,262.5437,312.6562,122.1125,50.3,295.025,38.3438,295.125,295.2188,6.2266,5.9531,5.6484,5.6031,-0.6954,-1.785,12.6939,12.6061,11.7869,1.5182,1.5423,0.915,0.8947,29.4,0.868,261.92,1.0,1.0,48.675,37.7812,51.4437,,,
2025-06-21 12:00:00,266.0499,313.4688,121.7875,50.375,295.65,38.2375,296.0625,296.0938,5.5922,5.5859,5.6594,5.8875,-0.7239,-1.8215,12.5492,12.4729,11.671,1.5305,1.5554,0.8918,0.903,29.8563,2.709,270.58,1.0,1.0,48.3187,37.6625,50.8312,,,
2025-06-21 12:30:00,264.6687,317.2188,121.4875,50.475,296.775,38.2562,297.5625,297.625,5.8516,5.6437,5.7484,5.9406,-0.6429,-1.7505,12.663,12.5996,11.9002,1.562,1.5939,0.9577,0.9472,27.8625,0.853,276.72,1.0,1.0,48.1812,37.5187,48.5187,,,
2025-06-21 13:00:00,264.2438,319.25,123.1875,50.3438,298.475,38.25,299.4375,299.4062,5.7,5.8812,5.7766,5.5016,-0.6828,-1.83,12.6159,12.5362,11.8324,1.5992,1.6219,0.952,0.9457,29.4562,5.461,280.86,1.0,1.0,47.9375,37.4875,44.5312,,,
2025-06-21 13:30:00,265.5187,317.625,121.5625,50.3187,297.025,38.0438,298.2812,298.25,5.5547,5.7219,5.7172,5.4234,-0.6788,-1.8015,12.5736,12.4875,11.7369,1.6071,1.6351,0.9791,0.9748,30.425,2.235,283.38,1.0,1.0,47.6,37.4688,46.7375,,,
2025-06-21 14:00:00,264.2438,318.1875,121.425,50.0375,297.675,37.75,298.4062,298.4688,5.6859,5.8094,5.8625,5.8125,-0.702,-1.8225,12.6207,12.5541,11.7725,1.5445,1.5668,0.9299,0.9373,29.9562,3.027,282.48,1.0,0.0,47.0875,37.4062,50.8,,,
2025-06-21 14:30:00,266.0499,321.2188,123.3125,50.075,299.525,37.7687,299.8125,299.875,5.7453,5.5875,5.6187,5.9234,-0.7322,-1.882,12.4664,12.39,11.7347,1.7208,1.7453,1.034,1.0397,30.4937,3.17,287.68,1.0,0.0,46.45,37.2938,46.7437,,,
2025-06-21 15:00:00,264.8812,323.5,122.0375,49.975,300.925,37.6812,301.5938,301.7188,5.8391,5.6594,5.6703,5.6875,-0.6311,-1.759,12.6727,12.5882,11.8794,1.6447,1.6705,1.0262,1.0308,28.3937,0.853,276.46,1.0,0.0,45.75,37.175,47.2437,,,
2025-06-21 15:30:00,265.0938,323.9688,122.3125,50.3875,301.175,38.3,301.6875,301.7188,5.7719,5.5406,5.5062,5.8469,-0.7221,-1.822,12.5704,12.4891,11.8342,1.6027,1.6259,0.9697,0.9728,28.3875,0.85,268.7,1.0,0.0,45.5062,37.25,44.5437,,,
2025-06-21 16:00:00,263.6062,323.9688,121.7375,50.1937,301.0,38.375,301.9375,302.0625,5.8531,5.5781,5.5781,5.8453,-0.7094,-1.813,12.4631,12.3949,11.6821,1.6324,1.6556,0.9916,0.9964,29.8687,0.875,265.92,1.0,1.0,45.6437,37.1625,43.425,,,
2025-06-21 16:30:00,264.5625,323.625,121.3875,50.1312,300.725,38.4688,301.6875,301.8125,5.6297,5.4391,5.7031,5.9203,-0.6906,-1.8085,12.6939,12.6094,11.8264,1.5931,1.6263,0.9555,0.9647,29.4562,0.831,265.04,1.0,1.0,46.1062,37.2188,44.95,,,
2025-06-21 17:00:00,264.9874,325.1875,121.725,49.9125,301.5,38.325,302.2812,302.375,5.8828,5.5828,5.4781,5.4156,-0.6775,-1.795,12.6077,12.5281,11.8413,1.6469,1.674,1.0297,1.0279,29.4312,0.808,264.28,1.0,1.0,46.525,37.275,45.2562,,,
2025-06-21 17:30:00,301.1124,325.125,121.8375,49.275,300.825,38.0312,303.875,304.0,5.6906,5.4734,5.625,6.0453,-0.7882,-2.1435,12.7231,12.6646,11.8424,1.9982,2.0301,1.1353,1.1386,30.4813,0.693,263.1,1.0,1.0,47.0125,37.3687,41.4562,,,
2025-06-21 18:00:00,262.0125,328.4375,123.3125,49.35,306.625,38.025,306.375,306.4062,5.5062,5.1797,5.5562,5.8422,-0.6889,-1.7435,12.5996,12.5086,11.7161,1.4207,1.4478,0.8647,0.8621,29.4062,0.826,257.42,1.0,1.0,47.6,37.4312,49.8937,,,
2025-06-21 18:30:00,262.9688,325.4062,122.9625,49.2562,303.425,37.8687,304.5,304.5625,5.6422,5.4344,5.6969,5.9297,-0.7304,-1.879,12.6012,12.5882,11.7924,1.6215,1.6486,0.9813,0.9699,29.9375,12.095,277.9,1.0,1.0,48.0125,37.375,42.2062,,,
2025-06-21 19:00:00,264.4562,323.8125,121.5,49.1562,301.075,37.85,302.5,302.5625,5.5516,5.3703,5.5609,5.8391,-0.6613,-1.8355,12.5509,12.468,11.8048,1.6456,1.6674,1.0152,1.0115,29.9375,5.114,280.5,1.0,1.0,48.175,37.475,46.8562,,,
2025-06-21 19:30:00,264.2438,314.4062,122.25,49.175,296.85,37.8812,298.1562,298.1562,5.7781,5.4797,5.5984,6.0391,-0.6919,-1.8815,12.7751,12.7036,11.866,1.5944,1.618,0.9647,0.9605,28.9125,5.733,280.64,1.0,1.0,48.3062,37.3563,45.9125,,,
2025-06-21 20:00:00,263.3937,314.5,120.1,49.0187,293.325,37.8563,294.2812,294.3125,5.8406,5.6875,5.8031,6.0625,-0.6915,-1.799,12.6663,12.5882,11.8082,1.5082,1.5327,0.9163,0.9209,29.4,0.837,270.14,1.0,1.0,48.4187,37.3375,54.6,,,
2025-06-21 20:30:00,310.5687,320.8438,120.2,48.875,298.1,37.4375,299.8438,299.9375,5.0875,4.925,5.45,5.6344,-0.73,-2.0585,12.7247,12.6435,11.7256,1.7278,1.7492,0.982,0.9881,29.4562,0.814,258.5,1.0,1.0,48.2125,37.2625,58.4,,,
2025-06-21 21:00:00,265.8375,322.5312,127.6625,48.9625,301.625,37.8625,299.8125,299.9375,5.6781,5.3641,5.5781,5.6094,-0.6797,-1.813,12.7345,12.6581,11.8883,1.5589,1.5917,0.9483,0.9362,29.525,0.842,277.1,1.0,1.0,48.075,37.1625,45.0875,,,
2025-06-21 21:30:00,265.0938,321.625,123.2375,48.8687,298.675,37.6937,299.25,299.2188,5.7375,5.5422,5.5062,5.4969,-0.6574,-1.7555,12.7247,12.6386,11.8269,1.5681,1.5931,0.9568,0.9529,29.7625,2.228,281.26,1.0,1.0,48.075,37.125,44.3875,,,
2025-06-21 22:00:00,264.0312,317.8125,121.55,48.9,296.075,37.775,296.75,296.7188,5.9062,5.8219,5.6,5.7672,-0.6753,-1.7885,12.5947,12.5216,11.7793,1.5375,1.5616,0.9365,0.9509,30.2188,2.923,281.88,1.0,0.0,48.1062,37.1125,51.0938,,,
2025-06-21 22:30:00,264.9874,318.9688,122.425,49.0312,297.25,37.5875,296.8438,296.9062,5.7156,5.4078,5.6734,5.8141,-0.6372,-1.739,12.7979,12.7231,11.7941,1.5357,1.5642,0.9507,0.9531,29.4437,3.121,280.64,1.0,0.0,48.3438,37.0312,53.2562,,,
2025-06-21 23:00:00,264.6687,318.8125,122.8375,48.8812,297.275,37.6937,296.7188,296.75,5.7531,5.6125,5.7734,5.8391,-0.6617,-1.7645,12.5623,12.4712,11.8456,1.5244,1.5506,0.954,0.9496,29.3438,0.846,272.8,1.0,0.0,48.3687,37.0125,52.25,,,
2025-06-21 23:30:00,265.9437,318.7188,122.7375,48.3187,297.65,37.3062,297.0625,297.125,6.0203,5.6266,5.6609,5.5078,-0.7169,-1.8075,12.5216,12.4355,11.779,1.513,1.5379,0.9157,0.9166,29.3875,0.852,266.44,1.0,0.0,48.8562,36.9312,54.1687,,,
2025-06-22 00:00:00,264.6687,318.8125,123.2875,48.525,297.85,37.1375,296.875,296.9375,5.8625,5.6359,5.4906,5.3875,-0.6994,-1.7915,12.6094,12.5249,11.6928,1.4732,1.4977,0.8975,0.9098,29.9688,0.833,263.28,1.0,1.0,49.3812,37.075,54.0437,,,
2025-06-22 00:30:00,264.775,319.2812,124.5625,48.4312,298.35,36.8375,297.75,297.875,6.0625,5.8703,5.9969,5.7109,-0.5449,-1.7,12.6857,12.598,11.8923,1.7226,1.7444,1.0797,1.0841,29.2625,0.9,282.36,1.0,1.0,50.0625,37.1312,50.6187,,,
2025-06-22 01:00:00,266.1562,323.75,123.2875,48.0625,300.5,36.5438,299.9062,300.0312,5.8828,5.7125,5.9062,6.3016,-0.6701,-1.779,12.5184,12.4469,11.7801,1.5546,1.5808,0.9763,0.9634,30.1688,0.859,270.74,1.0,1.0,45.925,37.1437,53.8937,,,
2025-06-22 01:30:00,264.2438,322.0312,123.9875,48.0562,300.55,36.4688,300.0312,300.0625,5.925,5.5344,5.5187,5.7,-0.6565,-1.767,12.5379,12.3786,11.8111,1.5843,1.6084,0.9848,0.9776,29.45,0.842,265.72,1.0,1.0,48.7812,37.2625,52.8062,,,
2025-06-22 02:00:00,265.7312,322.4375,123.725,48.0562,300.525,36.225,299.875,300.0,5.7984,5.7406,5.7531,5.7734,-0.6937,-1.8015,12.6841,12.5915,11.8741,1.5506,1.5769,0.9634,0.9634,29.9688,0.855,263.78,1.0,1.0,43.9625,37.4688,53.5625,,,
2025-06-22 02:30:00,265.0938,321.9062,124.125,47.9437,300.75,36.025,299.8125,299.875,5.7609,5.5812,5.7125,5.9562,-0.6814,-1.8045,12.6646,12.5769,11.7919,1.5318,1.5528,0.961,0.9577,28.975,0.855,263.54,1.0,1.0,47.3687,37.6,54.0312,,,
2025-06-22 03:00:00,264.775,323.375,124.1875,47.8062,300.95,36.1688,299.6875,299.75,5.6937,5.7969,5.7266,6.1828,-0.7121,-1.817,12.3851,12.3185,11.7172,1.5274,1.5546,0.9236,0.9212,29.4688,2.772,272.28,1.0,1.0,49.7062,37.7625,54.0562,,,
2025-06-22 03:30:00,266.2625,326.625,124.25,47.275,303.4,36.0562,302.7812,302.875,5.5687,5.3531,5.4922,6.0359,-0.6683,-1.7905,12.7329,12.6484,11.8806,1.5882,1.611,0.9951,0.9968,29.9125,0.842,276.68,1.0,1.0,45.0312,37.7938,50.9187,,,
2025-06-22 04:00:00,264.5625,326.6562,124.2375,47.4875,303.775,35.8563,302.875,302.9062,6.0422,5.7719,5.6391,5.9016,-0.702,-1.83,12.6516,12.5688,11.8169,1.5651,1.59,0.9588,0.961,29.5,0.86,269.58,1.0,1.0,48.7687,37.9375,52.4,,,
2025-06-22 04:30:00,264.8812,326.2812,124.1625,47.4125,303.325,36.0312,302.625,302.7188,5.3734,5.4547,5.7625,6.2266,-0.681,-1.7955,12.4599,12.3916,11.7036,1.5458,1.5721,0.9439,0.9371,28.85,0.907,266.32,1.0,1.0,42.45,37.9937,52.2312,,,
2025-06-22 05:00:00,265.3063,327.9375,124.55,47.35,304.0,35.9375,303.1875,303.25,5.75,5.6687,5.7062,6.0594,-0.6801,-1.812,12.6597,12.572,11.8561,1.5633,1.5904,0.9555,0.9642,27.6937,0.854,264.36,1.0,1.0,47.55,38.0687,51.7125,,,
2025-06-22 05:30:00,266.2625,328.5938,124.6125,47.3875,304.625,35.9375,303.9062,304.0,5.6062,6.0078,6.1469,6.2922,-0.737,-1.8785,12.5752,12.4989,11.7918,1.5388,1.5633,0.9319,0.9551,28.8687,6.518,278.46,1.0,1.0,46.725,38.1437,50.625,,,
2025-06-22 06:00:00,266.2625,327.9688,123.675,47.6437,303.4,36.0125,303.4375,303.5312,5.7937,5.6875,5.4062,5.4437,-0.6968,-1.846,12.4875,12.4046,11.68,1.5926,1.6176,1.0014,1.0014,29.7437,8.31,283.0,1.0,0.0,47.0187,38.3438,49.9062,,,
2025-06-22 06:30:00,265.3063,329.75,123.7875,48.35,304.2,36.675,304.2812,304.375,5.8281,5.6516,5.5891,5.4437,-0.6779,-1.7935,12.6987,12.6094,11.8948,1.59,1.6189,0.9863,0.987,29.4062,3.021,280.8,1.0,0.0,50.25,38.4937,47.1625,,,
2025-06-22 07:00:00,263.5,317.9688,123.2375,48.9062,299.025,37.1625,299.9688,299.9688,5.7594,5.4891,5.5031,6.0859,-0.6114,-1.7195,12.572,12.481,11.8024,1.5388,1.5725,0.8656,0.8647,29.9813,0.862,278.78,1.0,0.0,46.7562,38.55,44.0062,,,
2025-06-22 07:30:00,265.0938,316.9375,122.9125,49.0375,297.9,37.2313,298.7812,298.8125,5.9625,5.7578,5.9141,5.9375,-0.5856,-1.7025,12.6581,12.5899,11.7755,1.597,1.6276,0.9297,0.9266,30.025,0.842,277.04,1.0,0.0,50.1562,38.5875,45.2188,,,
2025-06-22 08:00:00,261.1625,304.3438,121.675,49.1937,290.575,37.4,291.0312,291.0938,5.6656,5.5687,5.7328,6.2094,-0.6565,-1.7845,12.6272,12.5525,11.8357,1.5003,1.5305,0.891,0.8921,29.475,0.866,274.62,1.0,1.0,46.3875,38.7625,47.6812,,,
2025-06-22 08:30:00,264.5625,304.5312,121.1875,49.3875,290.3,37.7812,289.0312,289.0625,5.5453,5.6391,5.7844,6.2312,-0.6617,-1.774,12.4989,12.4322,11.8087,1.5191,1.5467,0.9503,0.945,31.1063,0.852,266.66,1.0,1.0,49.35,38.7562,57.1437,,,
2025-06-22 09:00:00,264.6687,304.2812,122.4,49.6437,290.475,38.0312,288.5938,288.6562,5.8,5.4578,5.6,5.7172,-0.6093,-1.73,12.7654,12.6809,11.8727,1.5309,1.5646,0.924,0.9113,30.4937,0.867,263.46,1.0,1.0,44.1312,38.5938,55.0562,,,
2025-06-22 09:30:00,265.625,304.7812,122.2125,49.9875,290.675,38.3312,288.9375,289.0312,5.6562,5.6328,5.7031,6.0,-0.6714,-1.7745,12.6321,12.559,11.783,1.4876,1.5187,0.917,0.8991,30.575,0.868,262.04,1.0,1.0,47.8438,38.5875,53.7062,,,
2025-06-22 10:00:00,265.8375,305.2812,121.9125,50.0,291.025,38.2687,289.5,289.625,5.6391,5.3812,5.4141,5.5437,-0.7029,-1.745,12.5525,12.4891,11.8068,1.5301,1.5607,0.9306,0.9306,30.4625,0.88,261.48,1.0,1.0,49.4312,38.375,53.2375,,,
2025-06-22 10:30:00,264.2438,306.0938,121.95,49.9375,291.55,38.1812,290.25,290.2812,5.8609,5.7656,5.7594,5.8203,-0.6863,-1.772,12.7654,12.689,11.8052,1.5309,1.5624,0.905,0.9192,29.4188,0.846,261.04,1.0,1.0,43.9812,38.2125,53.875,,,
2025-06-22 11:00:00,265.3063,307.2188,122.35,50.35,292.05,38.4937,291.0,291.0938,5.7719,5.6719,5.6719,5.7094,-0.7283,-1.811,12.572,12.5005,11.829,1.5283,1.5585,0.8964,0.8943,28.65,0.762,260.58,1.0,1.0,44.8187,38.175,51.1062,,,
2025-06-22 11:30:00,265.3063,308.0,121.5625,50.0562,292.4,38.3812,291.625,291.75,5.7906,5.6266,5.5219,5.5281,-0.7549,-1.824,12.6419,12.5606,11.8024,1.5025,1.5287,0.8943,0.8846,29.8625,0.788,259.76,1.0,1.0,46.9562,38.0812,52.0125,,,
2025-06-22 12:00:00,264.35,308.25,121.9625,50.1375,293.025,38.2875,292.2812,292.3125,5.8484,5.6234,5.6359,5.5516,-0.6552,-1.7315,12.7101,12.6354,11.7785,1.5681,1.5957,0.9658,0.9671,29.9312,0.813,259.16,1.0,1.0,47.9062,38.0062,51.7937,,,
2025-06-22 12:30:00,264.5625,308.6875,121.975,50.1562,293.3,38.1312,292.6562,292.7812,6.0484,5.6422,5.6625,5.5187,-0.6456,-1.744,12.6727,12.5947,11.7895,1.5843,1.611,0.9572,0.9562,29.9437,2.749,264.44,1.0,1.0,48.2312,37.9062,50.925,,,
2025-06-22 13:00:00,264.5625,310.4375,121.8625,50.0812,293.775,37.9813,293.75,293.875,5.2969,5.5,5.6641,6.0797,-0.7077,-1.788,12.4631,12.3737,11.7079,1.5589,1.5821,0.9163,0.9417,29.175,0.89,272.4,1.0,1.0,48.325,37.8062,49.9688,,,
2025-06-22 13:30:00,265.625,312.5938,122.0375,50.2312,294.825,38.1063,294.8125,294.9062,5.9297,5.7906,5.7828,5.5,-0.6906,-1.8075,12.7264,12.6419,11.785,1.6106,1.6355,0.9776,0.9752,30.1625,2.32,271.8,1.0,1.0,48.225,37.7687,50.3062,,,
2025-06-22 14:00:00,264.9874,311.8438,121.7125,50.5,294.9,38.3,295.4062,295.4375,5.8109,5.6984,5.7453,5.775,-0.6976,-1.8005,12.5297,12.4485,11.8071,1.6044,1.6281,0.9662,0.9662,28.3375,2.982,274.24,1.0,0.0,48.0375,37.7625,49.2937,,,
2025-06-22 14:30:00,265.5187,311.875,121.7125,50.3062,295.475,38.1937,295.8438,295.875,5.6562,5.5953,5.7172,5.8547,-0.6836,-1.803,12.6256,12.5492,11.7918,1.5861,1.6136,0.9384,0.9498,29.45,2.947,275.3,1.0,0.0,47.7875,37.7062,49.5812,,,
2025-06-22 15:00:00,264.775,311.6562,121.775,50.175,295.775,38.075,296.0,296.125,5.5859,5.7422,5.7922,5.7969,-0.7156,-1.8095,12.4907,12.4322,11.6643,1.5546,1.5812,0.9378,0.9384,28.8687,0.905,268.64,1.0,0.0,47.6062,37.5812,49.9062,,,
2025-06-22 15:30:00,265.5187,315.3438,123.2125,50.3438,297.15,38.2375,297.9375,298.0,5.7281,5.8156,6.0766,5.9875,-0.6941,-1.8365,12.6744,12.6061,11.8799,1.7073,1.7296,1.0386,1.0502,29.3687,0.881,280.72,1.0,0.0,47.4875,37.575,45.0812,,,
2025-06-22 16:00:00,265.7312,321.0625,123.7875,50.5062,299.025,38.4062,300.6562,300.75,5.7969,5.8047,6.0422,6.3578,-0.7414,-1.8515,12.52,12.4452,11.7934,1.6311,1.6622,0.9645,0.9527,31.6437,0.84,278.98,1.0,1.0,47.3875,37.5875,38.2375,,,
2025-06-22 16:30:00,264.5625,321.75,121.5375,50.375,299.275,38.2313,301.0938,301.1562,6.0578,5.8016,5.6578,5.7328,-0.6788,-1.7875,12.5021,12.4225,11.7968,1.6674,1.6946,1.0141,1.0102,30.0187,0.906,277.34,1.0,1.0,47.4812,37.5438,41.6875,,,
2025-06-22 17:00:00,264.2438,321.7812,121.4125,50.4187,299.275,38.35,300.9375,301.0,5.5469,5.4609,5.7734,6.1703,-0.6946,-1.798,12.6175,12.5509,11.7769,1.6106,1.6359,0.9704,0.9754,29.9188,0.841,266.66,1.0,1.0,47.6875,37.5,43.2812,,,
2025-06-22 17:30:00,265.3063,320.7812,121.4375,50.5375,298.9,38.45,300.3438,300.4375,6.0812,6.0797,5.5484,5.425,-0.653,-1.7555,12.585,12.5005,11.8716,1.6372,1.6617,1.0154,1.0165,29.9875,0.911,262.88,1.0,1.0,47.8875,37.5438,43.0062,,,
2025-06-22 18:00:00,264.775,321.2812,121.55,50.5125,299.225,38.4312,300.7812,300.9062,5.8594,5.8031,5.7141,5.6172,-0.6753,-1.773,12.6077,12.5444,11.8213,1.6276,1.6508,0.9852,0.9828,28.9,0.88,261.56,1.0,1.0,48.275,37.5875,43.3125,,,
2025-06-22 18:30:00,265.0938,321.2188,121.5375,50.175,299.15,38.6625,300.8125,300.9062,5.8734,5.7203,5.5297,5.5281,-0.6836,-1.7665,12.5444,12.4517,11.6496,1.6066,1.6294,0.9802,0.9802,30.5625,0.87,260.32,1.0,1.0,48.5062,37.625,43.2375,,,
2025-06-22 19:00:00,264.8812,320.875,121.6375,50.0687,299.325,38.6312,301.0,301.0312,5.4781,5.2156,5.4719,6.0687,-0.6246,-1.757,12.728,12.6386,11.8584,1.6565,1.6832,1.0371,1.0349,29.525,9.117,273.24,1.0,1.0,48.7625,37.725,44.4312,,,
2025-06-22 19:30:00,265.3063,317.0312,121.4,49.925,297.3,38.6875,299.125,299.1562,5.3062,5.3609,5.9047,6.2687,-0.6871,-1.839,12.6159,12.5281,11.7763,1.6246,1.6464,0.9732,0.9675,30.0438,8.468,278.38,1.0,1.0,49.25,37.7875,43.8687,,,
2025-06-22 20:00:00,265.2,311.75,122.5625,50.5312,294.9,38.9937,296.4062,296.4688,5.7281,5.5766,5.7828,6.1281,-0.6889,-1.8045,12.4761,12.403,11.6757,1.6211,1.6447,0.9791,0.9675,29.9813,5.755,279.48,1.0,1.0,49.9187,37.75,40.0,,,
2025-06-22 20:30:00,264.9874,312.1875,119.0875,50.4562,292.1,38.7812,293.7812,293.8438,5.8687,5.7219,5.8422,6.0078,-0.5791,-1.6685,12.7475,12.6922,11.8779,1.6237,1.6486,1.0194,1.0233,29.9312,0.816,268.1,1.0,1.0,45.3375,37.8438,48.15,,,
2025-06-22 21:00:00,264.775,313.0625,121.1,49.75,293.525,38.35,293.8125,293.8125,5.8219,5.7891,5.8391,5.9641,-0.7003,-1.775,12.5931,12.5168,11.758,1.4973,1.5257,0.9205,0.8973,30.0312,0.878,262.7,1.0,1.0,49.0562,37.9625,52.5562,,,
2025-06-22 21:30:00,265.3063,312.9375,121.9875,49.4625,294.025,38.0812,293.7188,293.7188,5.2188,5.4578,5.6719,6.2687,-0.6617,-1.747,12.6159,12.5444,11.8091,1.5427,1.569,0.9557,0.9535,29.5562,2.37,268.46,1.0,1.0,43.85,38.0187,53.1875,,,
2025-06-22 22:00:00,264.4562,313.3438,122.3125,49.075,294.525,37.9562,294.1562,294.1875,5.8844,5.8484,5.7797,5.6812,-0.6727,-1.7745,12.702,12.6143,11.8368,1.5121,1.5357,0.9244,0.9312,29.975,3.015,274.58,1.0,0.0,48.4375,38.1437,54.2625,,,
2025-06-22 22:30:00,265.2,313.625,122.65,49.0437,295.25,37.9937,294.4062,294.4375,5.8078,5.7266,5.7578,6.1937,-0.6547,-1.745,12.5688,12.4826,11.7905,1.5357,1.5651,0.9741,0.9708,29.7562,3.171,275.42,1.0,0.0,43.3,38.3375,53.1937,,,
2025-06-22 23:00:00,265.5187,314.9688,122.4875,48.8375,295.7,37.7625,295.0625,295.1875,5.4984,5.4328,5.5922,5.5234,-0.6933,-1.791,12.5947,12.5119,11.7896,1.4942,1.5209,0.9078,0.9065,28.8563,0.894,268.84,1.0,0.0,47.8187,38.4,54.025,,,
2025-06-22 23:30:00,265.2,315.9375,122.8375,48.8062,296.55,37.475,296.0625,296.1562,5.3297,5.2141,5.6,6.1781,-0.6801,-1.778,12.715,12.6272,11.7245,1.4951,1.5174,0.9146,0.9061,29.8937,0.879,262.26,1.0,0.0,45.2375,38.4625,53.9937,,,
2025-06-23 00:00:00,263.9249,315.6875,123.0,49.2188,296.85,37.4875,296.125,296.1875,5.6453,5.4875,5.8391,6.0719,-0.6329,-1.739,12.5411,12.4583,11.7906,1.5497,1.5769,0.971,0.9789,29.9813,0.893,259.28,1.0,1.0,47.1437,38.5812,53.3375,,,
2025-06-23 00:30:00,265.5187,315.5625,122.675,49.0562,296.925,37.45,296.4062,296.4688,5.8656,5.5828,5.6594,6.0391,-0.6828,-1.7745,12.6029,12.52,11.7823,1.5344,1.5598,0.9303,0.9334,29.9312,0.86,258.4,1.0,1.0,50.1062,38.6812,52.725,,,
2025-06-23 01:00:00,266.0499,315.3438,123.875,49.0625,297.25,37.1375,296.7812,296.8438,5.8187,5.7656,5.8219,5.95,-0.7156,-1.851,12.7345,12.6435,11.7999,1.6036,1.632,0.9741,0.9743,29.4813,0.427,280.44,1.0,1.0,47.0,38.7313,51.2875,,,
2025-06-23 01:30:00,267.325,324.0625,123.6875,48.6062,300.125,36.6625,299.9375,300.0625,6.0203,5.9531,5.6375,5.5687,-0.6797,-1.8075,12.6419,12.5769,11.8125,1.6442,1.6701,1.0325,1.027,29.1875,0.905,278.06,1.0,1.0,43.775,39.025,51.6187,,,
2025-06-23 02:00:00,262.9688,323.1875,124.25,48.7875,301.4,36.6688,300.9062,300.9688,5.9547,5.6719,5.7516,5.7172,-0.7283,-1.837,12.4712,12.3916,11.6861,1.5917,1.618,0.9901,0.9863,29.3937,0.772,276.68,1.0,1.0,47.9812,39.05,48.6062,,,
2025-06-23 02:30:00,265.0938,325.625,125.1,48.8687,301.5,36.9,301.7188,301.75,5.9031,5.6328,5.6516,5.8422,-0.6359,-1.741,12.702,12.6224,11.9096,1.6464,1.6718,1.0336,1.0412,28.8937,0.841,277.9,1.0,1.0,43.7437,39.2562,42.2687,,,
2025-06-23 03:00:00,265.5187,325.5312,121.6875,48.7937,300.55,36.8375,301.0,301.0938,5.5797,5.3,5.4094,5.8297,-0.6814,-1.773,12.624,12.533,11.7847,1.5874,1.6158,0.9568,0.9599,29.95,0.805,267.52,1.0,1.0,48.8937,39.325,51.5125,,,
2025-06-23 03:30:00,265.4125,323.0625,123.05,48.6687,300.3,36.85,299.9375,300.0312,5.3609,5.5875,5.8359,6.0437,-0.6876,-1.7795,12.7101,12.624,11.7784,1.562,1.5891,0.9898,0.9756,30.5438,0.899,263.72,1.0,1.0,44.8187,39.5,52.275,,,
2025-06-23 04:00:00,264.8812,323.5938,123.2875,48.725,300.275,36.85,300.0625,300.125,5.8719,5.7188,5.5734,5.8453,-0.6407,-1.76,12.6419,12.5704,11.8449,1.5751,1.6058,0.9968,0.9857,29.3438,0.834,261.7,1.0,1.0,49.4,39.7375,51.7562,,,
2025-06-23 04:30:00,264.9874,324.4375,123.1875,48.7062,300.475,36.7938,300.25,300.25,5.6406,5.5516,5.6281,6.2437,-0.667,-1.7695,12.6207,12.5427,11.7705,1.5672,1.5931,0.9544,0.9599,30.0375,0.835,260.7,1.0,1.0,45.0562,39.7,51.9375,,,
2025-06-23 05:00:00,264.2438,324.1875,123.1875,48.6937,300.525,36.7938,300.375,300.4688,5.9734,5.7453,5.6391,5.6531,-0.6228,-1.7375,12.715,12.6337,11.7712,1.5799,1.6053,0.9852,0.9855,29.6812,0.824,259.8,1.0,1.0,49.0312,39.8438,52.4062,,,
2025-06-23 05:30:00,265.8375,325.4688,123.4625,48.9437,301.275,37.1937,301.8125,301.9375,5.7734,5.5125,5.7281,5.9703,-0.6989,-1.8195,12.5736,12.4875,11.8168,1.5703,1.5974,0.9975,0.9826,29.975,2.497,266.66,1.0,1.0,43.6062,39.925,48.9937,,,
2025-06-23 06:00:00,267.5375,328.0625,123.625,48.7875,303.65,37.4562,304.5312,304.5938,5.6328,5.7437,5.5578,5.1141,-0.7436,-1.866,12.6581,12.5752,11.811,1.5301,1.5559,0.9093,0.908,29.4688,3.106,272.66,1.0,0.0,47.975,39.8937,47.3062,,,
2025-06-23 06:30:00,266.475,331.7812,123.3875,49.05,306.625,37.5375,307.5625,307.6562,5.4266,5.4609,5.5547,5.9109,-0.6766,-1.805,12.6532,12.5736,11.7608,1.6149,1.6429,0.9859,0.975,30.0312,3.081,278.4,1.0,0.0,49.3438,40.0375,41.9312,,,
2025-06-23 07:00:00,267.9625,334.2812,123.475,49.2312,308.325,37.3875,310.0625,310.125,5.8391,6.05,5.8109,5.8734,-0.5747,-1.7375,12.5525,12.4745,11.866,1.7318,1.7646,1.0745,1.0655,28.8937,0.8,272.48,1.0,0.0,46.2375,39.9875,39.0875,,,
2025-06-23 07:30:00,266.1562,333.0312,122.5375,49.4,307.475,37.4437,309.5625,309.6562,5.5406,5.9547,5.5844,5.4266,-0.6981,-1.8355,12.6207,12.5444,11.8847,1.6237,1.6521,0.9402,0.9308,28.9375,0.885,266.44,1.0,0.0,49.4812,39.9437,38.3937,,,
2025-06-23 08:00:00,268.0687,333.2188,122.1375,49.6375,307.4,37.4688,309.2812,309.3125,5.3984,5.5469,5.8953,5.9187,-0.6517,-1.7805,12.5151,12.4339,11.7057,1.6062,1.6355,0.9231,0.9349,28.1937,0.898,264.34,1.0,1.0,44.0375,39.9187,40.1687,,,
2025-06-23 08:30:00,268.0687,333.9688,122.525,49.6375,308.0,37.4625,309.9062,309.9375,5.4031,5.7125,5.5109,5.4156,-0.6919,-1.8475,12.6143,12.52,11.9244,1.6097,1.6447,0.9551,0.9474,29.275,0.941,263.56,1.0,1.0,47.725,39.7312,39.2937,,,
2025-06-23 09:00:00,267.2188,334.625,122.5625,49.6687,308.425,37.4375,310.4062,310.5,5.4125,5.7203,5.6109,5.6109,-0.6753,-1.833,12.5834,12.4956,11.8359,1.6259,1.6569,0.9531,0.9588,30.5375,0.9,262.46,1.0,1.0,48.6812,39.7188,39.0687,,,
2025-06-23 09:30:00,267.0062,335.1875,122.5625,49.6375,309.025,37.35,311.1562,311.25,5.4812,5.5938,5.5984,5.5797,-0.7304,-1.885,12.5086,12.4274,11.7065,1.6075,1.6386,0.9367,0.9334,30.5562,0.846,261.62,1.0,1.0,48.8625,39.525,38.75,,,
2025-06-23 10:00:00,267.4313,335.8125,122.675,50.0062,309.45,37.775,311.6875,311.7812,5.4109,5.8812,5.6219,5.5844,-0.6394,-1.7845,12.6402,12.5541,11.8759,1.6679,1.7016,0.9901,0.9835,29.9875,0.835,261.26,1.0,1.0,48.925,39.3438,35.9437,,,
2025-06-23 10:30:00,320.7687,338.4062,121.9875,50.0312,308.0,37.7562,312.6875,312.875,5.5156,5.3187,5.8,5.8469,-0.7597,-2.2895,12.5671,12.4664,11.6154,2.2012,2.241,1.2169,1.2283,29.9688,0.839,256.72,1.0,1.0,48.9688,39.2,26.9813,,,
2025-06-23 11:00:00,323.3187,344.3125,127.5625,49.1,316.725,37.6812,321.0312,321.1562,5.3,5.2,5.0703,5.4953,-0.7729,-2.2605,12.7865,12.6597,11.7619,1.9523,1.9754,1.0434,1.0434,28.8937,0.859,230.8,1.0,1.0,48.7125,38.9813,10.7437,,,
2025-06-23 11:30:00,255.4249,338.2812,122.075,50.5312,311.925,38.2062,315.625,315.7812,5.1484,5.0969,5.55,5.8453,-0.6775,-1.6975,12.5964,12.5184,11.7784,1.5257,1.5598,0.8984,0.9013,28.3375,0.868,232.82,1.0,1.0,48.5062,38.8187,7.2375,,,
2025-06-23 12:00:00,267.75,340.3438,118.825,50.2562,309.5,37.9625,313.3438,313.4375,5.5047,5.4937,5.6672,5.8797,-0.7221,-1.81,12.4241,12.3201,11.6724,1.7641,1.7917,1.0596,1.0522,29.425,0.858,249.26,1.0,1.0,48.5125,38.65,20.6812,,,
2025-06-23 12:30:00,267.9625,341.7812,120.0875,50.4187,310.775,38.1125,314.2188,314.25,5.5062,5.5203,5.6016,5.8516,-0.7182,-1.846,12.6663,12.5882,11.8842,1.7965,1.828,1.0942,1.1021,28.8,0.777,257.66,1.0,1.0,48.3625,38.65,29.5625,,,
2025-06-23 13:00:00,266.475,341.25,121.025,50.425,310.55,38.05,313.7188,313.8125,5.175,5.0125,6.1453,6.225,-0.7099,-1.8275,12.5769,12.494,11.792,1.7379,1.7685,1.0542,1.0605,29.9688,0.75,260.12,1.0,1.0,48.2937,38.5187,33.1437,,,
2025-06-23 13:30:00,267.75,342.0625,121.7625,50.2812,311.275,37.9375,314.3125,314.375,5.5078,5.3344,5.9375,6.2156,-0.7689,-1.904,12.4599,12.3949,11.6497,1.7344,1.7602,1.0292,1.0292,30.4625,4.327,273.7,1.0,1.0,48.2375,38.3875,33.1437,,,
2025-06-23 14:00:00,268.0687,343.375,122.325,50.5437,312.75,38.025,316.0,316.0625,5.1172,5.0734,6.1641,6.1328,-0.6744,-1.811,12.6695,12.5947,11.8941,1.7899,1.8171,1.0924,1.0913,29.3687,2.983,285.3,1.0,0.0,48.0375,38.25,28.8312,,,
2025-06-23 14:30:00,267.75,344.2812,121.775,50.0938,313.525,37.7,316.5312,316.625,5.35,5.0938,6.0422,6.2125,-0.7904,-1.926,12.5801,12.494,11.7557,1.7138,1.7418,1.0104,1.0076,30.3563,3.261,281.3,1.0,0.0,48.025,38.1375,30.8312,,,
2025-06-23 15:00:00,267.5375,344.25,122.0,50.2875,313.875,37.8125,317.0,317.0312,5.5594,5.2797,5.8031,6.3625,-0.681,-1.8075,12.4355,12.3461,11.7071,1.7567,1.7812,1.0773,1.0745,29.9937,0.858,271.84,1.0,0.0,48.0062,38.1437,31.125,,,
2025-06-23 15:30:00,268.2812,345.0625,122.3,50.5687,314.275,38.0562,317.375,317.4375,5.425,5.2437,6.1078,6.4625,-0.6202,-1.7575,12.6727,12.5899,11.906,1.8311,1.8604,1.1484,1.1403,28.4125,3.55,269.94,1.0,0.0,47.7875,37.9937,28.4062,,,
2025-06-23 16:00:00,295.1625,343.8438,122.05,50.8187,312.275,38.5812,316.4062,316.5,5.3266,5.4109,5.7953,6.2844,-0.7913,-2.124,12.7052,12.6191,11.7918,2.0957,2.1316,1.2101,1.2082,29.925,3.571,272.46,1.0,1.0,47.8937,38.0125,20.05,,,
2025-06-23 16:30:00,296.0125,351.5,120.55,50.7375,315.75,38.8875,320.8438,320.9688,5.1656,5.0812,5.7453,6.1547,-0.7562,-2.0335,12.5444,12.5184,11.6962,1.9575,1.9746,1.1209,1.1143,29.425,0.868,262.5,1.0,1.0,48.1187,38.0562,20.6062,,,
2025-06-23 17:00:00,259.25,345.7188,121.9375,50.8312,315.525,39.1375,318.8438,318.875,5.2375,5.1375,5.7062,5.8859,-0.6106,-1.769,12.6532,12.5882,11.92,1.7786,1.8066,1.1137,1.1143,28.925,16.332,281.1,1.0,1.0,48.675,38.0625,23.1937,,,
2025-06-23 17:30:00,279.8624,341.9688,121.4125,50.7312,312.025,39.1312,315.5938,315.625,4.8953,4.6953,5.3266,5.9812,-0.6941,-1.9385,12.6841,12.5996,11.8715,1.9706,2.0004,1.1723,1.1767,29.5312,0.829,278.66,1.0,1.0,49.425,38.1812,13.4562,,,
2025-06-23 18:00:00,437.75,349.2812,118.5625,50.625,310.35,38.525,320.7188,320.875,4.4187,4.5297,4.3375,4.8625,-1.0441,-3.665,13.5535,13.4414,12.278,3.6003,3.6611,1.6559,1.6597,28.9688,6.139,228.28,1.0,1.0,47.05,38.2687,0.0,,,
2025-06-23 18:30:00,609.875,382.9062,127.0,49.6187,330.55,38.1688,346.8438,346.8438,3.0625,3.425,3.8156,3.5172,-1.4147,-4.844,14.2262,14.1076,12.4595,4.3388,4.4324,1.9701,1.9631,29.4,21.332,240.4,1.0,1.0,46.7312,38.2938,0.0,,,
2025-06-23 19:00:00,606.1562,405.4688,137.6875,48.8375,355.875,37.9937,369.0,369.0938,2.4891,2.4641,3.2531,3.8031,-1.1395,-4.3035,13.7225,13.6039,12.2119,4.0711,4.1332,1.9337,1.925,29.9437,17.248,275.88,1.0,1.0,49.7562,38.4188,0.0,,,
2025-06-23 19:30:00,462.825,378.1562,137.5375,49.1312,348.425,38.1625,356.0312,355.8438,3.2547,3.6797,4.2609,4.2719,-0.9387,-2.98,12.91,12.8011,11.7058,2.5652,2.6124,1.2475,1.2368,28.3438,11.765,295.0,1.0,0.0,45.4437,38.6,0.0,,,
2025-06-23 20:00:00,434.4562,364.5938,132.55,48.8062,334.675,38.0062,341.9062,341.9688,3.3547,3.8328,4.5078,4.6453,-0.8503,-2.783,13.0595,12.8937,11.879,2.4335,2.472,1.2281,1.2337,30.6,11.046,302.92,1.0,0.0,48.9,38.5812,0.0,,,
2025-06-23 20:30:00,611.15,360.7812,126.9,48.5312,322.125,37.6437,335.25,335.3125,2.8641,2.9328,3.2203,3.7312,-1.3167,-4.586,14.5724,14.4456,12.6116,4.2404,4.3213,1.9464,1.9348,28.8,4.701,301.58,1.0,0.0,42.875,38.5938,0.0,,,
2025-06-23 21:00:00,630.8063,375.0625,132.225,48.5437,335.9,37.4375,349.0,349.0312,2.6469,3.1172,3.2609,3.6297,-1.2371,-4.2545,13.7192,13.6071,12.1771,3.8878,3.9507,1.7364,1.7198,28.9312,3.576,288.18,1.0,0.0,48.15,38.65,0.0,,,
2025-06-23 21:30:00,658.8562,365.1875,127.925,48.425,325.05,37.1875,339.2812,339.3438,2.5547,2.8766,3.4234,2.6109,-1.3928,-4.7395,14.4034,14.2734,12.4773,4.1227,4.1931,1.8134,1.8123,28.3187,5.61,285.94,1.0,0.0,44.475,38.6187,0.0,,,
2025-06-23 22:00:00,647.275,358.9062,129.2375,48.6562,325.975,37.0875,338.25,338.25,2.6719,2.8172,3.1578,3.3828,-1.3206,-4.33,13.8574,13.7387,12.2372,3.8269,3.8834,1.6592,1.6695,27.725,3.271,280.9,1.0,1.0,49.8687,38.6937,0.0,,,
2025-06-23 22:30:00,536.5625,346.875,122.6875,48.4437,315.975,37.175,326.375,326.4062,3.0516,2.9609,3.5141,4.1922,-1.0852,-3.446,13.2708,13.1424,11.8496,2.9515,3.0018,1.3121,1.3046,28.4125,0.906,277.18,1.0,1.0,47.5062,38.8,0.0,,,
2025-06-23 23:00:00,660.875,350.2812,121.4875,48.6187,314.6,36.8875,328.1562,328.2812,2.7406,2.8062,2.7625,3.2312,-1.3692,-4.5905,14.5285,14.3985,12.5633,4.1258,4.2041,1.8174,1.8226,27.3563,0.729,268.46,1.0,1.0,45.1125,39.075,0.0,,,
2025-06-23 23:30:00,660.45,360.5312,124.8125,48.5812,323.7,36.725,337.3125,337.4062,2.7281,2.8922,3.0047,3.2969,-1.2992,-4.426,14.1856,14.0556,12.4361,4.0006,4.0662,1.7822,1.7802,28.3375,0.682,259.88,1.0,1.0,47.575,39.1437,0.0,,,
2025-06-24 00:00:00,659.7063,362.375,125.6375,48.45,325.75,36.4188,339.4688,339.5938,2.5094,2.7297,3.2125,3.4828,-1.3057,-4.42,14.132,14.015,12.3196,3.9936,4.0667,1.7612,1.7583,28.6937,0.75,259.68,1.0,1.0,49.1312,39.225,0.0,,,
2025-06-24 00:30:00,459.6375,350.5,127.1375,48.5562,323.45,36.85,330.8125,330.7812,3.3641,3.9328,4.525,4.4937,-0.9273,-2.9075,13.2106,13.0855,11.8944,2.4479,2.486,1.1758,1.1705,29.7375,0.693,295.04,1.0,1.0,46.5875,39.45,0.0,,,
2025-06-24 01:00:00,432.65,338.4375,123.6625,48.6,311.925,36.7,319.0,319.0625,4.0031,3.8172,4.2031,5.1547,-0.9877,-2.831,12.9734,12.8629,11.9093,2.5928,2.6365,1.1882,1.1815,29.1875,0.894,278.7,1.0,1.0,43.9187,39.6375,0.0,,,
2025-06-24 01:30:00,263.9249,316.5312,126.9875,49.2875,301.025,37.225,299.8125,299.875,5.3,5.1672,5.2359,5.7578,-0.7562,-1.7885,12.4712,12.3949,11.7485,1.4811,1.5152,0.887,0.8754,28.3375,0.858,261.06,1.0,1.0,49.2937,39.55,44.9875,,,
2025-06-24 02:00:00,265.0938,309.7188,121.075,49.3125,292.25,37.425,291.4375,291.4062,5.7125,5.4109,5.5484,6.1297,-0.5852,-1.69,12.78,12.6841,11.9209,1.6351,1.6635,1.0594,1.0706,29.9375,0.869,261.14,1.0,1.0,45.775,39.675,53.6187,,,
2025-06-24 02:30:00,266.9,307.1562,121.675,49.3812,290.375,37.6063,288.625,288.625,5.7125,5.6844,6.0406,6.6734,-0.7361,-1.8595,12.6744,12.5996,11.7647,1.5379,1.5655,0.9621,0.9529,29.925,0.856,262.7,1.0,1.0,49.9937,39.6875,57.6187,,,
2025-06-24 03:00:00,265.2,306.8125,122.2625,49.4375,290.375,37.4937,288.125,288.1562,5.6375,5.4812,5.5047,6.3625,-0.7256,-1.8525,12.6126,12.546,11.801,1.5756,1.5979,1.0012,0.992,28.9,0.856,263.0,1.0,1.0,46.6062,39.6937,59.0562,,,
2025-06-24 03:30:00,265.0938,305.9062,121.7375,50.6937,289.475,39.0687,287.6562,287.75,5.6344,5.6437,5.7281,6.4297,-0.6495,-1.766,12.7442,12.6646,11.8461,1.6141,1.6407,1.0294,1.0297,30.2188,3.118,278.24,1.0,0.0,49.0125,39.7625,53.8062,,,
2025-06-24 04:00:00,265.5187,306.0938,121.05,50.5812,289.475,39.1625,288.0938,288.0938,5.7078,5.6109,5.6344,6.2547,-0.6933,-1.8105,12.7052,12.6256,11.8915,1.5458,1.5821,0.9748,0.9798,30.2,3.053,279.6,1.0,0.0,47.6875,39.8125,54.9625,,,
2025-06-24 04:30:00,265.5187,306.5,121.225,50.7062,289.775,39.075,288.3125,288.375,5.7734,5.5953,5.7359,6.3562,-0.7309,-1.8325,12.5752,12.4729,11.8,1.5244,1.5497,0.9404,0.9443,29.4188,3.038,277.88,1.0,0.0,43.5812,39.7375,54.9625,,,
2025-06-24 05:00:00,264.0312,306.875,121.2125,50.4312,290.075,38.9,288.6875,288.7812,5.65,5.6547,5.7078,6.3391,-0.6613,-1.731,12.585,12.5021,11.7291,1.5922,1.6211,1.0167,1.0176,30.5562,0.84,267.8,1.0,0.0,49.3812,39.9125,55.1687,,,
2025-06-24 05:30:00,265.5187,307.4688,121.55,50.425,290.65,38.5625,289.125,289.2188,5.7203,5.6672,5.6953,6.5391,-0.6324,-1.749,12.741,12.6955,11.9027,1.5926,1.6167,0.9979,1.0124,28.2875,0.889,262.7,1.0,0.0,45.4937,40.0062,55.8625,,,
2025-06-24 06:00:00,264.6687,307.125,121.55,50.8125,290.65,39.225,289.2812,289.375,5.7062,5.5531,5.6859,6.3703,-0.6806,-1.7685,12.6744,12.5834,11.8245,1.5598,1.5865,0.9824,0.9772,28.7875,0.824,259.8,1.0,1.0,50.0062,40.0,52.8,,,
2025-06-24 06:30:00,264.4562,307.9688,121.0125,50.5875,291.0,38.825,289.9375,290.0312,5.7531,5.5562,5.4688,6.3438,-0.7221,-1.809,12.481,12.3949,11.7477,1.5427,1.5677,0.9548,0.9551,28.7313,2.729,264.2,1.0,1.0,46.8187,40.1062,54.4062,,,
2025-06-24 07:00:00,265.2,310.25,121.25,51.4688,292.15,39.6812,291.75,291.8125,5.6984,5.7375,5.7266,6.3453,-0.6211,-1.7,12.6971,12.6126,11.8448,1.5983,1.6285,1.0402,1.0318,29.95,0.836,271.1,1.0,1.0,44.1687,40.125,48.525,,,
2025-06-24 07:30:00,263.8187,312.625,120.3625,51.6187,292.7,40.3312,293.4062,293.5,5.4422,5.525,5.8453,6.8266,-0.6898,-1.811,12.5655,12.4875,11.817,1.6093,1.6447,0.9387,0.9428,28.8062,0.785,263.0,1.0,1.0,48.3562,40.1875,46.1625,,,
2025-06-24 08:00:00,265.4125,313.5,120.2125,52.0562,293.175,40.6937,294.375,294.4688,5.8125,5.7531,5.5797,6.1969,-0.723,-1.8525,12.6012,12.5314,11.7888,1.6272,1.6596,0.9642,0.975,29.85,0.849,258.22,1.0,1.0,44.2687,40.2188,44.525,,,
2025-06-24 08:30:00,264.5625,312.9375,119.7125,52.1625,293.15,40.8062,294.875,294.9688,5.5484,5.6437,5.5562,6.3719,-0.6902,-1.792,12.7345,12.6532,11.7983,1.6167,1.6416,0.9649,0.9669,29.4688,0.816,255.74,1.0,1.0,49.4,40.2625,43.0125,,,
2025-06-24 09:00:00,264.9874,312.9375,119.55,52.3687,293.3,40.9437,295.2188,295.2188,5.7656,5.8406,5.7937,6.4141,-0.6438,-1.733,12.5395,12.4648,11.7877,1.6425,1.6666,1.0178,1.0157,29.3312,0.841,254.68,1.0,1.0,45.8312,40.2875,42.6062,,,
2025-06-24 09:30:00,264.6687,313.125,119.3625,52.5187,293.225,41.0312,295.2188,295.2812,5.6047,5.4969,5.4875,6.3516,-0.6902,-1.7825,12.4972,12.4111,11.768,1.6158,1.6438,0.975,0.978,29.9688,0.78,254.22,1.0,1.0,48.65,40.3812,41.7625,,,
2025-06-24 10:00:00,264.8812,313.4062,119.25,52.5562,293.575,41.0187,295.8438,295.9062,5.5906,5.5328,5.6812,6.4844,-0.6302,-1.708,12.7134,12.6354,11.8755,1.6521,1.6784,1.0194,1.0159,29.9813,0.877,253.54,1.0,1.0,47.9937,40.4187,41.9125,,,
2025-06-24 10:30:00,264.8812,314.0,119.35,52.9437,293.6,41.4062,295.875,296.0,5.7016,5.7828,5.9656,6.4203,-0.6836,-1.7575,12.6467,12.559,11.8134,1.6049,1.6316,0.9848,0.9754,28.8875,0.831,252.46,1.0,1.0,44.2875,40.4688,39.8625,,,
2025-06-24 11:00:00,260.3125,313.1875,118.95,53.5562,293.225,41.8875,296.0,296.0312,5.7344,5.6984,5.5984,6.2687,-0.6963,-1.7745,12.5362,12.4339,11.6648,1.5891,1.618,0.9454,0.9478,29.5438,0.856,250.98,1.0,1.0,49.875,40.5875,36.5187,,,
2025-06-24 11:30:00,260.6312,313.7812,118.5375,52.95,293.3,40.9125,296.4062,296.375,5.7109,5.6641,5.9094,6.6766,-0.6609,-1.7345,12.6809,12.6061,11.88,1.6858,1.7156,0.9916,0.9957,29.5375,3.366,264.72,1.0,0.0,46.9125,40.5125,39.5687,,,
2025-06-24 12:00:00,265.0938,313.7188,118.85,52.9187,293.575,40.9562,296.2812,296.3438,5.7125,5.6844,5.5547,6.2328,-0.7143,-1.8105,12.585,12.5086,11.8319,1.6241,1.6482,0.9546,0.9503,29.8563,3.075,264.12,1.0,0.0,43.4937,40.6625,40.7188,,,
2025-06-24 12:30:00,266.2625,313.4688,119.475,51.4375,294.4,39.3375,295.875,295.9375,5.6344,5.5953,5.8031,6.6656,-0.6946,-1.806,12.6532,12.5736,11.7466,1.6569,1.6841,0.9831,0.9791,27.8438,3.28,262.16,1.0,0.0,47.4437,40.5875,48.6125,,,
2025-06-24 13:00:00,264.4562,313.8438,120.8375,50.3687,295.325,38.3062,295.7812,295.8438,5.4891,5.6531,5.8484,6.3984,-0.6508,-1.758,12.5736,12.4826,11.8245,1.6302,1.6552,1.0137,1.0137,29.4188,0.795,252.4,1.0,0.0,49.4937,40.5437,52.6812,,,
2025-06-24 13:30:00,264.6687,315.8438,121.9375,50.15,298.175,37.975,297.5312,297.5625,5.6891,5.5328,5.6391,6.0812,-0.6832,-1.7655,12.6289,12.5314,11.7779,1.5296,1.5567,0.9413,0.9489,29.625,0.802,246.32,1.0,0.0,41.1625,40.3812,55.65,,,
2025-06-24 14:00:00,264.35,315.7188,122.15,50.175,296.825,37.9,296.5625,296.625,5.4953,5.4391,5.6219,6.2953,-0.6438,-1.74,12.7215,12.6663,11.8561,1.6149,1.6412,0.9938,1.0041,29.3812,0.775,246.82,1.0,1.0,44.5187,40.15,50.4625,,,
2025-06-24 14:30:00,264.9874,314.875,121.95,50.0062,296.65,37.7,296.2188,296.25,5.6172,5.7266,5.6937,6.4422,-0.6941,-1.7995,12.6955,12.6143,11.8122,1.6259,1.6486,1.0172,1.0266,29.4312,0.805,243.94,1.0,1.0,45.9,40.0187,52.975,,,
2025-06-24 15:00:00,268.0687,314.9375,121.8625,50.7,296.925,38.3563,296.9062,297.0625,5.5766,5.5062,5.5375,5.9578,-0.7934,-1.888,12.5086,12.4274,11.6995,1.5931,1.6167,0.9522,0.9478,30.8,0.858,240.84,1.0,1.0,46.4812,39.8812,49.7375,,,
2025-06-24 15:30:00,266.1562,315.0938,121.65,50.5875,297.2,38.5062,297.4062,297.5,5.9062,5.7656,5.7219,6.4609,-0.6285,-1.726,12.7832,12.6939,11.8456,1.6871,1.7094,1.0679,1.0614,29.4188,0.809,240.36,1.0,1.0,46.8812,39.7312,48.8312,,,
2025-06-24 16:00:00,380.7999,335.5938,117.5625,50.5812,307.0,38.1063,313.4375,313.4688,4.2891,4.3687,4.5969,5.6641,-0.9343,-2.647,13.2626,13.1733,12.1168,2.2673,2.3027,1.1038,1.0986,29.3875,0.777,222.9,1.0,1.0,47.325,39.625,27.5312,,,
2025-06-24 16:30:00,595.1062,365.5312,123.3875,49.9375,322.45,37.7562,337.0625,337.3438,3.0328,3.2391,3.2203,3.675,-1.2843,-4.5995,14.9981,14.86,12.8151,4.4963,4.5934,2.0884,2.0908,29.475,0.79,258.06,1.0,1.0,47.65,39.475,0.0,,,
2025-06-24 17:00:00,605.7312,397.1875,134.7625,49.7687,349.575,38.4688,363.6562,363.7188,2.7984,2.6484,3.5641,3.8641,-1.3311,-4.185,13.3504,13.2577,12.0122,3.6042,3.6515,1.5901,1.6012,29.3687,0.805,267.8,1.0,1.0,48.025,39.5875,0.0,,,
2025-06-24 17:30:00,430.2062,366.9688,133.3625,49.7687,337.675,38.8187,344.6875,344.7812,3.4828,3.7094,4.5953,4.6484,-0.933,-2.712,12.9522,12.7995,11.7837,2.1592,2.1972,1.0224,1.0233,28.3375,3.491,274.98,1.0,1.0,48.45,39.4812,0.0,,,
2025-06-24 18:00:00,486.3063,357.6562,127.55,49.7188,324.225,38.6187,334.0938,334.3125,3.5594,3.5719,4.0375,4.3312,-0.9264,-3.2225,13.0969,12.9912,11.7233,2.9274,2.9694,1.393,1.3888,28.7812,5.148,288.22,1.0,1.0,49.1687,39.4187,0.0,,,
2025-06-24 18:30:00,484.075,359.8438,125.95,50.0125,325.525,38.6937,335.4375,335.5625,3.0203,3.6156,4.0609,4.0906,-0.9662,-3.0255,13.1505,13.0205,11.8444,2.5131,2.5367,1.1143,1.1134,28.2938,2.465,288.66,1.0,1.0,49.8687,39.4312,0.0,,,
2025-06-24 19:00:00,600.525,379.0625,130.1875,49.8375,337.85,38.6437,350.7188,350.7812,2.4141,2.9703,3.2578,3.6516,-1.0756,-3.749,13.612,13.4917,12.1335,3.4279,3.48,1.5691,1.5514,28.75,0.801,284.18,1.0,1.0,44.8438,39.3687,0.0,,,
2025-06-24 19:30:00,534.225,369.0938,130.1,49.3375,333.125,37.7125,344.0938,344.125,2.7844,3.1766,3.5953,4.1625,-1.01,-3.378,13.0693,12.9441,11.7255,3.0224,3.0753,1.3853,1.3934,29.9813,2.761,291.34,1.0,0.0,48.8438,39.5437,0.0,,,
2025-06-24 20:00:00,559.6188,362.9375,128.25,48.5938,330.925,36.7188,341.0625,341.125,3.0141,3.1625,3.4453,4.2781,-1.0314,-3.7285,13.9581,13.8427,12.2137,3.5233,3.5754,1.6677,1.65,29.4688,3.553,296.7,1.0,0.0,44.0375,39.45,0.0,,,
2025-06-24 20:30:00,660.2375,382.6875,130.0625,48.4125,339.85,36.4312,354.3125,354.4062,2.4266,2.5719,2.625,3.2594,-1.3036,-4.4545,13.9776,13.8363,12.3197,4.0741,4.1485,1.8412,1.8357,29.8687,2.812,280.48,1.0,0.0,49.075,39.4875,0.0,,,
2025-06-24 21:00:00,661.1937,382.375,132.6,48.4437,341.975,36.5062,356.0625,356.0938,2.3687,2.7484,2.9953,3.3687,-1.3548,-4.5335,13.8395,13.716,12.1888,4.1135,4.1892,1.8388,1.8449,29.625,1.031,277.64,1.0,0.0,45.7062,39.5375,0.0,,,
2025-06-24 21:30:00,660.1312,383.1875,132.6125,48.4875,341.75,36.6437,356.0,356.0,2.3297,2.5531,3.0391,3.2953,-1.2734,-4.4,13.9549,13.8363,12.3268,3.9446,4.0168,1.7426,1.7544,29.4125,0.795,277.46,1.0,0.0,50.3812,39.525,0.0,,,
2025-06-24 22:00:00,599.8875,374.125,131.9,48.2687,338.25,36.7687,349.4688,349.5312,2.35,2.9781,3.4594,3.7344,-1.3101,-4.096,13.5226,13.4154,12.1041,3.4748,3.5443,1.5017,1.5065,28.8625,0.764,285.4,1.0,1.0,48.5687,39.6562,0.0,,,
2025-06-24 22:30:00,559.725,374.8125,130.225,48.2375,336.6,36.4062,347.5625,347.6562,2.7016,3.1437,3.5547,3.8,-1.1369,-3.6495,13.131,12.9912,11.884,3.3129,3.3667,1.489,1.4827,28.8687,0.998,289.2,1.0,1.0,45.3875,39.6125,0.0,,,
2025-06-24 23:00:00,429.25,357.0625,129.125,48.025,330.95,36.65,337.1875,337.3125,4.0109,3.7062,4.0047,4.8562,-0.8853,-2.6745,12.7914,12.6711,11.8729,2.2594,2.2935,1.1183,1.12,27.7313,0.749,275.16,1.0,1.0,47.5,39.725,0.0,,,
2025-06-24 23:30:00,305.6813,346.7188,123.9375,48.65,322.55,36.3875,326.375,326.4688,5.0266,5.0484,5.0828,5.6234,-0.7908,-1.881,12.455,12.3737,11.8327,1.2243,1.2518,0.7372,0.721,29.3875,16.137,296.46,1.0,1.0,48.0875,39.825,53.6062,,,
2025-06-25 00:00:00,264.6687,325.25,125.675,48.6625,305.8,36.8187,306.5625,306.625,5.5437,5.4328,5.2125,5.7562,-0.6578,-1.7235,12.5135,12.4274,11.7247,1.6149,1.6451,1.0154,1.0205,29.625,0.812,272.94,1.0,1.0,45.0125,39.9062,33.0375,,,
2025-06-25 00:30:00,264.2438,326.6562,121.8,48.0687,303.125,36.8125,304.125,304.1875,5.0172,5.0125,5.9672,6.2703,-0.6758,-1.761,12.6224,12.5736,11.8256,1.5532,1.583,0.9597,0.9616,29.9688,0.851,267.82,1.0,1.0,50.0125,39.8187,46.0437,,,
2025-06-25 01:00:00,264.6687,324.5,122.725,48.6,301.425,36.6562,302.125,302.1875,5.6141,5.4734,6.0516,6.5031,-0.6482,-1.745,12.6776,12.5915,11.8197,1.6101,1.6316,1.0224,1.0283,29.975,0.866,264.16,1.0,1.0,46.3062,39.9187,48.8187,,,
2025-06-25 01:30:00,264.5625,322.5312,122.8375,48.7062,300.125,36.6812,300.6875,300.7812,5.3,5.1687,5.6328,6.4688,-0.6771,-1.7785,12.4989,12.4111,11.7912,1.5939,1.6215,0.9909,1.0008,29.25,0.922,261.86,1.0,1.0,49.9688,39.875,50.925,,,
2025-06-25 02:00:00,264.775,321.3125,123.3,48.7562,299.8,36.825,300.0625,300.0938,5.3328,5.2812,5.775,6.3141,-0.6233,-1.7385,12.6614,12.5882,11.8537,1.5913,1.6123,0.9905,0.985,29.4062,0.847,260.7,1.0,1.0,47.3937,39.8187,51.2687,,,
2025-06-25 02:30:00,264.2438,320.5938,123.0125,48.7375,299.0,36.825,299.4375,299.5,5.4875,5.4719,5.8672,6.4781,-0.7178,-1.8285,12.7069,12.624,11.8145,1.5156,1.5436,0.9562,0.9459,28.8,0.812,260.26,1.0,1.0,43.15,39.8562,52.0062,,,
2025-06-25 03:00:00,263.1813,320.0938,123.0125,48.8687,299.0,36.95,299.125,299.1875,5.2969,5.3922,5.6,6.4281,-0.6946,-1.767,12.533,12.468,11.7803,1.5891,1.6167,0.992,0.9791,29.3812,0.848,259.74,1.0,1.0,48.2625,39.9062,51.8438,,,
2025-06-25 03:30:00,263.6062,318.9688,123.2375,48.775,298.625,36.9312,298.0625,298.0938,5.7844,5.5469,5.7203,6.3687,-0.6547,-1.773,12.7459,12.6695,11.8348,1.6005,1.6272,1.0174,1.0198,30.5312,3.275,271.96,1.0,0.0,44.125,39.85,52.2875,,,
2025-06-25 04:00:00,263.7125,322.2188,123.3125,48.9875,299.775,37.0875,298.625,298.7188,5.5531,5.5984,5.7656,6.2672,-0.6898,-1.8005,12.6484,12.5655,11.7862,1.5795,1.6079,0.9863,1.0087,29.7812,3.079,274.12,1.0,0.0,49.3625,39.9562,51.8438,,,
2025-06-25 04:30:00,264.35,320.8438,123.0375,49.0812,299.825,37.1312,298.8438,298.9688,5.65,5.3859,5.4031,5.9672,-0.7151,-1.832,12.6207,12.5476,11.791,1.5909,1.6189,1.013,1.0113,29.5438,5.328,273.54,1.0,0.0,45.6125,40.0875,51.05,,,
2025-06-25 05:00:00,263.5,327.9375,123.125,48.8875,303.25,36.975,302.4375,302.5625,5.7141,5.6375,5.4609,6.0453,-0.7287,-1.83,12.7719,12.6906,11.7854,1.5808,1.6106,1.0063,0.9999,29.925,3.976,271.78,1.0,0.0,50.3438,40.1,48.2875,,,
2025-06-25 05:30:00,264.2438,327.5312,123.15,48.8875,302.65,36.975,302.2812,302.3438,5.5812,5.6297,5.7188,5.8937,-0.7094,-1.7935,12.6126,12.533,11.8585,1.5891,1.6193,0.9966,1.0111,29.3125,0.883,268.8,1.0,0.0,46.9437,40.1187,46.7437,,,
2025-06-25 06:00:00,264.0312,326.7812,122.475,48.7562,302.025,37.0125,301.9688,302.125,5.7234,5.5859,5.4516,5.8797,-0.7208,-1.819,12.6029,12.5265,11.7814,1.5541,1.5799,0.9848,0.9855,28.4625,0.84,267.06,1.0,1.0,43.4875,40.2687,47.625,,,
2025-06-25 06:30:00,264.0312,316.6562,123.7875,49.225,296.925,37.2687,296.9688,297.0312,5.5375,5.5047,5.4812,5.9156,-0.66,-1.7285,12.6354,12.5476,11.7335,1.5725,1.6009,0.9645,0.9618,30.05,0.816,268.18,1.0,1.0,48.6625,40.3312,42.8125,,,
2025-06-25 07:00:00,263.9249,315.125,121.125,49.2937,295.225,37.4562,294.6562,294.7188,5.5781,5.7156,5.55,5.8844,-0.6491,-1.709,12.546,12.4712,11.8264,1.5738,1.6044,0.98,0.987,29.1,0.904,259.46,1.0,1.0,44.1812,40.3687,53.0187,,,
2025-06-25 07:30:00,264.0312,314.375,122.6875,49.4062,295.275,37.5312,294.3125,294.4375,5.6547,5.4562,5.3109,5.7922,-0.7055,-1.8335,12.5509,12.4648,11.7891,1.5655,1.5957,0.9566,0.9612,29.775,5.365,266.46,1.0,1.0,49.1,40.4187,52.625,,,
2025-06-25 08:00:00,264.0312,310.6562,121.5875,49.575,293.45,37.7313,292.5625,292.5938,5.6,5.5547,5.4875,6.1234,-0.7269,-1.8045,12.6744,12.5899,11.7192,1.4736,1.5003,0.9076,0.9133,28.9,0.882,259.08,1.0,1.0,43.0125,40.3375,53.875,,,
2025-06-25 08:30:00,263.8187,309.625,122.0375,49.8625,292.875,38.025,291.625,291.6875,5.7891,5.7188,5.5312,5.7469,-0.6989,-1.779,12.65,12.5736,11.7482,1.4977,1.5287,0.9417,0.9387,28.7875,0.865,253.94,1.0,1.0,47.65,40.25,54.0312,,,
2025-06-25 09:00:00,264.4562,310.3125,121.8625,49.8562,293.025,37.95,291.8125,291.9062,5.7641,5.7406,5.7062,6.0547,-0.6933,-1.8035,12.4517,12.3737,11.6895,1.5633,1.5913,0.9658,0.9601,29.4562,0.821,250.3,1.0,1.0,49.45,40.1875,54.9688,,,
2025-06-25 09:30:00,259.1437,310.125,122.15,50.8312,293.05,38.8125,292.0938,292.1875,5.8203,5.6875,5.6984,5.8219,-0.6766,-1.7795,12.754,12.6597,11.8667,1.527,1.5598,0.9209,0.917,28.375,0.8,247.48,1.0,1.0,41.9688,40.0125,50.6437,,,
2025-06-25 10:00:00,264.2438,311.2188,121.225,51.3375,292.85,39.4,292.625,292.7188,5.725,5.525,5.5016,5.8375,-0.7108,-1.8,12.5623,12.5492,11.7896,1.5734,1.6031,0.9494,0.9428,29.1562,2.549,251.38,1.0,1.0,45.4,39.8562,47.2188,,,
2025-06-25 10:30:00,264.2438,305.9688,120.1125,50.9187,290.75,38.9625,290.8125,290.9062,5.4969,5.5703,5.7031,6.2734,-0.6298,-1.723,12.7751,12.6922,11.8139,1.5791,1.6079,0.9977,0.9887,29.5375,0.917,256.98,1.0,1.0,47.2437,39.6187,49.7875,,,
2025-06-25 11:00:00,260.7374,309.4062,121.55,50.8125,292.225,38.8312,292.1875,292.25,5.5844,5.3906,5.5984,6.2234,-0.6071,-1.691,12.5752,12.5005,11.8213,1.6937,1.7186,1.0544,1.0524,29.4062,0.947,267.96,1.0,1.0,47.9625,39.5562,48.9062,,,
2025-06-25 11:30:00,257.975,309.2812,120.9,51.1062,292.625,38.9625,292.5312,292.5,5.7047,5.7687,5.7109,5.9109,-0.7199,-1.75,12.5427,12.4648,11.7655,1.4321,1.4657,0.8765,0.8619,29.3625,3.15,264.12,1.0,0.0,48.1312,39.4625,51.3,,,
2025-06-25 12:00:00,264.6687,310.5938,120.8125,50.9812,292.95,38.95,293.3438,293.375,5.3312,5.3109,5.4578,6.4266,-0.6849,-1.7675,12.7914,12.7004,11.8222,1.5458,1.5756,0.9457,0.947,29.8563,3.236,269.86,1.0,0.0,47.9375,39.3312,48.5187,,,
2025-06-25 12:30:00,264.35,310.4375,120.7875,51.4312,293.275,39.525,293.6562,293.6875,5.2687,5.4172,5.4688,6.2578,-0.6442,-1.73,12.6159,12.5427,11.8438,1.5703,1.6027,0.9511,0.9524,29.8438,3.184,265.58,1.0,0.0,47.8187,39.2,47.825,,,
2025-06-25 13:00:00,263.8187,310.0938,121.0875,49.9688,293.625,38.5125,293.3438,293.4375,5.725,5.6594,5.6984,6.25,-0.6836,-1.8165,12.6012,12.5119,11.8237,1.548,1.5721,0.9249,0.9275,29.6063,0.918,255.78,1.0,0.0,47.5938,39.125,52.625,,,
2025-06-25 13:30:00,430.4187,329.8438,117.1625,45.3687,304.575,34.0625,312.4688,312.625,4.1297,4.1344,4.1437,4.9094,-0.954,-2.8695,13.2074,13.0985,11.8686,2.3079,2.3263,1.0977,1.0857,29.4562,18.104,249.54,1.0,0.0,47.2687,38.875,17.2062,,,
2025-06-25 14:00:00,502.0312,356.2188,120.2,45.95,321.225,34.7437,332.25,332.3438,2.8656,3.7859,4.2953,4.3047,-0.9934,-3.21,13.43,13.3309,11.9482,2.7625,2.8058,1.2718,1.272,29.3812,6.009,264.04,1.0,1.0,47.4437,38.825,0.0,,,
2025-06-25 14:30:00,499.375,360.2812,123.3125,46.2125,325.475,35.0,336.9062,336.9688,2.9797,3.4344,3.9844,4.4828,-0.996,-3.203,13.3065,13.1765,11.8345,2.7717,2.8211,1.274,1.2751,28.875,0.851,278.92,1.0,1.0,47.4812,38.675,0.0,,,
2025-06-25 15:00:00,429.6749,356.5312,127.625,46.5875,326.875,35.6937,334.5312,334.5312,4.6203,4.2062,4.6703,5.1937,-0.891,-2.739,13.1716,13.0627,11.9045,2.2371,2.2716,1.0618,1.0743,29.3687,0.827,301.9,1.0,1.0,47.7687,38.5438,0.0,,,
2025-06-25 15:30:00,434.4562,344.8125,121.85,46.3438,317.725,34.9813,326.5625,326.625,3.7906,3.1437,3.4453,4.7516,-0.8682,-2.6865,13.1424,13.0335,11.8904,2.2357,2.2659,1.0828,1.0699,28.2875,0.776,297.78,1.0,1.0,48.4375,38.3937,0.0,,,
2025-06-25 16:00:00,659.3875,367.1875,124.125,46.75,329.125,34.5,343.5938,343.6875,2.3703,2.1297,2.3641,3.1203,-1.3381,-4.4505,15.1102,14.9884,13.3292,3.9822,4.0431,1.8016,1.8169,28.8812,18.236,283.3,1.0,1.0,49.2812,38.3062,0.0,,,
2025-06-25 16:30:00,660.7688,374.4062,128.3375,46.65,335.875,34.7562,349.625,349.5938,2.6953,2.5609,2.8312,3.6094,-1.2852,-4.424,14.7056,14.561,12.9591,4.1546,4.2281,1.9541,1.9513,28.3625,9.279,283.24,1.0,1.0,47.7062,38.175,0.0,,,
2025-06-25 17:00:00,495.8688,365.9375,126.55,46.125,334.5,34.5938,344.4375,344.4062,3.575,3.0297,3.8359,4.5391,-0.8884,-2.7725,12.806,12.7199,11.848,2.4746,2.4991,1.2806,1.274,29.5312,16.411,291.88,1.0,1.0,46.3187,38.0438,0.0,,,
2025-06-25 17:30:00,434.2438,343.3438,124.8625,45.75,318.375,34.4188,325.375,325.4375,4.25,3.5609,3.9234,5.0312,-0.8503,-2.6765,13.2675,13.1472,12.0145,2.1736,2.2064,1.0334,1.0286,28.2812,0.888,284.06,1.0,1.0,49.2812,38.0625,0.0,,,
2025-06-25 18:00:00,350.7312,331.4688,122.4875,46.2125,310.575,34.0875,313.1875,313.3125,5.0016,4.6344,4.7687,5.5422,-0.8757,-2.3475,12.702,12.624,11.6962,1.7851,1.8153,0.9529,0.9419,28.9125,0.841,277.94,1.0,1.0,43.0875,38.1375,53.875,,,
2025-06-25 18:30:00,508.3,336.5,118.6375,45.325,308.525,34.0125,317.2188,317.3125,3.5719,3.8297,3.9797,4.9734,-1.0822,-3.633,14.6244,14.522,12.5897,3.2674,3.3238,1.5221,1.5404,29.775,0.796,288.52,1.0,1.0,47.6875,37.9312,0.0,,,
2025-06-25 19:00:00,632.6125,369.5312,123.2125,45.475,327.725,33.6375,342.1562,342.2812,2.4406,2.7859,2.9312,3.4844,-1.2686,-4.2635,14.2019,14.067,12.4362,3.8654,3.9319,1.7152,1.7246,29.4,0.843,286.44,1.0,1.0,50.2125,37.8625,0.0,,,
2025-06-25 19:30:00,459.2125,364.75,125.625,46.325,334.675,34.6063,343.25,343.25,3.6,3.5953,4.2891,4.275,-0.7808,-2.5955,13.0335,12.9165,11.8432,2.2471,2.2891,1.0878,1.1069,28.3,3.052,290.26,1.0,0.0,46.0187,37.8312,0.0,,,
2025-06-25 20:00:00,433.9249,346.3438,125.925,46.45,320.7,34.95,328.0,327.9688,3.5437,3.8609,3.8359,4.4219,-0.9181,-2.704,13.1082,13.0302,12.0121,2.3254,2.3705,1.0913,1.0835,29.4062,3.072,294.22,1.0,0.0,49.2625,37.7938,0.0,,,
2025-06-25 20:30:00,598.825,348.6562,119.9625,46.4187,314.225,34.4062,326.875,326.9688,2.9562,2.9094,2.9141,3.7297,-1.3149,-4.4285,14.964,14.8405,12.9221,4.1826,4.2535,1.9731,1.972,29.8687,3.041,293.94,1.0,0.0,43.3438,37.8937,0.0,,,
2025-06-25 21:00:00,632.7188,369.25,124.3375,46.1,330.875,34.0062,344.125,344.2188,2.5922,2.8266,2.9156,3.6906,-1.2274,-4.155,14.2961,14.1694,12.7497,3.8952,3.956,1.8108,1.8259,29.3687,0.747,277.28,1.0,0.0,48.2562,37.7812,0.0,,,
2025-06-25 21:30:00,596.9125,367.6562,124.9875,46.0625,330.525,34.2375,342.7812,342.8438,2.6672,2.4844,2.6969,3.9953,-1.2064,-3.9065,14.0361,13.9338,12.5967,3.5741,3.6327,1.65,1.6542,29.5375,0.876,264.74,1.0,0.0,43.3875,37.8312,0.0,,,
2025-06-25 22:00:00,456.9812,362.0,124.125,45.5,331.525,34.0187,340.125,340.25,3.7844,3.2047,3.6562,4.7,-0.8564,-2.594,12.689,12.5736,11.7281,2.1513,2.1837,1.1088,1.1025,30.55,17.523,286.02,1.0,1.0,48.625,37.8625,1.3687,,,
2025-06-25 22:30:00,433.5,351.9688,126.0125,45.55,322.025,34.2313,328.9375,329.0625,3.65,3.6531,4.3625,5.1875,-0.9212,-2.866,13.2399,13.1082,12.0119,2.2952,2.3333,1.0686,1.0787,29.9312,19.83,301.44,1.0,1.0,43.9562,37.9375,0.0,,,
2025-06-25 23:00:00,263.075,322.375,129.5125,47.4,310.425,36.0062,308.3438,308.4375,5.1828,5.1187,5.2609,5.3281,-0.6793,-1.718,12.4534,12.3608,11.6914,1.3135,1.3428,0.7849,0.7949,29.425,11.64,265.88,1.0,1.0,48.7562,37.8687,46.7,,,
2025-06-25 23:30:00,269.025,322.625,124.125,47.4375,301.15,35.65,300.5938,300.5938,5.4437,5.4016,5.5281,5.7359,-0.6876,-1.8595,12.728,12.6402,11.8973,1.6477,1.6749,1.0395,1.0386,27.675,5.803,271.7,1.0,1.0,43.2562,37.875,48.2,,,
2025-06-26 00:00:00,268.6,320.7812,123.0625,47.6625,298.25,36.025,296.9062,296.9375,5.7109,5.5719,5.5187,6.1094,-0.8333,-1.952,12.6695,12.5801,11.789,1.5449,1.5751,0.9376,0.9419,28.3187,0.856,273.44,1.0,1.0,48.4875,37.925,55.825,,,
2025-06-26 00:30:00,355.2999,320.3125,119.1625,47.4437,295.225,35.5938,298.7188,298.8438,4.7109,4.6859,5.3203,5.5828,-0.828,-2.372,12.9474,12.8612,11.7992,2.0503,2.0778,1.1279,1.1349,28.1812,0.931,263.32,1.0,1.0,42.75,37.875,54.0625,,,
2025-06-26 01:00:00,359.0187,328.75,128.025,47.3812,306.4,36.1562,307.125,307.2188,4.3687,4.5016,5.2437,5.6281,-0.6849,-2.2375,13.144,13.0254,11.8232,1.8472,1.8752,1.0231,1.0159,29.8563,0.939,265.26,1.0,1.0,48.1625,37.95,43.8062,,,
2025-06-26 01:30:00,296.9688,327.0625,130.9875,47.3125,308.45,36.1437,308.6562,308.75,5.4047,6.1234,6.1937,5.6016,-0.6849,-1.9095,12.6402,12.5769,11.8091,1.5659,1.6001,0.8431,0.8418,30.5938,2.623,263.34,1.0,1.0,42.5,37.9937,34.2812,,,
2025-06-26 02:00:00,279.3312,326.75,122.3125,47.9375,303.925,36.0438,304.9688,304.9375,4.7266,5.4344,5.4156,5.6312,-0.7492,-1.9105,12.5688,12.4648,11.7652,1.5283,1.5524,0.9004,0.9004,30.3625,0.881,270.4,1.0,1.0,47.8812,37.9813,51.1625,,,
2025-06-26 02:30:00,268.7062,321.7188,123.325,47.8312,300.15,36.2687,298.625,298.6875,5.4406,5.5187,5.6094,6.0766,-0.702,-1.8355,12.7556,12.676,11.8744,1.5016,1.5279,0.9262,0.9282,29.4,0.875,266.2,1.0,1.0,43.05,38.1187,55.9875,,,
2025-06-26 03:00:00,268.6,316.1875,123.075,48.0812,296.875,36.4,294.9688,294.9375,5.3297,5.6328,5.5891,6.0828,-0.709,-1.8295,12.7735,12.6922,11.8004,1.4102,1.4465,0.849,0.8503,29.9688,0.886,265.56,1.0,1.0,47.8687,38.1187,59.0938,,,
2025-06-26 03:30:00,267.4313,315.5,123.575,48.3,296.7,36.75,294.125,294.1875,5.1203,5.2781,5.5703,6.0203,-0.6674,-1.7725,12.6175,12.5444,11.7783,1.4128,1.4404,0.8724,0.8741,29.3687,3.4,281.88,1.0,0.0,43.0562,38.3438,59.05,,,
2025-06-26 04:00:00,267.8562,315.375,123.4125,48.0687,297.0,36.75,294.2812,294.25,5.4703,5.4578,5.5703,6.1484,-0.6202,-1.7395,12.8434,12.7719,11.8628,1.4846,1.5095,0.9266,0.9321,29.975,3.221,284.16,1.0,0.0,47.3937,38.3687,60.0938,,,
2025-06-26 04:30:00,269.2374,315.3125,123.7125,47.7125,297.225,36.3875,294.0625,294.0312,5.4234,5.8594,5.8547,6.3328,-0.7073,-1.811,12.7751,12.6987,11.8113,1.4132,1.4399,0.8899,0.8853,28.9937,3.055,283.8,1.0,0.0,50.1437,38.5438,61.525,,,
2025-06-26 05:00:00,268.4938,315.6875,124.0,47.6437,297.475,36.3375,294.375,294.4375,5.2062,5.5828,5.6094,6.1531,-0.716,-1.81,12.5704,12.4794,11.6838,1.4141,1.443,0.8516,0.8566,29.4062,0.878,273.64,1.0,0.0,46.7312,38.575,61.0437,,,
2025-06-26 05:30:00,267.5375,315.9688,124.25,47.7312,297.975,36.4188,294.7188,294.7812,5.5734,5.2172,5.3937,6.1,-0.7064,-1.8115,12.8954,12.8125,11.8559,1.4391,1.464,0.9144,0.9133,29.975,0.804,268.72,1.0,0.0,49.9125,38.725,60.9,,,
2025-06-26 06:00:00,267.8562,317.1562,124.8,48.1,298.35,36.3563,295.875,296.0312,5.5328,5.2422,5.3062,5.9891,-0.7243,-1.851,12.6061,12.533,11.7533,1.4679,1.492,0.8816,0.8787,29.5125,0.765,284.14,1.0,1.0,45.7875,38.8625,55.5125,,,
2025-06-26 06:30:00,269.025,321.4375,124.275,49.5,299.95,37.7625,297.8438,297.9375,4.8766,5.7656,6.0953,6.0328,-0.6302,-1.7615,12.6792,12.5817,11.7919,1.5362,1.5633,0.9579,0.9618,28.4188,0.729,283.84,1.0,1.0,49.5562,38.975,51.7437,,,
2025-06-26 07:00:00,267.8562,322.8438,122.6125,49.5375,301.4,37.9813,300.6875,300.75,5.1766,5.5719,5.7922,6.3297,-0.653,-1.772,12.7231,12.6354,11.8786,1.5292,1.5598,0.8875,0.8879,27.825,0.789,272.18,1.0,1.0,45.2687,38.9625,48.7188,,,
2025-06-26 07:30:00,267.8562,323.8438,122.075,49.6562,301.45,38.3812,300.9688,301.0938,4.8516,5.2328,5.4453,6.0422,-0.6797,-1.824,12.7654,12.6906,11.8324,1.4854,1.5126,0.8789,0.8708,29.1875,0.816,268.66,1.0,1.0,49.3125,39.05,49.9312,,,
2025-06-26 08:00:00,268.9187,317.6875,122.55,49.775,298.7,38.6312,299.125,299.125,5.5891,5.4766,5.6703,6.2703,-0.765,-1.9,12.7004,12.6061,11.6919,1.4881,1.52,0.8277,0.8273,29.4188,0.822,285.56,1.0,1.0,44.325,39.1125,44.6437,,,
2025-06-26 08:30:00,268.1749,315.9375,121.4,49.7,296.425,38.0,296.625,296.6562,5.2031,5.9266,6.0078,5.4703,-0.6101,-1.7135,12.7816,12.6987,11.8936,1.5082,1.5414,0.9076,0.915,29.45,0.814,282.08,1.0,1.0,48.7312,39.0687,50.2812,,,
2025-06-26 09:00:00,267.6437,324.75,122.2875,49.9375,301.125,38.1437,300.875,300.9375,5.0547,6.0484,6.1719,5.3062,-0.7724,-1.9235,12.7491,12.676,11.8159,1.4391,1.4657,0.7906,0.7973,29.9,0.879,272.28,1.0,1.0,42.0562,39.075,51.525,,,
2025-06-26 09:30:00,269.1312,323.4062,122.5375,49.5812,300.875,37.95,301.4062,301.4375,4.8156,5.7188,5.9953,5.5625,-0.7589,-1.8795,12.637,12.5525,11.6848,1.4189,1.4412,0.8011,0.7949,29.925,0.828,267.7,1.0,1.0,46.475,39.1,48.8625,,,
2025-06-26 10:00:00,267.5375,324.5625,122.275,49.7562,301.625,37.8625,302.125,302.1875,4.9187,5.7781,6.0547,5.5281,-0.6451,-1.7495,12.7166,12.6484,11.817,1.4819,1.5121,0.8785,0.88,28.9,0.805,267.68,1.0,1.0,48.5,38.9,48.825,,,
2025-06-26 10:30:00,268.2812,323.3125,122.375,49.8625,301.225,38.0062,301.9062,302.0,4.4891,5.8266,6.2328,5.7734,-0.6994,-1.8085,12.7085,12.6289,11.7952,1.4749,1.5078,0.854,0.8619,29.4062,0.827,268.9,1.0,1.0,49.3937,38.9625,47.2062,,,
2025-06-26 11:00:00,263.9249,323.9062,122.1125,50.0687,301.725,38.1625,302.4375,302.5312,4.8328,6.1156,6.3297,5.6844,-0.5668,-1.66,12.7215,12.6451,11.9001,1.5559,1.5861,0.9667,0.9594,29.2437,0.815,269.2,1.0,1.0,49.7625,38.9813,47.5875,,,
2025-06-26 11:30:00,268.4938,324.0,121.9875,49.7875,301.925,37.7437,303.3438,303.375,5.3875,6.2562,6.2234,5.3438,-0.7121,-1.829,12.6727,12.6126,11.8012,1.471,1.4964,0.8614,0.8577,28.8187,3.092,285.22,1.0,0.0,49.7437,38.7938,47.4125,,,
2025-06-26 12:00:00,266.5812,322.5938,121.925,50.1312,301.2,38.0125,302.4688,302.5625,5.0297,5.7203,5.6516,6.0437,-0.7068,-1.834,12.6126,12.5395,11.6965,1.4609,1.4916,0.8439,0.8376,29.4125,2.972,288.18,1.0,0.0,49.7625,38.675,47.2,,,
2025-06-26 12:30:00,267.5375,322.8438,121.575,50.0625,301.225,38.05,302.3438,302.4688,4.8656,5.3453,5.4969,6.1453,-0.6543,-1.7575,12.5574,12.4794,11.7895,1.5266,1.5576,0.9288,0.9196,29.9813,3.063,287.26,1.0,0.0,49.7812,38.6187,47.4812,,,
2025-06-26 13:00:00,267.4313,324.0625,121.725,49.9062,301.875,37.7687,302.5625,302.625,5.0031,5.9625,6.0,5.3031,-0.6797,-1.779,12.7377,12.6597,11.8255,1.4959,1.5235,0.8953,0.9063,30.6187,0.809,276.02,1.0,0.0,49.725,38.5187,49.6062,,,
2025-06-26 13:30:00,267.4313,324.2188,122.2375,50.2062,302.65,38.0375,303.6875,303.6562,4.6672,5.9453,6.2406,5.7406,-0.639,-1.754,12.7995,12.715,11.8616,1.5073,1.5379,0.8986,0.9013,30.3438,0.802,270.5,1.0,0.0,49.55,38.5375,47.35,,,
2025-06-26 14:00:00,268.2812,325.1875,121.675,50.2875,303.025,38.1063,304.7188,304.8438,5.0734,6.0516,6.2828,5.6437,-0.7011,-1.8115,12.7589,12.676,11.8399,1.4762,1.5043,0.856,0.8551,28.3687,0.862,267.86,1.0,1.0,49.4875,38.4875,47.4625,,,
2025-06-26 14:30:00,269.3438,325.375,121.8,50.3062,303.4,38.1625,305.1875,305.2812,5.1328,6.175,5.9906,5.2844,-0.6845,-1.793,12.6094,12.5281,11.7516,1.4876,1.5169,0.8743,0.8715,29.9,0.794,266.96,1.0,1.0,49.3562,38.3687,48.0875,,,
2025-06-26 15:00:00,432.9688,336.4062,119.5375,50.2812,304.425,37.4813,314.1875,314.25,4.3781,4.7266,4.8594,4.3453,-0.9741,-3.234,14.4131,14.3172,12.7882,3.2853,3.3474,1.5481,1.5474,28.6125,0.953,262.48,1.0,1.0,49.125,38.3812,2.025,,,
2025-06-26 15:30:00,564.825,368.1875,123.25,49.2937,324.425,36.9813,338.75,339.0625,2.7281,3.1328,3.2703,3.8219,-1.2541,-4.0925,14.6227,14.5025,12.8723,3.6213,3.6664,1.6168,1.6249,29.9125,0.945,228.3,1.0,1.0,49.0875,38.2562,0.0,,,
2025-06-26 16:00:00,661.6188,395.9375,133.1875,49.6875,346.475,37.3125,362.0312,362.125,2.1625,2.5016,2.7078,3.1781,-1.3429,-4.65,15.2305,15.107,13.2413,4.2483,4.3292,1.941,1.9416,28.9,0.734,235.5,1.0,1.0,48.8312,38.2938,0.0,,,
2025-06-26 16:30:00,596.7,392.4688,134.7875,49.35,349.05,37.4813,361.9062,361.9688,2.5938,3.0078,3.2594,3.5656,-1.1456,-3.94,14.3676,14.2539,12.6508,3.5666,3.62,1.6715,1.6699,28.3375,0.98,247.62,1.0,1.0,48.7125,38.3187,0.0,,,
2025-06-26 17:00:00,423.2999,364.9688,132.8,49.4187,337.075,38.3438,343.5938,343.6562,3.5016,4.1172,4.8,4.9437,-0.9063,-2.6755,12.8239,12.7036,11.8243,2.3228,2.3561,1.2331,1.2193,28.8875,0.859,281.5,1.0,1.0,48.9375,38.1875,0.0,,,
2025-06-26 17:30:00,312.4812,351.4375,126.2,50.4,326.7,38.675,331.5625,331.6562,3.9359,5.6047,6.1,5.1031,-0.6661,-1.7625,12.4956,12.403,11.7663,1.2514,1.2803,0.6773,0.6788,28.3687,3.747,290.82,1.0,1.0,49.3625,38.2313,46.5562,,,
2025-06-26 18:00:00,392.7,348.625,117.9625,50.6125,314.2,38.475,321.8438,321.9062,3.7437,4.0484,4.5047,4.4094,-0.8438,-2.6655,14.2246,14.1011,12.6009,2.2016,2.2419,1.0321,1.0198,29.3687,8.92,296.84,1.0,1.0,49.9937,38.2437,11.1437,,,
2025-06-26 18:30:00,602.5437,355.25,121.2125,49.9875,314.175,38.1063,327.625,327.7188,2.2062,2.2344,2.7594,3.4859,-1.2056,-4.5005,15.5555,15.3962,13.0771,4.1437,4.2124,1.9495,1.9434,28.9,0.894,287.78,1.0,1.0,46.0062,38.3062,0.0,,,
2025-06-26 19:00:00,663.0,385.0312,129.7125,50.075,337.475,37.7938,352.6875,352.75,2.4781,2.6875,3.0891,3.3531,-1.3692,-4.657,15.3199,15.1736,13.228,4.1708,4.2395,1.8889,1.8837,29.2562,0.728,284.68,1.0,1.0,49.6937,38.3812,0.0,,,
2025-06-26 19:30:00,658.2188,387.2812,131.625,49.3375,341.575,37.2812,356.5,356.4688,2.5062,2.7672,3.0984,3.2859,-1.3184,-4.646,15.3036,15.185,13.1782,4.1363,4.2084,1.8819,1.8823,29.4562,7.973,281.7,1.0,0.0,46.6687,38.4125,0.0,,,
2025-06-26 20:00:00,661.8313,386.3438,130.85,49.5062,340.85,37.4937,355.7812,355.875,2.3625,2.7266,3.0031,3.4062,-1.3731,-4.5605,15.224,15.1086,13.2197,4.0387,4.0991,1.8047,1.8062,29.3062,3.014,279.3,1.0,0.0,44.95,38.6562,0.0,,,
2025-06-26 20:30:00,662.2562,383.5,131.5,49.4937,340.75,37.2188,354.5625,354.5312,2.0141,2.4047,2.7953,3.35,-1.3561,-4.577,15.0322,14.8892,13.1147,4.1008,4.1691,1.8397,1.8467,28.2938,6.411,283.64,1.0,0.0,48.4937,38.725,0.0,,,
2025-06-26 21:00:00,662.3625,384.2188,130.6375,49.3937,340.425,37.675,354.7188,354.8125,2.3766,2.6562,2.9797,3.3766,-1.3688,-4.525,15.1362,14.9981,13.1014,4.04,4.1113,1.7787,1.7854,28.3438,2.672,275.4,1.0,0.0,45.6,38.7812,0.0,,,
2025-06-26 21:30:00,661.8313,387.7188,130.825,48.55,342.375,37.0562,356.6875,356.7188,2.1656,2.2594,2.8141,3.5297,-1.3057,-4.452,15.1346,15.0127,13.0716,4.0461,4.1069,1.8198,1.8187,29.9875,0.842,277.12,1.0,0.0,50.225,38.8062,0.0,,,
2025-06-26 22:00:00,662.0437,379.0,134.0,48.8687,339.75,36.8187,353.1875,353.1562,2.3375,2.6203,3.0531,3.6578,-1.353,-4.637,14.9932,14.8632,12.928,4.1043,4.1761,1.8287,1.8233,29.225,5.492,278.56,1.0,1.0,47.0,38.9125,0.0,,,
2025-06-26 22:30:00,661.8313,374.4062,127.4875,48.8875,332.975,36.475,347.375,347.3438,2.4688,2.4766,2.8234,3.5562,-1.2484,-4.405,15.2337,15.1216,13.1695,4.0299,4.0943,1.7997,1.8117,28.5125,0.934,269.86,1.0,1.0,43.6187,38.9813,0.0,,,
2025-06-26 23:00:00,507.875,358.7188,124.7375,48.3125,324.925,36.3375,335.2812,335.3438,3.1016,3.4406,3.5984,4.0844,-1.059,-3.286,13.8915,13.7843,12.1886,2.7166,2.7677,1.2165,1.2191,28.2938,0.838,280.44,1.0,1.0,49.4937,39.1125,0.0,,,
2025-06-26 23:30:00,464.95,351.2188,120.8625,48.2,318.475,36.375,328.0312,328.0625,3.0906,3.6656,4.2672,4.5984,-0.9899,-2.9225,13.3959,13.261,11.8289,2.3101,2.3377,1.0658,1.0614,29.6562,2.72,291.0,1.0,1.0,46.8438,39.2,0.0,,,
2025-06-27 00:00:00,434.6687,346.0,123.3,49.9062,315.15,38.3,323.0938,323.1875,3.6219,3.7484,3.9328,4.8031,-0.8849,-2.762,13.9224,13.8785,12.5564,2.353,2.3976,1.0824,1.076,29.4125,0.756,294.1,1.0,1.0,43.8375,39.2812,0.0,,,
2025-06-27 00:30:00,265.7312,312.7812,125.975,50.7188,299.7,39.1812,298.75,298.8125,4.6203,5.4453,5.4812,5.8719,-0.702,-1.7625,12.7442,12.6532,11.7566,1.2531,1.2794,0.6897,0.7028,29.5312,0.838,280.96,1.0,1.0,49.4187,39.3562,43.725,,,
2025-06-27 01:00:00,267.6437,313.9375,119.525,50.3812,294.175,38.7,293.1875,293.25,4.7797,5.2344,5.3469,5.8672,-0.6814,-1.7635,12.8921,12.8011,11.7172,1.3126,1.3415,0.8006,0.7873,28.8812,0.834,273.04,1.0,1.0,46.0125,39.4812,55.9937,,,
2025-06-27 01:30:00,267.8562,309.5938,120.65,50.675,291.45,39.1937,289.25,289.375,4.9234,5.1469,5.0672,5.525,-0.6149,-1.71,12.9295,12.8385,11.907,1.3441,1.3747,0.819,0.8238,30.025,0.86,269.84,1.0,1.0,43.8812,39.5062,57.775,,,
2025-06-27 02:00:00,267.4313,307.9688,120.9625,50.4937,291.1,38.9375,288.1875,288.25,4.8797,5.3453,5.1844,5.6812,-0.6644,-1.7205,12.8629,12.7881,11.8348,1.2269,1.2597,0.7348,0.733,29.2938,0.871,270.0,1.0,1.0,49.0562,39.6312,59.875,,,
2025-06-27 02:30:00,266.1562,311.0938,121.475,50.5312,292.425,39.375,289.5625,289.5938,4.8422,5.3031,5.4078,5.8422,-0.6198,-1.702,12.9181,12.8287,11.7701,1.3923,1.422,0.8418,0.8531,29.9375,0.765,270.96,1.0,1.0,46.0562,39.6125,56.6812,,,
2025-06-27 03:00:00,267.8562,308.3438,120.925,50.05,291.375,38.9375,288.7812,288.9062,5.2453,5.875,5.8906,6.3078,-0.6477,-1.7475,12.8547,12.7832,11.8652,1.3734,1.4006,0.8428,0.8369,29.4,0.87,271.08,1.0,1.0,44.1187,39.5875,59.475,,,
2025-06-27 03:30:00,267.2188,309.5312,121.7875,50.0125,292.45,38.6562,289.5,289.5938,5.4953,5.5578,5.5156,6.0578,-0.6854,-1.7965,12.8596,12.7767,11.7913,1.3721,1.3971,0.8275,0.8253,28.9062,5.45,286.82,1.0,0.0,48.8,39.7125,59.1687,,,
2025-06-27 04:00:00,266.3688,311.7188,120.9125,50.7062,292.875,39.0375,290.4375,290.5,5.0672,5.5531,5.4219,6.0109,-0.6281,-1.7205,12.9441,12.871,11.893,1.4119,1.4421,0.8737,0.8617,28.8563,3.021,289.8,1.0,0.0,45.4187,39.8562,57.0687,,,
2025-06-27 04:30:00,267.2188,311.75,121.4625,51.175,293.55,39.7875,291.1562,291.25,5.2953,5.8062,5.7062,6.0531,-0.7024,-1.7815,12.8385,12.7442,11.8266,1.3677,1.3953,0.8337,0.831,28.2938,3.166,286.38,1.0,0.0,50.475,39.8438,53.4812,,,
2025-06-27 05:00:00,267.8562,312.875,120.1875,50.9375,293.425,39.7562,291.7188,291.7812,5.5187,5.6266,5.5641,6.125,-0.6981,-1.779,12.7052,12.6402,11.7041,1.3818,1.4054,0.828,0.8315,29.75,0.773,276.4,1.0,0.0,47.8187,39.925,54.575,,,
2025-06-27 05:30:00,268.4938,312.375,120.9125,49.9937,293.925,38.9437,291.8438,291.875,4.9156,6.1219,6.0328,5.9672,-0.6701,-1.7705,12.9701,12.8791,11.9075,1.3664,1.3914,0.8245,0.8227,30.35,0.835,272.04,1.0,0.0,43.7562,40.0,57.9937,,,
2025-06-27 06:00:00,267.325,312.1875,121.725,49.5062,294.65,38.3937,291.9062,291.9688,5.4031,5.8031,5.8547,6.1359,-0.6976,-1.784,12.7686,12.7085,11.8103,1.2999,1.3345,0.7801,0.7903,28.8062,3.057,271.06,1.0,1.0,49.2375,39.9625,59.4875,,,
2025-06-27 06:30:00,264.5625,316.3125,122.175,49.7312,296.425,38.525,294.0,294.0312,5.2594,5.6687,5.6109,5.9016,-0.7112,-1.792,12.8629,12.7816,11.7375,1.3297,1.3607,0.791,0.7873,29.0,0.767,282.1,1.0,1.0,45.775,39.8937,54.9625,,,
2025-06-27 07:00:00,264.6687,316.25,121.6125,50.275,296.5,39.0125,294.4062,294.4688,5.1391,5.6734,5.5141,5.9109,-0.6858,-1.769,12.8515,12.7767,11.8198,1.3651,1.3923,0.8035,0.7973,29.6312,0.832,275.22,1.0,1.0,50.075,39.9375,53.825,,,
2025-06-27 07:30:00,266.0499,316.75,121.5,50.4125,296.725,39.5938,295.0312,295.0938,5.4437,5.7484,5.6781,6.2203,-0.7339,-1.8265,12.7507,12.6679,11.7021,1.3739,1.4084,0.7483,0.7486,29.9813,0.789,272.28,1.0,1.0,47.4437,40.0312,51.7062,,,
2025-06-27 08:00:00,264.8812,316.0,120.9875,50.6062,296.425,39.7312,295.125,295.2188,5.5703,5.6937,5.6594,6.0328,-0.6753,-1.787,12.8694,12.7865,11.9018,1.4049,1.4347,0.8365,0.8415,29.1063,0.814,270.94,1.0,1.0,42.2375,39.9187,51.725,,,
2025-06-27 08:30:00,264.8812,316.625,120.5875,50.6437,296.625,39.15,295.5,295.5938,5.3844,5.5531,5.3937,5.8562,-0.5974,-1.7045,12.7572,12.6695,11.84,1.4627,1.4903,0.8527,0.8634,29.4562,0.741,270.3,1.0,1.0,47.275,39.8187,52.6312,,,
2025-06-27 09:00:00,265.0938,316.8125,121.125,50.4688,297.175,38.85,295.9375,295.9375,5.3781,5.5406,5.4781,6.0562,-0.6324,-1.7605,12.8564,12.7897,11.7783,1.4421,1.4745,0.8656,0.8767,28.7062,0.791,269.92,1.0,1.0,49.4625,39.6625,54.0187,,,
2025-06-27 09:30:00,261.7999,316.5625,121.5625,50.2812,297.375,38.6063,295.9062,296.0312,5.6453,5.6969,5.6312,6.1875,-0.7606,-1.8705,12.8401,12.7491,11.7632,1.3467,1.3761,0.7687,0.7748,29.5312,0.85,269.18,1.0,1.0,41.9625,39.5812,54.35,,,
2025-06-27 10:00:00,265.4125,317.75,121.7125,50.4875,297.875,38.7188,296.3125,296.4062,5.4859,5.4016,5.4594,5.9609,-0.6823,-1.7985,12.7767,12.689,11.7071,1.4216,1.4487,0.8372,0.8407,29.5187,0.883,268.48,1.0,1.0,45.8375,39.375,53.1812,,,
2025-06-27 10:30:00,264.775,316.0625,121.4375,50.5875,297.35,38.7687,296.125,296.2188,5.3797,5.7078,5.6531,6.1766,-0.6438,-1.7355,12.845,12.7638,11.8938,1.4272,1.4622,0.8608,0.8628,29.7437,0.768,267.6,1.0,1.0,47.2687,39.1812,53.0187,,,
2025-06-27 11:00:00,258.2937,317.6562,121.3375,50.5312,297.975,38.6875,296.875,297.0,5.0078,5.9844,5.9797,6.4547,-0.695,-1.7625,12.728,12.6435,11.7748,1.3774,1.4071,0.8315,0.8273,28.6812,0.817,267.12,1.0,1.0,47.9688,39.0437,51.7062,,,
2025-06-27 11:30:00,265.8375,321.5,122.1875,50.4937,300.45,38.675,299.5625,299.6562,4.9141,5.6656,5.7891,6.3438,-0.7003,-1.79,12.8239,12.7735,11.863,1.4509,1.4828,0.8448,0.8404,28.2875,3.171,282.1,1.0,0.0,48.5312,38.9125,47.9875,,,
2025-06-27 12:00:00,265.2,318.5312,121.65,50.1312,299.575,38.25,299.1875,299.2188,5.1062,5.6609,5.6203,5.9219,-0.6985,-1.782,12.7654,12.689,11.7948,1.4391,1.4706,0.8533,0.8623,28.3187,3.044,286.0,1.0,0.0,48.7562,38.75,48.8312,,,
2025-06-27 12:30:00,264.9874,320.6562,121.4625,51.1187,299.825,39.3,299.75,299.75,5.0406,5.4953,5.8609,6.2547,-0.6259,-1.7085,12.6272,12.5379,11.7233,1.5449,1.576,0.9404,0.9373,28.3563,3.222,287.44,1.0,0.0,48.9812,38.725,44.4125,,,
2025-06-27 13:00:00,265.7312,324.1875,122.5625,51.2062,301.625,39.175,301.875,301.9062,4.9875,5.4734,5.4375,5.6312,-0.7422,-1.9015,12.7962,12.7183,11.9021,1.583,1.6119,0.933,0.9317,30.3625,0.795,289.86,1.0,0.0,49.1187,38.7437,40.7437,,,
2025-06-27 13:30:00,264.0312,324.5625,122.475,50.9062,302.675,38.9312,303.8125,303.8438,5.1078,6.1906,6.1781,5.925,-0.7418,-1.8515,12.754,12.6776,11.7898,1.5585,1.5913,0.896,0.8978,28.7812,0.773,288.28,1.0,0.0,49.2812,38.6875,37.9062,,,
2025-06-27 14:00:00,265.7312,327.7188,120.9125,50.1062,304.3,38.0187,304.9062,305.0,5.3812,6.2984,6.0094,5.4531,-0.7243,-1.8155,12.7264,12.6402,11.7593,1.5261,1.555,0.9065,0.9104,29.9688,0.785,276.56,1.0,1.0,49.1062,38.525,45.1937,,,
2025-06-27 14:30:00,263.9249,325.2188,121.8875,49.9125,303.45,37.6875,303.75,303.8125,4.8375,5.6031,5.9266,6.2125,-0.6049,-1.704,12.6354,12.5557,11.8664,1.5953,1.6228,0.9957,0.9984,29.9625,0.825,271.34,1.0,1.0,48.55,38.5125,46.4937,,,
2025-06-27 15:00:00,264.8812,325.0,123.95,49.7625,303.3,37.6625,303.9688,303.9688,4.7516,5.8672,6.1297,6.0562,-0.8127,-1.9215,12.6402,12.5525,11.7494,1.4443,1.4714,0.8199,0.8218,29.4125,0.853,286.92,1.0,1.0,47.9937,38.3875,41.5625,,,
2025-06-27 15:30:00,264.4562,320.3125,121.8375,49.5125,300.275,37.6125,301.0312,301.0625,5.4812,5.4062,5.5078,6.1016,-0.6403,-1.7505,12.8206,12.7296,11.7972,1.5677,1.6005,0.9833,0.9833,29.9688,0.874,286.96,1.0,1.0,47.5938,38.3312,46.1187,,,
2025-06-27 16:00:00,320.5563,332.2188,118.875,49.4312,305.25,37.075,308.375,308.4688,4.4734,5.5625,5.8937,5.4906,-0.8004,-2.154,12.7767,12.6841,11.8011,1.6775,1.7002,0.9271,0.9133,28.3312,0.797,263.72,1.0,1.0,47.3375,38.15,54.3312,,,
2025-06-27 16:30:00,265.9437,329.1875,126.1125,50.2562,307.25,38.1562,306.7812,306.8438,5.1047,5.2656,5.5531,6.0281,-0.6998,-1.8085,12.4859,12.4225,11.7232,1.5519,1.5861,0.9352,0.9268,29.9813,0.849,258.66,1.0,1.0,47.3438,38.1625,37.6187,,,
2025-06-27 17:00:00,263.9249,327.2812,121.5125,51.1625,303.8,38.9813,305.6562,305.7188,5.0938,6.0328,6.1156,5.9156,-0.6714,-1.767,12.7621,12.6841,11.8874,1.5519,1.5852,0.9268,0.9362,29.3937,0.774,261.48,1.0,1.0,47.3312,38.0375,36.2687,,,
2025-06-27 17:30:00,265.2,326.375,120.7,51.1312,302.75,39.4062,304.875,304.9062,5.4703,5.4937,5.5062,6.0281,-0.7414,-1.8395,12.6256,12.5492,11.7719,1.4903,1.5217,0.9034,0.9109,30.5562,0.843,264.54,1.0,1.0,47.4688,37.9937,37.7562,,,
2025-06-27 18:00:00,264.775,326.6562,120.8,50.7937,302.825,39.4437,305.0312,305.125,5.2594,5.9344,5.75,5.6469,-0.6263,-1.6985,12.5492,12.4599,11.7509,1.5874,1.6176,0.9769,0.9883,29.925,0.873,267.86,1.0,1.0,47.7,38.0312,37.5687,,,
2025-06-27 18:30:00,265.0938,327.2812,120.825,50.8062,303.45,39.125,305.5625,305.625,5.3406,5.9734,6.025,5.6625,-0.6477,-1.757,12.7735,12.6727,11.8277,1.5843,1.6171,0.9793,0.9796,29.3687,0.827,269.26,1.0,1.0,48.3062,38.0187,39.125,,,
2025-06-27 19:00:00,264.35,323.6562,122.8375,50.4812,300.875,38.7,303.125,303.25,5.2609,6.0219,6.0141,6.0781,-0.7829,-1.899,12.5866,12.5899,11.7852,1.5034,1.5371,0.8669,0.8702,29.2812,0.798,287.14,1.0,1.0,49.075,38.025,35.3375,,,
2025-06-27 19:30:00,263.6062,326.9062,120.7375,50.075,301.425,38.4625,303.25,303.375,5.6094,6.1719,6.1234,5.7453,-0.6902,-1.8555,12.6711,12.5996,11.7281,1.5988,1.632,0.9551,0.9597,30.4813,19.456,292.56,1.0,0.0,49.8812,38.2125,44.4062,,,
2025-06-27 20:00:00,264.8812,330.375,122.0125,48.7375,305.625,37.3312,305.9688,305.9688,4.975,5.8016,6.0781,6.1625,-0.7243,-1.8395,12.7166,12.624,11.8245,1.4854,1.5134,0.9047,0.9043,29.8062,2.888,289.0,1.0,0.0,46.0625,38.275,47.5187,,,
2025-06-27 20:30:00,265.0938,329.2812,123.0375,48.35,305.125,36.6063,304.5938,304.6562,5.375,6.1906,6.0687,5.6656,-0.7068,-1.8275,12.6922,12.6126,11.8035,1.4929,1.5217,0.9137,0.9172,29.1625,2.96,287.24,1.0,0.0,49.2375,38.3687,50.7625,,,
2025-06-27 21:00:00,264.2438,328.9375,123.725,48.2188,304.9,36.625,303.875,303.875,5.0,5.6891,6.0391,6.2891,-0.6561,-1.754,12.7036,12.611,11.7237,1.4745,1.5056,0.9128,0.9205,28.8937,0.807,277.24,1.0,0.0,44.0062,38.4125,51.4312,,,
2025-06-27 21:30:00,264.2438,328.5,123.2625,48.3937,304.675,36.4875,304.0,304.0,5.0938,5.8609,5.9859,6.0703,-0.6569,-1.752,12.6841,12.5492,11.865,1.4889,1.5217,0.9028,0.9019,28.925,0.835,272.74,1.0,0.0,48.4688,38.575,51.1,,,
2025-06-27 22:00:00,263.8187,329.0312,123.3875,48.9125,304.9,37.0438,304.125,304.2188,5.1094,5.5406,5.8531,5.8859,-0.6801,-1.8045,12.6159,12.5314,11.7626,1.4679,1.4999,0.8958,0.9006,28.875,0.837,270.34,1.0,1.0,43.25,38.6688,49.9375,,,
2025-06-27 22:30:00,266.0499,327.7188,122.9625,49.95,303.925,37.6688,303.5938,303.5938,4.9062,5.3094,5.3859,5.8734,-0.6066,-1.719,12.845,12.7686,11.8709,1.4924,1.5209,0.9373,0.9343,29.7562,0.767,269.34,1.0,1.0,46.7562,38.7625,46.7625,,,
2025-06-27 23:00:00,269.1312,328.2188,121.425,49.2437,303.225,37.3563,303.5938,303.7188,5.1203,5.9172,5.9937,5.6109,-0.7261,-1.843,12.6012,12.5054,11.7846,1.4106,1.4377,0.831,0.8299,29.0125,0.851,268.28,1.0,1.0,49.5,38.825,49.7812,,,
2025-06-27 23:30:00,267.4313,326.4688,122.8125,48.7937,303.575,36.925,303.1562,303.2188,5.0703,5.6125,6.0547,5.9109,-0.667,-1.761,12.6549,12.5688,11.7984,1.4535,1.4841,0.8702,0.8767,30.1063,0.874,267.08,1.0,1.0,44.25,38.7812,52.3062,,,
2025-06-28 00:00:00,268.6,326.1562,123.15,49.15,303.8,37.2625,303.3125,303.375,4.9906,5.2891,5.5,5.2656,-0.7497,-1.865,12.8775,12.7995,11.7708,1.3647,1.3975,0.7584,0.7724,30.0062,0.886,266.26,1.0,1.0,48.5625,38.8375,50.3187,,,
2025-06-28 00:30:00,265.0938,329.9062,123.0125,49.4688,305.6,37.9937,305.1562,305.25,5.6734,5.9531,5.7844,5.6344,-0.7418,-1.82,12.7312,12.6565,11.8381,1.38,1.4106,0.8282,0.8234,30.0375,0.853,266.12,1.0,1.0,43.0562,39.0312,47.5812,,,
2025-06-28 01:00:00,268.6,329.8125,122.15,49.7,304.8,38.4188,305.5625,305.6562,5.1812,5.2797,5.6891,6.0266,-0.7081,-1.8145,12.8564,12.7865,11.8255,1.4303,1.4583,0.8299,0.8258,29.5375,0.805,267.6,1.0,1.0,46.0375,38.9562,44.3937,,,
2025-06-28 01:30:00,269.9812,330.6562,121.8875,49.6,305.625,38.3062,306.4062,306.5,5.2922,5.9344,5.6297,5.5344,-0.7059,-1.8225,12.7199,12.6337,11.7,1.4102,1.4369,0.8245,0.8199,29.3625,0.768,268.1,1.0,1.0,48.275,38.9375,45.9875,,,
2025-06-28 02:00:00,268.8125,331.0625,122.3125,49.6187,305.925,37.7188,306.875,306.9062,5.2125,5.7453,5.7859,5.6156,-0.6469,-1.7695,12.7004,12.6224,11.8489,1.4544,1.4876,0.8612,0.8522,30.1063,0.905,268.04,1.0,1.0,49.5875,38.9062,46.7375,,,
2025-06-28 02:30:00,269.5563,330.1562,122.275,49.6375,305.75,37.975,306.6562,306.7188,5.5234,5.9,5.8766,5.9078,-0.8022,-1.9135,12.6874,12.611,11.7829,1.38,1.4097,0.7682,0.7722,29.9375,0.84,267.5,1.0,1.0,43.075,38.8625,47.0625,,,
2025-06-28 03:00:00,267.5375,334.4062,122.925,48.9812,309.025,37.7687,310.0312,310.0938,5.1078,5.7344,5.8656,5.85,-0.6613,-1.793,12.9279,12.8531,11.8969,1.4233,1.4509,0.8267,0.8271,29.45,0.756,267.28,1.0,1.0,47.2875,38.7562,46.175,,,
2025-06-28 03:30:00,270.0875,332.3125,122.4125,48.8562,307.825,37.6063,309.75,309.8125,5.2734,5.9297,5.8484,5.5875,-0.6854,-1.81,12.8206,12.741,11.8407,1.4141,1.4469,0.8127,0.8221,29.4062,3.252,280.56,1.0,0.0,48.9937,38.7313,45.4812,,,
2025-06-28 04:00:00,268.3875,331.5,122.6375,48.4812,307.525,37.0438,308.625,308.75,5.2,5.7437,5.7469,5.8953,-0.6604,-1.801,12.7459,12.6597,11.7127,1.3953,1.4286,0.7987,0.8124,31.0062,3.344,284.88,1.0,0.0,50.1562,38.675,49.4625,,,
2025-06-28 04:30:00,267.0062,333.0,123.5375,48.8,308.65,37.05,309.2188,309.3125,5.3734,5.8969,5.7219,5.6297,-0.6762,-1.781,12.7264,12.6532,11.7771,1.3686,1.4006,0.8144,0.8083,28.3187,3.145,284.46,1.0,0.0,45.5687,38.65,47.675,,,
2025-06-28 05:00:00,269.2374,333.1562,123.4,48.4312,308.9,36.5625,309.6562,309.6875,5.0516,5.6,5.6562,5.5656,-0.7068,-1.8265,12.5427,12.4566,11.6835,1.3892,1.4198,0.784,0.7928,28.4,0.787,274.34,1.0,0.0,48.875,38.7437,48.6062,,,
2025-06-28 05:30:00,266.9,332.8125,123.55,48.1062,308.775,36.825,309.3125,309.4062,4.9812,5.7547,5.8312,5.8672,-0.6915,-1.8095,12.832,12.754,11.8566,1.3927,1.4255,0.8337,0.8361,29.9,0.849,269.82,1.0,0.0,42.6625,38.8125,48.2062,,,
2025-06-28 06:00:00,267.5375,333.625,123.8,48.4937,309.425,36.9562,310.0938,310.1875,5.1703,5.8047,6.0375,5.7266,-0.6696,-1.7835,12.741,12.6663,11.7994,1.3743,1.4036,0.8127,0.8127,29.3687,0.804,268.12,1.0,1.0,47.3,38.825,45.6812,,,
2025-06-28 06:30:00,267.325,338.1562,124.4375,48.8312,313.0,37.0438,313.9062,314.0312,4.3062,5.2406,5.7594,6.05,-0.6259,-1.7475,12.6663,12.5931,11.7185,1.4951,1.5244,0.8908,0.9013,29.3062,0.777,284.7,1.0,1.0,49.8562,38.9062,40.4375,,,
2025-06-28 07:00:00,267.5375,338.5312,123.0625,49.7125,313.225,38.0562,315.4062,315.4688,5.3359,5.6609,5.5375,5.7625,-0.6587,-1.79,12.7101,12.6094,11.7624,1.4741,1.5043,0.8457,0.8341,29.4062,0.737,274.64,1.0,1.0,44.9,38.7812,34.6688,,,
2025-06-28 07:30:00,269.2374,336.3438,122.1625,50.0812,311.125,38.2188,314.0625,314.125,4.9531,5.7047,5.525,5.7594,-0.688,-1.7965,12.6272,12.5362,11.7448,1.4819,1.5169,0.7989,0.803,28.8625,0.802,270.64,1.0,1.0,48.7937,38.9062,34.1187,,,
2025-06-28 08:00:00,267.5375,337.3125,121.7375,50.0875,311.8,38.025,314.5938,314.6875,5.5437,5.9578,5.7,5.2656,-0.6552,-1.812,12.6597,12.5623,11.7423,1.5309,1.5668,0.8597,0.8634,29.6812,0.837,270.22,1.0,1.0,42.4125,38.8875,34.5562,,,
2025-06-28 08:30:00,262.3312,336.1875,122.2875,50.7062,311.125,38.5875,314.2188,314.2812,5.2375,5.8562,6.0219,5.7516,-0.6749,-1.8,12.6321,12.5834,11.8399,1.5003,1.5327,0.8374,0.8297,27.2,0.815,280.78,1.0,1.0,46.7188,38.95,28.5938,,,
2025-06-28 09:00:00,262.9688,338.0312,122.1125,50.2062,311.675,38.1562,314.9688,315.0312,4.6937,5.9328,6.1656,5.8141,-0.7134,-1.832,12.5688,12.4891,11.7115,1.5318,1.5589,0.8551,0.8529,29.9688,0.756,281.28,1.0,1.0,48.9062,38.825,25.7437,,,
2025-06-28 09:30:00,261.5875,338.25,120.5875,50.2312,311.525,38.0312,314.9062,314.9375,4.9797,6.0172,6.3359,5.6984,-0.6464,-1.756,12.7849,12.7069,11.9151,1.4544,1.4894,0.8321,0.8354,28.9,0.8,273.16,1.0,1.0,49.8812,38.7875,33.5312,,,
2025-06-28 10:00:00,268.2812,339.0312,121.525,50.3625,312.05,38.2,315.3438,315.4062,4.6109,5.625,6.3828,6.6828,-0.7318,-1.843,12.6516,12.5769,11.7506,1.4356,1.4649,0.7864,0.7818,29.95,0.834,284.38,1.0,1.0,43.7,38.6875,30.6562,,,
2025-06-28 10:30:00,268.0687,339.2812,121.1625,50.7812,312.35,38.5312,315.5938,315.6875,5.1453,5.8312,6.0422,5.8844,-0.7033,-1.839,12.8954,12.8011,11.8106,1.4758,1.5108,0.8096,0.8129,28.3125,0.909,274.04,1.0,1.0,46.7937,38.5938,33.2437,,,
2025-06-28 11:00:00,268.0687,337.0938,121.25,51.0375,310.1,38.7313,313.5312,313.5938,5.1469,5.9266,5.9203,5.4344,-0.6998,-1.8275,12.8547,12.7703,11.9056,1.4474,1.4784,0.7623,0.765,29.9688,0.851,267.86,1.0,1.0,48.0687,38.5562,33.2437,,,
2025-06-28 11:30:00,259.8875,335.5938,120.5125,51.1,308.875,38.8563,312.0,312.0312,5.9422,6.1172,6.0234,5.6891,-0.6871,-1.7615,12.6825,12.5931,11.7444,1.3472,1.3778,0.7392,0.74,29.3438,3.193,281.72,1.0,0.0,48.6062,38.5062,35.225,,,
2025-06-28 12:00:00,268.0687,336.25,121.325,50.725,309.675,38.5062,312.625,312.5938,5.4219,5.7953,5.7266,5.125,-0.6911,-1.824,12.8775,12.7946,11.9016,1.4028,1.436,0.7755,0.7752,29.4562,2.917,284.6,1.0,0.0,48.8875,38.3438,34.9688,,,
2025-06-28 12:30:00,268.1749,333.5625,121.5625,50.625,306.2,38.5312,309.7188,309.6875,5.4094,5.8969,6.0328,5.2234,-0.7059,-1.819,12.6971,12.6029,11.8174,1.4356,1.4653,0.7702,0.7746,28.8125,3.093,284.16,1.0,0.0,49.0187,38.3187,30.8187,,,
2025-06-28 13:00:00,268.1749,340.0312,121.55,49.95,311.375,37.6187,314.0625,314.1875,4.8141,5.5484,5.9453,5.8703,-0.7554,-1.8755,12.6191,12.5362,11.7075,1.4307,1.4627,0.7919,0.791,29.9437,0.843,286.12,1.0,0.0,48.9437,38.3,37.1688,,,
2025-06-28 13:30:00,267.6437,335.3125,121.6625,50.1437,308.125,37.7875,310.9688,311.125,5.1437,5.4984,5.925,6.1641,-0.7086,-1.8185,12.6906,12.6061,11.8053,1.4478,1.4802,0.8085,0.8039,29.9188,0.802,282.74,1.0,0.0,48.5875,38.2375,36.7375,,,
2025-06-28 14:00:00,268.7062,326.0,120.35,50.0375,301.675,37.6063,304.3438,304.4062,5.7906,6.1156,6.2484,6.2891,-0.772,-1.8685,12.6857,12.6094,11.7737,1.4019,1.4325,0.782,0.7792,29.9125,0.859,281.84,1.0,1.0,48.1937,38.1063,43.7875,,,
2025-06-28 14:30:00,268.9187,324.9062,120.875,50.4375,300.225,38.25,301.2812,301.3438,5.5437,5.25,5.5375,6.1219,-0.7046,-1.816,12.7475,12.65,11.7362,1.4019,1.4321,0.8214,0.8111,28.9062,0.823,273.44,1.0,1.0,47.6625,38.05,49.0187,,,
2025-06-28 15:00:00,267.6437,323.3438,121.325,51.0125,299.625,38.7938,300.3438,300.375,5.65,5.3078,5.6016,5.9625,-0.6832,-1.7975,12.8905,12.8125,11.9445,1.4216,1.4509,0.8317,0.8212,29.475,0.85,268.28,1.0,1.0,47.3875,38.0187,47.2687,,,
2025-06-28 15:30:00,267.75,323.6562,120.8,51.3125,299.05,39.2,300.0625,300.1562,5.5141,5.2781,5.5547,6.0812,-0.6863,-1.8025,12.7199,12.6419,11.781,1.4321,1.464,0.8144,0.8048,29.4188,0.832,263.62,1.0,1.0,47.3312,37.9312,45.9562,,,
2025-06-28 16:00:00,268.2812,325.125,120.6,52.1625,299.325,40.0375,300.6562,300.7188,5.7031,5.3016,5.4797,6.0672,-0.7195,-1.8405,12.8044,12.7069,11.7303,1.4233,1.4557,0.7991,0.8054,28.8062,0.8,259.6,1.0,1.0,47.5062,38.0,42.8375,,,
2025-06-28 16:30:00,268.9187,325.1562,120.1875,51.9688,299.875,39.9375,302.0,302.0938,5.9781,5.8766,6.1375,5.9156,-0.6285,-1.8145,12.767,12.7524,11.8196,1.5497,1.583,0.9131,0.9091,29.4562,5.618,271.06,1.0,1.0,47.925,38.0,42.4312,,,
2025-06-28 17:00:00,260.4187,324.4688,120.6375,51.0938,299.875,38.9312,301.4688,301.4375,5.7375,5.4609,5.6234,6.0828,-0.6775,-1.8065,12.6776,12.5947,11.7176,1.4461,1.4767,0.8628,0.8592,27.7562,5.232,273.56,1.0,1.0,48.3125,38.05,45.7312,,,
2025-06-28 17:30:00,267.8562,326.125,119.825,51.0312,299.3,39.1875,300.7188,300.7812,5.5234,5.1937,5.3594,5.8141,-0.5979,-1.729,12.9051,12.8141,11.9202,1.5318,1.5541,0.9177,0.9231,31.125,0.854,264.56,1.0,1.0,48.6625,38.1375,47.9812,,,
2025-06-28 18:00:00,269.025,326.6875,120.7125,50.3375,300.6,38.45,301.25,301.375,5.5172,5.7484,5.6375,5.8406,-0.6578,-1.7785,12.7654,12.6987,11.8593,1.4771,1.5047,0.8669,0.8658,29.975,0.881,260.08,1.0,1.0,48.8625,38.225,51.4312,,,
2025-06-28 18:30:00,267.9625,325.875,121.675,49.8625,300.825,38.525,301.25,301.3438,5.7703,5.4078,5.6828,6.1297,-0.6355,-1.7825,12.6435,12.559,11.7278,1.5008,1.5287,0.9126,0.9004,30.7125,0.79,257.94,1.0,1.0,49.45,38.425,50.3687,,,
2025-06-28 19:00:00,268.6,325.5312,122.275,51.0437,300.95,39.1187,301.0625,301.0938,5.6297,5.1141,5.225,6.0125,-0.6521,-1.825,12.9084,12.8336,11.7844,1.5003,1.5327,0.8986,0.8894,29.85,17.995,275.24,1.0,1.0,43.6125,38.4312,47.6562,,,
2025-06-28 19:30:00,269.45,331.8438,121.1875,51.6937,304.75,39.9562,305.9375,306.0312,5.8625,5.6328,5.6516,6.2047,-0.6289,-1.762,12.8872,12.8076,11.8573,1.541,1.5716,0.9288,0.9275,29.9312,3.272,274.12,1.0,0.0,46.8,38.4875,40.7687,,,
2025-06-28 20:00:00,266.5812,332.125,120.3,51.9312,303.875,40.2437,305.9688,306.0938,5.3719,5.1078,5.4141,5.8594,-0.6569,-1.7745,12.7247,12.6159,11.7106,1.5069,1.5397,0.8807,0.8822,29.4562,3.094,269.14,1.0,0.0,49.4437,38.6312,39.0125,,,
2025-06-28 20:30:00,268.1749,330.9688,119.6125,51.9937,302.85,40.1687,305.5,305.5625,5.2516,5.2719,5.7922,6.4141,-0.646,-1.7875,12.9311,12.8401,11.8774,1.4692,1.4964,0.8568,0.8566,29.4125,2.986,269.66,1.0,0.0,44.7,38.7188,39.9375,,,
2025-06-28 21:00:00,267.75,333.9375,120.0625,51.3937,305.0,39.8062,307.25,307.2812,5.6797,5.6969,5.6781,6.1719,-0.7479,-1.863,12.7719,12.6841,11.797,1.4211,1.4526,0.8116,0.812,28.3625,0.823,261.52,1.0,0.0,49.0062,38.7313,41.1562,,,
2025-06-28 21:30:00,268.3875,333.6562,120.8,51.0938,305.675,39.2812,307.875,307.9062,5.4422,5.2125,5.6062,5.9797,-0.6954,-1.8005,12.806,12.7183,11.7373,1.4605,1.4889,0.8579,0.8538,29.5187,0.801,259.02,1.0,0.0,44.7125,38.9188,40.6687,,,
2025-06-28 22:00:00,267.5375,332.8438,120.6625,50.8125,305.15,39.1687,307.1562,307.1875,5.2203,5.2656,5.5578,5.9281,-0.6635,-1.7785,12.6906,12.6402,11.8485,1.4784,1.5113,0.868,0.8652,29.9375,0.802,258.4,1.0,1.0,49.0562,38.925,42.15,,,
2025-06-28 22:30:00,267.2188,333.5,120.8375,50.5125,305.5,38.9,307.2812,307.375,5.6016,5.2703,5.5641,6.2281,-0.6972,-1.813,12.7215,12.6467,11.7867,1.478,1.5051,0.8577,0.8663,29.9312,0.751,258.72,1.0,1.0,45.1625,39.075,44.1812,,,
2025-06-28 23:00:00,268.8125,334.9688,122.025,49.6687,307.35,38.4062,308.4688,308.5,5.1109,4.9875,5.7469,6.2016,-0.7108,-1.8135,12.8678,12.7638,11.7804,1.4574,1.4859,0.8706,0.8693,29.45,0.801,258.64,1.0,1.0,49.5562,39.1625,45.1125,,,
2025-06-28 23:30:00,265.8375,334.0625,122.3625,49.5437,307.35,37.6688,308.4062,308.4375,5.3734,4.9734,5.1922,5.9922,-0.6779,-1.782,12.7816,12.6971,11.8472,1.4487,1.4762,0.8223,0.8153,28.3187,0.697,258.46,1.0,1.0,45.8438,39.3438,45.0312,,,
2025-06-29 00:00:00,268.6,335.0625,122.3125,49.7312,307.55,38.125,308.625,308.6562,5.475,5.1484,5.4187,5.8906,-0.6985,-1.8225,12.7312,12.6467,11.7157,1.4811,1.5113,0.8844,0.891,29.9375,0.737,259.46,1.0,1.0,49.6,39.4062,44.4187,,,
2025-06-29 00:30:00,269.025,329.9375,123.5625,49.8562,306.2,38.1063,307.7188,307.75,5.7703,5.3094,5.3578,6.0016,-0.6114,-1.8485,12.884,12.8125,11.9246,1.5817,1.6101,0.9789,0.9837,29.45,5.627,276.2,1.0,1.0,45.5375,39.4187,41.8062,,,
2025-06-29 01:00:00,266.5812,322.1875,120.1375,49.0562,299.775,37.6625,301.0312,301.125,5.7672,5.3094,5.4219,5.8672,-0.6928,-1.8535,12.7751,12.6874,11.7988,1.4561,1.4876,0.859,0.8619,30.4188,6.401,276.18,1.0,1.0,49.3875,39.3875,50.0,,,
2025-06-29 01:30:00,266.3688,322.6562,123.6875,50.1125,300.925,38.2062,300.9375,300.9062,5.6391,5.2469,5.4812,5.9359,-0.6499,-1.8085,12.7296,12.6646,11.6852,1.5222,1.5524,0.8897,0.9041,30.4813,5.252,275.46,1.0,1.0,45.1687,39.5375,45.2437,,,
2025-06-29 02:00:00,268.0687,321.8125,121.3125,50.7188,299.125,39.0187,299.7812,299.875,5.5219,5.5938,5.8297,6.1328,-0.6552,-1.8455,12.8336,12.7507,11.8824,1.5546,1.5869,0.9417,0.9391,30.4188,18.453,279.94,1.0,1.0,49.6312,39.5375,46.6125,,,
2025-06-29 02:30:00,269.7687,326.0625,122.375,49.85,302.65,38.3375,302.6562,302.75,5.4391,5.2703,5.5766,5.9266,-0.863,-2.007,12.7816,12.6809,11.8045,1.4596,1.4898,0.8168,0.8155,28.8625,0.487,282.9,1.0,1.0,46.1937,39.65,46.275,,,
2025-06-29 03:00:00,268.0687,319.5625,122.275,49.625,299.825,38.2,300.375,300.4688,5.425,5.3266,5.6953,6.1766,-0.6635,-1.791,12.8612,12.767,11.8558,1.4811,1.5108,0.8761,0.8853,29.375,0.792,281.36,1.0,1.0,50.1125,39.7437,46.1,,,
2025-06-29 03:30:00,268.2812,318.4688,122.7125,49.6125,298.3,38.0312,298.875,298.9688,5.9375,5.7531,5.7375,6.2625,-0.6141,-1.732,12.8287,12.7394,11.8293,1.4701,1.4964,0.8835,0.8781,29.4375,2.893,281.38,1.0,0.0,46.175,39.8187,45.7125,,,
2025-06-29 04:00:00,268.0687,313.75,120.5875,49.3312,295.4,37.8062,294.8125,294.875,5.4094,5.0078,5.2562,5.975,-0.6451,-1.76,12.7166,12.6256,11.6906,1.4124,1.4391,0.8411,0.842,29.4125,3.165,279.9,1.0,0.0,50.0,39.7625,58.1562,,,
2025-06-29 04:30:00,267.6437,314.1562,122.175,48.8812,295.825,37.3875,293.6875,293.7812,5.6172,5.2047,5.3203,5.7031,-0.6246,-1.7625,12.8775,12.793,11.9143,1.408,1.4364,0.8748,0.8743,29.9125,2.992,277.66,1.0,0.0,46.2062,39.85,60.3375,,,
2025-06-29 05:00:00,267.4313,314.7188,122.8625,48.8125,296.325,37.2437,293.7188,293.8125,5.5109,5.1859,5.2906,5.7016,-0.7313,-1.865,12.7394,12.6646,11.7694,1.3599,1.3909,0.8067,0.8048,29.9125,0.793,267.66,1.0,0.0,50.1062,39.9312,60.275,,,
2025-06-29 05:30:00,266.7937,314.25,123.375,48.4812,296.675,37.25,293.7812,293.875,5.5453,5.3547,5.4984,6.15,-0.6198,-1.7435,12.9522,12.858,11.8177,1.3993,1.4286,0.8358,0.8407,28.3312,0.889,262.96,1.0,0.0,46.8562,40.0375,60.0875,,,
2025-06-29 06:00:00,265.2,314.5312,123.3875,48.1812,297.025,37.2313,294.0938,294.1875,5.8594,5.5516,5.7219,6.5453,-0.7466,-1.8625,12.7556,12.676,11.7955,1.3367,1.3651,0.8105,0.8151,29.9875,0.834,261.96,1.0,1.0,44.375,40.075,59.3312,,,
2025-06-29 06:30:00,266.5812,313.75,123.1125,49.0062,296.625,37.5875,294.0938,294.1875,5.6422,5.2469,5.3937,5.5266,-0.7326,-1.817,12.6419,12.5492,11.7027,1.3341,1.3616,0.7573,0.7687,28.4688,0.76,262.88,1.0,1.0,47.7562,40.1937,57.1187,,,
2025-06-29 07:00:00,267.8562,314.7188,122.3625,49.4062,296.5,37.8062,294.4688,294.5625,5.6312,5.4031,5.4688,6.1687,-0.5931,-1.7005,12.754,12.6841,11.8623,1.4614,1.4986,0.8778,0.8822,29.5438,0.821,263.24,1.0,1.0,42.8562,40.2062,56.4187,,,
2025-06-29 07:30:00,266.0499,313.4375,122.625,49.8562,296.15,38.1625,294.0625,294.1562,5.5625,5.1141,5.2188,5.8141,-0.6902,-1.826,12.7426,12.6419,11.7783,1.4264,1.4649,0.8072,0.7989,28.8875,0.736,261.16,1.0,1.0,47.5312,40.225,55.2062,,,
2025-06-29 08:00:00,267.2188,315.4688,121.975,50.4187,296.65,38.7375,295.2812,295.3125,5.5812,5.3297,5.3953,5.8156,-0.6753,-1.8085,12.8678,12.7962,11.856,1.4216,1.4526,0.8232,0.8168,29.8563,0.859,259.58,1.0,1.0,49.8312,40.1937,53.0562,,,
2025-06-29 08:30:00,269.2374,314.9375,121.3625,50.9375,296.55,39.3438,295.875,295.875,5.7437,5.3266,5.5078,6.1891,-0.7112,-1.859,12.8417,12.7589,11.8308,1.4119,1.4391,0.7871,0.7928,29.4813,0.802,257.62,1.0,1.0,45.2625,40.0812,50.1812,,,
2025-06-29 09:00:00,267.75,315.8438,120.5375,50.925,296.6,39.1937,296.375,296.4688,5.6828,5.375,5.5312,6.0859,-0.6556,-1.7845,12.7101,12.6337,11.6883,1.4605,1.4933,0.8474,0.8444,29.4188,0.803,256.66,1.0,1.0,48.925,39.9,51.55,,,
2025-06-29 09:30:00,266.7937,317.0312,121.5,50.6375,297.375,38.9,296.8438,296.9375,5.3547,5.2812,5.2703,5.8234,-0.674,-1.88,12.8791,12.7962,11.8623,1.5196,1.5515,0.8713,0.8754,29.925,17.92,269.16,1.0,1.0,42.55,39.95,51.875,,,
2025-06-29 10:00:00,268.3875,321.2188,121.175,50.8125,299.15,39.0687,299.2812,299.4688,5.4,5.2562,5.3672,5.8531,-0.6963,-1.852,12.7036,12.6402,11.7865,1.5086,1.5441,0.882,0.8866,29.9688,5.001,274.56,1.0,1.0,46.5375,39.9,48.75,,,
2025-06-29 10:30:00,267.4313,320.4688,121.5625,51.3812,298.875,39.4688,299.5,299.625,5.6562,5.2969,5.45,6.0812,-0.6924,-1.8935,12.6256,12.5362,11.7566,1.5266,1.5541,0.8844,0.8923,29.8375,5.898,276.72,1.0,1.0,48.1875,39.7562,44.8937,,,
2025-06-29 11:00:00,269.1312,319.8125,119.3125,51.4375,296.925,39.5125,298.1875,298.2188,5.5266,5.6297,5.6766,6.1766,-0.6902,-1.793,12.8027,12.7312,11.8352,1.4758,1.5038,0.8739,0.8643,28.4125,0.794,266.72,1.0,1.0,48.8937,39.75,47.0625,,,
2025-06-29 11:30:00,271.3624,322.875,126.6875,50.6312,300.525,39.6812,301.75,301.8438,5.9422,5.4281,5.3547,5.7219,-0.7366,-1.917,12.8434,12.7215,11.7858,1.4754,1.5073,0.8763,0.8682,30.05,3.326,267.78,1.0,0.0,49.1812,39.6,25.4,,,
2025-06-29 12:00:00,265.3063,324.5938,116.825,51.8562,297.1,39.5812,300.875,300.9062,5.6734,5.2937,5.3703,5.7219,-0.6521,-1.7275,12.6646,12.5834,11.7967,1.6473,1.6771,0.9877,0.9931,29.375,3.348,271.52,1.0,0.0,49.0,39.5375,28.6,,,
2025-06-29 12:30:00,264.4562,326.2812,117.6625,51.0938,299.0,38.925,300.6875,300.75,5.6687,5.5594,5.4875,5.8094,-0.6858,-1.7875,12.7231,12.6402,11.7784,1.5974,1.6193,0.9588,0.9669,28.8563,2.936,275.62,1.0,0.0,48.6937,39.5125,48.75,,,
2025-06-29 13:00:00,264.8812,323.2188,121.0875,50.4625,297.25,38.3125,298.4375,298.5312,5.5734,5.2516,5.4141,6.15,-0.6793,-1.7605,12.7052,12.6354,11.8046,1.5843,1.6123,0.9691,0.9599,29.2,0.789,271.52,1.0,0.0,48.3187,39.3,46.1,,,
2025-06-29 13:30:00,265.4125,323.5312,120.4875,50.5125,297.8,38.3312,297.8438,297.875,5.6187,5.4703,5.7156,6.0078,-0.6788,-1.771,12.7264,12.637,11.7828,1.5707,1.5996,0.9798,0.9787,30.9,0.787,260.92,1.0,0.0,47.7,39.2188,54.5938,,,
2025-06-29 14:00:00,265.7312,324.3438,121.3625,50.9812,297.825,38.7687,297.4062,297.4688,5.6797,5.3937,5.625,6.2422,-0.6727,-1.7855,12.8287,12.7377,11.7648,1.5528,1.5808,0.968,0.9658,29.4688,0.864,254.88,1.0,1.0,47.2687,39.1687,53.2625,,,
2025-06-29 14:30:00,265.625,324.5,121.0,51.225,297.775,39.1187,298.0312,298.125,5.6672,5.6906,5.6766,6.2453,-0.6841,-1.788,12.78,12.6922,11.7818,1.5445,1.5777,0.9413,0.9356,29.425,2.032,251.6,1.0,1.0,47.0062,39.0812,51.3125,,,
2025-06-29 15:00:00,264.5625,323.75,120.475,51.0375,297.525,38.9437,298.0625,298.1562,5.6875,5.5437,5.4391,5.6828,-0.7143,-1.8205,12.6516,12.5964,11.7743,1.5432,1.5707,0.9271,0.9166,29.9875,0.817,267.44,1.0,1.0,47.1437,39.05,51.2188,,,
2025-06-29 15:30:00,263.7125,316.9688,119.8625,51.475,294.275,39.3875,294.4688,294.5938,5.6578,5.5469,5.6281,5.9875,-0.6683,-1.781,12.8986,12.8125,11.8431,1.5371,1.5602,0.9605,0.9601,29.2062,3.734,270.96,1.0,1.0,47.2188,38.8563,53.3438,,,
2025-06-29 16:00:00,265.4125,311.4688,119.4875,52.6437,291.425,40.775,292.375,292.4375,5.4391,5.4609,5.6125,6.2828,-0.6788,-1.7825,12.7946,12.7166,11.8066,1.5126,1.5423,0.9284,0.9253,29.7437,2.715,266.48,1.0,1.0,47.4562,38.925,48.1562,,,
2025-06-29 16:30:00,265.7312,311.875,118.85,52.5062,291.5,40.3937,291.9062,291.9375,5.6281,5.5172,5.6953,6.275,-0.6049,-1.704,12.8092,12.7215,11.7863,1.5502,1.5756,0.9656,0.9677,29.1312,0.863,266.54,1.0,1.0,48.0625,38.8687,53.55,,,
2025-06-29 17:00:00,264.9874,311.2188,118.7625,53.475,290.925,41.5625,291.3438,291.375,5.7359,5.1828,5.5109,5.9078,-0.6324,-1.732,12.8092,12.7199,11.7241,1.5165,1.5441,0.9327,0.9288,29.975,0.802,258.06,1.0,1.0,48.575,38.9,49.9875,,,
2025-06-29 17:30:00,265.9437,310.4375,118.3625,53.3438,290.625,41.4375,291.0625,291.1562,5.75,5.5641,5.6437,5.9859,-0.6351,-1.7335,12.8141,12.7345,11.8725,1.5178,1.5515,0.9426,0.9373,30.6187,0.807,252.84,1.0,1.0,49.4,39.0562,51.8562,,,
2025-06-29 18:00:00,265.8375,309.7188,118.5125,53.1812,290.25,41.7625,290.5625,290.625,5.6062,5.3562,5.5672,5.8562,-0.7191,-1.814,12.7735,12.6841,11.7889,1.4649,1.499,0.8608,0.8516,29.45,0.76,249.0,1.0,1.0,43.575,39.025,51.0312,,,
2025-06-29 18:30:00,265.7312,309.9375,118.575,52.975,290.525,41.5562,290.6875,290.75,5.5437,5.3937,5.5906,5.975,-0.6661,-1.7555,12.7052,12.6175,11.6993,1.4942,1.5196,0.8958,0.8971,29.9813,0.749,246.48,1.0,1.0,47.2188,39.1937,52.4062,,,
2025-06-29 19:00:00,266.1562,309.875,118.7375,52.9375,290.625,41.5062,290.8125,290.9062,5.7484,5.6234,5.7562,6.1172,-0.6198,-1.727,12.9311,12.8385,11.9122,1.5148,1.5388,0.9319,0.9314,29.8875,0.816,244.48,1.0,1.0,49.8562,39.3,52.0938,,,
2025-06-29 19:30:00,265.5187,309.1875,118.7625,52.8187,290.625,41.375,290.7812,290.875,5.6078,5.3797,5.5172,5.9797,-0.6906,-1.8045,12.7995,12.7183,11.8293,1.4719,1.4959,0.8649,0.8608,28.9,3.144,255.4,1.0,0.0,46.325,39.3937,52.6437,,,
2025-06-29 20:00:00,265.9437,309.0312,119.3,52.2437,291.15,40.9,290.875,290.9688,5.6094,5.1344,5.6297,6.6531,-0.6972,-1.7865,12.6776,12.585,11.7096,1.4347,1.4614,0.852,0.8509,28.9437,3.066,257.92,1.0,0.0,49.9562,39.5437,54.3687,,,
2025-06-29 20:30:00,265.0938,312.2188,119.3375,52.425,292.125,41.0125,292.125,292.1875,5.7156,5.2922,5.6969,5.9031,-0.5918,-1.691,12.9799,12.884,11.9044,1.5156,1.5366,0.9384,0.9382,31.1312,3.158,260.22,1.0,0.0,46.4437,39.6937,53.1125,,,
2025-06-29 21:00:00,265.3063,313.0625,119.4875,52.3812,292.95,41.0125,292.4062,292.5,5.8234,5.6906,5.6578,6.1672,-0.6679,-1.75,12.845,12.7507,11.8096,1.4312,1.4605,0.8597,0.8555,29.4562,0.833,250.9,1.0,0.0,48.825,39.7812,53.3438,,,
2025-06-29 21:30:00,267.2188,313.0,119.5,52.0938,293.15,40.8375,292.5312,292.625,5.8703,5.5031,5.5703,6.0875,-0.6985,-1.7885,12.7247,12.6467,11.7053,1.4544,1.4868,0.8829,0.8787,29.9437,0.801,246.34,1.0,0.0,47.5375,39.9187,53.3375,,,
2025-06-29 22:00:00,265.4125,312.9062,119.4625,51.8438,293.375,40.4125,292.875,292.9688,5.8422,5.5219,5.5453,6.2734,-0.6657,-1.776,13.0059,12.9295,11.8494,1.4303,1.4592,0.854,0.8422,29.5187,0.738,244.34,1.0,1.0,43.5875,39.9812,55.5562,,,
2025-06-29 22:30:00,265.3063,311.1562,120.6375,51.9125,293.125,40.5437,292.4375,292.4688,5.7516,5.4937,5.5109,6.0281,-0.6753,-1.759,12.9002,12.8271,11.8093,1.4312,1.4587,0.8628,0.859,28.9,0.829,254.68,1.0,1.0,48.8,40.0938,51.4375,,,
2025-06-29 23:00:00,265.5187,315.5,121.0375,51.7188,294.875,40.3125,294.4062,294.4375,5.7531,5.4594,5.5922,6.0703,-0.7374,-1.8505,12.8417,12.7572,11.789,1.4754,1.5034,0.8619,0.8601,28.9688,0.842,265.5,1.0,1.0,44.75,40.1687,50.6625,,,
2025-06-29 23:30:00,265.5187,314.875,120.35,51.6875,294.3,40.3125,294.3125,294.375,5.5766,5.1891,5.3344,5.9469,-0.6285,-1.7205,12.975,12.8889,11.8039,1.4631,1.4973,0.877,0.8886,29.3687,0.838,257.22,1.0,1.0,49.575,40.1937,49.775,,,
2025-06-30 00:00:00,265.4125,315.125,119.25,51.6562,294.0,40.425,293.5625,293.6562,5.7078,5.3062,5.4328,6.0469,-0.632,-1.7205,12.8401,12.7231,11.8679,1.4631,1.492,0.8967,0.8988,30.5875,0.847,249.04,1.0,1.0,45.9875,40.275,54.4437,,,
2025-06-30 00:30:00,263.8187,314.875,120.1375,51.6375,294.45,40.3125,293.375,293.4062,5.6672,5.3859,5.6031,5.9984,-0.7239,-1.813,12.8044,12.7215,11.7569,1.4093,1.4382,0.8205,0.8288,29.5125,0.84,245.26,1.0,1.0,50.3687,40.2812,54.0375,,,
2025-06-30 01:00:00,264.9874,314.8438,120.225,51.55,294.475,40.3375,293.5,293.4688,5.7828,5.3578,5.4031,6.0109,-0.6412,-1.729,12.832,12.7524,11.7569,1.4749,1.5021,0.9063,0.908,29.45,0.753,243.76,1.0,1.0,47.075,40.275,52.9812,,,
2025-06-30 01:30:00,264.8812,316.0938,121.0625,51.4437,295.175,40.1312,294.7812,294.8438,5.8109,5.3578,5.3109,6.3266,-0.6871,-1.888,12.8499,12.7572,11.8801,1.4951,1.5174,0.8905,0.8978,30.6125,5.478,256.06,1.0,1.0,43.5625,40.35,52.2375,,,
2025-06-30 02:00:00,265.625,306.8438,118.075,51.2188,289.375,40.0125,289.2188,289.25,5.7828,5.3875,5.525,6.1969,-0.6779,-1.757,12.8531,12.7638,11.8186,1.4307,1.4601,0.8752,0.8726,29.4125,0.773,249.02,1.0,1.0,48.6062,40.4,57.5312,,,
2025-06-30 02:30:00,265.4125,307.1562,120.15,51.3812,290.225,40.15,288.2188,288.3125,5.7875,5.5281,5.35,6.0172,-0.6582,-1.74,12.7475,12.663,11.7512,1.4167,1.4465,0.8665,0.8667,29.0,0.839,245.96,1.0,1.0,44.0687,40.2687,58.4375,,,
2025-06-30 03:00:00,265.4125,307.0625,121.375,51.3937,290.6,40.1812,288.7188,288.8125,5.7359,5.3469,5.3156,6.0203,-0.6114,-1.774,12.9165,12.8385,11.9147,1.5633,1.5922,0.9813,0.9828,29.9688,16.76,267.18,1.0,1.0,49.475,40.4125,54.9312,,,
2025-06-30 03:30:00,265.3063,305.7812,120.725,51.4812,289.925,40.1312,288.75,288.8125,5.7109,5.425,5.5156,6.2766,-0.7156,-1.824,12.9181,12.8385,11.807,1.4587,1.4868,0.8676,0.8564,29.5187,3.37,268.76,1.0,0.0,45.55,40.35,55.325,,,
2025-06-30 04:00:00,264.35,304.6875,120.6625,51.4437,289.55,40.25,288.0625,288.0625,5.7281,5.4297,5.5625,6.075,-0.6617,-1.765,12.6857,12.663,11.7091,1.4736,1.5047,0.9039,0.894,30.05,2.949,269.26,1.0,0.0,50.0,40.325,54.5812,,,
2025-06-30 04:30:00,265.4125,306.1562,119.8875,51.3,289.925,40.0875,288.2188,288.3438,5.6687,5.3656,5.2656,6.1297,-0.6049,-1.692,12.8791,12.793,11.917,1.4863,1.5178,0.938,0.9347,29.4312,3.015,265.86,1.0,0.0,46.7687,40.3375,57.0,,,
2025-06-30 05:00:00,266.0499,307.375,120.45,51.2687,290.8,40.1437,288.8125,288.9375,5.7312,5.3562,5.2672,6.225,-0.7252,-1.7885,12.7426,12.6402,11.7733,1.3874,1.4146,0.8358,0.8383,29.9813,0.766,255.84,1.0,0.0,49.6437,40.3375,56.6812,,,
2025-06-30 05:30:00,265.5187,307.5625,120.675,51.1875,291.25,39.9375,289.3438,289.375,5.7484,5.4141,5.6234,6.1078,-0.7326,-1.8075,12.5444,12.4599,11.7419,1.4202,1.4482,0.8529,0.859,29.4062,0.783,251.16,1.0,0.0,47.1875,40.1187,56.0812,,,
2025-06-30 06:00:00,264.35,307.4062,120.4125,51.3625,291.275,40.1312,289.5312,289.625,5.9266,5.5891,5.5641,6.2922,-0.6412,-1.7245,12.8239,12.7329,11.8635,1.4723,1.4994,0.9212,0.9295,30.5875,0.759,249.36,1.0,1.0,44.2937,40.1812,54.95,,,
2025-06-30 06:30:00,264.8812,310.6875,120.7375,51.6437,292.575,40.2937,291.9062,292.0312,6.0016,5.4688,5.3547,6.0672,-0.6911,-1.7725,12.7312,12.6402,11.819,1.4561,1.4854,0.8794,0.8767,29.9813,0.783,265.7,1.0,1.0,47.6312,40.125,51.0938,,,
2025-06-30 07:00:00,265.8375,312.25,119.8375,51.8562,293.05,40.7188,293.0312,293.1562,5.7062,5.45,5.3516,5.9547,-0.6451,-1.7465,12.7264,12.6565,11.7381,1.5406,1.5694,0.9231,0.9212,29.4625,0.727,256.02,1.0,1.0,42.9937,40.0687,52.0125,,,
2025-06-30 07:30:00,265.5187,312.3438,119.8875,52.1312,293.375,41.0875,293.375,293.4062,5.6687,5.3109,5.5672,5.975,-0.6512,-1.775,12.9002,12.7816,11.8662,1.5091,1.5379,0.875,0.8726,29.35,0.73,252.02,1.0,1.0,48.0875,40.1437,49.3937,,,
2025-06-30 08:00:00,264.775,312.4062,119.4625,52.7062,293.55,41.7,293.75,293.875,5.7906,5.5484,5.6234,6.0266,-0.7077,-1.816,12.702,12.6256,11.7485,1.4535,1.4894,0.8514,0.8498,28.8812,0.783,251.04,1.0,1.0,43.5375,40.1062,46.3875,,,
2025-06-30 08:30:00,264.1375,313.4688,118.925,52.825,293.725,41.8687,294.7812,294.875,5.7422,5.4422,5.5047,6.4,-0.6871,-1.8025,12.624,12.5574,11.72,1.5034,1.5362,0.889,0.8862,28.9,0.704,250.24,1.0,1.0,48.9187,40.0375,45.5812,,,
2025-06-30 09:00:00,266.5812,313.0,118.675,53.2812,293.625,42.2812,295.125,295.1562,5.6234,5.4016,5.575,5.8812,-0.6101,-1.7415,12.7605,12.6906,11.8736,1.5616,1.5913,0.9382,0.9492,28.3375,0.732,249.38,1.0,1.0,44.8062,40.0625,42.7375,,,
2025-06-30 09:30:00,261.1625,312.375,118.1125,53.5312,293.175,42.575,295.0,295.0312,5.7406,5.45,5.4266,5.9453,-0.6727,-1.726,12.6581,12.6045,11.7644,1.5099,1.5362,0.8708,0.8835,29.3375,0.705,249.0,1.0,1.0,49.6062,40.1437,41.6562,,,
2025-06-30 10:00:00,265.8375,313.875,118.1,53.7437,293.6,42.6312,295.9688,296.0625,5.4734,5.3672,5.5859,6.5078,-0.5944,-1.6945,12.7638,12.6874,11.8772,1.6167,1.6491,0.9752,0.9815,29.925,0.785,249.06,1.0,1.0,46.2687,40.175,40.7312,,,
2025-06-30 10:30:00,264.8812,313.7812,117.8875,53.875,293.9,42.7687,296.4688,296.5625,5.4562,5.0516,5.3844,6.0969,-0.7239,-1.8475,12.6906,12.6143,11.7547,1.5244,1.5528,0.873,0.8813,29.4,6.059,259.64,1.0,1.0,49.1812,40.275,40.5375,,,
2025-06-30 11:00:00,260.6312,313.9062,117.4125,54.1312,293.25,42.9187,296.375,296.4375,5.5281,5.3422,5.3484,6.075,-0.7392,-1.785,12.6126,12.6029,11.7095,1.5117,1.5397,0.8625,0.8638,28.85,0.779,256.28,1.0,1.0,47.7562,40.2375,37.175,,,
2025-06-30 11:30:00,260.7374,315.1875,117.55,54.65,293.8,43.35,297.0938,297.1875,5.5891,5.4703,5.8109,6.5375,-0.6731,-1.7385,12.6614,12.6419,11.8508,1.5839,1.6058,0.9376,0.9284,28.35,3.347,263.92,1.0,0.0,43.5687,40.275,35.7812,,,
2025-06-30 12:00:00,266.1562,315.0938,117.2125,54.8438,293.625,43.5,297.25,297.3438,5.6766,5.3141,5.3297,6.3531,-0.7383,-1.812,12.65,12.5704,11.7625,1.555,1.5874,0.8827,0.8855,29.4312,3.259,264.72,1.0,0.0,49.2437,40.3438,33.4125,,,
2025-06-30 12:30:00,264.775,314.7188,116.9875,54.8062,293.625,43.5062,297.0625,297.1562,5.6047,5.3641,5.4109,6.3484,-0.6801,-1.749,12.7052,12.6077,11.7072,1.6027,1.6324,0.9443,0.9489,28.4062,3.008,263.38,1.0,0.0,45.925,40.4062,33.2687,,,
2025-06-30 13:00:00,264.2438,315.6562,117.1625,55.4562,293.9,44.0125,297.6562,297.7188,5.5766,5.5859,5.6547,6.2203,-0.5139,-1.627,12.7507,12.6679,11.8707,1.7217,1.7501,1.0653,1.0583,30.0312,18.646,259.08,1.0,0.0,48.1375,40.5625,29.9125,,,
2025-06-30 13:30:00,265.7312,319.5625,115.9,52.9875,295.375,41.4,299.5,299.5938,5.5844,5.3062,5.4328,6.1547,-0.6784,-1.7225,12.7134,12.6256,11.8772,1.5821,1.6215,0.891,0.8982,29.4813,3.525,260.92,1.0,0.0,48.0938,40.5,35.3187,,,
2025-06-30 14:00:00,262.1188,320.4375,117.5625,51.5687,297.8,39.5812,300.0,300.0312,5.5625,5.3484,5.5547,5.8422,-0.6814,-1.829,12.5655,12.4875,11.6897,1.5121,1.5441,0.9266,0.9227,29.4688,6.353,258.9,1.0,1.0,42.9875,40.5437,49.4562,,,
2025-06-30 14:30:00,264.5625,318.9375,118.175,50.9625,294.475,38.8563,296.4375,296.4062,5.6469,5.3375,5.8234,6.4297,-0.6495,-1.7475,12.7962,12.7199,11.9004,1.5519,1.5821,0.978,0.964,29.9125,0.829,254.68,1.0,1.0,47.4062,40.55,54.1312,,,
2025-06-30 15:00:00,262.7562,315.5312,120.4375,51.0062,293.975,38.8937,294.0,294.0625,5.5578,5.3438,5.7562,6.3875,-0.737,-1.833,12.7491,12.6646,11.8212,1.4347,1.4653,0.8498,0.8444,29.4188,0.677,248.08,1.0,1.0,48.8187,40.5,56.6,,,
2025-06-30 15:30:00,265.0938,315.3125,121.15,51.025,293.95,39.1125,294.0625,294.125,5.5312,5.2891,5.65,6.3641,-0.7283,-1.812,12.6435,12.5574,11.7198,1.4447,1.4758,0.8687,0.8687,29.6312,0.823,261.4,1.0,1.0,49.2312,40.3312,54.1062,,,
2025-06-30 16:00:00,264.0312,312.4688,120.15,51.0562,292.175,39.15,292.375,292.5,5.5344,5.1953,5.5328,6.2562,-0.6233,-1.699,12.8547,12.767,11.8856,1.4859,1.5121,0.9047,0.9115,29.4062,2.283,260.62,1.0,1.0,49.425,40.1,55.4312,,,
2025-06-30 16:30:00,264.2438,307.125,120.3,50.3875,290.025,38.5312,289.75,289.8438,5.6672,5.3844,5.4156,6.1156,-0.7208,-1.8125,12.7719,12.6939,11.8335,1.4447,1.4706,0.8665,0.8678,30.4937,0.861,257.68,1.0,1.0,49.6062,40.0562,58.0812,,,
2025-06-30 17:00:00,263.8187,304.875,120.9,50.5187,288.9,38.6063,286.875,286.9062,5.4578,5.2531,5.4297,6.3031,-0.6871,-1.7575,12.637,12.5639,11.7157,1.4627,1.4898,0.8964,0.8953,29.4562,0.745,249.82,1.0,1.0,49.45,39.95,61.5938,,,
2025-06-30 17:30:00,264.5625,305.7188,121.3125,50.575,289.475,38.825,286.9062,287.0,5.6891,5.3281,5.2359,5.9719,-0.6806,-1.781,12.8271,12.7491,11.8329,1.4579,1.4859,0.8971,0.8975,29.3687,0.789,245.94,1.0,1.0,49.1125,39.8125,61.5812,,,
2025-06-30 18:00:00,264.0312,304.4375,121.4875,50.7125,289.2,38.9875,286.4062,286.4688,5.6453,5.3469,5.3766,5.9703,-0.6386,-1.72,12.78,12.6955,11.8248,1.4583,1.4903,0.9496,0.9397,28.95,0.842,243.86,1.0,1.0,49.0687,39.7562,60.2625,,,
2025-06-30 18:30:00,293.25,310.9062,119.1125,50.9125,291.75,39.3125,291.0,291.125,5.6062,5.4,5.6125,5.9562,-0.6596,-1.911,12.9376,12.8531,11.8199,1.6718,1.6959,1.0025,1.0017,29.6812,0.87,240.46,1.0,1.0,49.075,39.6625,61.1875,,,
2025-06-30 19:00:00,339.6813,321.9688,119.5625,50.875,299.175,39.0687,300.5,300.625,4.8062,4.9125,5.0406,5.8047,-0.7059,-2.1995,13.3455,13.2529,12.1081,1.8385,1.8643,1.01,0.9995,29.9688,0.751,220.7,1.0,1.0,49.6687,39.6625,58.7812,,,
2025-06-30 19:30:00,264.9874,313.75,125.3,50.5938,296.925,39.3375,294.6562,294.75,5.5266,5.1672,5.4281,5.8141,-0.6946,-1.764,12.8125,12.7329,11.8075,1.4408,1.4727,0.863,0.8632,29.9375,3.374,259.02,1.0,0.0,44.1,39.6312,49.4625,,,
2025-06-30 20:00:00,432.8624,334.0312,115.05,49.7375,302.025,37.9375,310.625,310.8125,4.2719,4.0328,4.3469,5.3266,-0.8324,-2.7015,13.6152,13.5031,12.1119,2.2852,2.3162,1.0528,1.0636,29.9688,3.034,263.24,1.0,0.0,47.9125,39.5938,4.275,,,
2025-06-30 20:30:00,433.2875,349.9062,122.075,49.6875,315.8,38.1812,324.2188,324.3438,3.9219,3.6391,3.9266,4.9219,-0.884,-2.827,13.9045,13.8037,12.4574,2.255,2.2847,1.0308,1.0189,29.4062,2.962,298.92,1.0,0.0,49.825,39.6062,0.0,,,
2025-06-30 21:00:00,259.4625,332.6875,125.3625,50.8312,311.95,38.475,313.1562,313.125,5.4297,5.4922,5.8125,6.0141,-0.6723,-1.6725,12.5785,12.4956,11.7765,1.2741,1.3096,0.7744,0.7809,29.4188,0.808,288.14,1.0,0.0,45.4562,39.7,43.5812,,,
2025-06-30 21:30:00,264.9874,317.9062,119.65,50.5375,296.05,38.5687,298.4688,298.5,5.4312,5.2812,5.7469,5.8484,-0.6666,-1.7505,12.8791,12.7962,11.7724,1.5008,1.5349,0.9028,0.9087,29.0,0.763,273.52,1.0,0.0,49.45,39.7562,42.3062,,,
2025-06-30 22:00:00,265.9437,314.9062,118.95,50.3687,293.575,38.8062,294.4062,294.5,5.5172,5.3297,5.6203,6.0,-0.7099,-1.793,12.6663,12.5834,11.8008,1.4819,1.5148,0.9264,0.9273,29.4188,0.821,275.14,1.0,1.0,45.2125,39.9187,54.4937,,,
2025-06-30 22:30:00,264.775,312.25,120.5875,50.2812,292.3,38.5875,290.5938,290.75,5.8375,5.4906,5.7859,6.1172,-0.6972,-1.7925,12.7638,12.6809,11.7679,1.4758,1.5038,0.9214,0.9144,29.6625,0.873,267.56,1.0,1.0,49.7937,40.0062,59.5625,,,
2025-06-30 23:00:00,265.2,313.4375,121.5375,50.3375,293.0,38.5562,290.8125,290.8438,5.3656,5.2828,5.7375,5.9109,-0.6617,-1.773,12.8645,12.8027,11.8553,1.5003,1.5327,0.9524,0.9461,29.5312,0.842,265.02,1.0,1.0,45.7062,40.175,58.575,,,
2025-06-30 23:30:00,265.3063,312.125,121.4,50.1437,292.55,38.3937,290.375,290.375,5.8687,5.5984,5.8734,6.0906,-0.6876,-1.8065,12.8434,12.7475,11.8427,1.4767,1.5073,0.9056,0.9198,27.8312,0.856,263.18,1.0,1.0,50.0437,40.2,61.0562,,,
2025-07-01 00:00:00,264.9874,310.9688,121.8,49.8125,292.5,38.1437,290.0625,290.0312,5.7109,5.475,5.6344,6.1375,-0.6819,-1.7785,12.611,12.5395,11.6912,1.4819,1.5099,0.9301,0.9336,29.7812,0.868,262.22,1.0,1.0,47.0062,40.3687,62.2,,,
,,,,,,,,,,,,,,,,,,,,,,,,,,,,,,,,
