Trend,103-AirHeater-HIEU1,05/05/2025,09:52:36
,TagNo,Description,Units
1,20CJA10DE012.out,NET MW,MW
2,20HNA21CT001XQ01.out,ECO O/L FG TEMP,degC
3,20HNA31CT001XQ01.out,AH O/L FG TEMP,degC
4,20HFE21CT001XQ01.out,AH I/L PA TEMP,degC
5,20HFE30CT001XQ01.out,AH O/L PA TEMP,degC
6,20HLA21CT001XQ01.out,AH I/L SECAIR TEMP,degC
7,20HLA30CT001XQ01.out,AH O/L SECAIR TEMP,degC
8,20HLA30CT501XQ01.out,AH O/L SECAIR TEMP,degC
9,20HNA21EE101.s1v,ECO O/L FG ANALR 1 PRB O2 DNSTY 1 VLU,vol%
10,20HNA21EE101.s2v,ECO O/L FG ANALR 1 PRB O2 DNSTY 2 VLU,vol%
11,20HNA21EE102.s1v,ECO O/L FG ANALR 2 PRB O2 DNSTY 1 VLU,vol%
12,20HNA21EE102.s2v,ECO O/L FG ANALR 2 PRB O2 DNSTY 2 VLU,vol%
13,20HNA21CP001XQ01.out,ECO O/L FG PRS,kPa
14,20HNA31CP001XQ01.out,AH O/L FG PRS,kPa
15,20HFE21CP001XQ01.out,PAF A O/L AIR PRS,kPa
16,20HFE22CP001XQ01.out,PAF B O/L AIR PRS,kPa

Date,Time,1,2,3,4,5,6,7,8,9,10,11,12,13,14,15,16
01/04/2025,00:00:00,667.5687,352.1562,119.6625,44.7188,314.375,31.9937,328.2188,328.3438,1.8187,2.6078,2.7531,2.4312,-1.3508,-3.9095,15.8886,15.7554
01/04/2025,00:30:00,665.0188,353.4062,120.0125,44.6375,315.1,31.9437,329.3125,329.3438,1.9281,2.2875,2.5609,2.6156,-1.3499,-3.9085,15.5977,15.4677
01/04/2025,01:00:00,665.0188,353.4062,120.0875,44.625,314.775,31.8563,329,328.9688,1.9969,2.7578,2.8641,2.7922,-1.3491,-3.9695,15.7131,15.6026
01/04/2025,01:30:00,666.6125,354.3125,120.1,44.6062,315.1,31.8,329.4375,329.5,2.0078,2.4688,2.7578,2.7031,-1.3648,-4.027,15.8577,15.7635
01/04/2025,02:00:00,657.5813,353.875,120.175,44.5875,315.725,31.7188,329.7812,329.7812,1.7109,2.4422,2.7,2.3438,-1.3788,-3.976,15.991,15.8626
01/04/2025,02:30:00,664.275,352.5,120.4625,44.4375,315.125,31.6,329.2188,329.2812,1.7844,2.7859,3.0219,2.7687,-1.3845,-4.061,15.7424,15.6075
01/04/2025,03:00:00,660.7688,353.4062,120.3125,44.2312,315.45,31.35,329.375,329.4688,1.6016,2.425,2.9766,2.4875,-1.3884,-4.099,15.9942,15.8805
01/04/2025,03:30:00,655.775,353.6562,119.9375,44.5687,314.375,31.7938,328.5625,328.6562,1.8375,2.6766,2.8906,2.6203,-1.3578,-4.0065,15.6335,15.4824
01/04/2025,04:00:00,587.775,343.375,118.775,44.4125,310.55,31.9562,322.2188,322.25,2.1406,3.2234,3.3172,2.8578,-1.1439,-3.454,14.7186,14.6179
01/04/2025,04:30:00,538.6875,337.125,115.8625,44.25,304.25,32.0687,315.9688,316,2.3609,3.3078,3.3344,3.1344,-1.129,-3.197,14.4115,14.314
01/04/2025,05:00:00,540.0687,335.625,114.1,44.025,302.3,31.8438,314.3438,314.4062,2.3781,3.425,3.4219,3.2359,-1.0905,-3.199,14.3806,14.2799
01/04/2025,05:30:00,659.175,347.5938,115.3125,44.225,306.625,31.6,322.5938,322.7188,1.7219,2.4,2.7609,2.6703,-1.3429,-4.014,16.0576,15.9292
01/04/2025,06:00:00,658.8562,353.2812,118.6125,44.0187,313,31.4375,328,328.125,1.7969,2.7391,3.0687,2.7594,-1.3355,-3.953,15.6839,15.536
01/04/2025,06:30:00,564.9313,344.4375,118.175,43.9688,309.875,31.7938,322.1562,322.1875,2.1312,3.0891,3.1844,3.2281,-1.1238,-3.2475,14.3822,14.2896
01/04/2025,07:00:00,458.8937,332.2188,115.7125,43.5437,303.675,31.5875,313.3438,313.375,2.6359,4.2781,4.4203,4.1953,-0.9711,-2.5855,13.2009,13.105
01/04/2025,07:30:00,515.525,322.875,115.9625,43.6875,295.575,31.7313,305.3438,305.375,2.1297,3.8625,4.0469,3.8359,-1.1518,-3.325,15.8643,15.731
01/04/2025,08:00:00,660.025,346.9688,115.575,44.3875,307.45,31.775,322.8125,322.875,1.5344,2.8312,2.6328,2.7141,-1.2812,-3.882,15.5051,15.3832
01/04/2025,08:30:00,656.7312,350.8438,118.5375,44.3375,311.625,31.7375,326.75,326.8438,1.7094,2.6953,2.7953,2.7141,-1.3775,-3.984,15.406,15.2841
01/04/2025,09:00:00,649.4,349.8438,119.05,44.5312,311.525,31.9312,326.5312,326.625,1.8406,2.7766,2.8297,2.7031,-1.318,-3.9455,15.5181,15.3995
01/04/2025,09:30:00,634.4187,350.2812,119.2,44.5,313.1,31.8563,326.9375,327.0625,1.9219,3.0031,3.0687,3.0016,-1.3268,-3.793,14.8324,14.7284
01/04/2025,10:00:00,428.9313,327.5,117.5125,43.775,304.175,32.025,311.5625,311.5312,2.3906,3.7469,4.2203,4.3094,-0.8884,-2.375,12.7621,12.6581
01/04/2025,10:30:00,389.4062,317.5312,112.5375,44.7625,293.5,32.1937,301.25,301.3125,2.7828,4.5219,4.6297,4.0641,-0.6919,-2.14,13.7339,13.6542
01/04/2025,11:00:00,390.6813,314.3125,111.9375,45.075,291.15,32.3937,297.25,297.2812,2.6109,4.2844,4.5312,4.0984,-0.8862,-2.379,13.7111,13.6364
01/04/2025,11:30:00,394.6124,311.4062,115.1625,45.1062,291.15,32.4937,295.375,295.4375,2.5812,4.4906,4.6562,3.9844,-0.8713,-2.371,13.7111,13.612
01/04/2025,12:00:00,393.2312,311.9375,115.7875,45.1125,291.825,32.5125,294.9062,294.9688,2.6891,4.4328,4.4625,3.7266,-0.8639,-2.311,13.8281,13.7339
01/04/2025,12:30:00,396.6312,311.625,115.9875,45.1125,291.45,32.5312,294.625,294.6875,2.7047,4.6094,4.9172,4.4406,-0.8507,-2.312,13.8005,13.7095
01/04/2025,13:00:00,532.7375,317.5938,116.35,44.2562,291.85,32.2313,300.5,300.5625,2.2359,3.5562,3.6906,3.6422,-1.3031,-3.726,15.2776,15.1541
01/04/2025,13:30:00,659.6,345.7188,117.875,44.625,308.75,32.125,323.0312,323.125,1.9656,2.9531,3,2.6125,-1.2598,-3.872,15.4694,15.341
01/04/2025,14:00:00,666.9313,349,118.9,44.6687,310.525,32.1063,325.375,325.5,1.6859,2.4109,2.6344,2.6391,-1.3018,-3.975,15.5441,15.4141
01/04/2025,14:30:00,659.3875,351.125,119.6375,44.475,312.6,32.0312,327.4062,327.4375,1.6437,2.6703,2.6844,2.4578,-1.3071,-3.965,15.2874,15.1509
01/04/2025,15:00:00,664.4875,351.875,120.475,44.9187,314.15,32.35,328.0312,328.0938,1.8422,2.7203,2.8703,2.7937,-1.3263,-4.01,15.2971,15.1996
01/04/2025,15:30:00,664.3812,350.0625,120.3,45.0187,313.275,32.3625,327.0312,327.0938,1.7344,2.7188,2.9984,2.7437,-1.3364,-4.0015,15.146,15.0306
01/04/2025,16:00:00,665.125,350.4375,120.275,45.075,313.6,32.45,327.3438,327.4375,1.75,2.4578,2.6656,2.5219,-1.3714,-4.0315,15.0956,14.9851
01/04/2025,16:30:00,662.7875,350.875,119.1125,44.875,312.625,32.2437,326.8438,326.875,1.6141,2.7453,2.5344,2.5859,-1.3753,-4.038,15.2078,15.0826
01/04/2025,17:00:00,664.1687,350.2812,118.7875,44.625,312.125,32.0062,326.4062,326.4375,1.8781,2.6969,2.8047,2.7734,-1.2992,-3.9925,15.1265,15.0274
01/04/2025,17:30:00,524.6625,336.25,116.0375,44.05,304.35,32.0062,315.75,315.7188,2.4531,3.4219,3.4937,3.4625,-1.0411,-3.016,13.9549,13.8557
01/04/2025,18:00:00,664.7,346.9375,115,44,307,31.5625,322.2188,322.375,1.6828,2.9062,2.8703,2.7594,-1.3044,-3.946,15.3702,15.2289
01/04/2025,18:30:00,665.0188,350.2812,117.2,43.825,310.7,31.4437,325.9688,326.0625,1.7047,2.6859,2.7141,2.7484,-1.311,-3.96,15.3767,15.2614
01/04/2025,19:00:00,665.2312,350.9375,117.45,43.8312,311.35,31.4312,326.7188,326.7812,1.7031,2.95,2.9437,2.8516,-1.3342,-3.98,15.2386,15.1184
01/04/2025,19:30:00,664.5938,351.6562,118.1,44.0375,312.85,31.4375,327.2812,327.375,1.8922,2.75,2.9656,2.9688,-1.3552,-4.043,14.9981,14.8892
01/04/2025,20:00:00,665.3375,353.5312,119.15,44.0562,314.025,31.55,328.4688,328.5312,1.8531,2.4125,2.6141,2.7234,-1.3237,-3.982,15.2679,15.1476
01/04/2025,20:30:00,666.0813,353.0625,118.8,44.0312,314.075,31.4625,328.4062,328.5,1.85,2.2531,2.6062,2.5469,-1.3898,-4.076,15.0745,14.9575
01/04/2025,21:00:00,665.55,352.875,118.6875,43.9187,313.975,31.3812,328.5625,328.6562,1.8937,2.4266,2.7156,2.7812,-1.3604,-4.0615,15.0631,14.9656
01/04/2025,21:30:00,665.4437,352.1562,118.5625,43.6562,313.325,31.0625,327.875,328.0312,1.9219,2.8703,2.8016,2.7078,-1.3534,-4.0625,15.2776,15.1704
01/04/2025,22:00:00,664.0625,351.6875,118.4625,44,313.65,31.3687,327.875,327.9375,1.7937,2.4953,2.5187,2.6234,-1.3316,-4.0125,15.1817,15.0729
01/04/2025,22:30:00,664.5938,353.3438,119.8875,44.3375,315,31.775,329.0625,329.1875,1.6891,2.7281,2.7687,2.7562,-1.3574,-4.0665,15.172,15.0615
01/04/2025,23:00:00,664.5938,354.2812,120.1375,44.2,315.475,31.6187,329.625,329.7188,1.6656,2.7016,2.9078,2.75,-1.3097,-4.012,15.1769,15.0583
01/04/2025,23:30:00,665.6562,353.3125,119.3,44.2188,314.6,31.625,329,329.125,1.8281,2.4,2.4703,2.6328,-1.3788,-4.0265,15.2175,15.094
02/04/2025,00:00:00,665.7625,352.5312,119.2875,44.15,315.025,31.625,329.0312,329.0625,1.5047,2.5734,2.5703,2.4625,-1.3771,-4.008,15.3215,15.2126
02/04/2025,00:30:00,665.0188,352.375,119.2375,43.9688,314.75,31.5062,328.875,328.8438,1.8109,2.7859,2.9891,2.5687,-1.3583,-3.961,15.1817,15.068
02/04/2025,01:00:00,665.7625,352.9375,118.55,43.925,314.7,31.4062,328.9688,329.0625,1.6875,2.5984,2.6984,2.5906,-1.3832,-4.0115,15.1167,15.003
02/04/2025,01:30:00,664.7,354.4688,119.3,43.5875,316.1,31.1125,330.2812,330.2812,1.7156,2.6672,2.9062,2.6641,-1.3075,-3.9355,15.1362,15.0469
02/04/2025,02:00:00,665.4437,353.9688,118.8125,43.3375,315.85,30.85,330.0938,330.125,1.6719,2.7266,2.9469,2.5297,-1.3447,-3.981,15.1639,15.081
02/04/2025,02:30:00,665.0188,354.75,119,43.4187,316.4,30.9375,330.5,330.5938,1.6391,2.7219,2.8422,2.7312,-1.3508,-4.011,15.055,14.951
02/04/2025,03:00:00,665.8688,354.8438,119.15,43.4,316.6,31.0375,330.75,330.8438,1.4906,3.0953,2.7844,2.6094,-1.4116,-4.001,14.9364,14.8161
02/04/2025,03:30:00,665.4437,355.6562,120.875,43.7188,318,31.2313,331.875,331.9688,1.6687,2.8703,2.8344,2.6766,-1.4374,-4.148,15.0485,14.9478
02/04/2025,04:00:00,665.55,354.3438,120.4,43.4375,317.225,30.9625,331.1562,331.125,2.15,2.5781,2.9187,2.5891,-1.4287,-4.15,14.9916,14.9087
02/04/2025,04:30:00,665.125,353.0312,119.025,43.6187,315.925,31.1375,330.0938,330.125,1.7219,2.9781,3.1297,2.7734,-1.3701,-4.009,14.9217,14.8031
02/04/2025,05:00:00,665.0188,353.0938,119.225,43.4937,316.4,31.025,330.2188,330.3125,1.9641,2.8172,2.9656,2.5203,-1.3224,-3.9695,15.1102,14.9981
02/04/2025,05:30:00,665.55,352.4688,119.1875,43.45,316.475,30.975,330.1562,330.1875,1.5062,2.8203,2.6828,2.5969,-1.3587,-3.9985,14.9071,14.795
02/04/2025,06:00:00,662.3625,351.0312,119.25,43.6062,315.475,31.0938,329.1875,329.2812,1.5359,2.5922,2.7797,2.3578,-1.3184,-3.9615,14.9087,14.8307
02/04/2025,06:30:00,453.9,333.3438,116.8,43.1125,307.075,31.3438,315.8438,315.9062,2.9953,4.6984,4.6609,4.1094,-0.8661,-2.492,13.1781,13.0855
02/04/2025,07:00:00,408.5312,323.2812,112.7375,43.2812,296.55,30.975,304.9062,304.9375,2.7281,4.4812,4.3203,4.0187,-0.8757,-2.356,13.8525,13.7875
02/04/2025,07:30:00,409.1687,317.8438,112.6875,43.85,294.325,31.1937,300.5938,300.625,2.6406,4.4078,4.5156,3.9047,-0.9046,-2.4195,13.7972,13.703
02/04/2025,08:00:00,446.0375,319.9375,117.125,43.3375,297.475,31.5187,304.1875,304.3125,2.3875,3.9328,3.8703,4.0062,-0.9662,-2.7205,13.9451,13.8444
02/04/2025,08:30:00,552.3938,343.2812,117.375,43.65,309.3,31.425,321.4062,321.5,2.325,3.2953,3.325,3.3031,-1.0651,-3.0065,13.6656,13.5746
02/04/2025,09:00:00,428.825,324.375,116.375,43.7125,301.35,32.0312,308.6562,308.7188,3.1875,5.0516,4.8297,4.6437,-0.9269,-2.529,13.664,13.5535
02/04/2025,09:30:00,408.3187,321.1875,110.0875,44.7562,293.425,32.0812,301.9062,301.9375,2.6125,4.4016,4.4625,4.0609,-0.8656,-2.3235,13.8769,13.807
02/04/2025,10:00:00,310.3562,304.1875,122.975,44.9125,289.075,32.7875,287.6562,287.7188,3.3891,5.2,5.2562,4.5797,-0.7593,-1.9375,13.1862,13.131
02/04/2025,10:30:00,335.75,296.5625,119.1625,45.3687,282.575,33.3187,281.2188,281.3125,3.2875,5.5062,5.6906,4.9109,-0.7873,-2.141,13.4609,13.3845
02/04/2025,11:00:00,264.1375,296.3438,121.1875,45.4937,284.3,33.8,279.625,279.5625,3.5312,5.4234,5.3031,4.6109,-0.6736,-1.6505,12.9067,12.8629
02/04/2025,11:30:00,265.2,293.875,117.675,45.4875,280.275,33.7125,276.5,276.5625,3.5516,5.6,5.6234,4.5984,-0.6547,-1.6805,12.8889,12.8158
02/04/2025,12:00:00,265.625,291.5312,118.075,45.4,279.4,33.6063,275.1875,275.1875,3.5062,5.4922,5.5984,4.8078,-0.6775,-1.7195,12.7459,12.6825
02/04/2025,12:30:00,298.35,289.9375,118.875,45.0625,278.9,33.2437,274.5938,274.6875,3.5562,5.6656,5.4875,4.5156,-0.7536,-2.087,13.677,13.6039
02/04/2025,13:00:00,410.0187,316.3438,110.65,45.2375,289.025,32.5562,294.9062,294.9688,2.8375,4.7312,4.7453,4.4109,-0.9457,-2.591,14.1255,14.0491
02/04/2025,13:30:00,409.1687,317.9062,115.85,45.1312,294.5,32.3937,299,299.0625,2.4719,4.6078,4.4406,3.8781,-0.9037,-2.5115,13.9256,13.8476
02/04/2025,14:00:00,410.5499,317.75,115.425,45.3125,294.8,32.6125,300.0312,300.125,2.3703,4.275,4.4734,3.7516,-0.8757,-2.421,14.002,13.9272
02/04/2025,14:30:00,410.7625,317.5,115.3875,45.3687,294.725,32.7562,299.75,299.7812,2.4187,4.2016,4.4297,3.8594,-0.9234,-2.429,13.95,13.8574
02/04/2025,15:00:00,409.5938,321.1562,115.225,45.4437,295.775,32.7,301.5625,301.625,2.6109,4.4781,4.3187,3.9484,-0.8525,-2.3735,13.8574,13.7696
02/04/2025,15:30:00,410.5499,318.25,114.5875,45.3,294.3,32.6312,300.2812,300.3438,2.35,4.4578,4.4297,3.9375,-0.8652,-2.394,13.8249,13.7452
02/04/2025,16:00:00,410.8688,315.7812,115.65,45.05,294,32.4625,299.0938,299.0938,2.5609,4.6812,4.5469,3.9891,-0.8612,-2.4335,13.9224,13.8476
02/04/2025,16:30:00,411.6124,317.8125,116.2375,44.9375,294.8,32.2313,299.875,300,2.6891,4.5953,4.4609,4.0187,-0.9151,-2.5445,13.8931,13.8216
02/04/2025,17:00:00,410.5499,317.3438,115.4375,44.7687,294.85,32.0187,299.4688,299.5625,2.5016,4.4484,4.3766,3.9844,-0.8083,-2.4205,13.6819,13.6022
02/04/2025,17:30:00,410.7625,317.2188,115.95,44.8125,295.025,32.1063,299.2812,299.3438,2.3672,4.2109,4.4609,4.0953,-0.8451,-2.4855,13.9256,13.8314
02/04/2025,18:00:00,410.125,317.0312,115.7875,44.8812,294.875,32.1375,299.2812,299.3438,2.3859,4.4172,4.6141,4.0219,-0.8634,-2.529,13.8476,13.781
02/04/2025,18:30:00,410.0187,317.0625,115.75,44.9125,294.675,32.1812,299.2188,299.2812,2.3875,4.4312,4.6609,4.1281,-0.9006,-2.554,13.7095,13.6348
02/04/2025,19:00:00,410.5499,318.625,115.65,44.7937,295.225,32.1,300.1562,300.25,2.4078,4.6234,4.7312,4.1,-0.8538,-2.4585,13.7209,13.6331
02/04/2025,19:30:00,409.9125,319.875,115.775,44.8312,296.225,32.0625,301.1875,301.2812,2.5531,4.45,4.4281,4.1875,-0.8341,-2.396,13.7225,13.625
02/04/2025,20:00:00,410.4437,318,115.575,44.6812,295.4,32.0187,300.25,300.1875,2.3531,4.5766,4.6297,4.0766,-0.9334,-2.4925,13.4397,13.3569
02/04/2025,20:30:00,609.2375,328.0312,115.95,44.2625,295.775,31.8625,308.25,308.2812,1.8734,2.6766,2.7687,2.9875,-1.4934,-4.411,15.6335,15.5068
02/04/2025,21:00:00,574.0687,343.5625,117.1125,44.0125,308.25,31.8625,321.0312,321.1562,2.0875,3.0812,3.3375,2.8656,-1.1356,-3.244,13.625,13.5356
02/04/2025,21:30:00,436.7937,326.4375,113.2875,43.9688,298.3,32.05,307,307,2.7312,3.8641,4.0812,4.0437,-0.9544,-2.551,13.1391,13.027
02/04/2025,22:00:00,412.8875,322.3125,114.425,44.3375,295.3,32.0625,302.7188,302.7188,2.6422,4.5047,4.5625,4.1547,-0.9396,-2.5,13.7745,13.6884
02/04/2025,22:30:00,410.3375,318.9688,111.1875,44.6937,292.575,31.975,299.4688,299.5,2.4031,4.2906,4.4281,3.7891,-0.8766,-2.457,13.7778,13.6965
02/04/2025,23:00:00,410.6562,319.0938,114.5875,44.7188,294.275,31.975,299.4375,299.5312,2.4953,4.375,4.4281,4.325,-0.9151,-2.57,13.7192,13.6331
02/04/2025,23:30:00,410.975,319.7188,115.4875,44.6312,294.75,31.9688,300,300.0625,2.7469,4.5344,4.4469,4.1922,-0.9094,-2.5355,13.807,13.7485
03/04/2025,00:00:00,411.6124,319.7188,115.7625,44.6562,295.425,31.95,300.125,300.2188,2.6266,4.5406,4.4203,4.1453,-0.8949,-2.489,13.8883,13.8102
03/04/2025,00:30:00,369.9625,314.625,119.8875,44.4,294.2,31.8812,295.0938,295.1562,2.9734,4.8062,4.6219,4.1594,-0.8354,-2.2335,13.4706,13.4007
03/04/2025,01:00:00,372.2999,310.875,117.525,44.4625,292.075,31.9,292.6562,292.6875,2.7172,4.5828,4.6578,4.2203,-0.8293,-2.2995,13.599,13.5177
03/04/2025,01:30:00,417.775,320.9375,114.25,44.4937,294.75,31.75,300.375,300.4375,2.6547,4.5187,4.4297,4.1578,-0.8521,-2.5425,14.1775,14.1044
03/04/2025,02:00:00,308.4437,307.2812,127.2125,44.6562,293.1,32.3625,288.8125,288.9062,3.3047,5.3094,5.2359,4.5375,-0.7637,-2.002,13.079,13.0156
03/04/2025,02:30:00,266.2625,296.9062,120.6625,44.85,283.8,32.8187,279.75,279.75,3.6766,5.6047,5.5172,4.5984,-0.6723,-1.7155,12.7995,12.78
03/04/2025,03:00:00,264.9874,292.2812,118.025,44.5625,280.15,32.7375,275.875,275.9375,3.5828,5.5234,5.6937,4.7984,-0.6259,-1.7305,12.9425,12.8694
03/04/2025,03:30:00,265.0938,291.3438,119.225,44.4812,279.65,32.6437,274.5625,274.625,3.5938,5.6562,5.5984,4.6906,-0.6797,-1.814,12.9181,12.8385
03/04/2025,04:00:00,265.4125,290.75,119.5875,44.55,279.5,32.675,274.0625,274.1562,3.4594,5.4812,5.7047,4.8281,-0.6898,-1.8175,12.8336,12.7572
03/04/2025,04:30:00,419.9,310.6562,110.1,44.725,283.25,31.9875,289.5938,289.6562,2.6219,4.4984,4.3687,3.8297,-0.891,-2.5615,14.3839,14.3042
03/04/2025,05:00:00,417.6687,320.7188,115.1375,44.7062,295.475,32.0312,299.5625,299.6562,2.6016,4.7,4.4984,3.8969,-0.8752,-2.5215,14.1287,14.0524
03/04/2025,05:30:00,418.0938,320.9062,115.4125,44.9187,295.625,32.2062,300.75,300.8438,2.5375,4.2484,4.2859,3.8719,-0.8822,-2.5145,14.041,13.9581
03/04/2025,06:00:00,417.8812,321.1875,115.525,44.8875,296.25,32.1625,301.5625,301.6875,2.5266,4.4141,4.35,3.9281,-0.8805,-2.529,14.0134,13.9256
03/04/2025,06:30:00,418.5187,321.4688,115.55,44.7687,296.5,32.0625,301.8438,301.9062,2.425,4.5375,4.5281,4.1031,-0.8341,-2.4925,13.9077,13.8622
03/04/2025,07:00:00,418.4125,321.875,115.6,44.8562,296.725,32.1,302.1875,302.2812,2.4766,4.4266,4.3641,3.8391,-0.9133,-2.623,13.9126,13.8102
03/04/2025,07:30:00,418.5187,322.4688,115.4,44.9688,296.75,32.15,302.5938,302.6875,2.6062,4.4,4.2469,3.7656,-0.9146,-2.6595,13.9549,13.8687
03/04/2025,08:00:00,418.2,323.0625,115.6375,44.8312,297.4,32.0562,302.9375,303,2.575,4.325,4.2906,3.75,-0.8665,-2.6725,14.21,14.1222
03/04/2025,08:30:00,418.0938,321.7812,115.5,45.1687,296.875,32.475,302.6875,302.7188,2.6547,4.0437,4.0187,3.9,-0.9378,-2.8245,13.7582,13.6591
03/04/2025,09:00:00,276.4625,310.2188,129.9375,44.55,298.325,33.6937,292.5625,292.5938,2.9937,4.7172,4.6937,3.8156,-0.611,-1.703,12.8499,12.7605
03/04/2025,09:30:00,300.2625,311.7812,116.2375,44.725,289.4,32.95,292.8438,292.9688,2.9859,4.9016,4.8438,3.9422,-0.793,-1.8045,12.5866,12.4972
03/04/2025,10:00:00,262.3312,303.25,115.7875,45.7625,285.425,33.8625,284.4062,284.4375,3.4234,5.75,5.65,4.4234,-0.674,-1.6325,12.6581,12.6012
03/04/2025,10:30:00,264.0312,304.0625,117.6375,45.3937,286.25,33.575,282.8438,282.8438,3.3359,5.5328,5.4781,4.3297,-0.6911,-1.6965,12.6874,12.6305
03/04/2025,11:00:00,263.8187,302.125,118.8375,45.9312,286,34,282.1562,282.2188,3.4875,5.6406,5.4219,4.2437,-0.6801,-1.7315,12.8255,12.7751
03/04/2025,11:30:00,264.35,301.0625,117.85,45.6625,285.4,33.7875,281.8125,281.8438,3.5859,5.8281,5.7891,4.4469,-0.7033,-1.7495,12.806,12.7231
03/04/2025,12:00:00,263.8187,299.25,118.2875,45.9625,284.9,33.9875,280.9375,280.9688,3.6609,5.9719,5.3562,4.0766,-0.7191,-1.7895,12.7621,12.6971
03/04/2025,12:30:00,263.075,299.6562,118.0625,45.9187,284.975,34.0125,281.0312,281.125,3.5922,5.8375,5.6781,4.5484,-0.6189,-1.7425,12.9945,12.923
03/04/2025,13:00:00,264.5625,299.625,118.2375,46.1187,284.975,34.1125,280.875,280.9375,3.4312,5.4672,5.9875,4.5641,-0.6692,-1.823,12.8401,12.7849
03/04/2025,13:30:00,329.4812,308.3438,114.6,45.95,286.7,33.5375,286.75,286.875,3.0547,4.8875,5.5703,4.3844,-0.8346,-2.234,13.0627,13.001
03/04/2025,14:00:00,327.9938,311.625,118.5875,46.15,291.4,33.7437,290.1562,290.1875,3.0812,4.95,5.4641,4.3125,-0.7081,-2.0325,13.1992,13.1245
03/04/2025,14:30:00,419.9,314.3438,114.35,46.2625,287.025,33.45,293.6875,293.75,2.6859,4.2062,4.3875,3.7,-0.9851,-2.643,13.9094,13.8167
03/04/2025,15:00:00,417.775,324.75,110.7,46.2687,295.2,33.4312,302.8438,302.9375,2.6375,4.3859,4.4406,3.9266,-0.8875,-2.522,13.7712,13.7127
03/04/2025,15:30:00,418.2,322.3125,113.7625,46.2312,296.025,33.3875,303.1875,303.25,2.7453,4.2391,4.2234,3.8828,-0.8682,-2.561,13.7176,13.6364
03/04/2025,16:00:00,418.5187,318.8438,113.6125,46.45,294.075,33.6125,301.1562,301.1875,2.6578,4.4469,4.3078,3.5172,-0.8617,-2.5,13.8151,13.7274
03/04/2025,16:30:00,418.4125,320.7812,114.3125,46.0875,295.475,33.3125,302.2812,302.3125,2.5281,3.7844,4.0344,2.9531,-0.9807,-2.606,13.833,13.7566
03/04/2025,17:00:00,417.5625,321.0312,114.5125,46.0125,295.35,33.1375,302.375,302.4062,2.7125,4.4078,4.3734,3.7109,-0.9151,-2.6035,13.7176,13.6494
03/04/2025,17:30:00,418.5187,321.6562,114.8125,45.9312,295.725,33.1562,302.5938,302.7188,2.7859,4.2734,4.5781,3.775,-0.8534,-2.586,13.8606,13.7859
03/04/2025,18:00:00,418.2,321.75,114.6875,45.5562,296.6,32.7188,303.3125,303.4688,2.6281,4.0875,4.3656,3.6859,-1.0026,-2.8155,13.9581,13.8785
03/04/2025,18:30:00,607.2188,328.125,115.2375,44.9125,295.65,32.3687,308.8125,308.8438,1.7937,2.7578,3.2125,2.7859,-1.4829,-4.539,16.4557,16.3127
03/04/2025,19:00:00,497.7812,335.4688,115.8875,44.5312,305.575,32.4125,315.6875,315.6562,2.2875,3.6812,3.7531,3.0906,-1.0183,-2.9535,13.8818,13.7647
03/04/2025,19:30:00,470.3688,329.125,112.425,44.4625,299.8,32.2313,310.3125,310.2812,2.3844,3.8562,3.7922,3.1656,-0.9921,-2.78,13.638,13.5421
03/04/2025,20:00:00,415.8624,319.2188,114.275,43.95,296.925,32.0187,304.375,304.4062,2.6953,4.3047,4.5562,3.8453,-0.8079,-2.3675,13.352,13.2561
03/04/2025,20:30:00,660.7688,343.5938,114.9375,44.7312,304.85,31.8312,320.6562,320.625,1.6937,2.1172,2.5906,2.5391,-1.4055,-4.234,15.6595,15.536
03/04/2025,21:00:00,659.9187,350.5938,116.975,44.1312,310.8,31.5938,326.625,326.7188,1.9187,2.9891,3.1016,2.2172,-1.3031,-4.108,15.4548,15.3166
03/04/2025,21:30:00,664.4875,352.3125,117.5375,44.2312,312.2,31.6562,328.2188,328.3438,1.85,2.6156,2.8766,2.075,-1.2987,-4.137,15.7407,15.6042
03/04/2025,22:00:00,663,353.3125,118.0375,44.175,313.75,31.575,328.875,329,1.8484,2.7453,2.8625,2.3,-1.3521,-4.155,15.4304,15.3118
03/04/2025,22:30:00,664.1687,353.5938,118.9,44.55,314.85,31.8125,329.4688,329.5312,1.8391,2.5922,2.85,2.0594,-1.4068,-4.2235,15.4028,15.2987
03/04/2025,23:00:00,642.3875,354.5312,119.425,44.5,315.475,31.8062,329.6562,329.7188,1.9375,2.875,3.2328,1.9734,-1.3241,-4.0275,15.1135,15.0063
03/04/2025,23:30:00,464.2062,337.5938,116.9875,44.1,307.5,32.0875,317.2812,317.3438,2.5297,4.2359,4.0359,3.1516,-0.9409,-2.7255,13.586,13.4934
04/04/2025,00:00:00,415.1188,322.9688,112.9375,43.9562,298.675,32.0875,306.2188,306.2812,2.4516,4.1547,4.6859,3.5047,-0.9177,-2.4615,13.235,13.0887
04/04/2025,00:30:00,266.5812,303.5625,128.1375,43.6812,293.2,33.1812,290.5938,290.6875,3.3141,4.6984,4.6391,4.0219,-0.6184,-1.596,12.8092,12.7231
04/04/2025,01:00:00,267.5375,296.75,116.925,43.7562,282.175,32.8438,284.0312,284.0312,3.8828,5.9375,5.8406,4.7766,-0.7243,-1.78,12.8807,12.8011
04/04/2025,01:30:00,267.1124,293.8438,118.0375,43.2312,281.3,32.7875,280.1562,280.25,3.5719,5.3187,5.7766,5,-0.716,-1.8335,12.9912,12.8937
04/04/2025,02:00:00,268.1749,292.1875,119.6875,43.4437,280.8,32.7,278.2812,278.3438,3.6781,5.4516,5.8109,5.2484,-0.7646,-1.8985,12.8369,12.7491
04/04/2025,02:30:00,267.2188,291.5312,119.6375,44.175,280.3,33.1562,277.5938,277.625,3.5547,5.7031,5.8672,5.0812,-0.6512,-1.813,13.0091,12.9181
04/04/2025,03:00:00,268.0687,291.25,119.2875,44.5312,280,33.4875,277.3438,277.4062,3.7641,5.7484,5.8484,4.9422,-0.6994,-1.898,12.9994,12.9198
04/04/2025,03:30:00,268.4938,291,119.0375,44.2375,279.75,33.3875,277.3438,277.4062,3.6906,5.7188,5.925,5.2562,-0.7046,-1.9315,12.9636,12.8759
04/04/2025,04:00:00,267.5375,291.375,119.3875,44.5062,280.175,33.3625,277.5625,277.625,3.4984,5.5562,6.1094,5.6203,-0.6412,-1.858,13.1602,13.0611
04/04/2025,04:30:00,269.025,291.1875,118.7625,44.3562,279.75,33.5187,277.7188,277.75,3.5562,5.8016,5.9562,5.3422,-0.7129,-1.8405,12.91,12.8109
04/04/2025,05:00:00,268.0687,290.7188,119,43.6375,280.1,33.05,277.5625,277.6562,3.4406,5.3266,5.4328,4.6156,-0.7366,-1.8195,12.6874,12.5964
04/04/2025,05:30:00,373.8937,302.9062,113.0125,43.8312,282.4,32.0812,286.9688,287.0938,2.575,4.6656,5.0984,4.1078,-0.8368,-2.2635,13.2529,13.1667
04/04/2025,06:00:00,464.8438,321.4062,111.1375,44.3062,294.225,32.1,302.2188,302.3438,2.4875,3.6266,4.1359,3.5875,-0.9912,-2.7975,13.6689,13.5763
04/04/2025,06:30:00,429.25,318.3125,115.525,44.6937,296.375,32.525,302.5,302.5,2.3734,4.0391,4.5437,3.7562,-0.8901,-2.5855,13.3422,13.2626
04/04/2025,07:00:00,320.3438,305.0625,126.9125,44.6437,292.85,33.2625,291.25,291.3438,3.4625,5.3687,5.225,4.3281,-0.73,-2.0075,12.8937,12.806
04/04/2025,07:30:00,338.9375,300.25,116.05,44.95,284.925,33.2625,287.75,287.7188,2.9797,4.7875,5.3469,4.3891,-0.7843,-2.1495,13.1017,13.0075
04/04/2025,08:00:00,340.1062,298.875,117.4375,45.1437,285.625,33.575,287.125,287.125,3.1547,5.0969,5.0906,4.0797,-0.8403,-2.245,13.1359,13.04
04/04/2025,08:30:00,271.7875,295.1875,124.1875,45.8812,285.925,34.9562,283.5625,283.5625,3.6203,5.95,6.1734,5.3172,-0.6946,-1.8715,12.6581,12.5671
04/04/2025,09:00:00,310.4625,297.0938,111.5375,46.825,278.25,34.625,281.9062,281.9688,3.1422,5.0406,5.3031,4.3141,-0.6976,-1.988,13.0627,12.9945
04/04/2025,09:30:00,265.0938,292.1875,117.3875,47.3812,279.8,35.6437,276.25,276.2812,3.4344,5.6312,5.6875,4.7453,-0.7431,-1.7955,12.7962,12.754
04/04/2025,10:00:00,264.6687,289.6875,115.7875,47.65,276.85,35.8312,274.125,274.2188,3.5078,5.5187,5.8281,4.7547,-0.7326,-1.747,12.7052,12.6012
04/04/2025,10:30:00,265.5187,289.9375,116.275,47.8375,276.9,35.9813,273.375,273.4375,3.5562,5.5922,5.6141,4.6781,-0.6591,-1.74,12.9214,12.8678
04/04/2025,11:00:00,265.2,288.4375,116.25,47.8812,276.325,36.2062,272.875,272.9688,3.4922,5.4578,5.4969,4.7344,-0.6867,-1.789,12.9019,12.8434
04/04/2025,11:30:00,265.625,289.2188,116.175,47.8562,276.525,36.0562,273,273.0312,3.5437,5.3703,5.5672,4.8844,-0.6994,-1.825,12.7589,12.7036
04/04/2025,12:00:00,264.35,291.5312,116.1125,47.9625,277.4,36.0875,274.0625,274.1562,3.7203,5.7266,5.7312,4.6984,-0.6425,-1.83,12.9425,12.8954
04/04/2025,12:30:00,265.3063,292.3125,116.35,47.4625,278.3,35.5062,274.5312,274.625,3.8016,5.8172,5.6422,4.5031,-0.7046,-1.9295,12.9555,12.8824
04/04/2025,13:00:00,265.0938,290.875,117.2125,47.675,278.175,35.5875,274.9375,275.0625,3.3281,5.3344,5.5219,4.7109,-0.7484,-1.918,12.7004,12.6256
04/04/2025,13:30:00,309.6124,291.4375,115.8625,47.7875,277.25,35.6187,275.7188,275.8125,3.3812,5.4828,5.6062,5.0984,-0.8521,-2.425,13.378,13.3097
04/04/2025,14:00:00,310.8875,300.625,115.4375,48.0687,283.5,35.4437,282.625,282.6562,3.3219,5.1625,5.3891,4.7687,-0.7764,-2.1235,12.9929,12.923
04/04/2025,14:30:00,338.5125,303.7188,114.7125,47.9625,285.125,35.1437,286.5312,286.6562,2.9906,4.8047,4.7656,4.4172,-0.8381,-2.19,12.9539,12.8824
04/04/2025,15:00:00,339.7875,306.0625,116.1,47.7562,288.15,35.0187,288.6875,288.7812,3.0766,5.1,5.0562,4.5437,-0.7965,-2.1585,13.092,13.0107
04/04/2025,15:30:00,337.875,306.125,116.6125,47.2562,288.75,34.6688,289.25,289.25,3.025,5.0766,5.0297,4.3781,-0.8464,-2.226,13.0367,12.9685
04/04/2025,16:00:00,350.0938,308.5312,115.7125,47.2437,288.85,34.575,290.7812,290.9062,2.9906,5.0172,4.7422,4.0859,-0.8061,-2.245,13.0302,12.9734
04/04/2025,16:30:00,488.9625,318.7812,113.3125,46.1062,294.375,33.925,302.5938,302.6562,2.5906,4.2531,4.4703,3.6906,-1.0857,-3.417,15.2744,15.1752
04/04/2025,17:00:00,661.1937,349.9375,117.5,46.3562,310.05,33.6312,325.6875,325.8125,1.9359,2.7234,2.6875,2.5391,-1.3215,-4.1645,15.4011,15.2662
04/04/2025,17:30:00,660.025,354.5,120.5375,46.0187,315.35,33.3625,330.5938,330.7188,1.6687,2.7406,2.8656,1.6859,-1.3381,-4.074,15.1038,14.9721
04/04/2025,18:00:00,660.3438,353.0625,120.3,45.925,314.6,33.3125,329.875,329.9062,1.8406,2.6922,2.7234,2.3312,-1.3618,-4.2015,15.3053,15.172
04/04/2025,18:30:00,659.8125,350.875,119.7125,45.3937,313.875,33.0938,328.2812,328.3438,1.8922,2.7219,2.7969,2.3937,-1.3604,-4.1655,15.2662,15.1687
04/04/2025,19:00:00,660.1312,349.4375,118.7875,44.9625,313.125,32.7437,327.0312,327.0938,1.6813,2.7687,2.7406,2.1687,-1.3469,-4.0705,15.1249,15.0371
04/04/2025,19:30:00,660.7688,349.7188,118.4625,44.275,313.3,32.4875,327.0625,327.1562,1.6656,2.2781,2.9484,2.4594,-1.3478,-4.0995,15.2289,15.1119
04/04/2025,20:00:00,660.45,350.25,118.3875,43.9187,313.65,32.2687,327.5625,327.6562,1.7547,2.6984,2.7312,2.2047,-1.3228,-4.078,15.3069,15.2029
04/04/2025,20:30:00,659.8125,350.625,118.325,43.925,313.95,32.1,327.875,327.9375,1.8172,2.4047,2.9688,2,-1.3412,-4.1065,15.2078,15.094
04/04/2025,21:00:00,661.0875,350.7812,118.475,43.8062,313.95,32.1063,327.8125,327.9375,1.6859,2.4828,2.7828,2.2031,-1.3758,-4.1465,15.1801,15.0729
04/04/2025,21:30:00,659.2812,352.4062,119.2875,43.8438,314.95,32.1312,328.7188,328.7812,1.9109,2.5656,3.0875,2.2453,-1.3394,-4.0935,15.0534,14.938
04/04/2025,22:00:00,658.4313,352.1562,118.7375,43.65,314.75,31.9375,328.7188,328.75,1.8172,2.4141,2.7719,2.1078,-1.3311,-4.131,15.1834,15.0631
04/04/2025,22:30:00,657.6875,352.9062,118.575,43.5,314.85,31.7437,328.9375,329.0312,1.6156,3.0062,2.6531,2.4312,-1.3071,-4.1535,15.1752,15.146
04/04/2025,23:00:00,660.6625,354.75,119,43.8312,315.9,31.8625,330.125,330.1562,1.7922,2.5422,3.0344,2.5016,-1.2974,-4.1855,15.1785,15.0826
04/04/2025,23:30:00,660.875,353.625,119.1,44.1812,315.275,31.825,329.4688,329.5625,1.7328,2.1844,2.8594,2.4656,-1.3714,-4.207,15.224,15.1119
05/04/2025,00:00:00,542.6188,347.3438,119.2,44.4437,314.65,32.3937,325.5625,325.5938,2.2594,3.0781,3.3641,2.7734,-1.1343,-3.397,14.0199,13.9305
05/04/2025,00:30:00,658.4313,352.7812,116.675,44.9,311,32.5187,327,327.0938,1.7812,2.5547,2.6187,2.3641,-1.3075,-4.155,15.4515,15.3199
05/04/2025,01:00:00,660.45,355.3438,118.9625,44.4812,314.875,32.1812,330.2188,330.3438,1.6781,2.4844,2.9422,2.6187,-1.3513,-4.2565,15.3426,15.2207
05/04/2025,01:30:00,660.5563,352.1562,118.45,44.825,313.05,32.25,328.375,328.375,1.7281,2.6984,2.7375,2.4641,-1.3954,-4.2385,15.1167,14.9884
05/04/2025,02:00:00,660.5563,351.6875,118.5875,44.2,313.975,31.9125,328.3125,328.3438,1.8516,2.7984,2.7469,2.2344,-1.2891,-4.156,15.341,15.2191
05/04/2025,02:30:00,660.5563,352.3438,118.4,44.3125,314.125,31.7437,328.4688,328.5625,1.7453,2.5547,2.6437,2.0984,-1.339,-4.2205,15.2987,15.1736
05/04/2025,03:00:00,660.45,352.1562,118.5125,44.1875,314.15,31.7375,328.6562,328.7812,1.8438,2.7172,2.3453,2.2844,-1.4392,-4.3155,15.1054,14.9949
05/04/2025,03:30:00,659.7063,354.1875,118.6125,44.2125,314.725,31.8875,329.1875,329.2812,1.8219,2.5953,2.9062,2.6328,-1.3272,-4.229,15.2565,15.1574
05/04/2025,04:00:00,660.5563,353.4375,118.5875,43.8812,314.6,31.6125,329.125,329.2188,1.8438,2.7406,2.7469,2.4484,-1.3863,-4.334,15.2305,15.1151
05/04/2025,04:30:00,660.025,353.5625,118.5125,43.6625,314.925,31.6375,329.2188,329.3125,1.6891,2.5516,2.8828,2.4688,-1.3797,-4.2525,15.1119,14.9932
05/04/2025,05:00:00,658.6438,353.2812,118.3625,43.7312,315.1,31.3125,329.2812,329.375,1.7,2.7844,2.8047,2.3047,-1.3784,-4.255,15.2337,15.1249
05/04/2025,05:30:00,660.9812,352.6875,118.8,43.6437,314.65,31.2625,329.125,329.1562,1.8219,2.7766,2.7094,2.2828,-1.3653,-4.2245,15.3247,15.224
05/04/2025,06:00:00,596.0625,356.5625,118.8625,43.7625,317.225,31.3875,330.9062,330.9375,2.0828,3.3375,3.3078,2.45,-1.1797,-3.5165,13.768,13.6656
05/04/2025,06:30:00,420.2188,331.125,115.6,43.7875,305.4,31.8438,313.25,313.3125,2.3156,4.4156,4.575,3.6625,-0.8801,-2.556,13.2317,13.1651
05/04/2025,07:00:00,291.7625,318.2812,120.0625,44.5938,301.675,32.9437,302.875,303.0625,3.45,5.0453,4.8859,4.1297,-0.7536,-1.8715,12.8125,12.689
05/04/2025,07:30:00,266.7937,301.0625,122.8,45.3937,287.5,34.2562,288.6875,288.75,3.6391,5.3469,5.3156,4.8187,-0.6302,-1.797,12.8092,12.7085
05/04/2025,08:00:00,265.8375,295.4375,115.8625,45.9937,280.95,34.875,283.8125,283.875,3.6734,5.475,5.6312,5.0125,-0.6981,-1.855,12.9604,12.8775
05/04/2025,08:30:00,486.3063,304.9375,110.225,46.0812,278.35,34.15,288.625,288.75,2.5422,4.3031,4.3953,3.1687,-1.1824,-3.7745,15.1362,15.0127
05/04/2025,09:00:00,655.4563,340.2812,114,46.5375,303.05,33.925,318.7812,318.8125,2.0125,2.8609,2.8609,2.4437,-1.3053,-4.285,15.4889,15.3638
05/04/2025,09:30:00,618.5875,345.2812,116.8375,46.7437,307.6,34.2125,322.8125,322.9062,1.9703,2.8703,3.2266,2.8172,-1.255,-3.914,14.6617,14.5561
05/04/2025,10:00:00,427.8688,324.5625,115.6,46.8687,299.95,34.8,308.4688,308.5625,2.5562,4.3516,4.1859,3.7016,-0.8516,-2.475,13.1992,13.1034
05/04/2025,10:30:00,285.9187,310.0625,117.0625,46.8312,295.675,35.2812,298.0938,298.125,3.6078,5.4953,4.825,4.0375,-0.8061,-1.8375,12.7345,12.6435
05/04/2025,11:00:00,263.8187,296.9375,120.2875,46.9,283.1,35.5625,285.0938,285.1562,3.6562,5.3781,5.2406,4.6422,-0.6696,-1.7605,12.8905,12.8141
05/04/2025,11:30:00,266.1562,290.875,114.3,47.1,277.25,35.825,279.9062,279.9688,3.6016,5.5219,5.8219,5.3875,-0.7221,-1.907,12.9766,12.8856
05/04/2025,12:00:00,265.3063,289.2812,115.05,47.625,276.8,36.3187,278.0312,278.0625,3.6984,5.5187,5.7578,5.2891,-0.7204,-1.953,12.9214,12.8482
05/04/2025,12:30:00,264.6687,288.7188,116.0125,47.1,276.825,35.9688,277.2812,277.375,3.5781,5.3922,5.7578,5.4531,-0.6198,-1.9065,13.1489,13.0562
05/04/2025,13:00:00,265.7312,288.4375,116.475,46.8062,276.8,35.75,276.7812,276.75,3.9047,5.7906,5.6547,4.9,-0.6714,-2.005,12.9945,12.9165
05/04/2025,13:30:00,341.1687,295.9375,111.8875,46.85,279.125,34.8375,283.3125,283.4375,3.2625,5.2422,5.5156,4.3047,-0.8188,-2.374,13.1554,13.0693
05/04/2025,14:00:00,316.3063,296.8438,118.7625,47.0562,283.8,35.15,284.5312,284.5938,3.2719,4.9672,5.2359,4.4937,-0.7895,-2.1045,13.001,12.9051
05/04/2025,14:30:00,317.1562,296.9375,116.7,46.7562,282.85,35.0562,284.625,284.6875,3.2703,5.3391,5.3859,3.9937,-0.7541,-2.055,13.0725,13.0042
05/04/2025,15:00:00,318.0062,296.4062,117.025,46.3937,283.375,34.7313,284.6562,284.7812,3.2703,4.9219,5.1203,4.1203,-0.8228,-2.138,13.0107,12.9051
05/04/2025,15:30:00,656.625,332.1875,112,46.5812,294.125,33.6937,310.4688,310.5,2.0609,2.8734,2.9234,2.5312,-1.6111,-4.82,16.0852,15.9536
05/04/2025,16:00:00,660.7688,348.8125,118.1625,46.225,310.125,33.55,325.2812,325.4062,1.7438,2.5984,2.8,2.2797,-1.3014,-4.326,15.5506,15.4206
05/04/2025,16:30:00,665.55,347.8125,118.7875,46.275,310.25,33.6875,325.4688,325.625,1.7969,2.6172,2.6391,2.2891,-1.3828,-4.425,15.5425,15.4206
05/04/2025,17:00:00,664.0625,347.6562,119.025,46.1375,310.825,33.6875,325.7812,325.8125,1.6469,2.225,2.7703,2.3609,-1.4051,-4.409,15.3459,15.2142
05/04/2025,17:30:00,664.1687,347.1562,119.0875,45.9125,311.7,33.3875,325.5938,325.6562,1.7953,2.8094,2.7328,2.2047,-1.332,-4.3275,15.2191,15.1167
05/04/2025,18:00:00,664.0625,348.375,119.7625,45.775,312.725,33.675,326.3438,326.5312,1.5078,2.4328,2.8781,2.2516,-1.4016,-4.472,15.2662,15.1265
05/04/2025,18:30:00,665.2312,350.5938,119.9875,45.8812,313.75,33.575,327.4062,327.4062,1.5938,2.3625,2.5687,2.1703,-1.3272,-4.2655,15.0192,14.9087
05/04/2025,19:00:00,664.4875,350.375,119.7,45.9375,313.8,33.5375,327.3125,327.25,1.6953,2.4562,2.6703,2.0969,-1.3666,-4.2775,15.2045,15.0826
05/04/2025,19:30:00,663.1062,350.4688,119.95,45.4937,314.225,33.5438,327.625,327.7188,1.8328,2.6812,2.9297,2.15,-1.3009,-4.23,15.172,15.0859
05/04/2025,20:00:00,665.6562,350.75,119.7625,45.075,314.4,33.275,327.875,327.9688,1.6781,2.4562,2.8312,2.3297,-1.4016,-4.324,14.9705,14.9039
05/04/2025,20:30:00,664.9125,350.375,119.6625,45.3562,313.85,33.35,327.25,327.2812,1.8047,2.6766,2.8781,1.9906,-1.3127,-4.2105,15.1362,15.0257
05/04/2025,21:00:00,664.3812,351.75,119.75,45.425,314.375,33.55,328.0312,328.125,1.7391,2.7141,2.6625,2.2922,-1.3062,-4.265,15.0859,14.99
05/04/2025,21:30:00,664.9125,352.375,119.9375,45.7812,314.55,33.5812,328.375,328.4062,1.8078,2.5531,2.7188,2.5484,-1.3486,-4.382,15.3004,15.1817
05/04/2025,22:00:00,663.85,352.75,120.35,45.9125,314.85,33.5687,328.7812,328.9062,1.8031,2.7531,2.7969,2.2687,-1.3583,-4.4435,15.055,14.9526
05/04/2025,22:30:00,665.125,352.625,120.6875,45.8,315.15,33.5438,329.0312,329.0625,1.9187,2.8719,2.8406,2.5969,-1.3346,-4.431,15.1038,14.9949
05/04/2025,23:00:00,665.0188,350.375,120.3875,45.8687,314.1,33.525,327.875,327.9375,1.7859,2.3578,2.7281,2.4609,-1.3604,-4.4015,15.198,15.0777
05/04/2025,23:30:00,664.9125,348.7188,119.7375,45.9625,312.375,33.5687,326.5,326.5625,1.6453,2.5359,2.8969,2.4062,-1.3771,-4.403,15.1493,15.0387
06/04/2025,00:00:00,664.9125,349.0938,119.15,46.1875,312.25,33.475,326.3125,326.4062,1.7391,3.0609,2.8125,2.4688,-1.3307,-4.3155,15.3995,15.2776
06/04/2025,00:30:00,665.2312,349.875,119.3,46.1562,312.875,33.4375,327.0312,327.0938,1.7,2.6844,2.625,2.2484,-1.3364,-4.2775,15.276,15.1622
06/04/2025,01:00:00,665.4437,350.1875,119.325,46.1062,312.95,33.4437,327.2812,327.2812,1.5047,2.8094,2.5469,2.1125,-1.3408,-4.3185,15.2386,15.12
06/04/2025,01:30:00,657.9,350.3125,119.0375,45.8937,313.075,33.1688,327.4062,327.4062,1.8156,2.8469,2.9656,2.4656,-1.3429,-4.3495,15.3264,15.2224
06/04/2025,02:00:00,663.9563,350.125,118.9625,45.8125,313.2,33.075,327.5,327.5312,1.675,2.9797,2.8281,2.2078,-1.3162,-4.3095,15.4093,15.2971
06/04/2025,02:30:00,665.55,352.3125,120.1125,46.0125,314.6,33.1937,329.0938,329.125,1.5797,2.8812,2.9359,2.3469,-1.3604,-4.375,15.2402,15.1184
06/04/2025,03:00:00,665.4437,352.0938,119.5375,45.8,314.075,33.125,328.625,328.6562,1.6156,2.6469,2.6344,2.3625,-1.346,-4.4345,15.4872,15.406
06/04/2025,03:30:00,666.4,352,119.5375,45.8,313.975,33.0812,328.4062,328.4688,1.6984,2.8391,2.8766,2.2234,-1.3714,-4.4665,15.4515,15.3507
06/04/2025,04:00:00,664.7,352.125,119.925,45.7812,314.075,33.3625,328.4062,328.4688,1.8156,2.5875,2.6422,2.3969,-1.3828,-4.484,15.2337,15.1232
06/04/2025,04:30:00,664.8063,353.125,119.6875,45.4812,314.35,33.0312,329,329,1.675,2.8953,2.6328,2.4859,-1.3552,-4.4315,15.4954,15.3507
06/04/2025,05:00:00,665.0188,351.4688,119.85,45.2062,313.625,32.9188,328.0938,328.1875,1.7578,2.575,2.8875,2.6297,-1.3478,-4.4335,15.393,15.2711
06/04/2025,05:30:00,665.7625,349.0312,119.3875,45.0875,312.55,33,327,327,1.7125,2.8547,2.7297,2.4266,-1.4107,-4.426,15.3995,15.2922
06/04/2025,06:00:00,665.55,348.75,118.9125,45.2812,312.05,33.2875,326.375,326.4375,1.775,2.9,2.7328,2.4484,-1.3915,-4.4095,15.302,15.1249
06/04/2025,06:30:00,666.5062,350.7188,119.6125,45.7687,312.625,33.2875,327.1562,327.2188,1.8328,2.6047,2.6484,2.5547,-1.3556,-4.442,15.3264,15.2159
06/04/2025,07:00:00,658.9625,350.0938,119.1,45.9875,312.9,33.3375,327.2812,327.3125,1.8484,2.8469,2.7375,2.2984,-1.3316,-4.2965,15.1395,15.0209
06/04/2025,07:30:00,467.5,333.5625,118.05,45.8312,306.175,33.8,315.5625,315.7188,2.3672,3.7234,3.8562,3.3531,-1.0161,-2.96,13.4349,13.3357
06/04/2025,08:00:00,320.9812,316.0625,116.9375,46,299.45,34.275,303.3125,303.375,3.2547,4.6859,5.4469,4.5312,-0.6561,-1.9035,12.9246,12.8304
06/04/2025,08:30:00,269.1312,299.2188,122.925,46.3438,286.45,35.1125,287.625,287.6562,3.7156,5.3766,5.4562,4.5531,-0.6806,-1.7525,12.7719,12.6841
06/04/2025,09:00:00,268.3875,293.4688,114.675,46.9375,278.6,35.6375,281.6875,281.7188,3.725,5.2766,5.4656,4.8484,-0.7768,-1.9485,12.8287,12.7345
06/04/2025,09:30:00,269.45,290.2812,114.25,47.7375,277.65,36.6375,279.3125,279.375,3.5812,5.3406,5.6891,4.9453,-0.5773,-1.7685,13.0221,12.9344
06/04/2025,10:00:00,270.9375,290.3125,115.4125,48.3125,277.675,37.375,279.0938,279.0938,3.6719,5.5453,5.725,5.0437,-0.6425,-1.823,12.9067,12.8304
06/04/2025,10:30:00,270.6188,290.75,115.35,47.8438,277.575,37.0125,279.0938,279.1875,3.4469,5.7266,6.0562,5.2547,-0.7366,-1.932,12.8629,12.7686
06/04/2025,11:00:00,269.2374,290.4375,115.3875,48.0187,277.575,37.0312,278.875,278.9062,3.6891,5.5891,5.825,5.1469,-0.7252,-1.9665,13.0969,13.0124
06/04/2025,11:30:00,261.5875,290.375,115.4,48,277.525,36.9312,278.7812,278.875,3.7375,5.5719,5.9109,5.2828,-0.7764,-2.051,12.9344,12.8417
06/04/2025,12:00:00,265.5187,290.3125,115.2625,48,277.875,36.7875,278.7812,278.8438,3.5922,5.2719,5.4859,4.8156,-0.7409,-2.053,12.9262,12.845
06/04/2025,12:30:00,270.4062,290.625,115.6125,48.4812,278.075,37.2188,278.9688,279.0938,3.7453,5.6875,5.8141,5.2156,-0.6723,-2.0695,13.1196,13.0075
06/04/2025,13:00:00,270.4062,290.625,115.5625,48.075,278.125,36.9625,279.0625,279.125,3.5391,5.4328,5.7328,5.1219,-0.7121,-2.1365,13.0904,12.9929
06/04/2025,13:30:00,270.1937,291.375,115.4125,47.8062,278.425,36.7062,279.9062,279.9375,3.5156,5.4531,5.6562,4.9297,-0.7344,-2.0325,12.9019,12.8141
06/04/2025,14:00:00,269.6625,293.875,115.3625,47.6625,279.525,36.45,281.3125,281.3125,3.7625,5.5281,5.5266,4.7687,-0.7164,-1.957,13.0432,12.9457
06/04/2025,14:30:00,268.6,293.1875,115.4625,47.475,279.775,36.5375,280.75,280.8125,3.6281,5.3438,5.5734,4.8703,-0.7016,-1.892,12.9295,12.8352
06/04/2025,15:00:00,267.325,292.5938,116.0375,47.1625,279.875,36.2938,280.4375,280.5625,3.7734,5.3281,5.6578,5.0406,-0.7134,-1.905,12.8109,12.7264
06/04/2025,15:30:00,268.6,293.25,116.5125,47.15,280.3,36.2625,280.6562,280.75,3.7953,5.5625,5.5172,4.8406,-0.7038,-1.955,13.0952,13.001
06/04/2025,16:00:00,268.9187,293.1562,116.7,46.9875,280.5,36.0125,280.8438,280.9375,3.5062,5.5203,5.5437,4.8047,-0.6762,-1.99,12.9409,12.8499
06/04/2025,16:30:00,332.2438,300.9062,113.2625,47.1437,284.125,35.4188,287.6875,287.8125,3.1406,5.3203,5.2828,4.2062,-0.8144,-2.322,13.1992,13.0936
06/04/2025,17:00:00,279.7562,296.8438,120.075,47.1187,284.65,35.9875,284.5312,284.5625,3.3828,5.2062,5.4344,4.8406,-0.7733,-2.1385,12.9945,12.9002
06/04/2025,17:30:00,273.0625,292.5312,116.95,46.8875,280.525,35.7,281.7812,281.75,3.7266,5.5125,5.6234,5.0187,-0.688,-2.065,13.0595,12.9701
06/04/2025,18:00:00,527.85,316.6562,109.1125,46.6187,285.975,34.3,298.2188,298.2812,2.3859,3.6812,3.8922,3.2781,-1.2747,-3.9505,15.0209,14.9023
06/04/2025,18:30:00,660.025,344.125,115.875,46.9062,306.425,34.2562,321.9375,322.0625,1.9172,2.7766,2.8031,2.4531,-1.3276,-4.494,15.6384,15.51
06/04/2025,19:00:00,660.1312,350.375,119.3875,46.4312,312.05,33.9188,327.2812,327.3438,1.9047,3.1047,2.7734,2.3031,-1.3364,-4.4935,15.3735,15.2565
06/04/2025,19:30:00,657.05,351.2812,119.4125,46.3562,313.025,33.85,328.3438,328.4375,1.8016,2.7547,2.7844,2.4219,-1.3871,-4.447,15.2321,15.1265
06/04/2025,20:00:00,547.6125,338.375,116.95,45.8312,306.425,33.6562,318.5625,318.5938,1.9547,3.0656,3.3125,2.8141,-1.1119,-3.5095,14.1905,14.0719
06/04/2025,20:30:00,659.8125,347.1562,116.25,46.6562,307.95,33.9562,323.7188,323.875,1.6562,2.5281,2.6875,2.4359,-1.3167,-4.4085,15.3426,15.1866
06/04/2025,21:00:00,468.4563,336.0625,118.1125,45.8687,306.9,33.8812,316.5625,316.625,2.1844,3.7578,3.7328,3.1875,-1.0253,-3.0265,13.4901,13.391
06/04/2025,21:30:00,297.5,319.4062,120.3125,45.6937,302.7,34.2562,304.4688,304.4688,3.4984,4.9812,5.0797,4.2984,-0.744,-1.8985,12.7654,12.6516
06/04/2025,22:00:00,266.5812,302.625,121.0375,45.375,287.35,34.5562,289.4688,289.5,3.7188,5.4719,5.5531,4.9656,-0.695,-1.8425,12.7459,12.6906
06/04/2025,22:30:00,266.475,295.3438,115.325,45.7062,281.05,34.7313,283.3438,283.375,3.6062,5.4859,5.7562,5.2172,-0.6342,-1.83,12.8158,12.7247
06/04/2025,23:00:00,266.6875,293.7812,116.3375,45.8562,280.425,34.925,280.9688,281.0312,3.7437,5.4609,5.5875,5.0781,-0.6609,-1.921,12.8905,12.7995
06/04/2025,23:30:00,268.2812,293.375,117.1,45.875,280.35,35,280.2812,280.3438,3.6844,5.5437,5.85,5.2562,-0.6928,-1.939,13.0514,12.975
07/04/2025,00:00:00,267.2188,292.75,117.2125,45.8125,280.175,35.0312,280.0312,280.0625,3.7,5.5297,5.8469,5.1766,-0.7296,-1.9125,12.8807,12.7962
07/04/2025,00:30:00,432.7562,300.4062,114.1125,45.575,279.4,33.9188,286,286.0625,2.7234,4.4922,4.9734,3.8531,-1.1972,-3.494,14.496,14.4017
07/04/2025,01:00:00,495.7625,329.7188,110.3125,45.4562,297.475,33.3875,307.875,307.9375,2.1969,3.5266,3.9562,3.2625,-1.0008,-3.165,14.0426,13.95
07/04/2025,01:30:00,496.5062,334.125,112.425,45.7188,301.125,33.7062,311.8125,311.9375,2.4078,3.4828,3.7625,3.2906,-1.0406,-3.236,13.7745,13.6672
07/04/2025,02:00:00,494.7,330.4062,112.4125,45.5,299.75,33.4,310.5938,310.6562,2.3672,3.8406,3.9922,3.4937,-0.9872,-3.179,13.716,13.5957
07/04/2025,02:30:00,496.6125,329.6875,112.15,45.7875,299.05,33.5875,309.875,309.9062,2.3078,3.5734,3.7078,3.3187,-0.9864,-3.1905,13.9159,13.8005
07/04/2025,03:00:00,498.4187,329.75,111.9,45.8312,299.025,33.6625,309.8438,309.875,2.3609,3.4922,3.5844,3.1453,-1.0021,-3.222,13.9175,13.82
07/04/2025,03:30:00,496.5062,328.625,112.375,45.9688,299,33.85,309.5938,309.6562,2.3141,3.4297,3.65,3.2422,-1.0568,-3.3395,13.7745,13.6656
07/04/2025,04:00:00,495.6562,329.4062,111.95,45.5938,299,33.4813,309.9062,309.9375,2.2906,3.4828,3.6719,3.3125,-0.9579,-3.2,13.8476,13.7778
07/04/2025,04:30:00,496.825,328.6875,111.25,45.2937,298.5,33.2625,309.4688,309.5625,2.4031,3.7078,3.8859,3.2188,-1.01,-3.226,13.768,13.6689
07/04/2025,05:00:00,467.7125,326.25,112.15,45.0938,297.925,33.275,307.9062,307.9688,2.4078,3.8672,4.1531,3.3891,-1.0061,-3.0345,13.5551,13.4462
07/04/2025,05:30:00,502.0312,330.5625,111.4875,44.6937,297.75,32.9562,309.3438,309.4688,2.1672,3.7078,3.7266,3.0875,-1.0743,-3.2695,13.7712,13.6656
07/04/2025,06:00:00,465.0563,329.9062,112.5125,44.8937,300.85,33.0938,310.5938,310.625,2.4609,3.9984,4.0984,3.5437,-0.9523,-3.0475,13.6104,13.5226
07/04/2025,06:30:00,312.7999,318.3438,115.375,45.3312,300.525,33.7313,304,304.0625,3.725,5.6766,5.5016,4.6641,-0.7191,-1.8265,12.689,12.5834
07/04/2025,07:00:00,272.1062,298.7188,122.4875,45.725,285.6,34.6125,287.1875,287.2188,3.8234,5.4297,5.4328,4.6297,-0.6517,-1.832,12.832,12.7459
07/04/2025,07:30:00,270.725,293.5625,115.05,45.875,280,34.7562,282.3125,282.3438,3.6781,5.3812,5.4734,4.8656,-0.6937,-1.933,12.9165,12.8564
07/04/2025,08:00:00,271.3624,292.75,116.475,46.125,280.05,35.0875,280.75,280.7812,3.7016,5.4484,5.5375,5.1562,-0.6946,-1.968,13.0221,12.9457
07/04/2025,08:30:00,270.725,292.9688,117.075,46.85,280.2,35.8375,280.5,280.5312,3.7672,5.4953,5.5781,5.0766,-0.6933,-1.9925,12.9782,12.8807
07/04/2025,09:00:00,270.8312,292.5938,116.15,47.4437,279.85,36.3625,280.5312,280.5938,3.8016,5.4031,5.5031,4.8875,-0.674,-1.9915,13.1375,13.0449
07/04/2025,09:30:00,264.35,293.1562,116.1375,47.9062,280.25,36.9375,280.875,280.9375,3.8828,5.5609,5.5797,4.8297,-0.6758,-1.898,12.9392,12.8515
07/04/2025,10:00:00,275.7188,294.7812,115.625,48.0687,280.45,37.3187,282.0625,282.2188,3.7625,5.4,5.6906,4.8672,-0.7103,-1.957,12.988,12.8824
07/04/2025,10:30:00,274.975,295.375,115.3375,48.2437,281.15,37.1937,283,283.0625,3.7953,5.4703,5.4672,4.8453,-0.6871,-1.952,12.988,12.8937
07/04/2025,11:00:00,273.4874,296.0312,115.7,48.1437,281.9,36.8937,283.7188,283.8438,3.475,5.4844,5.5922,4.7547,-0.7764,-2.0795,12.9571,12.8743
07/04/2025,11:30:00,268.0687,298.7812,116.05,47.9062,283.125,36.9813,285.0625,285.1562,4.0609,5.6422,5.6219,4.9531,-0.6521,-1.9035,13.1001,13.0173
07/04/2025,12:00:00,267.5375,298.6562,115.6,48.0687,283.125,37.0312,285.1562,285.25,3.7516,5.5125,5.6422,4.9812,-0.6954,-1.962,12.9149,12.832
07/04/2025,12:30:00,267.9625,298.5,115.6375,48.075,283.4,37.1063,285.375,285.4375,3.8172,5.3672,5.5266,4.8797,-0.7422,-2.0125,12.9214,12.8223
07/04/2025,13:00:00,267.8562,299.0938,115.6125,48.075,283.775,37.0312,285.9375,286,3.8984,5.4937,5.4672,4.7359,-0.7217,-2.0105,12.9441,12.858
07/04/2025,13:30:00,267.75,299.4688,115.625,48.425,284.25,37.2938,286.5,286.625,3.6672,5.2531,5.5828,4.9828,-0.6985,-2.032,13.0839,12.9831
07/04/2025,14:00:00,267.4313,299.8438,114.9625,48.5687,284.3,37.3875,286.9375,287.0312,3.7766,5.6141,5.6797,5.0516,-0.6845,-1.9275,12.9571,12.8694
07/04/2025,14:30:00,267.75,301.1562,115.125,48.5125,285.2,37.4062,287.7812,287.9062,3.7312,5.4812,5.6344,4.8687,-0.6766,-1.8595,12.9344,12.8531
07/04/2025,15:00:00,268.7062,301.6562,115.525,48.1125,285.9,37.0562,288.5625,288.6562,3.9391,5.6516,5.5266,4.5234,-0.6906,-1.889,12.9116,12.7767
07/04/2025,15:30:00,450.6062,321.4062,111.1625,47.9125,290.275,35.9562,302.2812,302.4062,2.8969,4.6,4.8203,3.6219,-1.0034,-3.3915,14.1369,14.054
07/04/2025,16:00:00,495.2312,342.875,113.45,47.5562,307.275,35.4937,318.8125,318.9062,2.1359,3.4891,3.8031,3.1562,-1.0494,-3.3165,13.9126,13.8249
07/04/2025,16:30:00,495.7625,351.8125,118.075,47.6125,315.375,35.5438,326.6562,326.7188,2.3094,3.4734,3.6484,3.075,-1.0524,-3.3505,13.6542,13.5567
07/04/2025,17:00:00,496.6125,348.125,118.6875,47.2687,314.95,35.2375,326,326.0312,2.2984,3.3031,3.8109,3.5391,-1.0069,-3.311,13.7924,13.6412
07/04/2025,17:30:00,495.4437,344.75,117.6,46.95,312.5,34.9312,324.1562,324.1875,2.4953,3.5406,3.9437,3.5469,-1.0131,-3.3345,13.9403,13.7875
07/04/2025,18:00:00,497.25,343.5938,116.9125,46.4625,310.525,34.4875,322.1875,322.25,2.2062,3.1969,3.7562,3.6391,-1.0887,-3.3575,13.7843,13.6868
07/04/2025,18:30:00,497.3562,343.6562,115.725,46.0562,309.45,33.9813,321.5312,321.5625,2.3125,3.4766,3.8672,3.6172,-1.024,-3.29,13.8395,13.7599
07/04/2025,19:00:00,494.275,343.4688,114.8375,46.1937,309.275,34.0125,321.25,321.2812,2.1812,3.6187,3.9375,3.2922,-1.0603,-3.268,13.833,13.7387
07/04/2025,19:30:00,495.975,344.3125,114.8125,46.0562,309.375,33.975,321.5938,321.625,2.3094,3.5484,3.6641,3.425,-1.0682,-3.2845,13.8021,13.6932
07/04/2025,20:00:00,496.5062,344.5938,115,46.2,309.925,34.1312,322.1562,322.2188,2.3375,3.3484,3.65,3.4484,-0.9514,-3.182,13.8769,13.7924
07/04/2025,20:30:00,496.7188,345.2812,115.3125,46.25,310.55,34.15,322.8438,322.9062,2.3547,3.6781,3.7344,3.4734,-1.024,-3.257,13.8232,13.7387
07/04/2025,21:00:00,496.0813,345.8438,115.9,46.3125,311.4,34.1812,323.4062,323.4375,1.9781,3.8062,3.9562,3.4375,-1.0319,-3.248,13.7046,13.6185
07/04/2025,21:30:00,496.4,346.3438,115.9125,46.125,311.8,34.075,324,324.125,2.0609,3.5938,3.8906,3.1516,-0.9719,-3.201,13.9419,13.8395
07/04/2025,22:00:00,496.6125,346.5,116.35,46.1937,312.225,34.1063,324.25,324.2812,2.0094,3.5969,3.8391,3.4125,-0.9995,-3.2355,13.8801,13.7859
07/04/2025,22:30:00,488.9625,347.0312,116.0875,46,312.5,33.875,324.75,324.8125,2.2437,3.6047,3.7672,3.4453,-1.0279,-3.2235,13.6087,13.4934
07/04/2025,23:00:00,494.1687,347.25,115.9,45.975,312.725,33.7875,324.8125,324.875,2.2125,3.6547,3.7406,3.0719,-1.0109,-3.264,13.8915,13.7907
07/04/2025,23:30:00,497.25,341.9062,115.5375,45.7375,309.85,33.6688,321.5312,321.625,2.2062,3.5469,3.6828,3.0203,-1.0761,-3.285,13.8216,13.7209
08/04/2025,00:00:00,461.7625,334.375,114.15,45.7625,305.7,33.6937,316.2812,316.3125,2.3328,3.75,3.9672,3.5781,-0.9859,-3.0205,13.573,13.4706
08/04/2025,00:30:00,345.7374,322.6562,118.425,45.9875,302.8,34.1187,308.75,308.8438,2.8703,4.9,5.1484,4.1562,-0.7886,-2.2205,13.0904,12.9799
08/04/2025,01:00:00,392.4874,316.625,112.85,45.7375,295.125,33.7687,302.8125,302.875,2.6609,4.4234,4.5781,3.6891,-0.9181,-2.5825,13.3097,13.222
08/04/2025,01:30:00,440.1937,325.9688,111.4875,45.6937,298.625,33.6625,308.4062,308.5312,2.4734,3.9344,4.2703,3.6062,-0.9177,-2.856,13.573,13.4706
08/04/2025,02:00:00,441.3624,329.625,112.9625,45.7375,301.75,33.625,311.625,311.7188,2.4094,4.2469,4.5687,3.7437,-0.8516,-2.8395,13.6672,13.5925
08/04/2025,02:30:00,297.2875,323.0312,119.6875,46.1687,306.175,34.5125,308.125,308.2188,3.2219,5.0094,5.8297,4.2328,-0.6884,-1.806,12.7572,12.6792
08/04/2025,03:00:00,265.9437,306.25,121.1,46.1375,290.55,34.9312,292.5,292.5312,3.2547,5.7922,5.7953,4.1578,-0.7226,-1.831,12.806,12.715
08/04/2025,03:30:00,265.5187,301.7812,115.4375,46.075,286.425,34.7188,289.1875,289.2188,3.3516,5.7719,5.7531,4.4141,-0.6464,-1.8165,13.0384,12.9474
08/04/2025,04:00:00,372.9375,313.8438,109.675,45.8062,289.5,33.8312,297.2188,297.2812,2.8531,4.95,4.9281,3.9859,-0.8035,-2.4625,13.3357,13.2626
08/04/2025,04:30:00,441.7875,332.5938,112.3125,45.5437,302.4,33.4813,312.5312,312.625,2.4047,4.1562,4.4969,3.7016,-0.9422,-2.8965,13.4251,13.3228
08/04/2025,05:00:00,441.15,335.0938,114.0125,45.5375,306.05,33.5,316.1562,316.2188,2.2297,3.8422,4.3281,3.4375,-0.9094,-2.825,13.5437,13.417
08/04/2025,05:30:00,440.6188,334.3125,114.0875,45.5125,306.075,33.3687,316.25,316.2812,2.5109,3.9625,4.1687,3.45,-0.8963,-2.8685,13.4462,13.3601
08/04/2025,06:00:00,442,331.4062,113.2625,45.4875,304.725,33.4062,314.8125,314.875,2.4406,4.2219,4.5203,3.4516,-0.9041,-2.869,13.4462,13.3357
08/04/2025,06:30:00,441.0437,328.9688,113.0125,45.9875,302.7,33.825,312.625,312.6562,2.4156,4.0812,4.2859,3.6062,-0.9186,-2.819,13.3049,13.2106
08/04/2025,07:00:00,439.9812,329.3125,112.8875,45.8062,302.375,33.8125,312.5,312.5625,2.4984,4.1391,4.1437,3.4469,-0.8884,-2.869,13.4836,13.3845
08/04/2025,07:30:00,441.7875,330.0938,113.0875,45.975,302.775,34.0312,312.875,312.9688,2.5375,4.2672,4.4859,3.4531,-0.8761,-2.858,13.3926,13.287
08/04/2025,08:00:00,665.3375,356.0938,118.9625,46.4437,315.75,34.0438,332.5625,332.5938,1.7141,2.6609,2.8438,2.6234,-1.3508,-4.694,15.5717,15.4548
08/04/2025,08:30:00,665.125,362.9688,122.4375,46.775,322.275,34.425,338.5,338.5938,1.6109,2.6203,3.0234,2.5953,-1.3884,-4.8415,15.2679,15.133
08/04/2025,09:00:00,665.0188,362.4688,122.8875,47.1687,322.475,34.825,338.625,338.7188,1.6969,2.6062,2.9828,2.7188,-1.3097,-4.6915,15.3182,15.2207
08/04/2025,09:30:00,523.9187,358,122.5875,47.3687,325.15,35.1562,336.5625,336.5938,2.0812,3.3469,3.5859,2.8719,-0.9938,-3.2745,13.3731,13.3097
08/04/2025,10:00:00,460.9125,344.7812,120.725,47.7812,314,35.7938,323.75,323.8125,2,3.6062,4.4812,3.4672,-1.0087,-3.0905,13.3715,13.2789
08/04/2025,10:30:00,476.2125,345.9688,118.2375,47.9812,309.875,35.8937,322.5,322.5625,2.3297,3.6766,4.1875,3.3656,-1.0358,-3.2005,13.3975,13.2951
08/04/2025,11:00:00,427.6562,339.2188,117.65,48.1125,309.65,36.2437,318.9688,319.0312,2.2031,4.1562,4.5266,3.6,-0.9536,-2.768,13.3666,13.2854
08/04/2025,11:30:00,264.9874,314.625,125.6375,48.1875,301.5,37.1187,303.4375,303.625,3.3,4.9156,5.1859,4.4797,-0.6473,-1.7435,12.7881,12.6874
08/04/2025,12:00:00,266.475,308.1562,116.2375,48.3438,288.875,37.1625,293.375,293.4688,3.925,5.9297,5.6344,4.5578,-0.6801,-1.885,13.0709,12.9653
08/04/2025,12:30:00,267.8562,305.6875,113.0375,47.975,286.225,36.85,291.0625,291.0938,3.8172,5.6625,5.6094,5.0062,-0.6771,-1.9375,13.0205,12.9831
08/04/2025,13:00:00,449.1188,326.4688,108.3375,47.9937,292.275,35.7625,304.4062,304.4688,2.35,4.1969,4.5,3.1984,-1.0214,-3.059,13.7404,13.6364
08/04/2025,13:30:00,665.7625,360.25,119,48.5125,317.125,35.9625,334.4062,334.5312,1.8703,2.6453,2.8219,2.5156,-1.3394,-4.69,15.6237,15.4856
08/04/2025,14:00:00,664.7,366.625,123.625,48.4312,324.35,35.8125,341.2188,341.2812,1.8625,2.8922,2.9688,2.6031,-1.374,-4.7905,15.4596,15.3215
08/04/2025,14:30:00,664.7,367.125,124.8625,48.5437,325.9,36.0125,342.25,342.375,1.8187,2.7797,2.9516,2.5203,-1.3609,-4.7375,15.3849,15.2581
08/04/2025,15:00:00,665.3375,366.9062,125.275,48.5062,327.325,35.8625,342.75,342.875,1.675,2.775,3.0437,2.6937,-1.4296,-4.701,15.1687,15.0225
08/04/2025,15:30:00,664.5938,367.9688,125.425,48.1812,327.85,35.6688,343.2812,343.375,1.5672,2.6047,3.0312,2.7359,-1.3057,-4.6065,15.3345,15.2126
08/04/2025,16:00:00,665.55,368.1562,125.5875,48.1812,328.2,35.525,343.5938,343.6562,1.5953,2.3031,2.8703,2.7109,-1.3539,-4.6735,15.2467,15.1362
08/04/2025,16:30:00,664.5938,367.9688,125.75,48.3187,328.25,35.65,343.5938,343.5938,1.7219,2.6891,2.8547,2.5125,-1.3762,-4.686,15.0891,14.9819
08/04/2025,17:00:00,663.425,363.3438,126.1625,48.0312,327.375,35.3187,342,342,1.6344,2.7484,2.9281,2.6172,-1.3355,-4.709,15.2711,15.0745
08/04/2025,17:30:00,467.6062,343.9688,123.7125,47.2687,318.55,35.1937,327.3438,327.375,2.525,4.2375,4.1562,3.2312,-0.9662,-3.1165,13.4349,13.3341
08/04/2025,18:00:00,658.0062,356.125,121.3125,47.475,317.225,35.1063,333.25,333.3125,1.5297,2.5,2.8969,2.4828,-1.4545,-4.7805,15.3053,15.1493
08/04/2025,18:30:00,659.7063,362.1875,123.475,46.9625,322.425,34.7188,338.25,338.3125,1.5359,2.6797,2.9266,2.6937,-1.2917,-4.655,15.328,15.1834
08/04/2025,19:00:00,659.2812,363.5312,122.9125,46.775,322.75,34.5938,338.875,338.9688,1.7922,2.8531,2.7703,2.6203,-1.4129,-4.7265,15.0046,14.873
08/04/2025,19:30:00,659.0687,364.375,123.2875,46.4875,324.575,34.475,339.625,339.7188,1.7297,2.6016,2.875,2.6766,-1.3079,-4.591,14.8096,14.6812
08/04/2025,20:00:00,658.4313,358.3125,122.275,45.7437,321.35,34.0875,335.9062,336,1.5281,2.5984,2.9344,2.6266,-1.3149,-4.6195,14.9429,14.8324
08/04/2025,20:30:00,659.4938,358.0625,121.7125,45.6562,320.3,34.1,335.0625,335.0938,1.5219,2.5281,2.8734,2.6172,-1.3591,-4.5895,14.9169,14.7983
08/04/2025,21:00:00,658.9625,358.3438,121.3875,45.6312,320.35,33.7313,335.2188,335.2812,1.6609,2.7703,3.2125,2.7469,-1.3145,-4.539,14.8584,14.7446
08/04/2025,21:30:00,658.4313,358.25,121.2875,45.6812,320.625,33.5312,335.4688,335.5,1.7891,2.5953,2.9469,2.5953,-1.3324,-4.583,14.7885,14.6959
08/04/2025,22:00:00,661.1937,358.9375,121.475,45.5062,321,33.575,335.75,335.875,1.6672,2.6047,2.8094,2.5984,-1.3626,-4.5725,14.7463,14.6423
08/04/2025,22:30:00,660.5563,358.7188,121.5875,45.1937,321.6,33.6125,336.125,336.2188,1.6734,2.6234,3,2.575,-1.3381,-4.5545,14.8551,14.7397
08/04/2025,23:00:00,659.175,358.9688,121.9125,45.2125,322,33.6625,336.3438,336.4062,1.7391,2.5406,2.8937,2.3562,-1.2769,-4.4745,14.6699,14.5691
08/04/2025,23:30:00,660.7688,355.6562,121.7125,44.9688,320.25,33.375,334.5,334.5312,1.7172,2.7141,2.7281,2.65,-1.3198,-4.5265,14.5919,14.4879
09/04/2025,00:00:00,460.0625,338.25,119.95,45.375,313.525,33.7313,321.9688,322,2.4219,4.0547,4.3094,3.5922,-0.8914,-2.87,13.1619,13.0595
09/04/2025,00:30:00,395.8875,323.875,117.3,45.0875,302.25,33.6875,309.0625,309.125,2.6891,4.5062,4.5844,3.9266,-0.8923,-2.562,13.0059,12.9766
09/04/2025,01:00:00,459.2125,328.8125,112.1625,44.5812,300.275,33.2437,310.2812,310.3438,2.2844,4.0328,4.2875,3.5469,-0.9807,-2.935,13.2919,13.2074
09/04/2025,01:30:00,501.925,334.9062,112.4,44.55,303.475,32.9625,314.9688,315.0625,2.1359,3.4891,3.7609,3.0812,-1.0043,-3.17,13.4771,13.3894
09/04/2025,02:00:00,501.075,340.0938,114.075,44.6437,306.9,33.025,318.7188,318.8438,2.0312,3.1656,3.8031,3.2578,-0.9991,-3.2165,13.6997,13.5941
09/04/2025,02:30:00,500.0125,336.4062,114.35,44.5562,306.05,32.95,317.3125,317.375,2.225,3.4984,3.6812,3.1156,-1.0376,-3.193,13.5649,13.456
09/04/2025,03:00:00,458.6813,332.5938,114.025,44.3687,305.65,32.9937,315.25,315.3125,2.2312,3.7969,4.0687,3.1453,-0.9321,-2.875,13.2025,13.0952
09/04/2025,03:30:00,406.0875,327.7812,114.1,44.1812,301.85,33.0938,310.6562,310.7188,2.8187,4.5781,4.8109,3.8156,-0.8984,-2.5445,13.1261,13.027
09/04/2025,04:00:00,500.0125,336.0938,112.0125,44.1187,303.825,32.95,315.5625,315.625,2.2422,3.7422,3.9906,3.1359,-1.0104,-3.2185,13.7485,13.6461
09/04/2025,04:30:00,626.2375,353,116.125,44.1,313.85,32.6625,329.3125,329.3438,1.8453,2.8922,3.0766,2.9469,-1.2747,-4.3045,14.6406,14.5301
09/04/2025,05:00:00,660.7688,360.25,120.25,44.5312,320.175,32.8125,336.1562,336.2812,1.8422,2.575,3.0031,2.7672,-1.3911,-4.725,14.951,14.8145
09/04/2025,05:30:00,658.8562,360.125,121.6375,44.4625,322,32.8062,337.75,337.75,1.9406,2.9375,2.9906,2.5609,-1.3464,-4.703,14.8486,14.7251
09/04/2025,06:00:00,660.025,360.1562,121.9375,44.5875,322.825,32.8812,337.5,337.5938,1.6906,2.5281,3.0797,2.7531,-1.3499,-4.6695,14.8535,14.7446
09/04/2025,06:30:00,665.3375,362.3125,122.3,44.9437,324.125,33.0312,338.9688,339,1.6984,2.6531,2.6859,2.8062,-1.3963,-4.679,14.7186,14.5968
09/04/2025,07:00:00,495.125,348.875,120.675,45.6687,317.475,33.7687,328.0312,328.1875,2.2687,3.5187,3.8625,3.2859,-0.9807,-3.1975,13.495,13.404
09/04/2025,07:30:00,499.0563,339.3438,116.05,46.2437,307.875,34.3438,319.2812,319.3125,2.2453,3.5,3.6953,3.0828,-0.9855,-3.2,13.7664,13.6705
09/04/2025,08:00:00,663.9563,354.6875,118.75,46.975,314.925,34.7,331.125,331.25,1.5984,2.5453,2.7859,2.5781,-1.3136,-4.6,15.4157,15.2841
09/04/2025,08:30:00,515.4187,342.7188,124.2,46.9125,315.125,35.9,325.5,325.5312,2.3016,3.6375,3.9484,3.4328,-1.0336,-3.486,13.9403,13.8249
09/04/2025,09:00:00,466.65,336.375,120.65,47.8375,309.225,35.9437,319.1875,319.1875,2.1953,3.7484,4.1266,3.6375,-0.9273,-2.973,13.8947,13.807
09/04/2025,09:30:00,431.375,328.125,117.925,47.5875,303.425,35.8312,311.7188,311.7812,2.4328,4.0219,4.2344,3.4266,-0.9124,-2.7775,13.6542,13.5372
09/04/2025,10:00:00,263.9249,308.6875,118.5,48.7625,295.725,36.7687,295.5938,295.7188,2.9766,4.9797,5.0312,4.0156,-0.6377,-1.621,12.8092,12.7442
09/04/2025,10:30:00,264.9874,299.4375,113.2125,48.5437,283.425,36.475,284.5312,284.5938,3.5437,5.6766,5.6781,4.7766,-0.7003,-1.851,12.8564,12.7946
09/04/2025,11:00:00,267.325,297.5938,114.575,48.575,282.5,36.3687,281.5938,281.5625,3.4422,5.9703,5.8312,4.7578,-0.7199,-1.9125,12.8824,12.8255
09/04/2025,11:30:00,266.475,297.1875,115.425,48.8625,282.525,36.675,280.7188,280.7812,3.4109,5.5359,5.4734,4.7156,-0.6639,-1.883,12.8401,12.7832
09/04/2025,12:00:00,267.1124,299.5,115.225,48.8438,283.2,36.6312,281.1562,281.25,3.2484,6.1078,5.9922,4.0906,-0.6149,-1.8465,13.1082,13.053
09/04/2025,12:30:00,265.8375,298.4062,115.3,48.8125,283.225,36.5875,281.5,281.5312,3.3734,6.1734,5.9641,4.0703,-0.7506,-2.0185,12.897,12.8206
09/04/2025,13:00:00,281.2438,300.2188,116.075,48.9375,284.15,36.6937,282.9688,283.0938,3.0719,5.5484,5.575,4.0422,-0.7606,-2.227,13.1213,13.0465
09/04/2025,13:30:00,432.4375,322.75,108.875,48.6687,290.725,35.6562,300.5938,300.6562,2.5469,4.1141,4.3094,4.0766,-0.9107,-3.051,13.9272,13.8346
09/04/2025,14:00:00,541.7688,339.5625,112.9375,48.175,304.475,35.5687,317.3125,317.375,1.9594,3.4359,3.6594,3.2375,-1.1207,-3.776,14.9786,14.8665
09/04/2025,14:30:00,664.275,358.9375,121.2,47.9562,318.325,35.0562,334.1562,334.25,1.6406,2.5734,3.0797,2.6547,-1.3495,-4.747,15.7603,15.6221
09/04/2025,15:00:00,664.3812,359.75,122.4875,47.6687,320.3,34.95,336.0938,336.125,1.3609,2.5703,2.9391,2.5094,-1.3841,-4.6405,15.4352,15.2922
09/04/2025,15:30:00,663.9563,359.4688,122.6625,47.525,320.35,35.0562,336.0312,336.0938,1.5969,2.7984,3.0562,2.5859,-1.3937,-4.6535,15.3751,15.2354
09/04/2025,16:00:00,664.0625,354.8125,123.25,47.4125,320.875,34.9125,334.6875,334.6562,1.5672,2.6031,3.0141,2.4562,-1.3753,-4.6485,14.9591,14.8438
09/04/2025,16:30:00,664.275,356.125,126.2,46.6375,322.5,34.7562,335.8438,335.9062,1.7375,2.7391,2.7703,2.7766,-1.3206,-4.71,14.5187,14.3855
09/04/2025,17:00:00,664.5938,358.375,126.2125,46.2312,323.425,34.5062,337.0312,337.0938,1.7156,2.525,2.6672,2.8391,-1.4423,-4.7995,14.3416,14.1938
09/04/2025,17:30:00,665.125,358.1875,126.675,46.2437,324,34.6375,337.2188,337.3125,1.6359,2.5766,2.9641,2.8734,-1.3981,-4.7975,14.4115,14.2685
09/04/2025,18:00:00,664.9125,358.3438,126.8125,46.1312,324.175,34.8687,337.5,337.625,1.6984,2.5484,2.7797,2.8328,-1.4116,-4.7985,14.431,14.301
09/04/2025,18:30:00,664.9125,357.8125,127.025,46.2562,324.125,34.9125,337.4062,337.4375,1.7812,2.5281,2.7828,2.9094,-1.4221,-4.821,14.3156,14.184
09/04/2025,19:00:00,624.9625,357,128.9875,45.6437,326.65,35,337.6875,337.75,1.9437,3.1484,3.7094,3.375,-1.1846,-4.2365,14.2539,14.1076
09/04/2025,19:30:00,503.2,342.875,122.0375,46.0312,314.65,34.875,324.6875,324.75,2.3922,3.7859,3.7047,3.1281,-1.0848,-3.3855,13.404,13.287
09/04/2025,20:00:00,660.6625,355.5,120.3125,46.15,316.15,34.6688,330.9375,331,1.5547,2.8172,2.8625,2.0609,-1.423,-4.6615,14.7901,14.6943
09/04/2025,20:30:00,660.875,357.8438,121.7,46.0312,319,34.5812,333.4375,333.5625,1.5719,2.6687,3.0016,2.425,-1.388,-4.598,14.9055,14.7966
09/04/2025,21:00:00,660.3438,355.125,122.4,46.2,318.475,34.7625,332.4375,332.4375,1.4516,2.6469,2.9875,1.9297,-1.3202,-4.481,14.8584,14.7609
09/04/2025,21:30:00,661.9375,354.25,121.7875,46.4375,318.275,34.6063,331.4062,331.4375,1.3578,2.4516,2.9031,1.9125,-1.3001,-4.419,14.5837,14.4846
09/04/2025,22:00:00,661.725,355.125,121,46.325,318.025,34.475,331.375,331.4688,1.4375,2.6422,3.1391,2.0266,-1.3215,-4.45,14.6374,14.5334
09/04/2025,22:30:00,660.5563,354.9688,121.0125,45.8625,318.15,34.2125,331.4375,331.4688,1.5062,2.6969,2.9266,2.2234,-1.1955,-4.412,14.678,14.6146
09/04/2025,23:00:00,661.4062,356.125,120.825,45.875,318.4,34.1063,331.75,331.875,1.4234,2.4109,2.6469,2.0906,-1.318,-4.465,14.6877,14.5756
09/04/2025,23:30:00,661.9375,356.0938,120.9125,45.7562,318.725,34.125,332.2812,332.3438,1.6203,2.6906,2.8875,2.1828,-1.3801,-4.4665,14.6114,14.5057
10/04/2025,00:00:00,660.7688,356.9375,121.15,45.6125,319.625,34.0125,332.9062,333,1.5406,2.7609,3.0187,2.1,-1.276,-4.4475,14.9071,14.808
10/04/2025,00:30:00,660.025,356.9375,121.0875,45.6312,320.05,33.9,333.7188,333.7188,1.4844,2.6844,2.8875,2.2703,-1.3517,-4.4825,14.912,14.8177
10/04/2025,01:00:00,661.3,359.4688,122.2375,45.55,321.725,33.7812,335.4062,335.5,1.3219,2.5469,2.6953,2.0062,-1.3036,-4.4125,15.172,15.0566
10/04/2025,01:30:00,660.2375,361,121.425,45.6125,321.925,33.4813,336.25,336.3438,1.2672,2.6109,2.7172,2.3937,-1.3517,-4.5705,15.2029,15.0891
10/04/2025,02:00:00,661.6188,362.1875,123.3125,45.7125,323.75,33.6187,337.5938,337.6875,1.3781,2.2812,2.3937,2.1156,-1.4125,-4.71,15.2614,15.1493
10/04/2025,02:30:00,661.725,365.1562,122.6625,45.2687,324.825,33.7125,338.9375,339.0625,1.45,2.6906,3.0156,2.1984,-1.3981,-4.628,15.224,15.1249
10/04/2025,03:00:00,659.0687,365.25,122.825,45.1375,325.325,33.525,339.25,339.3438,1.4266,2.6328,2.8391,2.2094,-1.2944,-4.5135,15.2013,15.0989
10/04/2025,03:30:00,659.9187,360.5,122.175,45.3562,322.9,33.4437,336.75,336.7812,1.5687,2.4812,2.7141,1.9641,-1.2996,-4.5195,15.2598,15.146
10/04/2025,04:00:00,660.875,359.7812,121.475,45.275,321.275,33.1875,335.25,335.3125,1.6562,2.7797,3.0312,1.7891,-1.3044,-4.548,15.3946,15.2727
10/04/2025,04:30:00,660.875,360.7188,121.5375,45.2812,321.75,33.1562,336,336.0312,1.525,2.5734,2.6641,2.2844,-1.3364,-4.609,15.1752,15.0599
10/04/2025,05:00:00,660.025,359.25,121.45,45.3875,321,33.2437,335.3438,335.3438,1.5844,2.5672,2.7266,2.2172,-1.2891,-4.5555,15.2825,15.1752
10/04/2025,05:30:00,660.875,360.375,121.3125,45.375,321.775,33.0438,336.5938,336.625,1.5141,2.8469,2.9422,2.3219,-1.3298,-4.524,15.2662,15.1639
10/04/2025,06:00:00,659.3875,360,120.6875,45.4125,321.475,33.0187,336.5312,336.6562,1.4719,2.7328,2.9594,2.6016,-1.3583,-4.575,15.2857,15.1655
10/04/2025,06:30:00,661.0875,360.375,121.2125,46.0187,322.025,33.6375,337,337.0938,1.3203,2.6281,2.8781,2.3094,-1.3705,-4.5445,15.3897,15.2662
10/04/2025,07:00:00,661.0875,360.9062,121.4125,46.5938,322.125,34.1312,337.5312,337.6562,1.4234,2.6234,2.7062,2.4781,-1.3106,-4.5365,15.367,15.2419
10/04/2025,07:30:00,660.9812,361.6562,121.9875,47.3187,322.75,34.7437,338.0312,338.0938,1.6531,2.7453,2.9203,2.4125,-1.3158,-4.57,15.4677,15.3556
10/04/2025,08:00:00,661.3,362.7188,122.075,47.6,323.275,34.8438,338.875,338.9688,1.5812,2.6297,2.5641,2.475,-1.3333,-4.635,15.3312,15.224
10/04/2025,08:30:00,660.7688,361.9688,122.0375,47.7062,322.375,34.85,337.9062,338,1.4594,2.5219,2.8406,2.3656,-1.3959,-4.6185,15.3101,15.2191
10/04/2025,09:00:00,660.7688,364.75,122.6125,47.8625,324.1,34.9875,340,340.0625,1.475,2.4641,2.7984,2.4141,-1.3513,-4.608,15.5197,15.4125
10/04/2025,09:30:00,660.5563,363.6562,122.525,47.7312,323.85,34.875,339.5,339.5938,1.5219,2.6,2.8531,2.5578,-1.3911,-4.641,15.2874,15.1899
10/04/2025,10:00:00,660.875,361.9062,122.075,47.85,322.875,34.9688,338.5,338.5938,1.3844,2.475,2.8062,2.4281,-1.4024,-4.585,15.4255,15.3199
10/04/2025,10:30:00,660.1312,361.1562,122.6,48.6875,322.275,36.0062,337.3125,337.3438,1.3937,2.4828,2.8969,1.8187,-1.3268,-4.446,15.341,15.224
10/04/2025,11:00:00,521.9,352.7188,121.2375,48.675,321,35.8875,332.6562,332.625,2.1141,3.2172,3.5938,3.1453,-0.9912,-3.0895,13.352,13.2431
10/04/2025,11:30:00,467.8187,338.9062,116.725,48.225,307.85,35.8438,319.0625,319.0938,2.0312,3.7484,4.0281,3.45,-1.0437,-3.0845,13.7452,13.6575
10/04/2025,12:00:00,437.4313,334.6875,114.3625,47.8812,304.425,35.4813,315.4688,315.5625,2.2297,4.1484,4.3922,3.4734,-0.9794,-2.899,13.6542,13.6201
10/04/2025,12:30:00,339.575,319.2812,119.475,48.0625,299.95,36,305.4062,305.5,3.1422,4.8656,5.175,4.0437,-0.7856,-2.247,13.1359,13.0351
10/04/2025,13:00:00,658.4313,350.4375,115.9375,48.2188,309.6,35.5,326.8125,327.0312,1.9594,2.6687,2.9172,2.7578,-1.4895,-4.8015,15.6221,15.4856
10/04/2025,13:30:00,657.7937,363.625,121.4375,48.1312,321.35,35.4312,338.4688,338.5625,1.7156,2.6437,2.9922,2.6219,-1.3342,-4.678,15.4141,15.2809
10/04/2025,14:00:00,657.05,365.2812,123.375,47.8375,324.5,35.2125,341.0625,341.1562,1.7844,2.7828,3.1391,2.7578,-1.3018,-4.7005,15.2857,15.133
10/04/2025,14:30:00,665.55,367.2188,124.4375,47.6625,327.1,35.1625,342.6562,342.75,1.6391,2.5281,2.8937,2.5687,-1.3819,-4.732,15.068,14.951
10/04/2025,15:00:00,665.3375,367.7188,125.15,47.45,328.175,34.9312,343.4062,343.5312,1.65,2.4969,2.7156,2.5922,-1.4212,-4.738,15.055,14.9299
10/04/2025,15:30:00,665.125,367.9688,126.125,47.775,328.775,35.1063,343.9688,344.0312,1.6844,2.7266,2.8156,2.8125,-1.4423,-4.8695,15.0907,14.9721
10/04/2025,16:00:00,665.6562,364.9062,126.5,47.8187,327.6,35.2437,342.25,342.25,1.7109,2.6859,2.9016,2.7203,-1.4309,-4.851,14.9185,14.7901
10/04/2025,16:30:00,666.7188,363.5938,125.875,47.7312,326.175,35.175,340.9062,341,1.6437,2.6469,2.8531,2.7375,-1.5306,-4.9785,15.0387,14.9136
10/04/2025,17:00:00,664.4875,364,126.4125,48.5938,326.55,36.1812,341.0312,341.0625,1.6359,2.7359,3.1047,2.7547,-1.4602,-4.819,14.9624,14.8438
10/04/2025,17:30:00,665.55,362.4688,125.95,48.55,324.775,36.2437,339.4062,339.5,1.7422,2.7156,2.9781,2.7016,-1.3863,-4.8145,14.8909,14.7917
10/04/2025,18:00:00,663.1062,362.1875,124.9,48.4187,324.25,36.1562,339.0938,339.0625,1.6906,2.6797,2.8922,2.6141,-1.4086,-4.7755,14.8762,14.769
10/04/2025,18:30:00,665.3375,362.3438,124.7625,48.5375,324.5,36.15,339.1875,339.2812,1.6641,2.675,2.7594,2.6031,-1.3736,-4.7105,14.9754,14.8616
10/04/2025,19:00:00,664.7,362.5625,125,48.3937,324.975,36.5125,339.4688,339.4688,1.6609,2.7672,2.8859,2.4078,-1.3351,-4.6405,14.8584,14.7609
10/04/2025,19:30:00,664.5938,362.9688,124.5875,48.025,325.125,35.7,339.6562,339.7188,1.6125,2.6516,2.9016,2.4047,-1.3806,-4.663,14.808,14.6975
10/04/2025,20:00:00,665.3375,362.8438,124.775,48.05,325.375,35.6625,339.9375,340,1.5531,2.7844,2.8641,2.5469,-1.3036,-4.582,14.8649,14.7414
10/04/2025,20:30:00,665.4437,363.9375,125.1125,47.8812,325.875,35.3812,340.5625,340.5938,1.6391,2.7172,2.7469,2.6312,-1.3504,-4.6905,14.8681,14.7332
10/04/2025,21:00:00,665.2312,359.6562,124.475,47.225,323.25,35.0687,337.8438,337.875,1.5563,2.6375,2.8609,2.7734,-1.3823,-4.7255,14.9234,14.8064
10/04/2025,21:30:00,663.7438,360.0625,122.75,46.8,322.575,34.9562,337.375,337.4688,1.6391,2.8031,2.9312,2.6312,-1.416,-4.686,14.9299,14.8259
10/04/2025,22:00:00,665.4437,360.9062,122.5125,46.5625,322.475,34.9,337.5312,337.6562,1.5469,2.6234,2.8438,2.5375,-1.4256,-4.696,15.055,14.9412
10/04/2025,22:30:00,664.9125,358.4062,121.95,46.4812,320.9,34.8125,336.0312,336.0625,1.5891,2.7422,2.95,2.4016,-1.3762,-4.67,15.2224,15.0761
10/04/2025,23:00:00,663.2125,360.5,122.2125,46.8562,322.05,34.9437,337.125,337.1875,1.6062,2.8187,2.9,2.4359,-1.3171,-4.5795,15.0534,14.9364
10/04/2025,23:30:00,663,359.5625,121.725,46.4688,321,34.7062,336.0625,336.0938,1.4469,2.3516,2.7453,2.4156,-1.2957,-4.5845,15.1281,15.0111
11/04/2025,00:00:00,665.0188,357.375,120.8125,46.5437,319.5,34.5687,334.4375,334.5,1.5469,2.6953,2.8828,2.3469,-1.3359,-4.57,15.4304,15.328
11/04/2025,00:30:00,665.55,358.2188,120.525,46.4437,319.75,34.5562,335.0625,335.1875,1.3844,2.6516,2.95,2.4437,-1.3504,-4.569,15.3686,15.2614
11/04/2025,01:00:00,591.6,354.125,119.3625,46.2,317.025,34.325,330.7812,330.8438,1.7203,3.0734,3.3438,2.6922,-1.2397,-4.0085,14.73,14.6325
11/04/2025,01:30:00,660.5563,361.2812,119.875,46.4562,320.625,34.3125,336.25,336.375,1.3016,2.5687,2.8578,2.3453,-1.2939,-4.512,15.6514,15.5441
11/04/2025,02:00:00,661.0875,361.8438,120.9375,46.85,322.35,34.325,337.9375,338.0625,1.4719,2.8609,2.9562,2.2937,-1.3254,-4.5505,15.4336,15.3199
11/04/2025,02:30:00,661.4062,362.5,121.1,46.8,322.675,34.3,338.7188,338.8125,1.425,2.5531,2.7781,2.4437,-1.3666,-4.602,15.4531,15.3459
11/04/2025,03:00:00,660.45,362.75,121.2375,46.825,323.05,34.2125,339.0938,339.1875,1.4578,2.6,2.7188,2.625,-1.3981,-4.638,15.5051,15.3979
11/04/2025,03:30:00,661.1937,363,121.5,46.8375,323.6,34.2188,339.5,339.5938,1.5422,3.0656,3.0875,2.4875,-1.3381,-4.6225,15.575,15.4629
11/04/2025,04:00:00,651.3125,362.9375,121.3375,46.5187,323.775,34.125,339.4062,339.4688,1.4641,2.65,2.6703,2.5969,-1.3359,-4.5605,15.2484,15.1411
11/04/2025,04:30:00,661.5125,362.5312,122.6,46.3312,324.225,34.0687,339.75,339.875,1.4797,2.7562,2.8234,2.4656,-1.3661,-4.6615,15.4239,15.3166
11/04/2025,05:00:00,661.1937,364.7812,123.7875,46.3,325.8,34,341.0312,341.125,1.5641,2.5797,2.7859,2.4844,-1.4366,-4.734,15.2191,15.1054
11/04/2025,05:30:00,661.6188,365.375,124.175,45.9437,326.475,33.9125,341.5625,341.6562,1.6922,2.7906,2.7953,2.6547,-1.3377,-4.642,15.0127,14.9087
11/04/2025,06:00:00,661.1937,364.0938,123.4125,45.8687,325.4,33.9188,340.4062,340.4688,1.6719,2.5828,2.8078,2.7422,-1.4086,-4.6995,14.8389,14.73
11/04/2025,06:30:00,469.3063,342.6562,120.05,45.9688,315.25,34.2062,324.8125,324.9375,2.4375,3.9625,4.1187,3.3844,-0.9133,-2.9835,13.378,13.2902
11/04/2025,07:00:00,441.15,335.4375,115.2625,46.4,307.525,34.525,317.375,317.4375,2.3031,4.2125,4.4812,3.6641,-0.8542,-2.748,13.404,13.3016
11/04/2025,07:30:00,444.5499,331.125,113.8375,47.0187,302.45,35.2,312.625,312.6875,2.4984,4.0875,4.1562,3.5328,-0.9496,-2.8785,13.3764,13.2967
11/04/2025,08:00:00,443.9125,330.0625,113.1375,47.6312,301.275,35.6562,311.5312,311.5938,2.5672,3.6906,3.8984,3.4766,-0.9076,-2.8385,13.378,13.2837
11/04/2025,08:30:00,659.175,351.875,116.75,48.4812,309.575,36.0312,327.0625,327.3438,1.9391,3.0203,3.0719,2.5672,-1.5149,-4.9945,15.3767,15.2435
11/04/2025,09:00:00,659.8125,363.4375,122.9,48.95,322.1,36.5438,338.1875,338.25,1.6328,2.6766,2.8812,2.4594,-1.3158,-4.598,15.263,15.1411
11/04/2025,09:30:00,652.0563,364.0938,124.2,49.325,324.1,36.8,339.4375,339.4688,1.5469,3.0562,2.7562,2.3469,-1.3823,-4.613,15.1899,15.0647
11/04/2025,10:00:00,469.9437,348.3125,122.675,49.2687,318.55,37.1562,328.2188,328.25,2.2125,3.6391,4.0984,3.2828,-0.9313,-2.958,13.6754,13.5828
11/04/2025,10:30:00,324.9125,334.2188,119.25,49.0625,313.65,37.1625,318.5938,318.6562,3.1969,4.8781,5.1203,4.1031,-0.7422,-1.9025,12.8645,12.7654
11/04/2025,11:00:00,263.075,312.5,123.35,48.825,297.2,37.45,300.2188,300.3125,3.4453,5.5938,5.575,4.4,-0.7217,-1.7945,12.8661,12.7881
11/04/2025,11:30:00,264.8812,307.7812,114.5125,49.05,289.15,37.5625,293.4688,293.5312,3.6531,5.4984,5.5516,4.3641,-0.7934,-1.9475,13.0514,12.962
11/04/2025,12:00:00,254.0437,305.1562,112.8125,49.6187,286.525,38.125,290.7188,290.75,3.7406,5.5516,5.9734,4.6141,-0.7134,-1.845,12.9636,12.8775
11/04/2025,12:30:00,263.6062,305,113.375,49.75,286.65,38.35,290.5938,290.6875,3.1812,5.4141,6.0984,4.6562,-0.7213,-1.8515,12.8872,12.7962
11/04/2025,13:00:00,264.35,305.8438,112.9875,48.7062,286.825,37.15,290.75,290.8125,3.4516,5.5859,6,4.8594,-0.6696,-1.864,13.0822,13.001
11/04/2025,13:30:00,587.5625,335.5938,113.2,49.8187,297.325,37.4375,312.4062,312.7188,2.0172,2.8578,3.4594,2.8922,-1.4388,-4.871,15.9683,15.8285
11/04/2025,14:00:00,664.4875,366.7188,124.4375,50.0687,324.75,37.7062,340.9688,341.0312,1.7953,2.6359,3.0797,2.55,-1.4641,-4.858,15.2581,15.1184
11/04/2025,14:30:00,558.7688,358.1875,125.9875,50,323.05,37.95,335.3438,335.4062,2.0469,3.3172,3.3062,2.7734,-1.1863,-3.942,14.4586,14.3497
11/04/2025,15:00:00,560.15,352.8125,121.4625,49.4688,316.725,37.925,329.8438,329.9062,2.1937,3.1203,3.4844,3.0922,-1.1981,-3.869,14.3692,14.2799
11/04/2025,15:30:00,561,352.125,121.05,49.5687,316.025,37.9188,328.9062,328.9375,1.9953,3.0141,3.4312,2.9781,-1.1487,-3.752,14.236,14.1255
11/04/2025,16:00:00,666.1875,365.2812,125.0625,49.6187,322.875,37.8062,338.5625,338.6562,1.6687,2.3906,2.8453,2.4203,-1.3202,-4.688,15.5376,15.419
11/04/2025,16:30:00,664.8063,369.375,126.2625,49.3,327.125,37.15,342.625,342.7188,1.6813,2.55,2.9047,2.1891,-1.3127,-4.727,15.3312,15.1899
11/04/2025,17:00:00,665.4437,363.7812,125.5625,48.8812,324.3,37.05,339.3125,339.2812,1.4828,2.8,2.7328,2.2594,-1.3884,-4.6895,15.2825,15.1558
11/04/2025,17:30:00,462.9313,347.3438,123.55,47.875,317.925,36.6875,327,327.0938,2.1984,3.7375,3.9703,3.3734,-0.9754,-3.0225,13.5161,13.4089
11/04/2025,18:00:00,498.2063,344.3125,117.2375,47.7812,308.75,36.3812,320.75,320.8438,2.0391,3.8562,4.2219,3.2547,-1.0822,-3.4265,14.0556,13.9419
11/04/2025,18:30:00,665.4437,362.7188,121.3125,48.0625,319.375,35.8687,335.7188,335.7812,1.7219,2.2672,2.9547,2.3891,-1.3127,-4.6645,15.6644,15.5376
11/04/2025,19:00:00,516.6937,353.0938,123.5625,47.8187,322.55,35.9437,332.875,332.875,2.1125,3.9125,4.4109,3.2422,-1.0043,-3.302,13.8151,13.7192
11/04/2025,19:30:00,461.3375,338.2812,118.4625,47.5437,309.475,35.9,319.4062,319.5,2.1312,3.8672,4.1359,3.2484,-0.9159,-2.929,13.7111,13.638
11/04/2025,20:00:00,654.3938,357.0625,120.25,47.8125,316.25,35.6562,332.1562,332.25,1.7,2.7016,3.0344,1.9594,-1.4366,-4.638,15.5815,15.4109
11/04/2025,20:30:00,654.5,363,123.35,47.5875,322.975,35.6875,338.2188,338.3125,1.3656,2.8,3.0703,1.8828,-1.3211,-4.51,15.3345,15.2045
11/04/2025,21:00:00,665.2312,364.7812,123.9,47.7125,324.1,35.45,340.25,340.3125,1.6969,2.7203,2.9656,2.4312,-1.3066,-4.675,15.5051,15.3816
11/04/2025,21:30:00,665.7625,364.75,124.3125,47.5062,326.325,35.1312,341.125,341.1875,1.5453,2.3047,2.8891,2.45,-1.297,-4.603,15.2581,15.146
11/04/2025,22:00:00,665.55,366.2188,125.05,47.6875,327.075,35.3563,342.3438,342.4375,1.5531,3.1281,3.2797,1.9797,-1.3989,-4.7085,15.1135,15.0127
11/04/2025,22:30:00,612.2125,362.8125,124.1875,46.9875,326.8,35.1625,340.0312,340.0625,1.4594,2.7234,3.1094,2.7266,-1.2581,-4.1975,14.509,14.3888
11/04/2025,23:00:00,463.6749,350.5312,122.925,46.9062,321.125,35.2375,330.25,330.3125,2.0812,3.7031,4.175,3.4156,-0.9264,-2.9855,13.5194,13.4284
11/04/2025,23:30:00,442.4249,338.3125,117.4875,47.05,310.05,35.3375,319.8125,319.875,1.9797,3.8047,4.1344,3.3,-0.9868,-2.895,13.3975,13.2708
12/04/2025,00:00:00,443.0625,339.0312,116.525,46.6687,309.05,35.1063,318.9062,318.9375,2.2,3.7531,4.0797,3.3797,-0.9041,-2.8275,13.1846,13.1017
12/04/2025,00:30:00,444.2312,335.0938,115.925,47.175,306.8,35.1562,316.6562,316.6562,2.1594,3.9734,4.1719,3.4234,-0.8704,-2.765,13.3991,13.3228
12/04/2025,01:00:00,661.0875,356.7188,119.15,46.7875,314.575,34.625,330.875,331.0938,1.8016,2.8141,3.2297,2.2016,-1.4694,-4.763,15.0891,14.9689
12/04/2025,01:30:00,531.7812,353.1562,120.8,46.9062,318.25,34.7562,329.75,329.75,2.2453,3.4766,3.4328,3.1797,-1.0782,-3.557,13.703,13.6039
12/04/2025,02:00:00,532.525,355.6562,119.7875,46.5437,317.875,34.4625,330.1875,330.25,2.2719,3.9125,3.6922,3.0656,-1.0984,-3.6055,13.7956,13.6932
12/04/2025,02:30:00,533.1625,349.0625,118.55,45.9312,314.225,34.3,326.0938,326.2188,2.1516,3.3703,3.6312,3.4187,-1.0686,-3.5585,13.7485,13.651
12/04/2025,03:00:00,533.0563,348.2188,117.55,45.8062,313.5,34.125,325.4375,325.5,2.0672,3.4125,3.3937,3.1484,-1.1391,-3.627,13.7127,13.6087
12/04/2025,03:30:00,533.8,347.9688,117.4375,45.35,313.725,34.1,325.4688,325.5938,2.1828,3.2922,3.7,3.1953,-1.1413,-3.6005,13.69,13.6039
12/04/2025,04:00:00,617.2063,358.1562,120.5,45.3875,319.4,34.1562,333.7188,333.7812,2.0969,3.1516,3.3438,2.7312,-1.2489,-4.398,14.4537,14.3465
12/04/2025,04:30:00,663.3187,366.6875,122.75,45.7812,324.45,34.1375,340.2812,340.3438,1.8438,2.6906,2.9859,2.4719,-1.367,-4.7515,14.8015,14.6829
12/04/2025,05:00:00,663.3187,368.5,124.4375,45.9812,327.5,34.0625,342.8438,342.9688,1.8406,2.8187,2.9391,2.4,-1.3718,-4.6785,14.6374,14.5187
12/04/2025,05:30:00,663.2125,368.2188,124.725,45.8187,328.975,33.975,343.25,343.375,1.7984,2.5125,2.8344,2.4266,-1.3788,-4.672,14.7479,14.6292
12/04/2025,06:00:00,663.7438,368.7812,124.75,46.05,329.575,34.0125,343.7188,343.7812,1.8109,2.4891,2.8,1.8469,-1.3075,-4.5725,14.7528,14.6715
12/04/2025,06:30:00,662.575,369.5312,125.0375,46.1937,330.1,34.0562,344.4375,344.5312,1.6344,2.2969,2.8797,2.4062,-1.3132,-4.6355,14.7836,14.6943
12/04/2025,07:00:00,636.9688,365.875,124.2625,46.7375,327.725,34.4125,341.6875,341.6875,1.7094,2.6078,2.9312,2.6797,-1.2493,-4.4235,14.5935,14.5009
12/04/2025,07:30:00,532.8438,356.9062,122.2375,46.9625,321.675,35.0312,333.7188,333.75,2.0969,3.2984,3.7266,3.1578,-1.0349,-3.6875,13.9923,13.8915
12/04/2025,08:00:00,531.8875,349.125,118.6375,46.9937,315.225,34.9062,327.6562,327.6875,2.0484,3.2062,3.6937,3.1031,-1.0997,-3.673,14.002,13.8801
12/04/2025,08:30:00,469.625,340.0312,117.7125,47.3562,310.975,35.3875,321.6562,321.75,2.0406,3.8672,3.9609,3.2562,-1.0209,-3.1665,13.6348,13.5243
12/04/2025,09:00:00,315.8812,325.0312,119.5,47.8375,308.475,36.2875,311.8438,311.9062,2.6234,4.4953,5.0031,4.4594,-0.7261,-2.003,13.0774,12.9766
12/04/2025,09:30:00,489.6,347.5625,113.925,48.125,310.35,35.5687,323.5625,323.6562,2.2281,3.3906,3.8172,3.4234,-0.9877,-2.921,13.3845,13.2756
12/04/2025,10:00:00,468.0312,341.125,114.925,48.25,308.05,36.1063,319.7188,319.8125,2.0609,3.7875,3.9203,3.275,-1.0419,-3.147,13.8395,13.7582
12/04/2025,10:30:00,273.9125,318.1562,124.8,48.3875,303.475,36.9562,305.8438,305.7812,3.0109,4.8422,5.4844,4.7297,-0.6902,-1.804,12.8612,12.7686
12/04/2025,11:00:00,263.5,311.8125,116.775,48.4187,292.05,37.0875,296.0312,296.0312,3.7781,5.7156,5.7328,4.8391,-0.7138,-1.877,13.0985,13.0026
12/04/2025,11:30:00,265.2,308.9375,113.1625,48.7875,288.65,37.4312,293.3438,293.4375,3.6078,5.5672,5.85,5.1859,-0.7768,-1.9575,13.0676,12.9701
12/04/2025,12:00:00,264.2438,309.7812,113.55,49.2062,288.9,37.6312,293.3438,293.375,3.4641,5.3687,5.7734,5.0984,-0.751,-1.9085,12.9669,12.8743
12/04/2025,12:30:00,263.075,310.1875,114.2,49.2375,289.7,37.5812,293.9062,294,3.9281,6.0234,5.7656,4.6937,-0.6806,-1.849,13.105,13.0124
12/04/2025,13:00:00,414.5875,328.375,109.625,49.0375,296.5,36.6063,307.2812,307.3125,2.5078,4.3016,4.5984,3.4875,-0.9851,-2.861,13.5779,13.4739
12/04/2025,13:30:00,572.1562,358.3125,117.3125,49.45,317.225,36.7,332.0938,332.1875,1.6891,2.8219,3.2859,2.8719,-1.2209,-3.952,14.7072,14.6097
12/04/2025,14:00:00,661.6188,371.3438,126.6875,49.7937,329.7,36.9875,346.3125,346.375,1.6937,2.6516,2.8719,2.5766,-1.3578,-4.835,15.5051,15.3719
12/04/2025,14:30:00,661.4062,369.9375,128.1875,50.4688,330.15,37.7562,346,346,1.5625,2.5875,3.0766,2.5391,-1.43,-4.7965,15.3085,15.2256
12/04/2025,15:00:00,531.1438,357.6562,126.7375,50.45,324.525,38.7062,336.1562,336.25,1.9031,3.45,3.5531,2.8906,-1.1382,-3.537,13.9159,13.8151
12/04/2025,15:30:00,543.15,358.375,123.05,50.0812,320.5,38.4312,333.5938,333.7188,1.7172,2.975,3.4141,3.1,-1.1347,-3.6295,14.119,14.002
12/04/2025,16:00:00,540.2812,357.4062,121.0125,49.75,320.225,37.2875,333.75,333.8438,1.9172,3.4641,3.3937,2.9844,-1.1413,-3.6815,14.1206,14.0247
12/04/2025,16:30:00,540.8125,354.0312,120.9,49.8062,318.6,37.8125,331.5312,331.5938,1.7109,3.4828,3.4937,2.8531,-1.129,-3.657,14.0101,13.9094
12/04/2025,17:00:00,541.7688,355.5,121.55,49.975,319.925,38.125,332.7812,332.8125,1.7141,3.1531,3.425,3.0359,-1.1041,-3.5305,13.8834,13.7956
12/04/2025,17:30:00,542.1937,354.75,120.2375,48.4187,319.475,36.3312,332.1875,332.2812,1.6969,3.2453,3.4391,2.7078,-1.1251,-3.567,13.9435,13.8444
12/04/2025,18:00:00,540.7063,355.4062,120.1,48.1875,319.625,36.1,332.5625,332.6562,1.8578,3.2359,3.4094,2.7547,-1.0559,-3.5525,14.119,14.0215
12/04/2025,18:30:00,541.6625,356.3438,120.3375,48.1625,320.2,36.1937,333.125,333.1875,1.8578,3.3125,3.3703,2.8344,-1.1636,-3.6715,14.0524,13.9516
12/04/2025,19:00:00,664.7,371.5,125.3375,48.1125,329.925,35.7625,345.9688,346.125,1.6219,2.4594,2.6312,2.6516,-1.3473,-4.649,14.9591,14.8275
12/04/2025,19:30:00,664.8063,375,127.2375,47.8875,333.875,35.8563,349.9375,350.0312,1.6156,2.7797,2.9141,2.5828,-1.3565,-4.6835,14.9494,14.8567
12/04/2025,20:00:00,663.5312,373.4375,126.925,47.2062,333.325,35.2687,349.375,349.375,1.6172,2.6281,2.8266,2.4984,-1.3998,-4.715,14.9104,14.7966
12/04/2025,20:30:00,664.275,368.8438,126.15,47.1625,331.275,35.3563,346.0312,346.0938,1.4656,2.7312,3.1172,2.525,-1.3526,-4.592,14.9315,14.8226
12/04/2025,21:00:00,664.5938,368,125.6,47.2062,329.6,35.0125,344.5938,344.6875,1.5766,2.4984,2.8844,2.5625,-1.2519,-4.575,15.1574,15.0534
12/04/2025,21:30:00,665.55,371.2188,125.6,46.95,331.25,34.8312,346.5625,346.625,1.6406,2.8609,2.9422,2.6516,-1.3119,-4.637,14.847,14.7121
12/04/2025,22:00:00,667.1438,371.1875,125.2625,46.8375,331.25,34.8312,346.75,346.8438,1.5391,2.6656,2.9891,2.6375,-1.3346,-4.7005,15.1297,15.0274
12/04/2025,22:30:00,665.975,365.25,125.6125,46.775,328.65,34.7938,343.4688,343.5,1.5828,2.6422,2.8609,2.6781,-1.3941,-4.7315,15.0956,14.9916
12/04/2025,23:00:00,665.125,365.0938,124.575,46.6375,328.475,34.5562,343.1875,343.2188,1.5469,2.5203,2.8578,2.6125,-1.4147,-4.7445,15.0729,14.9656
12/04/2025,23:30:00,665.55,367.3125,126.4625,46.325,330.175,34.6812,344.9688,345.0625,1.4594,2.6625,2.8906,2.4703,-1.4046,-4.7115,14.9721,14.8584
13/04/2025,00:00:00,665.4437,368.75,126.3625,46.3125,330.875,34.4312,345.4688,345.5312,1.4266,2.7078,3.0828,2.4812,-1.3797,-4.642,15.0241,14.925
13/04/2025,00:30:00,665.975,369.9375,125.025,46.2125,331.325,34.15,346.3438,346.2812,1.4453,2.8234,2.8828,2.3734,-1.3561,-4.5985,14.9347,14.8421
13/04/2025,01:00:00,665.3375,370.375,125.4125,45.9562,331.8,34.1562,346.5312,346.5938,1.4969,2.5219,2.6484,2.5031,-1.3753,-4.607,14.938,14.821
13/04/2025,01:30:00,665.0188,371.0625,125.275,45.6,332.3,34.1125,347.3125,347.4062,1.5906,2.7516,2.7656,2.6594,-1.3499,-4.6375,15.0192,14.9217
13/04/2025,02:00:00,665.125,373.75,126.125,45.7625,334.4,34.0625,349.5625,349.5938,1.4938,2.6016,3,2.5,-1.3784,-4.648,14.938,14.8291
13/04/2025,02:30:00,666.1875,372.375,126.25,45.9688,333.825,34.2437,348.6875,348.75,1.5391,2.7375,2.7844,2.5125,-1.3967,-4.6895,14.9169,14.7999
13/04/2025,03:00:00,665.2312,370.2812,126.3875,46.1625,332.25,34.4188,346.9688,347,1.4578,2.7016,2.725,2.5297,-1.3443,-4.7005,15.0518,14.9478
13/04/2025,03:30:00,665.4437,366.9375,126.75,45.9312,330.15,34.35,344.5312,344.625,1.5516,2.6625,2.8031,2.4828,-1.3845,-4.75,15.0241,14.9282
13/04/2025,04:00:00,665.2312,364.6562,124.075,45.7812,326.975,34.1562,341.8438,341.875,1.5281,2.4953,2.8641,2.5562,-1.3303,-4.7055,15.1232,15.0306
13/04/2025,04:30:00,664.7,365.5625,124.5,46.1375,327.775,34.0687,342.6875,342.7812,1.4766,2.7828,3.0172,2.6328,-1.3814,-4.6715,14.9786,14.8844
13/04/2025,05:00:00,665.2312,365.7188,124.025,46.1062,327.875,33.8375,342.6562,342.7188,1.5406,2.8016,2.8703,2.4094,-1.3626,-4.551,14.9364,14.8291
13/04/2025,05:30:00,665.6562,366.7812,124.1375,45.9812,328.525,33.875,343.25,343.3438,1.4562,2.7891,2.8812,2.4531,-1.3578,-4.5215,14.8356,14.7251
13/04/2025,06:00:00,664.8063,367.0938,124.325,46.2687,329.175,34.0125,343.9062,344,1.5281,2.5594,2.9312,2.325,-1.3867,-4.575,14.9217,14.8177
13/04/2025,06:30:00,660.2375,371.0312,125.6375,46.5562,331.25,34.1187,346.3125,346.4375,1.4812,2.7,2.8391,2.55,-1.3954,-4.672,14.8031,14.7072
13/04/2025,07:00:00,516.9062,364.5625,124.2625,46.75,331.9,34.4625,342.7812,342.8438,1.6,2.9641,3.6172,2.6297,-1.0341,-3.161,13.2399,13.1359
13/04/2025,07:30:00,467.2875,354.8125,121.75,46.8937,323.1,34.8625,332.9688,333,1.9078,3.6484,4.4062,3.475,-0.9256,-3.038,13.2935,13.1992
13/04/2025,08:00:00,407.7875,350.2188,119.35,47.2812,319.375,35.2562,328.6875,328.75,2.3125,4.2672,4.9047,3.6781,-0.8901,-2.4265,12.806,12.7101
13/04/2025,08:30:00,264.2438,315.5,127.925,47.425,302.975,36.45,304.6875,304.75,3.1422,4.5547,4.6359,4.0531,-0.6351,-1.732,12.7735,12.6825
13/04/2025,09:00:00,266.475,316.5938,117.8375,47.7812,295.8,36.6562,299.625,299.6875,3.5141,5.3,5.8328,4.9047,-0.6819,-1.8685,12.9246,12.8304
13/04/2025,09:30:00,265.5187,313.4688,114.425,47.6375,292.75,36.65,297,296.9688,3.7703,5.85,5.4016,4.4734,-0.7374,-1.867,12.8889,12.8109
13/04/2025,10:00:00,263.9249,314.0312,114.9,47.85,293.05,36.7313,297.0625,297.1562,3.5859,5.6922,5.675,4.9453,-0.7352,-1.87,12.7572,12.6711
13/04/2025,10:30:00,265.625,314.5312,115.7125,48.3812,293.5,37.2125,297.5312,297.5938,3.7281,5.7375,5.8187,5.0062,-0.7239,-1.8395,12.8369,12.7329
13/04/2025,11:00:00,264.8812,314.125,115.7375,48.4062,293.425,37.2188,297.5,297.5625,3.6703,5.5656,5.4094,4.8469,-0.6652,-1.764,12.8499,12.7361
13/04/2025,11:30:00,262.8624,314.9375,115.725,47.6187,293.9,36.7437,297.9688,297.9062,3.7828,5.6344,5.3844,4.0625,-0.6132,-1.6955,12.8401,12.7507
13/04/2025,12:00:00,265.8375,315.2812,115.1625,46.7437,294.275,35.6812,298.2812,298.3438,3.8047,5.3609,5.3406,4.5281,-0.6534,-1.7415,12.8726,12.7767
13/04/2025,12:30:00,263.2875,314.875,116.0875,46.7125,294.625,35.6562,298.2812,298.4062,3.3141,4.9766,5.1906,4.6641,-0.7147,-1.8455,12.9051,12.8125
13/04/2025,13:00:00,263.6062,320.9062,117.4,46.5812,298.425,35.5562,301.9688,302.0625,3.6984,5.6422,4.9031,4.1422,-0.7654,-1.865,12.7264,12.6337
13/04/2025,13:30:00,264.8812,320.75,117.175,46.5437,298.4,35.5438,302.1875,302.25,3.625,5.2594,5.0812,4.6641,-0.6784,-1.784,12.9327,12.8417
13/04/2025,14:00:00,264.35,319.4375,116.8875,46.7937,297.775,35.7188,301.9062,301.9375,3.5969,5.7953,5.5656,4.4875,-0.6766,-1.788,12.8759,12.7995
13/04/2025,14:30:00,265.3063,319.5312,117.0125,47.0437,298.3,35.9125,302.2812,302.3125,3.5641,5.2406,5.5828,4.9344,-0.7016,-1.832,12.8158,12.7524
13/04/2025,15:00:00,265.7312,323.1875,116.8,47.4812,299.25,36.2938,303.6562,303.7812,3.6937,5.2375,5.4156,4.7953,-0.7387,-1.889,12.7264,12.6386
13/04/2025,15:30:00,264.35,323.25,116.1625,47.2,299.775,36.15,304.5938,304.6562,3.8469,5.8297,5.5672,4.8359,-0.6399,-1.758,12.9571,12.8759
13/04/2025,16:00:00,265.625,320.3438,116.8,47.0562,296.725,35.8875,301.625,301.6562,3.3719,4.8891,5.5906,4.9625,-0.6666,-1.7945,12.9474,12.8531
13/04/2025,16:30:00,458.7875,326.9062,112.8,46.55,296.15,34.7313,307.5312,307.5312,2.4437,3.8781,4.2422,3.3203,-1.0704,-3.588,14.548,14.4375
13/04/2025,17:00:00,655.775,384.5312,123.0625,46.725,334.325,34.4437,351.4688,351.5312,1.5297,2.3687,2.7484,2.3109,-1.2226,-4.5145,15.0583,14.9526
13/04/2025,17:30:00,660.2375,396.1562,130.25,46.0125,346.4,33.85,363.25,363.3125,1.4625,2.1016,2.5297,2.1719,-1.3333,-4.6505,14.8909,14.7804
13/04/2025,18:00:00,659.0687,391.8438,130.75,45.4562,345.6,33.35,361.75,361.875,1.1781,2.3734,2.7766,1.95,-1.36,-4.5875,14.7186,14.6146
13/04/2025,18:30:00,662.2562,384.1875,131.3375,45.2562,344,33.0562,358.4375,358.4375,1.3266,2.2297,2.3203,2.1156,-1.4121,-4.628,14.8519,14.7495
13/04/2025,19:00:00,661.0875,382.2812,129.6875,45.3562,340.975,33.0812,355.4688,355.625,1.4422,2.3766,2.6937,2.325,-1.4309,-4.5575,14.7316,14.6357
13/04/2025,19:30:00,658.2188,376.125,129.175,45.225,337.65,32.925,351.9375,352.0312,1.7219,2.8422,2.9328,2.5844,-1.3561,-4.535,14.6341,14.5252
13/04/2025,20:00:00,659.9187,376.5938,127,45.1187,335.3,32.8187,350.5,350.5938,1.7016,2.6391,2.8438,2.5641,-1.3644,-4.61,15.0192,14.9152
13/04/2025,20:30:00,660.45,375.125,125.375,45.0437,334.5,32.725,349.8125,349.8438,1.625,2.9406,2.9094,2.4719,-1.3259,-4.5275,14.8762,14.7901
13/04/2025,21:00:00,658.9625,374.2188,125.3625,45.2812,334.225,32.9688,349.5,349.5625,1.5141,2.8906,2.9766,2.3344,-1.3254,-4.526,14.8892,14.7983
13/04/2025,21:30:00,659.175,374.1875,125.375,45.3438,334.35,33.0062,349.625,349.625,1.6031,2.7219,2.7172,2.5,-1.2086,-4.454,14.9039,14.782
13/04/2025,22:00:00,659.6,375.5938,125.9875,45.5187,335.225,33.1562,350.4062,350.4375,1.6984,2.7469,2.9344,2.8031,-1.3324,-4.579,14.9543,14.8567
13/04/2025,22:30:00,661.0875,378.6562,127,45.9187,337.225,33.4,352.5938,352.625,1.625,2.5219,2.5703,2.6047,-1.3622,-4.563,14.8112,14.7089
13/04/2025,23:00:00,664.1687,377.0625,127.475,46.0812,336.525,33.6,351.875,351.9062,1.6141,2.7344,2.7219,2.5297,-1.4024,-4.642,14.9104,14.8064
13/04/2025,23:30:00,463.1437,351.25,124.6125,45.5,323.55,33.575,332.7188,332.75,2.4062,4.0297,4.3469,3.5875,-0.9286,-2.9705,13.4284,13.3276
14/04/2025,00:00:00,438.2812,338.375,116.9625,45.375,310.85,33.475,320.2812,320.3125,2.5344,4.0672,4.0922,3.7062,-0.9579,-2.8135,13.2984,13.2025
14/04/2025,00:30:00,289.1062,319.9375,125.975,45.4625,304.425,34.15,306.4375,306.4688,3.5094,5.0547,5.6031,4.7234,-0.7024,-1.9225,12.7621,12.6695
14/04/2025,01:00:00,327.8875,315.7188,113.6625,45.075,294.4,33.4688,300.2812,300.4375,3.2875,5.4641,5.3672,4.2344,-0.702,-2.092,13.2496,13.1651
14/04/2025,01:30:00,355.5125,318.7812,114.25,45.0062,297.7,33.275,303.4062,303.4688,2.7641,4.7844,5.0219,4.0125,-0.8267,-2.2785,13.1927,13.1131
14/04/2025,02:00:00,355.4062,318.9062,117.025,45.2375,299.55,33.4,304.2812,304.375,2.7031,4.8203,4.7891,3.9047,-0.7742,-2.226,13.04,12.9441
14/04/2025,02:30:00,355.725,319.8125,117.025,45.3125,300,33.5187,304.8125,304.9062,2.8234,5.0547,5.1547,3.9828,-0.7374,-2.228,13.3081,13.2057
14/04/2025,03:00:00,356.6813,320,117.1875,45.6375,300.375,33.8687,305.1875,305.2812,2.7781,4.7312,5.0125,3.9391,-0.8577,-2.324,13.2951,13.1976
14/04/2025,03:30:00,355.6188,320.5,117.0125,45.4312,300.875,33.7188,305.9375,306.0312,2.7672,4.7203,4.8797,3.8906,-0.7278,-2.184,13.1944,13.0952
14/04/2025,04:00:00,355.2999,320.875,117.15,45.2937,301.45,33.6562,306.4375,306.5312,2.9453,4.8844,5.025,3.8656,-0.779,-2.258,13.2447,13.157
14/04/2025,04:30:00,357.7438,322.9062,118.3875,45.4875,302.75,33.8125,307.9062,308,2.9516,5.0641,4.9266,3.9812,-0.7825,-2.269,13.1749,13.0741
14/04/2025,05:00:00,355.725,325.3438,117.225,45.8562,303.85,34.0562,309.3125,309.4062,2.7,4.8219,5.0625,3.6937,-0.7611,-2.244,13.0952,13.0026
14/04/2025,05:30:00,355.4062,325.1562,116.925,45.575,303.95,33.8687,309.7188,309.7812,2.7031,4.9672,5.05,3.6266,-0.7562,-2.21,13.3796,13.2773
14/04/2025,06:00:00,385.0499,330,114.8,45.5687,305.875,33.6875,313.4375,313.4688,2.6016,4.6172,4.8203,3.5437,-0.8617,-2.46,13.3455,13.2594
14/04/2025,06:30:00,387.7062,334.5625,115.175,45.6625,307.875,33.6375,316.9688,317.0312,2.6437,4.6297,4.6156,3.6797,-0.8709,-2.3745,12.9522,12.8645
14/04/2025,07:00:00,356.3624,325.25,118.4625,45.6375,304.775,33.9188,310.7812,310.8438,2.8187,4.8375,4.8344,4.1109,-0.7427,-2.311,13.3764,13.2529
14/04/2025,07:30:00,355.9375,325.2812,117.875,45.55,304.025,33.8312,310.3438,310.375,3.0406,5.1391,5.0031,3.675,-0.7597,-2.293,13.2431,13.1456
14/04/2025,08:00:00,354.9812,320.4688,116.45,46.225,300.775,34.425,306.9062,306.9688,2.8172,4.8156,4.8531,4.0703,-0.7917,-2.332,13.1765,13.0969
14/04/2025,08:30:00,355.9375,320.1562,116.2875,46.5187,300.3,34.7812,306.3438,306.4375,2.9688,4.8234,4.8469,3.6359,-0.7886,-2.273,13.235,13.1521
14/04/2025,09:00:00,354.6625,320.5312,116.3875,46.6687,299.975,34.9,306.0938,306.125,2.7437,4.8984,5.0078,3.7578,-0.8109,-2.297,13.2805,13.1846
14/04/2025,09:30:00,355.4062,320.5938,115.7375,47.4187,299.65,35.6562,305.75,305.8125,2.85,4.8484,4.8406,3.7672,-0.8079,-2.274,13.1537,13.0449
14/04/2025,10:00:00,338.9375,316.0938,119.2,47.25,298.45,35.775,302.8125,302.8438,3.1656,5.3719,5.4625,4.0141,-0.7856,-2.343,13.378,13.2708
14/04/2025,10:30:00,356.15,320.6875,113.875,47.8187,299.025,35.975,305.6562,305.75,2.8453,4.8875,5.0922,3.8922,-0.7869,-2.2385,13.1684,13.0758
14/04/2025,11:00:00,356.4688,322.3438,115.225,48.325,300.25,36.5312,306.7812,306.875,2.8609,4.9937,4.8047,3.4094,-0.8074,-2.2535,13.2057,13.118
14/04/2025,11:30:00,280.2875,315.9688,121.7625,48.5562,298.55,37.575,302.0625,302.125,3.65,5.3297,5.1703,4.8625,-0.7024,-1.9545,13.0758,12.9994
14/04/2025,12:00:00,340.1062,323.0938,112.1875,48.2188,298.25,36.3875,305.4062,305.5312,3.3344,5.3609,5.1547,3.7203,-0.7987,-2.208,13.1554,13.0725
14/04/2025,12:30:00,355.0875,326.0625,114.1125,48.0125,301.75,36.3187,309,309.125,2.9359,4.8375,4.9078,3.8219,-0.8534,-2.2795,13.079,13.0059
14/04/2025,13:00:00,354.9812,327.1875,114.7625,47.9875,302.925,36.2375,310.3125,310.4062,2.9703,5.1578,5.0609,3.775,-0.8061,-2.274,13.1131,13.0221
14/04/2025,13:30:00,355.9375,331.625,115.4,47.9625,305.475,36.1375,313.375,313.4375,2.9422,5.1109,5.2125,3.7406,-0.7479,-2.2085,13.17,13.0822
14/04/2025,14:00:00,355.6188,330.0312,114.725,47.825,304.75,36.0438,312.75,312.7812,3.0328,5.1031,5.0203,3.6828,-0.7913,-2.283,13.1359,13.0611
14/04/2025,14:30:00,354.9812,330.125,114.8125,47.1875,305.375,35.4312,312.9375,313,2.9703,4.7625,4.8859,4.0359,-0.8092,-2.3055,13.066,12.9766
14/04/2025,15:00:00,354.875,330.3438,115.1,47.175,305.7,35.4312,313.2188,313.3125,2.9688,4.6812,5.1094,4.3984,-0.7764,-2.262,13.1976,13.1196
14/04/2025,15:30:00,353.0687,330.1875,115.025,46.8187,305.95,35.0625,313.3125,313.375,3.0281,5.1172,5.0562,4.0875,-0.7654,-2.2485,13.1749,13.0758
14/04/2025,16:00:00,355.0875,330.4375,115.4,46.6125,306.475,34.8625,313.75,313.8438,2.9906,4.7516,5.0672,4.2062,-0.7974,-2.2835,13.0595,12.9474
14/04/2025,16:30:00,568.5437,352.4062,116.3125,46.7562,314.75,34.5312,329.7188,329.75,1.9031,3.1266,3.575,2.7922,-1.2288,-4.2025,15.1801,15.068
14/04/2025,17:00:00,580.6562,372.9688,126.175,46.6,333.55,34.3875,347.625,347.6562,1.6984,2.95,3.1625,2.8281,-1.2191,-3.9645,14.379,14.2652
14/04/2025,17:30:00,468.1375,361.0312,122.775,45.9375,327.425,34.0312,337.9688,338,2.0891,3.5234,4.1859,3.2531,-1.0258,-3.0435,13.3975,13.3114
14/04/2025,18:00:00,354.025,343.6562,123.9375,45.6437,322.45,33.9062,327.5312,327.5,2.9391,4.5,5.0437,3.8687,-0.7816,-2.254,13.1099,13.014
14/04/2025,18:30:00,427.0187,349.9688,116.175,45.5125,315.25,33.5875,325.75,325.9375,2.4078,4.0484,4.4688,3.5578,-0.8577,-2.7085,13.4251,13.3309
14/04/2025,19:00:00,357.3187,337.625,120,45.6437,312.6,33.8812,318.8438,318.9375,2.9266,4.4109,4.5625,3.6781,-0.94,-2.504,13.1716,13.0887
14/04/2025,19:30:00,356.6813,331.2812,116.5375,45.6312,307.3,33.8187,314.4375,314.5,2.8484,4.4953,4.6859,3.9203,-0.877,-2.389,13.1294,13.04
14/04/2025,20:00:00,579.4875,351.0312,114.9625,45.6687,312.925,33.425,327.9375,328,1.5875,2.9266,3.0516,2.7828,-1.3088,-4.041,15.0696,14.9478
14/04/2025,20:30:00,660.1312,378,124.9375,45.475,334.55,33.125,350.8438,351,1.4375,2.6641,3.1719,2.5547,-1.3176,-4.4705,15.0144,14.9023
14/04/2025,21:00:00,659.4938,381,127.1875,45.3,338.525,32.9937,354.5625,354.625,1.5641,2.4062,2.6984,2.6125,-1.3346,-4.465,14.6504,14.5382
14/04/2025,21:30:00,660.1312,381,126.9625,45.025,338.325,32.7437,354.4375,354.5,1.5187,2.6797,3.0141,2.4812,-1.2677,-4.413,14.886,14.769
14/04/2025,22:00:00,660.3438,378.8125,127.275,45.1937,338.775,32.825,353.7812,353.7812,1.5563,2.9,2.7891,2.5672,-1.3053,-4.4475,14.7235,14.626
14/04/2025,22:30:00,661.1937,380.375,128.7625,45.2812,339.725,32.95,354.5625,354.625,1.4906,2.675,2.9078,2.4641,-1.3981,-4.5985,14.6081,14.522
14/04/2025,23:00:00,660.45,380.2812,128.65,45.2812,339.625,32.95,354.5625,354.5312,1.6922,3.0437,3.1156,2.4406,-1.3513,-4.5735,14.7999,14.7089
14/04/2025,23:30:00,660.875,378.125,128.8,45.725,336.975,33.35,351.75,351.7812,1.7937,2.8766,2.9688,2.5187,-1.4265,-4.632,14.7089,14.6049
15/04/2025,00:00:00,660.9812,377.7812,127.8,45.8687,335.525,33.4437,350.5312,350.5625,1.6984,2.5828,2.8266,2.5531,-1.3653,-4.563,14.7056,14.6146
15/04/2025,00:30:00,536.6687,372.625,125.5,45.8,336.1,33.4875,348.0625,347.8438,1.9422,2.9516,3.3266,2.9688,-1.0476,-3.358,13.5243,13.4154
15/04/2025,01:00:00,666.6125,369.1875,123.125,45.9125,325.6,33.4625,341.9688,342.0625,1.2812,2.4219,2.6906,2.1359,-1.4121,-4.7355,15.4369,15.3036
15/04/2025,01:30:00,550.5875,368.9062,124.3125,45.5187,329.8,33.4312,342.5938,342.5938,1.8937,2.9234,3.3922,2.925,-1.1364,-3.728,14.1418,14.0378
15/04/2025,02:00:00,586.075,370.7188,121.375,45.3438,326.925,33.25,341.5938,341.7188,1.8516,3.3187,3.3812,2.5594,-1.2117,-3.9225,14.4602,14.3692
15/04/2025,02:30:00,562.5938,361.3438,120.525,45.1687,322.95,33.225,336.0938,336.1562,1.9422,3.3703,3.4125,2.7188,-1.1579,-3.724,14.2977,14.197
15/04/2025,03:00:00,580.4437,360.875,118.7125,44.7937,321.325,32.9312,335.2188,335.2812,1.7469,2.7391,3.2547,2.7844,-1.1448,-3.7755,14.3514,14.2458
15/04/2025,03:30:00,664.1687,371.6875,122.0875,45.0625,328.1,32.9188,344.2188,344.3438,1.5953,2.9391,2.8141,2.3422,-1.2909,-4.4885,15.172,15.0387
15/04/2025,04:00:00,664.9125,378.9062,125.5375,45.2375,333.05,33.1688,349.25,349.3438,1.5,3.0484,2.7547,2.6547,-1.3731,-4.669,15.1606,15.0452
15/04/2025,04:30:00,663.6375,377.2188,125.5,45.05,334.675,32.8438,349.9062,350.0312,1.4203,2.5594,2.8531,2.5047,-1.3548,-4.5095,14.847,14.7381
15/04/2025,05:00:00,662.0437,377.1875,125.375,44.575,335.175,32.8687,350.2188,350.3125,1.5078,2.5016,2.7828,2.4797,-1.3976,-4.5595,14.8242,14.7154
15/04/2025,05:30:00,663.3187,377.375,125.225,44.4312,335.275,32.7188,350.5938,350.5938,1.625,2.7937,3.0297,2.5266,-1.3005,-4.4645,15.0192,14.9234
15/04/2025,06:00:00,663.6375,376.8438,125.2625,44.4437,335.4,32.6125,350.9062,350.9375,1.5594,2.7203,2.8078,2.5453,-1.3758,-4.604,15.0518,14.9396
15/04/2025,06:30:00,663.9563,376.1562,125.1,45.0938,334.375,32.75,349.9688,350,1.475,2.7484,2.6641,2.2875,-1.2931,-4.4915,15.0794,14.9591
15/04/2025,07:00:00,513.825,366.375,123.6875,45.4875,329.325,33.3,340.7812,340.9062,2.1484,3.4547,3.4781,2.9797,-0.9837,-3.3845,13.9711,13.8704
15/04/2025,07:30:00,426.3812,345.7188,118.7875,45.9562,315.975,34.0812,325.0938,325.1562,2.3094,3.8312,4.8219,4.0516,-0.9601,-2.8745,13.4137,13.3244
15/04/2025,08:00:00,440.8312,338.2812,115.4125,46.2625,309.45,34.3375,319.6562,319.625,2.1984,3.8453,3.8484,3.2922,-0.9422,-2.8765,13.6672,13.5681
15/04/2025,08:30:00,519.775,349.875,116.35,46.3875,314.975,34.1562,327.8125,327.8125,2.0672,3.8156,3.7172,3.0516,-1.0218,-3.3275,14.0572,13.9516
15/04/2025,09:00:00,426.4874,342.375,116.8125,46.6687,313.1,34.6812,323.2812,323.3438,2.2078,4.0812,4.4203,3.5422,-0.9212,-2.676,13.3699,13.274
15/04/2025,09:30:00,354.7687,328.7812,119.0375,46.7812,305.925,34.9813,312,312.0625,2.7219,4.8453,5.0984,3.8125,-0.8,-2.243,13.0693,12.9766
15/04/2025,10:00:00,355.0875,323.6562,114.7375,47.0062,300.55,35.1125,307.6875,307.7188,2.8203,4.9562,5.0734,4.0547,-0.7632,-2.227,13.2708,13.1684
15/04/2025,10:30:00,354.6625,322.5,114.75,47.35,300.5,35.4437,307.3125,307.4062,2.8,5.0437,5.0859,3.8219,-0.8118,-2.2735,13.2301,13.1359
15/04/2025,11:00:00,280.7125,320.7188,117.25,47.9312,302.375,36.3812,305.6875,305.6562,3.1266,4.9891,5.3859,4.6562,-0.7352,-1.8375,12.871,12.793
15/04/2025,11:30:00,277.3125,313.125,118.2875,47.925,295.25,36.6562,299.125,299.1875,3.6703,5.6219,5.4906,4.4641,-0.7453,-1.878,12.8824,12.7914
15/04/2025,12:00:00,280.5,311.4375,114.875,48.275,292.9,36.9688,297.625,297.6562,3.6125,5.5406,5.6062,4.7062,-0.6898,-1.8225,13.0091,12.9409
15/04/2025,12:30:00,355.8312,322.9062,111.3375,48.125,298.225,36.25,305.9062,306.0312,2.7437,5.0406,5.1141,3.8906,-0.8529,-2.271,13.2139,13.1245
15/04/2025,13:00:00,355.2999,324.7188,114.3625,48.1625,301.45,36.3,308.75,308.875,2.8828,5.0875,5.1375,3.8891,-0.7917,-2.232,13.1375,13.04
15/04/2025,13:30:00,355.725,325.6875,114.8375,47.9812,302.55,36.1437,309.8438,310.0312,2.7547,4.9344,5.0891,3.8937,-0.7558,-2.23,13.3504,13.2708
15/04/2025,14:00:00,356.15,326.2188,114.95,47.7,303.175,35.875,310.6562,310.75,2.6641,5.0312,5.1594,3.8312,-0.8083,-2.273,13.1407,13.0351
15/04/2025,14:30:00,356.575,326.5938,114.9625,47.1062,304.15,35.2812,311.1562,311.2812,2.6109,4.8547,5.0375,3.75,-0.8123,-2.2655,13.1115,13.0238
15/04/2025,15:00:00,355.8312,327.5625,115.4625,47.0062,305.075,35.1937,312.0938,312.1875,2.6453,4.9875,5.0922,3.9484,-0.772,-2.2315,13.2301,13.1342
15/04/2025,15:30:00,355.4062,331.7188,115.6875,47.125,307.1,35.3,314.6562,314.75,2.6937,4.9953,5.1359,3.8047,-0.786,-2.249,13.1115,13.014
15/04/2025,16:00:00,356.7875,331.7812,115.625,46.9375,307.4,35.2562,315.0312,315.125,2.6516,5.0391,5.1969,3.9844,-0.7737,-2.2415,13.1359,13.0449
15/04/2025,16:30:00,476.1062,355.125,115.6375,46.3375,319.35,34.3125,330.875,330.9375,2.1453,3.6859,4.1266,3.2328,-0.9772,-3.049,13.7761,13.6819
15/04/2025,17:00:00,499.9062,362.75,118.7,46.0125,324.725,33.8187,337.0312,337.1562,2.1656,3.4297,3.8547,3.1391,-1.0564,-3.277,13.9484,13.8655
15/04/2025,17:30:00,469.5188,361.4062,119.9375,45.8438,325.125,33.8687,336.4375,336.5625,2.1234,3.7328,4.2687,3.3859,-1.0363,-3.176,13.6672,13.5649
15/04/2025,18:00:00,433.8187,348.75,121.975,45.6812,318.525,33.6312,328.3125,328.4062,2.2484,4.0391,4.3578,3.325,-0.9676,-2.9165,13.4414,13.352
15/04/2025,18:30:00,663.425,369.7812,121.75,45.8312,325.525,33.2812,342.875,342.9062,1.7859,2.6687,3.0672,2.7156,-1.444,-5.099,15.9747,15.8301
15/04/2025,19:00:00,644.8313,389.8125,130,45.75,343.125,33.325,359.3438,359.3438,1.5078,2.7188,3.0906,2.5312,-1.3583,-4.6315,14.8974,14.7674
15/04/2025,19:30:00,465.5875,365.5938,127.4125,45.8312,335.2,33.8,344.5625,344.625,2.2234,3.6094,4.4797,3.4906,-1.0043,-3.0125,13.2594,13.1684
15/04/2025,20:00:00,659.4938,372.8125,123.05,45.6187,327.85,33.2375,345.1562,345.2188,1.5594,3.0375,3.0547,2.5187,-1.4593,-4.7315,15.3085,15.1801
15/04/2025,20:30:00,661.0875,383.4688,127.0625,45.7,337.75,33.2875,354.7188,354.8125,1.6312,2.8078,3.0672,2.6375,-1.4208,-4.693,15.1558,15.0274
15/04/2025,21:00:00,659.2812,383.8438,127.425,45.6,338.5,33.6125,355.3125,355.375,1.3875,2.5828,2.725,2.5547,-1.3434,-4.5295,15.1882,15.0534
15/04/2025,21:30:00,660.45,381.5625,127.5875,44.95,338.275,33.4375,354,354.0312,1.6,2.7172,2.8391,2.4922,-1.4243,-4.6115,15.185,15.0777
15/04/2025,22:00:00,529.3375,371.5312,124.55,44.975,333.475,33.5938,345.9688,346.0625,2.0031,3.1172,3.6266,3.225,-1.0415,-3.4115,13.9662,13.8541
15/04/2025,22:30:00,519.8812,364.375,120.525,45.1062,326.025,33.475,339.2812,339.2812,1.8672,3.1953,3.4937,3.0156,-0.9549,-3.3085,13.8704,13.7615
15/04/2025,23:00:00,520.7312,369,121.2875,45.5875,328.475,33.7938,341.5938,341.7188,1.9516,3.5172,3.3828,2.8422,-1.0944,-3.412,13.9825,13.8866
15/04/2025,23:30:00,430.525,358.0312,119.7875,45.625,324.025,33.7375,334.8125,334.9062,2.1656,3.7797,4.3453,3.4641,-0.9676,-2.722,13.2464,13.1521
16/04/2025,00:00:00,353.2812,346.6562,121.5,45.9,320.875,34.3563,326.4375,326.4688,3.1516,5.0687,5.0938,4.0109,-0.8411,-2.2785,13.0302,12.9376
16/04/2025,00:30:00,388.2374,343.5625,116.05,46.3125,312.475,34.5812,321.6562,321.6875,2.1891,4.4594,4.8594,3.4734,-0.807,-2.4125,13.2382,13.1407
16/04/2025,01:00:00,388.5563,341.0312,114.15,46.2,310.725,34.1875,320.2812,320.3125,2.4031,4.4484,4.7422,3.5984,-0.8494,-2.464,13.2675,13.1635
16/04/2025,01:30:00,386.2188,340.625,114.9125,45.9812,311.1,34.2375,320.3438,320.4375,2.5172,4.4047,4.4625,3.4453,-0.8792,-2.451,13.2366,13.1424
16/04/2025,02:00:00,375.9125,339.5938,115.8875,45.3687,311.5,33.8625,320.0312,320.125,2.55,4.6984,4.7359,3.7375,-0.8004,-2.339,13.1066,13.0205
16/04/2025,02:30:00,520.5188,356,115.4,44.875,317.6,33.225,331.2188,331.2812,2.1859,3.4328,3.7656,3.0375,-0.9816,-3.297,14.0166,13.9126
16/04/2025,03:00:00,492.0437,358.8125,117.1,44.1937,321.675,32.9937,334.125,334.25,2.1344,3.6766,4.0609,3.1359,-1.0817,-3.1935,13.6624,13.5632
16/04/2025,03:30:00,463.9938,354.125,116.925,43.9375,319.9,32.725,331.2188,331.25,1.975,3.9125,4.2234,3.2812,-0.9899,-2.911,13.4462,13.3471
16/04/2025,04:00:00,526.8938,352.0625,117.6,43.875,316.85,32.5375,329.4062,329.5312,1.9172,3.5281,3.6156,3.0125,-1.0984,-3.738,14.5269,14.4294
16/04/2025,04:30:00,659.7063,375.4375,121.75,44.2812,330.6,32.6937,347.7188,347.8438,1.5687,2.7562,2.9203,2.6609,-1.3368,-4.483,15.1086,14.9965
16/04/2025,05:00:00,660.3438,370.7188,123.8,44.0312,331.125,32.575,347.0312,347.125,1.4859,2.4906,2.7469,2.325,-1.3434,-4.462,15.0777,14.9591
16/04/2025,05:30:00,660.875,371.7188,123.675,44.3062,331.725,32.725,347.8438,347.9062,1.5563,2.2687,2.7359,2.4719,-1.3766,-4.4695,14.9217,14.8031
16/04/2025,06:00:00,659.8125,373.5312,125.6875,44.625,334.475,32.725,349.5938,349.6875,1.6047,2.7328,3.0562,2.7484,-1.3657,-4.5525,14.9445,14.8275
16/04/2025,06:30:00,657.05,375.4062,125.5125,45.4688,335.475,33.125,350.8125,350.9062,1.6531,2.9812,2.9625,2.2578,-1.3215,-4.458,14.9266,14.8291
16/04/2025,07:00:00,659.2812,375.2188,126.025,45.8312,336.125,33.3875,351.125,351.2188,1.4094,2.4844,2.8047,2.3891,-1.2712,-4.3865,14.808,14.7056
16/04/2025,07:30:00,660.2375,379.7812,127.05,46.1812,337.775,33.9125,353.2812,353.3438,1.4281,2.5,2.7391,2.3469,-1.3819,-4.5445,15.0583,14.964
16/04/2025,08:00:00,659.9187,379.4688,127.875,47.1562,338.35,35.0187,353.8125,353.8438,1.1969,2.7547,2.5859,2.6719,-1.3189,-4.4825,14.8844,14.7934
16/04/2025,08:30:00,659.6,384.75,129.05,46.8438,341.425,34.4188,356.9062,357,1.3297,2.8937,2.5625,2.4406,-1.3377,-4.492,14.7966,14.6943
16/04/2025,09:00:00,641.325,381.6875,128.425,47.175,338.475,34.6875,353.875,353.9688,1.6578,3.3547,3.0047,2.6203,-1.3259,-4.3875,14.4651,14.366
16/04/2025,09:30:00,468.6687,358.9688,124.6125,47.1062,327.525,35.1312,337.3125,337.4062,1.9,3.8891,4.0016,2.9781,-0.9693,-2.9635,13.4917,13.3942
16/04/2025,10:00:00,343.7188,341.9375,123.9,47.5812,318.575,35.7437,324.375,324.375,3.0562,4.8172,4.8203,3.8219,-0.8337,-2.2205,13.0173,12.923
16/04/2025,10:30:00,339.7875,334.9062,118.2875,47.6812,308.45,35.9062,314.9375,315.0312,2.7984,5.1328,5.2953,3.9562,-0.8201,-2.197,13.1846,13.0725
16/04/2025,11:00:00,279.225,329,117.9875,47.3875,305.775,35.7687,310.25,310.2188,3.5531,5.45,6.2109,4.9578,-0.7208,-1.819,12.9165,12.8369
16/04/2025,11:30:00,266.1562,323.0938,117.4,47.45,299.925,36.0312,303.8125,303.8438,3.5531,5.5641,5.9937,4.8969,-0.7829,-1.875,12.9132,12.8239
16/04/2025,12:00:00,266.6875,321.6562,115.0875,47.2687,297.4,35.8563,301.6875,301.7188,3.7453,5.4156,5.5578,5.1766,-0.7213,-1.835,12.9165,12.8287
16/04/2025,12:30:00,266.1562,322.875,115.575,47.2562,298.1,35.8312,302.0625,302.1562,3.9125,5.7672,5.4062,4.8281,-0.7348,-1.859,13.0173,12.9198
16/04/2025,13:00:00,330.225,326.8438,112,47.375,299.2,35.5562,306.2812,306.375,2.8703,4.8453,4.9812,4.2516,-0.8162,-2.162,13.1895,13.0985
16/04/2025,13:30:00,640.7937,356.3438,116.1875,47.375,312.225,34.6125,329.5312,329.5938,1.5141,2.9391,2.7437,2.625,-1.3775,-4.882,16.2218,16.0917
16/04/2025,14:00:00,660.3438,390.0938,127.325,47.4875,339.725,34.6937,357.75,357.875,1.6188,3.1547,2.7,2.6297,-1.3473,-4.657,15.25,15.1184
16/04/2025,14:30:00,660.5563,391.1875,130.575,47.1187,343.25,34.3937,360.4688,360.5312,1.5953,2.6969,2.8781,2.5656,-1.4212,-4.713,15.0387,14.925
16/04/2025,15:00:00,488.6438,366.4688,126.9125,46.6,332.775,34.3187,343.7188,343.8125,1.9641,3.3844,3.9641,3.325,-1.0437,-3.153,13.4999,13.4072
16/04/2025,15:30:00,661.8313,369.375,123.4875,46.6687,326.075,34.1375,343.0938,343.125,1.5484,2.8594,2.6156,2.5281,-1.3994,-4.6195,15.3312,15.1785
16/04/2025,16:00:00,660.9812,376.4688,125.775,46.4187,332.175,33.9125,348.875,349,1.6375,2.8766,2.7781,2.4703,-1.3801,-4.5675,15.0615,14.9526
16/04/2025,16:30:00,660.45,371.9062,125.9875,46.2875,331.15,33.8312,347.3125,347.375,1.5547,2.7203,2.5984,2.4312,-1.4427,-4.5975,14.9315,14.8161
16/04/2025,17:00:00,660.2375,372.375,125.3,46.35,331.6,33.7437,347.125,347.1875,1.5172,3.1531,2.6219,2.4203,-1.353,-4.502,15.0761,14.951
16/04/2025,17:30:00,457.9375,354.5,122.7625,46.0312,323.55,34.1875,333,333.0312,2.1984,3.8828,4.1656,3.1687,-1.0297,-3.0845,13.6364,13.5308
16/04/2025,18:00:00,660.7688,372.9062,121.75,46.0187,326.975,34.225,344.0938,344.1562,1.3297,2.8125,2.4469,2.325,-1.3766,-4.532,15.3312,15.2094
16/04/2025,18:30:00,659.9187,377.5625,125.6,45.9375,333.1,34.3687,349.6562,349.7812,1.4922,2.9609,2.5703,2.2344,-1.3609,-4.5175,15.1038,14.9949
16/04/2025,19:00:00,659.4938,377.6562,126.5,45.7375,334.575,34.275,350.8438,350.9375,1.5125,3.0359,3.0938,2.2687,-1.3526,-4.6315,15.185,15.0859
16/04/2025,19:30:00,660.1312,380.5625,127.35,45.7562,337.825,34.1937,353.0625,353.1562,1.3203,2.7922,2.5797,2.225,-1.3355,-4.4505,15.0534,14.9526
16/04/2025,20:00:00,658.9625,381.0312,127.5125,45.8375,338.35,34.2,353.4062,353.5,1.3547,2.5109,2.7719,2.45,-1.3246,-4.4055,14.8226,14.7251
16/04/2025,20:30:00,660.2375,381.2812,127.5125,45.6,338.25,34.05,353.5625,353.6562,1.3344,2.7328,2.5562,2.5687,-1.3027,-4.432,15.0469,14.9526
16/04/2025,21:00:00,659.7063,379.7812,127.45,45.6562,337.15,34.1,352.5625,352.5938,1.4437,3.1562,2.6219,2.4094,-1.3027,-4.407,14.8827,14.7674
16/04/2025,21:30:00,659.3875,376.4062,126.675,45.7062,335.25,34.0875,350.4375,350.4688,1.325,2.4281,2.8875,2.5531,-1.3429,-4.437,15.0046,14.886
16/04/2025,22:00:00,658.9625,377.6562,126.9125,45.5687,336.35,34,351.7812,351.8125,1.4219,2.8,2.9531,2.55,-1.3539,-4.4685,14.99,14.8779
16/04/2025,22:30:00,660.3438,375.3438,126.9625,45.5687,335.825,34.0187,350.8125,350.8438,1.5812,2.6156,2.7687,2.3766,-1.3587,-4.5125,14.9006,14.8031
16/04/2025,23:00:00,658.2188,374.5938,126.2,45.6062,334.65,34.0187,349.9062,349.9062,1.5672,2.9484,2.7469,2.2484,-1.3517,-4.4285,15.0501,14.9396
16/04/2025,23:30:00,659.2812,376.4688,126.575,45.5312,336.125,33.9062,351.3125,351.4062,1.4453,2.7734,2.8609,2.0812,-1.3189,-4.397,15.2256,15.1086
17/04/2025,00:00:00,660.2375,377.4375,128.15,45.8187,337.65,33.9688,352.375,352.4688,1.5781,3.0094,2.9656,2.1469,-1.3946,-4.5535,15.1167,15.016
17/04/2025,00:30:00,660.2375,380.5938,128.725,45.65,339.3,33.8,353.9688,354.0938,1.4406,2.7609,2.9203,2.1219,-1.3863,-4.478,14.8909,14.7966
17/04/2025,01:00:00,660.025,380.9375,127.7875,45.7625,339.525,33.7562,354.4062,354.4688,1.5375,3.1375,2.7766,2.0641,-1.3132,-4.3685,15.0046,14.8974
17/04/2025,01:30:00,659.4938,379.7812,129.95,46.0375,339.125,33.675,353.1875,353.2188,1.3812,2.8625,2.5766,2.225,-1.3534,-4.4815,15.0209,14.8958
17/04/2025,02:00:00,660.025,379.8438,127.85,45.5875,337.75,33.5938,352.1562,352.1875,1.4094,2.9109,2.7766,2.0156,-1.3801,-4.4865,14.7625,14.6747
17/04/2025,02:30:00,659.6,380.2812,127.7875,45.5312,337.925,33.35,352.3438,352.3125,1.3375,3.075,2.85,2.1609,-1.3534,-4.433,14.873,14.7625
17/04/2025,03:00:00,661.3,384.2188,128.5875,45.6375,338.95,33.2562,353.75,353.7812,1.325,2.8891,2.4312,2.3734,-1.4256,-4.579,14.9998,14.9006
17/04/2025,03:30:00,660.5563,387.5938,129.2375,45.6875,341.625,33.2812,357,357.0938,1.3328,2.8781,2.7547,2.2891,-1.3753,-4.513,14.9071,14.795
17/04/2025,04:00:00,660.45,377.4375,127.2375,45.275,336.525,33.1437,351.4062,351.5,1.3937,2.5844,2.7047,2.2891,-1.3005,-4.3435,14.8909,14.8129
17/04/2025,04:30:00,659.2812,376.0625,125.95,45.2937,335.4,33.1,350.5625,350.5625,1.3375,2.7734,2.8031,2.6219,-1.339,-4.417,14.9152,14.8145
17/04/2025,05:00:00,660.3438,370.8438,126.3,45.525,333.15,33.2,347.6562,347.7188,1.4406,3.1453,2.9734,2.0125,-1.3154,-4.3705,15.1297,15.0192
17/04/2025,05:30:00,659.0687,370.625,124.9125,45.3187,331.9,33.2062,346.6562,346.7188,1.3844,2.9047,2.6812,2.4125,-1.3189,-4.4755,15.1493,15.0339
17/04/2025,06:00:00,660.025,373.7812,125.35,45.2188,333.775,33.4625,348.8438,348.875,1.4938,2.7703,2.9469,2.2734,-1.3281,-4.43,15.1769,15.0647
17/04/2025,06:30:00,659.8125,374.3125,125.6,45.5,334.375,33.675,349.2812,349.3125,1.4359,2.8797,2.9984,2.0828,-1.3298,-4.3595,15.0842,14.9851
17/04/2025,07:00:00,483.65,368.2188,123.225,46.025,331.825,33.9937,343.375,343.375,2.0844,4.0812,4.2281,2.8906,-0.9146,-2.7065,13.0741,12.9815
17/04/2025,07:30:00,470.05,350.6875,119.425,46.1687,318.225,34.4312,329.2812,329.3125,2.0531,3.9688,4.1172,3.0125,-0.9352,-2.895,13.7144,13.6136
17/04/2025,08:00:00,469.8375,342.125,115.9125,46.1562,311.25,34.0625,322.3438,322.375,1.8797,3.9328,4.1797,2.9812,-0.9247,-2.871,13.6315,13.5519
17/04/2025,08:30:00,659.7063,365.875,120.75,46.7625,323.475,34.0812,340,340.0625,1.6469,2.7625,3,2.2359,-1.3075,-4.4095,15.2272,15.1005
17/04/2025,09:00:00,468.775,353.875,121.4125,47.0687,322.325,34.9875,332.6562,332.7812,2.2188,3.9375,4.2875,3.2797,-0.9439,-2.945,13.6331,13.5372
17/04/2025,09:30:00,472.6,355.9375,119.1375,47.85,319.8,35.6937,331.0625,331.1562,2.0766,3.8484,4.4391,3.1016,-1.0223,-3.0615,13.6868,13.6006
17/04/2025,10:00:00,471.325,353.5312,118.55,48.075,318.525,35.7812,330.125,330.1562,2.0141,3.6891,4.0578,3.1125,-1.0227,-2.9925,13.6884,13.599
17/04/2025,10:30:00,471.9625,356.9062,119.8875,48.275,320.4,35.9875,331.9062,332.0312,2.2891,3.7344,4.5344,3.1875,-1.1636,-3.23,13.7339,13.6494
17/04/2025,11:00:00,263.075,326.0312,125.8125,48.85,312.925,37.3687,315.2812,315.3438,3.2422,5.4812,5.7203,4.6062,-0.6617,-1.6045,12.7052,12.611
17/04/2025,11:30:00,268.3875,321.5625,118.925,49.3125,298.625,38,302.9375,302.9062,3.8344,5.6031,5.8609,4.5016,-0.7978,-1.9195,12.7979,12.7069
17/04/2025,12:00:00,267.2188,320.5625,114.7375,49.625,295.55,38.6437,300.75,300.7812,3.5578,5.3875,5.5828,4.7094,-0.7243,-1.857,12.8678,12.7816
17/04/2025,12:30:00,267.6437,320.0938,113.6125,49.9937,294.525,38.7188,300,300.0938,3.8422,5.5969,5.9,4.9094,-0.7208,-1.8565,13.0042,12.9132
17/04/2025,13:00:00,368.475,329.0938,109.6875,49.375,297.975,37.3812,308,308.0625,2.9266,5.0625,5.2297,3.7937,-0.8245,-2.3325,13.209,13.1213
17/04/2025,13:30:00,500.7562,359.9375,116.5625,49.7937,318,37.8312,332.1562,332.2812,2.5234,3.825,3.8422,3.0234,-1.1312,-3.355,13.8363,13.742
17/04/2025,14:00:00,646.2125,381.25,126.4625,49.7125,334.725,37.3687,352.2188,352.3125,1.6375,2.5781,3.1281,2.6609,-1.3005,-4.4685,14.9965,14.8779
17/04/2025,14:30:00,664.7,387.3125,131.025,50.075,340.25,37.8312,357.9062,358,1.8078,2.8281,3.1641,2.5203,-1.4304,-4.8145,15.2711,15.1558
17/04/2025,15:00:00,665.6562,379.9062,131.0375,49.9,338.35,37.7625,354.9375,354.9688,1.6562,2.7297,2.9484,2.325,-1.3622,-4.5865,15.0355,14.9039
17/04/2025,15:30:00,666.5062,377.2188,129.7125,49.5375,336.15,37.3125,351.6875,351.6875,1.5984,2.5578,2.8078,2.4906,-1.3762,-4.5635,15.0046,14.8909
17/04/2025,16:00:00,664.5938,374.2188,128.975,49.2125,334.4,37.2375,349.75,349.7812,1.7453,2.7672,3.0172,2.5328,-1.4081,-4.634,15.055,14.9347
17/04/2025,16:30:00,665.6562,376.5312,129.075,48.8312,335.35,37.125,350.8438,350.9688,1.7172,2.6,2.95,2.5156,-1.3998,-4.5885,14.8811,14.7739
17/04/2025,17:00:00,665.125,377.3438,130.3,48.4937,336.4,37.0062,351.7812,351.875,1.7281,2.6766,2.9922,2.5828,-1.4554,-4.7105,14.9282,14.808
17/04/2025,17:30:00,664.1687,378.6562,129.2875,48.1375,337.25,36.6812,352.9062,353,1.7062,2.8109,3.1937,2.6344,-1.4239,-4.643,14.8876,14.7722
17/04/2025,18:00:00,665.2312,378.75,129.025,47.8187,337.475,36.3125,353.0938,353.1875,1.5156,2.3641,2.8453,2.3969,-1.4007,-4.619,14.9721,14.8632
17/04/2025,18:30:00,666.5062,381.0312,130.875,47.65,339.375,36.1688,354.75,354.875,1.6734,2.6453,3.0094,2.5484,-1.4269,-4.691,14.7154,14.6049
17/04/2025,19:00:00,663.425,381.4062,129.9625,47.7625,339.85,36.2125,355.3438,355.4062,1.8141,2.8094,3.0422,2.5891,-1.3149,-4.5395,14.8438,14.7397
17/04/2025,19:30:00,665.0188,381,129.6625,47.9375,340.075,35.7812,355.4375,355.5312,1.5563,2.7781,2.9625,2.4922,-1.3574,-4.5405,14.6731,14.5691
17/04/2025,20:00:00,664.7,381.7812,129.825,47.975,340.725,35.6937,356.3125,356.4062,1.4938,2.5859,2.5812,2.3375,-1.3193,-4.5085,14.6682,14.5691
17/04/2025,20:30:00,665.2312,381.7188,130.075,47.7625,340.6,35.3687,356.0625,356.125,1.6906,2.6281,2.7609,2.5078,-1.3569,-4.611,14.6536,14.5464
17/04/2025,21:00:00,665.7625,380.875,129.625,47.5875,339.475,35.2188,354.75,354.8125,1.6906,2.6984,2.8125,2.3422,-1.3053,-4.56,14.665,14.548
17/04/2025,21:30:00,664.9125,384.9688,130.3625,46.9812,342.1,35.4188,357.4688,357.5,1.5484,2.8328,2.9641,2.2687,-1.3845,-4.545,14.4797,14.3497
17/04/2025,22:00:00,664.0625,388.375,131.0375,46.8875,344.1,35.0625,359.0625,359.1562,1.6719,2.6859,2.7297,2.1172,-1.2786,-4.535,14.7674,14.6601
17/04/2025,22:30:00,665.125,382.1875,130.2125,46.975,340.75,34.9937,355.25,355.2812,1.7828,2.8062,3.1,2.3734,-1.3569,-4.6235,14.821,14.7121
17/04/2025,23:00:00,664.1687,377.0625,130.575,46.6812,338.525,35.0187,352.5938,352.625,1.6547,2.6328,2.9609,2.4375,-1.4287,-4.674,14.7397,14.6423
17/04/2025,23:30:00,664.4875,373.0938,128.05,46.6812,334.7,34.8062,349.0312,349.125,1.7094,2.5875,2.775,2.3078,-1.3534,-4.589,15.1151,15.016
18/04/2025,00:00:00,666.4,375.8438,127.775,46.5125,336.025,34.6688,350.5,350.5312,1.5859,2.4688,2.6891,2.2594,-1.3976,-4.524,14.9445,14.834
18/04/2025,00:30:00,665.4437,376.375,127.4375,46.125,336.325,34.6187,351.125,351.2188,1.5187,2.8219,2.9781,2.1641,-1.3504,-4.4175,14.7657,14.6682
18/04/2025,01:00:00,520.3063,365.1875,125.225,45.8687,329.975,34.7,341.3438,341.375,1.8766,3.6234,3.8891,3.0062,-1.1894,-3.435,13.7339,13.6348
18/04/2025,01:30:00,660.9812,376.375,125.4375,46.5562,332.75,34.6125,349.0938,349.1562,1.5141,2.7328,2.7484,2.0984,-1.2747,-4.379,15.146,15.0209
18/04/2025,02:00:00,660.3438,382.0938,128.2,46.375,337.725,34.3312,354.375,354.4688,1.6344,2.8125,2.8828,2.1141,-1.3613,-4.508,14.8974,14.769
18/04/2025,02:30:00,659.9187,380.7188,127.9125,46.0562,336.95,34.4437,353.5938,353.625,1.4156,2.6125,2.9375,2.2703,-1.374,-4.4805,15.1411,15.0079
18/04/2025,03:00:00,659.8125,380.25,127.875,46.4125,337.975,34.1562,353.125,353.1875,1.3734,2.6312,2.6828,2.3219,-1.2454,-4.2925,14.8567,14.7463
18/04/2025,03:30:00,614.975,372.0938,126.4875,46.4688,333.2,34.1688,346.9062,346.9688,1.5578,2.8734,2.8344,2.5422,-1.3044,-4.062,14.3059,14.21
18/04/2025,04:00:00,659.9187,373.4688,126.875,46.4312,333.8,34.0187,348.4688,348.5625,1.4156,2.7844,2.9281,2.2281,-1.3692,-4.531,15.0063,14.8844
18/04/2025,04:30:00,598.6125,372.5,125.5375,46.0812,333.025,34.1875,346.7188,346.7188,1.4375,2.9531,3.0641,2.5672,-1.1789,-3.949,14.3254,14.223
18/04/2025,05:00:00,659.9187,378.75,126.7125,45.9062,336.575,33.8625,351.5312,351.625,1.5672,2.3328,2.8062,2.2703,-1.3198,-4.3735,14.8226,14.7186
18/04/2025,05:30:00,592.45,375.25,126.4125,45.6,335.4,34.05,348.9062,348.9375,1.5578,2.7937,3.0078,2.525,-1.2629,-3.864,14.0101,13.9207
18/04/2025,06:00:00,464.3125,363.4688,123.675,45.7437,332.675,34.075,341.9688,341.9375,1.9281,3.6812,4.0453,2.9469,-0.9186,-2.779,13.3877,13.2789
18/04/2025,06:30:00,664.8063,371.3125,122.25,46.4375,324.175,34.0187,341.3438,341.375,1.7922,2.8766,3.0312,2.1547,-1.4523,-4.734,15.4905,15.3605
18/04/2025,07:00:00,665.6562,383.1875,127.8375,46.4875,337.525,34.1812,353.5,353.625,1.4641,2.1437,2.7359,2.2437,-1.3228,-4.4945,15.1362,15.0111
18/04/2025,07:30:00,665.3375,380.5312,128.4625,46.9688,336.9,34.5812,352.375,352.375,1.5125,2.1797,2.7578,1.95,-1.304,-4.436,15.1931,15.0826
18/04/2025,08:00:00,665.125,381.125,128.9375,47.3,338.475,34.8062,352.875,353,1.5484,2.4594,2.7797,1.8594,-1.304,-4.4135,14.9607,14.8584
18/04/2025,08:30:00,665.4437,381.0625,129.325,47.4,338.925,34.9125,353.4375,353.5312,1.3953,2.2531,2.8703,2.25,-1.3779,-4.509,14.9169,14.8275
18/04/2025,09:00:00,665.4437,384.1562,131.2625,47.6375,340.975,35.0687,355.5938,355.6562,1.4641,2.9016,2.6141,2.425,-1.3976,-4.5805,15.0501,14.9445
18/04/2025,09:30:00,490.6625,371.0625,129.5625,47.9375,340.2,35.6812,349.2188,349.2188,1.8562,3.4656,3.7656,2.7453,-1.0284,-3.0075,13.4414,13.2951
18/04/2025,10:00:00,494.4875,361.0625,123.9875,48.0187,326.15,35.8812,336.7812,336.875,1.9609,3.075,3.6406,2.6625,-0.9899,-3.0665,13.4592,13.365
18/04/2025,10:30:00,430.7374,349.7188,120.8,48.1437,319.225,36.0187,328.5938,328.6562,2.1453,3.7031,4.1453,3.1766,-0.8459,-2.5135,13.2642,13.1635
18/04/2025,11:00:00,328.1,337.0938,121.6875,48.7562,316.4,36.8563,320.9062,320.9375,2.75,4.8547,5.2797,3.7047,-0.7834,-2.036,12.9279,12.8531
18/04/2025,11:30:00,267.0062,320.3125,123.0375,49.0562,301.55,37.5438,304.9062,304.9688,3.2172,5.1406,5.1922,4.4703,-0.7444,-1.817,12.7183,12.6289
18/04/2025,12:00:00,267.1124,313.3438,115.4125,48.825,293.75,37.1625,298.7188,298.7812,3.2672,5.7672,5.6453,4.1266,-0.6661,-1.707,12.962,12.8775
18/04/2025,12:30:00,266.6875,310.75,113.7875,48.5375,291.9,36.85,296.8438,296.875,3.2734,5.5125,5.3984,4.0938,-0.6902,-1.711,12.9653,12.8743
18/04/2025,13:00:00,448.7999,321.75,112.55,49.0875,292.125,36.825,303.1875,303.25,2.5594,4.3875,4.3344,3.6344,-1.2261,-3.5555,14.418,14.3156
18/04/2025,13:30:00,666.2937,365.5312,121.5,49.6875,322.375,36.8062,339.5,339.5625,1.4141,2.5687,2.6031,2.275,-1.4908,-4.6135,15.4434,15.3182
18/04/2025,14:00:00,665.0188,377.4062,128.225,50.1562,333.925,37.4188,350.8438,350.9688,1.5797,2.5203,2.4141,2.4969,-1.3272,-4.533,15.2922,15.1769
18/04/2025,14:30:00,664.5938,378.5,129.65,50.6187,335.475,38.15,352.0938,352.1875,1.6547,2.5187,2.7687,2.4844,-1.4331,-4.625,15.1509,15.0355
18/04/2025,15:00:00,665.6562,377.3125,130.325,50.5687,336.675,38.6562,352,352.1562,1.5172,2.2594,2.7687,2.4641,-1.4121,-4.5315,15.0014,14.8909
18/04/2025,15:30:00,665.3375,378.4062,130.775,50.5625,337.925,38.7437,353.0938,353.25,1.4812,2.5516,2.8891,2.5562,-1.3513,-4.4795,15.2013,15.0794
18/04/2025,16:00:00,665.6562,375.0625,130.425,50.3687,336.3,38.2938,351.3125,351.3438,1.5516,2.4812,2.5734,2.275,-1.3762,-4.464,14.9884,14.8811
18/04/2025,16:30:00,665.125,377.9688,130.3,49.7375,337.425,37.9625,352.7188,352.8125,1.5641,2.775,2.6125,2.4703,-1.381,-4.4885,15.1038,14.9705
18/04/2025,17:00:00,664.7,372.3125,129.375,49.8687,334.525,37.6312,349.4062,349.4375,1.4109,2.3906,2.5562,2.5,-1.3749,-4.4875,15.1232,14.9981
18/04/2025,17:30:00,665.0188,371.9688,128.7875,49.5312,333.85,37.375,348.7188,348.8125,1.6266,2.5375,2.6797,2.5875,-1.3394,-4.4555,15.2922,15.1752
18/04/2025,18:00:00,666.0813,373.1875,129.525,49.1062,334.375,36.6625,349.4375,349.5938,1.5953,2.7281,3.0359,2.5594,-1.4466,-4.603,15.1135,14.9867
18/04/2025,18:30:00,665.55,377.4062,129.4125,48.4625,336.25,35.95,351.8438,351.9688,1.6078,2.7359,2.7578,2.45,-1.4366,-4.616,15.1395,15.0306
18/04/2025,19:00:00,664.4875,376.3125,128.625,48.7437,336.375,36.3312,351.6875,351.75,1.5234,2.5437,2.7453,2.2687,-1.3657,-4.461,15.2159,15.0859
18/04/2025,19:30:00,664.8063,376,128.7625,47.9937,337.15,36.05,352.125,352.2188,1.5297,2.5516,2.6953,2.2422,-1.325,-4.4025,15.1655,15.0583
18/04/2025,20:00:00,665.975,376.4062,128.3625,47.5437,337.075,35.5938,352.3438,352.4688,1.375,2.5594,2.6641,2.0062,-1.4042,-4.4815,15.1655,15.0469
18/04/2025,20:30:00,665.975,375.25,129.2125,47.4937,336.6,35.1812,351.4688,351.4688,1.3391,2.2406,2.6656,2.2516,-1.3464,-4.3545,15.1541,15.0176
18/04/2025,21:00:00,666.825,378.8125,129.6125,47.3625,337.625,35.2375,352.5625,352.625,1.55,2.4828,2.875,2.3016,-1.3377,-4.4245,15.1752,15.0794
18/04/2025,21:30:00,664.5938,378.5312,128.2625,46.775,337.775,34.7687,352.8438,352.9375,1.4031,2.4937,2.6891,2.4078,-1.3162,-4.3745,15.1167,15.0046
18/04/2025,22:00:00,664.8063,372.1562,128.675,46.3937,335.4,34.7562,350,350.0312,1.4578,2.3484,2.6625,2.3969,-1.3823,-4.4215,14.9916,14.8665
18/04/2025,22:30:00,664.5938,373.7812,127.2375,46.2937,335.225,34.5,350.125,350.1875,1.7031,2.7094,2.7344,2.4,-1.3346,-4.38,15.0014,14.8892
18/04/2025,23:00:00,663,372.1562,128.225,46.2875,335.35,34.2313,349.75,349.8125,1.6094,2.6359,2.7312,2.4016,-1.3237,-4.4285,14.9201,14.821
18/04/2025,23:30:00,664.9125,374.3125,128.025,45.7312,335.775,33.9937,350.6875,350.8125,1.6703,2.6594,2.825,2.3078,-1.3806,-4.4545,14.834,14.7365
19/04/2025,00:00:00,665.2312,374.5,127.3625,45.6625,336.1,34.1187,350.6562,350.7188,1.4594,2.4016,2.5844,2.1875,-1.3359,-4.355,14.7755,14.6569
19/04/2025,00:30:00,666.0813,375.3438,127.1625,45.975,336.55,34.0375,351.3125,351.375,1.5672,2.5797,2.6859,2.5187,-1.3158,-4.365,14.8844,14.8064
19/04/2025,01:00:00,664.9125,376.6562,127.175,45.7812,337.325,33.75,352.2188,352.3125,1.5703,2.6078,2.6703,2.3219,-1.3981,-4.4225,14.8519,14.7397
19/04/2025,01:30:00,665.55,374.875,128.95,45.7437,336.225,34.0687,350.75,350.7812,1.4703,2.4031,2.5641,2.3016,-1.4086,-4.425,14.7966,14.6829
19/04/2025,02:00:00,665.8688,378.5312,128.275,45.9375,337.125,33.9937,352.375,352.5,1.5312,2.7453,2.9547,2.2125,-1.332,-4.4265,14.938,14.8194
19/04/2025,02:30:00,665.0188,379,128.3375,46,337.8,33.6688,353,353.0938,1.5234,2.5687,2.6359,2.3016,-1.3246,-4.379,14.8503,14.743
19/04/2025,03:00:00,665.2312,377.7188,127.925,46.1562,336.9,33.7938,352.2188,352.25,1.6188,2.5766,2.7641,2.4516,-1.402,-4.458,14.8486,14.7349
19/04/2025,03:30:00,664.9125,377.625,127.0625,45.5812,336.9,33.5125,352.2812,352.375,1.6125,2.7516,2.5938,2.375,-1.3364,-4.3985,14.9217,14.8129
19/04/2025,04:00:00,664.8063,377.9688,127.5125,45.6937,337.6,33.6812,352.8438,352.9375,1.4406,2.6937,2.8984,2.2062,-1.2738,-4.407,15.0615,14.951
19/04/2025,04:30:00,663.3187,379.4375,128.6375,45.6437,339.225,33.525,354.4062,354.4688,1.4875,2.6344,2.8578,2.1656,-1.3421,-4.435,14.8795,14.782
19/04/2025,05:00:00,664.7,378.625,128.6375,45.375,338.7,33.5938,353.5625,353.6875,1.3422,2.6656,2.9437,2.1281,-1.4129,-4.501,14.7739,14.678
19/04/2025,05:30:00,665.125,375.4062,129.1375,44.9937,338.425,33.5562,352.9375,352.9688,1.4453,2.5094,2.7906,2.3234,-1.3674,-4.4155,14.7332,14.639
19/04/2025,06:00:00,661.5125,372.875,126.7125,45.2937,335.125,33.65,349.625,349.6562,1.3688,2.3953,2.5531,2.2766,-1.3421,-4.3795,14.7885,14.7154
19/04/2025,06:30:00,664.9125,372.5625,126.9375,45.9375,334.425,34.0625,349.4688,349.5312,1.4187,2.6906,2.9953,2.3469,-1.3596,-4.4585,14.9851,14.8324
19/04/2025,07:00:00,665.0188,374.9062,127.0625,46.7188,335.5,34.2562,350.6562,350.7188,1.4844,2.5031,2.7891,2.2281,-1.2961,-4.3055,15.0306,14.9201
19/04/2025,07:30:00,665.2312,376.2188,127.5,46.8438,336.375,34.2812,351.7188,351.8125,1.3937,2.7766,2.8703,2.1531,-1.3381,-4.393,14.9494,14.8324
19/04/2025,08:00:00,664.7,376.0625,127.3125,47.0437,336.025,34.4188,351.25,351.3438,1.3688,2.7516,2.8297,2.0609,-1.3106,-4.376,15.0192,14.9201
19/04/2025,08:30:00,665.2312,377.5,128.1,47.4375,337.625,34.875,352.5938,352.6875,1.2859,2.5859,2.7266,2.0172,-1.3456,-4.3535,15.0404,14.9201
19/04/2025,09:00:00,514.9938,368.6875,128.4875,48.0562,335.575,35.8438,346.1875,346.25,1.9125,3.2844,3.3062,2.8469,-1.0896,-3.25,13.599,13.5129
19/04/2025,09:30:00,486.4125,354.5,124.725,48.875,323.125,37,333.8125,333.875,2.0672,3.5922,3.9375,3.0406,-0.9995,-2.9655,13.4024,13.3049
19/04/2025,10:00:00,433.6062,344.375,120.55,49.3,315.775,37.4562,325.1875,325.25,2.2797,3.9906,4.2156,3.3766,-0.9676,-2.677,13.2057,13.1034
19/04/2025,10:30:00,264.9874,320.0938,124.8125,49.975,305.95,38.725,308.6562,308.6562,2.925,4.5578,4.9391,4.1891,-0.5865,-1.5795,12.9295,12.8417
19/04/2025,11:00:00,266.475,318.0625,118.175,49.5562,296.525,38.125,300.6562,300.6562,3.2797,4.8781,5.8891,4.7656,-0.7278,-1.7875,12.8141,12.7264
19/04/2025,11:30:00,266.3688,316.2812,114.3375,49.825,293.025,38.5062,297.9688,298.0625,3.3922,5.1156,5.5609,4.7531,-0.7672,-1.846,12.8466,12.754
19/04/2025,12:00:00,266.475,316.1562,113.3625,50.2188,292.725,38.8812,297.9688,298.0625,3.6328,5.4406,5.675,5.0562,-0.7086,-1.7815,12.9506,12.8743
19/04/2025,12:30:00,265.8375,315.75,113.6,50.275,292.85,39.025,298.2188,298.25,3.8109,5.5719,5.4609,4.8875,-0.772,-1.836,12.9344,12.858
19/04/2025,13:00:00,275.4,316.0938,113.4875,50.3562,293.025,39.1375,298.5312,298.5938,3.325,5.0562,5.3844,4.6578,-0.8018,-1.9275,12.8889,12.8027
19/04/2025,13:30:00,644.9375,355.625,117.75,50.5062,311.625,37.8687,329.1562,329.2188,1.9844,2.8812,2.9594,2.5469,-1.4764,-4.835,16.0999,15.9812
19/04/2025,14:00:00,661.3,374.9688,127.625,49.7375,332.475,37.3625,348.5625,348.5938,1.5625,2.3734,2.6922,2.4641,-1.3464,-4.367,15.2013,15.1216
19/04/2025,14:30:00,664.9125,376.25,128.3125,49.75,334.525,37.1812,350.5938,350.6875,1.6359,2.7266,2.8953,1.95,-1.3806,-4.4575,15.0257,14.8974
19/04/2025,15:00:00,665.55,377.3125,128.825,49.7062,336.475,37.1437,351.9375,351.9688,1.7438,2.5797,2.7547,2.2844,-1.3259,-4.365,15.0631,14.9705
19/04/2025,15:30:00,665.7625,378.2188,129.35,49.425,337.875,36.95,352.8438,352.9688,1.5219,2.4984,2.55,2.3391,-1.4221,-4.4465,14.9737,14.8616
19/04/2025,16:00:00,665.8688,380.6562,130.2375,49.05,339.375,36.7687,354.2812,354.375,1.5281,2.3641,2.5109,2.2812,-1.3959,-4.421,14.9071,14.7852
19/04/2025,16:30:00,664.5938,379.6562,129.725,48.8562,337.975,36.5062,352.875,352.9375,1.4578,2.6703,2.6469,2.3906,-1.3744,-4.4245,15.1314,15.0063
19/04/2025,17:00:00,665.3375,374.5,128.3625,48.9688,334.85,36.6187,349.5312,349.5625,1.5625,2.8578,2.6781,2.3781,-1.3705,-4.399,15.1509,15.0404
19/04/2025,17:30:00,568.4375,367.0938,126.5375,48.4562,330.525,36.3687,343.1875,343.25,1.6406,3.0359,3.1812,2.7656,-1.1929,-3.635,13.9386,13.8525
19/04/2025,18:00:00,660.1312,371.9688,126.525,48.375,331.25,36.1312,346.2188,346.3125,1.5578,2.5016,2.8391,2.5391,-1.2952,-4.3015,15.0257,14.9087
19/04/2025,18:30:00,659.6,375.0625,127.75,47.8438,334.425,35.7437,349.4688,349.5312,1.3719,2.9641,2.7547,2.5172,-1.3198,-4.3235,14.8844,14.7722
19/04/2025,19:00:00,658.75,374.1875,127.6125,47.725,334.55,35.95,349.1562,349.25,1.3516,2.4219,2.7594,2.4,-1.3057,-4.279,14.756,14.6536
19/04/2025,19:30:00,659.3875,375.7812,127.5875,47.375,335.475,35.5625,350.4688,350.4688,1.6188,2.7859,2.7359,2.5266,-1.3268,-4.3235,14.7219,14.613
19/04/2025,20:00:00,659.6,375.8125,127.05,47.0938,335.525,35.1688,350.5312,350.5938,1.5078,2.6391,2.8031,2.4359,-1.2694,-4.269,14.9169,14.7983
19/04/2025,20:30:00,660.7688,373.25,127.525,47.0187,334.3,35.125,348.8438,348.875,1.4094,2.6281,2.65,2.4359,-1.3298,-4.387,14.821,14.7137
19/04/2025,21:00:00,660.1312,376.8125,127.4625,46.5812,336.125,34.7313,351.0938,351.125,1.4375,2.6156,2.7422,2.5437,-1.3088,-4.288,14.6894,14.5821
19/04/2025,21:30:00,659.7063,376.0938,127.1875,46.3187,335.9,34.65,350.9062,351.0625,1.5719,2.7062,2.6062,2.3625,-1.3333,-4.3135,14.9087,14.795
19/04/2025,22:00:00,659.8125,376.4375,127.3125,46.1062,336.325,34.6312,351.5,351.625,1.6484,2.7188,2.7625,2.45,-1.367,-4.394,14.9315,14.8015
19/04/2025,22:30:00,660.6625,375.8438,128.2125,45.8687,336.35,34.3563,351.2188,351.25,1.6562,2.8187,2.7953,2.5266,-1.3828,-4.42,14.8405,14.7332
19/04/2025,23:00:00,661.5125,377.0625,128.25,45.9562,336.6,34.4,351.7812,351.875,1.6516,2.5391,2.7,2.3703,-1.4142,-4.549,15.0144,14.912
19/04/2025,23:30:00,661.9375,375.9375,128.3625,46.15,336.35,34.3187,351.0938,351.1875,1.6906,2.5922,2.8266,2.4125,-1.3307,-4.387,14.9055,14.8064
20/04/2025,00:00:00,661.9375,376.3125,126.95,45.9375,336.275,34.075,350.6562,350.6875,1.5,2.4781,2.5094,2.225,-1.3639,-4.3325,14.912,14.8064
20/04/2025,00:30:00,662.0437,376.75,126.9,45.9062,336.575,34.0125,351.125,351.1562,1.6062,2.5625,2.6531,2.3922,-1.3635,-4.326,14.8632,14.7576
20/04/2025,01:00:00,661.6188,376.3438,127.775,45.7375,337.175,34.1125,351.2188,351.2812,1.6578,2.7984,2.7828,2.2188,-1.3057,-4.29,14.8941,14.7966
20/04/2025,01:30:00,662.3625,380.4062,128.7125,45.3438,338.75,33.9062,353.2812,353.4062,1.5125,2.4391,2.6859,2.3641,-1.3893,-4.445,14.8551,14.7511
20/04/2025,02:00:00,661.8313,379.0625,127.5875,45.2125,338.775,33.6312,352.9688,353,1.5516,2.5547,2.7797,2.2266,-1.3355,-4.282,14.7511,14.6488
20/04/2025,02:30:00,662.0437,373.5,127.9875,45.2875,336.025,33.5062,349.7812,349.75,1.6359,2.7203,2.7391,2.3922,-1.3639,-4.3295,14.8161,14.6975
20/04/2025,03:00:00,662.3625,372.5312,126.0125,45.375,334.225,33.6125,348.3438,348.375,1.5406,2.3875,2.7141,2.4109,-1.3583,-4.332,14.8746,14.7609
20/04/2025,03:30:00,662.15,372.8438,126.55,45.5187,334.3,33.2875,348.875,348.9375,1.5766,2.9,2.8172,2.3344,-1.3521,-4.355,14.8048,14.7089
20/04/2025,04:00:00,662.575,376.0938,126.6,45.325,335.75,33.1,350.8438,350.875,1.5453,2.6562,2.8969,2.5422,-1.3425,-4.3475,14.9526,14.8324
20/04/2025,04:30:00,663.2125,374.625,125.8125,44.9875,335.175,33.1688,350.3438,350.4062,1.475,2.6094,2.625,2.5547,-1.3364,-4.3385,14.8632,14.7528
20/04/2025,05:00:00,661.725,373.8438,125.5375,44.9437,334.3,33.0187,348.9375,348.9375,1.5,2.7734,2.775,2.0641,-1.3447,-4.2765,14.7105,14.6195
20/04/2025,05:30:00,661.6188,374.2812,125.275,44.7125,334.3,33.1125,348.8125,348.9375,1.6344,2.7031,2.8922,2.2312,-1.3504,-4.3115,14.7934,14.6959
20/04/2025,06:00:00,661.8313,372.3438,124.7875,45.0187,332.95,32.9312,347.4688,347.5,1.4359,2.5531,2.5922,1.9891,-1.3057,-4.304,15.0339,14.9234
20/04/2025,06:30:00,651.7375,373.0938,126.65,45.8062,334.1,33.3375,347.8438,347.9375,1.6172,2.7969,2.9469,2.2375,-1.2987,-4.343,14.8291,14.7284
20/04/2025,07:00:00,562.0625,366.5312,123.9,46.3,330.9,33.95,343.0312,343.0938,1.8234,2.6687,3.4016,2.8953,-1.0218,-3.168,13.2967,13.183
20/04/2025,07:30:00,467.5,346.6562,120.0375,46.7937,316.525,34.8625,326.5938,326.625,2.1266,3.3,3.5953,3.2437,-0.94,-2.9,13.5535,13.4609
20/04/2025,08:00:00,264.4562,324.8438,124.5625,47.75,311.925,36.5312,314,314.0938,3.4156,5.4703,5.6547,4.3859,-0.5922,-1.548,12.7751,12.7085
20/04/2025,08:30:00,264.2438,313.0625,119.775,48.3438,295.675,37.3875,299.25,299.3125,3.4625,5.3609,5.5047,4.3969,-0.6928,-1.7725,12.9165,12.8255
20/04/2025,09:00:00,264.775,311.8438,114.225,48.2188,292.3,37.1562,296.5625,296.625,3.4953,5.3516,5.6125,4.2109,-0.7361,-1.8205,12.8206,12.7377
20/04/2025,09:30:00,265.625,309.875,114.2125,49.075,291.15,37.9125,295,295.0625,3.4875,5.3578,5.4359,4.7453,-0.7129,-1.734,13.0221,12.9198
20/04/2025,10:00:00,264.4562,311.9375,114.4,49.2,291.5,38.0875,295.5938,295.625,3.8141,5.8828,5.6406,3.9797,-0.7134,-1.735,12.7703,12.7052
20/04/2025,10:30:00,266.475,312.8438,114.0875,48.7312,291.725,37.6688,295.9688,296.0625,3.8734,5.6969,5.6172,4.9437,-0.7348,-1.7855,12.689,12.6094
20/04/2025,11:00:00,265.625,313.0625,114.2625,48.8125,292.2,37.5187,296.7188,296.8438,3.65,5.8094,5.7844,4.1234,-0.6661,-1.708,12.9279,12.8369
20/04/2025,11:30:00,264.6687,313.5312,114.7375,49.5312,292.65,38.0687,297.3125,297.4375,3.4906,5.5328,5.6,4.7188,-0.7138,-1.785,12.9327,12.8499
20/04/2025,12:00:00,265.5187,316.0312,114.7125,49.4187,294,37.9375,298.8125,298.9062,3.5344,5.5109,5.6891,4.8734,-0.6758,-1.7345,12.7995,12.7036
20/04/2025,12:30:00,265.9437,320,115.8625,49.5687,296,37.925,301.0938,301.2188,3.6812,5.4125,5.3766,4.8,-0.7514,-1.851,12.9149,12.8304
20/04/2025,13:00:00,265.8375,319.4688,115.525,49.5938,295.9,37.9562,301.0938,301.1562,3.6578,5.7625,5.7937,4.8797,-0.6565,-1.7615,12.8531,12.7556
20/04/2025,13:30:00,265.625,320.5312,114.05,49.6062,295.4,37.9875,300.9062,300.9688,3.7609,5.5234,5.5047,5.0094,-0.7348,-1.8225,12.7962,12.6955
20/04/2025,14:00:00,265.7312,317.8125,114.4375,49.5437,294.4,37.9937,300.3438,300.4375,3.6094,5.4719,5.6687,5.15,-0.6709,-1.8265,12.8466,12.7638
20/04/2025,14:30:00,266.475,320.8125,114.375,49.2875,296.275,37.7938,301.6562,301.6562,3.925,5.5281,5.4578,5.0312,-0.6819,-1.8215,12.9685,12.884
20/04/2025,15:00:00,265.7312,316.5625,113.5375,48.7375,294.175,37.2,299.9688,299.9375,3.5781,5.8109,5.8656,4.4578,-0.6801,-1.751,12.9132,12.819
20/04/2025,15:30:00,266.5812,316.2188,114.125,48.3625,294.15,36.8812,299.4062,299.5,3.4625,5.2281,5.3656,4.8578,-0.6766,-1.75,12.7946,12.7166
20/04/2025,16:00:00,382.1813,330.75,110.3875,48.0625,301.075,36.0125,310.5312,310.625,2.6922,4.6062,5.0047,3.8094,-0.7816,-2.315,13.2577,13.1635
20/04/2025,16:30:00,390.575,336.6562,113.75,48.0375,307.25,35.9625,316.7188,316.8125,2.8625,4.4078,4.6141,3.5469,-0.8634,-2.4275,13.3422,13.2496
20/04/2025,17:00:00,529.125,351.0938,117.25,48.1562,312.625,35.8125,327.2812,327.375,2.0656,3.5203,3.4578,2.8969,-1.2743,-3.852,14.4586,14.3546
20/04/2025,17:30:00,660.875,374.25,127.375,48.3375,333.925,36.0312,350.125,350.2188,1.6922,2.7062,2.8266,2.4828,-1.4357,-4.5535,15.1119,14.9884
20/04/2025,18:00:00,659.9187,377.9062,129.2875,48.5875,337.075,36.3563,353.375,353.4062,1.6656,2.9125,2.8438,2.4922,-1.3622,-4.4895,15.0859,14.9478
20/04/2025,18:30:00,659.8125,379.1875,128.925,47.8562,337.625,36.2875,353.9688,354.0938,1.6141,2.6984,3.0031,2.5437,-1.3162,-4.4115,15.0046,14.8714
20/04/2025,19:00:00,664.1687,376.7812,129.275,48.25,336.375,36.3563,351.3438,351.375,1.6109,2.8625,2.7203,2.0672,-1.3359,-4.3685,14.8226,14.704
20/04/2025,19:30:00,663.425,379.5,129.3625,47.7312,338.225,36.1,353.25,353.25,1.6437,2.9109,2.9656,2.2703,-1.3119,-4.3635,14.9461,14.8242
20/04/2025,20:00:00,664.0625,378.3125,128.9625,47.525,337.075,35.8438,352.0938,352.0938,1.5781,2.6125,2.8156,2.3781,-1.3788,-4.3965,14.7592,14.6585
20/04/2025,20:30:00,663.6375,377.7188,128.55,47.425,337.1,35.7687,352.1562,352.1875,1.5609,2.7641,2.7422,2.3094,-1.3132,-4.321,14.8112,14.7349
20/04/2025,21:00:00,663.6375,374.6562,128.4375,47.5562,335.125,35.8438,349.6875,349.7188,1.6859,2.7719,2.9031,2.3594,-1.2887,-4.305,14.9315,14.8324
20/04/2025,21:30:00,662.4688,373.1875,128.875,47.5812,334.675,35.5687,349,349.125,1.6406,2.6953,2.8672,2.2531,-1.3394,-4.468,15.0371,14.9087
20/04/2025,22:00:00,664.9125,375.75,128.0875,47.6375,335.7,35.425,350.5625,350.625,1.6547,2.6562,2.8609,2.3547,-1.3329,-4.374,15.0079,14.873
20/04/2025,22:30:00,665.3375,376.4375,128.4875,47.2937,336.375,35.3563,351.2188,351.3125,1.5375,2.4531,2.7203,2.4172,-1.3416,-4.3755,14.925,14.7983
20/04/2025,23:00:00,663.2125,377.4688,128.4125,47.5437,336.65,35.2938,351.4688,351.5,1.7047,2.5094,2.8422,2.1812,-1.3591,-4.3805,14.9624,14.847
20/04/2025,23:30:00,664.275,377.5,128.3625,46.9312,336.775,35.1437,351.6562,351.6562,1.7188,2.7891,2.7578,2.1062,-1.3289,-4.383,14.9884,14.8746
21/04/2025,00:00:00,663.85,376.3438,128.2375,46.7937,336.15,35.1937,350.3125,350.3438,1.8906,2.7609,2.9594,2.2094,-1.3526,-4.424,14.9705,14.886
21/04/2025,00:30:00,590.4313,372.4062,126.2375,46.85,333.25,34.875,346.125,346.1875,1.8281,2.6484,3.2625,2.9031,-1.1876,-3.783,14.2149,14.1206
21/04/2025,01:00:00,470.475,359.4375,124.1125,46.8625,326.825,35.1125,336.8125,336.875,2.2141,3.3094,3.8266,3.0859,-0.9916,-3.016,13.4576,13.3374
21/04/2025,01:30:00,285.6,332.2188,124.0625,46.725,317.175,35.6375,319.5625,319.6562,3.4594,4.9969,5.1703,4.3328,-0.6871,-1.704,12.7491,12.6679
21/04/2025,02:00:00,268.4938,316.875,121.2875,46.6687,298.5,35.8375,301.9375,301.9688,3.6906,5.0922,5.9172,4.95,-0.7147,-1.8415,12.8385,12.7524
21/04/2025,02:30:00,267.4313,313.3125,115.025,46.5625,293.2,35.5187,297.5,297.5625,3.7937,5.5203,5.5312,4.8062,-0.7112,-1.8005,12.8239,12.7069
21/04/2025,03:00:00,267.9625,308.9688,114.8,46.2562,291.475,35.5187,295.375,295.4375,3.3453,5.5266,5.6437,4.3594,-0.6324,-1.6975,13.0238,12.9019
21/04/2025,03:30:00,267.6437,308.4688,115.8625,46.2,291.425,35.425,295,295.125,3.3344,5.5422,5.6828,4.1891,-0.7304,-1.777,12.8271,12.7215
21/04/2025,04:00:00,267.5375,308.0625,116.6875,46.0187,291.75,35.4437,295.0312,295.0938,3.3438,5.6812,5.6516,4.4641,-0.6937,-1.7415,12.7296,12.6402
21/04/2025,04:30:00,268.6,307.4375,118.1375,46.05,292.15,35.1812,295.2188,295.2812,3.2609,5.6594,5.5703,4.2094,-0.7151,-1.8275,13.0091,12.9198
21/04/2025,05:00:00,267.5375,311.375,117.475,45.7062,293.475,35.3,296.3125,296.4375,3.5422,5.6656,5.5609,4.2719,-0.6937,-1.765,12.8369,12.7312
21/04/2025,05:30:00,493.425,341.4375,112.425,45.8875,303.725,34.175,317.1562,317.4062,2.2781,3.7875,3.8,3.0094,-1.1181,-3.271,13.8492,13.7599
21/04/2025,06:00:00,661.725,369,123.4375,45.9688,327.575,33.875,343.4688,343.625,1.4906,2.9812,2.675,2.3234,-1.3801,-4.381,15.1427,15.0079
21/04/2025,06:30:00,466.0125,352.9375,123.325,46.0562,324.55,34.8563,333.8125,333.875,2.0969,3.9828,4.3344,3.1375,-1.0074,-2.8425,13.3341,13.2366
21/04/2025,07:00:00,348.6062,339.625,120.8125,47.2,318.55,35.8563,323.9375,323.9688,2.5437,4.5609,5.1453,3.6609,-0.7996,-2.077,12.9685,12.8759
21/04/2025,07:30:00,392.0625,312.3438,123.925,47.7125,296.725,36.4062,302.7188,302.75,2.7281,4.3844,4.6359,3.6812,-0.8634,-2.7365,13.7664,13.6721
21/04/2025,08:00:00,665.55,357.25,118.6875,48.7937,313.325,36.4188,330.3438,330.375,1.7375,2.6656,2.9828,2.4859,-1.4212,-4.5275,15.2272,15.107
21/04/2025,08:30:00,665.2312,373.3438,125.7625,48.9375,328.8,36.6625,344.9375,345,1.3203,2.8375,2.6031,2.1906,-1.3517,-4.332,14.9689,14.847
21/04/2025,09:00:00,664.8063,375.7812,126.9375,48.8875,331.625,36.5125,347.5,347.625,1.4734,2.7719,2.675,2.2766,-1.2847,-4.29,14.808,14.691
21/04/2025,09:30:00,476.1062,368.5938,125.3625,49.3125,331.225,37.1312,342.4375,342.5312,2.0156,3.5594,4.1703,3.2016,-0.9317,-2.7075,13.0936,13.0075
21/04/2025,10:00:00,467.7125,353.375,123.1125,49.8625,320.725,37.7375,330.7812,330.8125,2.0562,3.9312,4.1266,3.0578,-1.0546,-2.8725,13.2919,13.1895
21/04/2025,10:30:00,263.9249,320.5312,129.1125,49.85,307.45,38.6812,309.875,309.9375,3.3375,4.8828,5.2375,4.1609,-0.7059,-1.6895,12.7085,12.6224
21/04/2025,11:00:00,266.0499,315.375,118.4875,49.5625,295.225,38.3,299.625,299.6875,3.2562,5.3703,5.7125,4.6922,-0.6998,-1.7655,12.858,12.7638
21/04/2025,11:30:00,265.5187,309.9062,113.4875,49.6125,289.675,38.2313,295.0625,295.0938,3.5359,5.725,5.925,4.8375,-0.7536,-1.786,12.8921,12.78
21/04/2025,12:00:00,266.5812,311.5312,113.0875,49.5938,289.55,38.1875,294.6875,294.8125,3.3781,5.6375,5.9469,5.0984,-0.7549,-1.8115,12.7881,12.6321
21/04/2025,12:30:00,264.8812,312.375,113.6875,49.275,290.5,38,295.5,295.6562,3.2687,5.9469,6.0531,4.4141,-0.6998,-1.7405,13.0481,12.9522
21/04/2025,13:00:00,334.5812,311.4688,113.7875,49.1437,288.875,37.5687,296,296.125,3.1609,5.2406,5.4,4.0016,-0.9291,-2.5275,13.456,13.3601
21/04/2025,13:30:00,640.7937,367.5312,119,49.4875,318.875,36.775,336.6562,336.75,1.8125,3.2969,3.1,2.3844,-1.4099,-4.3075,15.003,14.8811
21/04/2025,14:00:00,600.2063,362.0312,125,49.5938,323.15,37.0562,336.875,336.9375,1.5641,3.0078,2.6687,2.4125,-1.2913,-4.2895,15.5441,15.4174
21/04/2025,14:30:00,665.3375,381.4375,127.45,49.65,333.85,36.9813,350.4688,350.5625,1.4859,2.9656,2.7297,2.2859,-1.3482,-4.4925,15.3719,15.2549
21/04/2025,15:00:00,664.3812,373.0625,129.175,49.8187,333,37.2,348.3438,348.4062,1.3531,2.7437,2.4469,2.2547,-1.4278,-4.469,15.1947,15.0664
21/04/2025,15:30:00,665.0188,369.625,128.8625,49.4625,330.55,36.875,345.625,345.6562,1.3391,2.8641,2.6266,2.3984,-1.4536,-4.4635,15.0452,14.9217
21/04/2025,16:00:00,665.4437,369.6562,127.6875,49.4062,330.25,36.7687,344.9062,345.0312,1.2422,2.8828,2.7453,2.3719,-1.3696,-4.452,15.2354,15.1444
21/04/2025,16:30:00,665.4437,369.875,127.65,49.0938,330.425,36.5125,345.1562,345.1875,1.3156,2.9406,2.7312,2.35,-1.4125,-4.4355,15.0306,14.9234
21/04/2025,17:00:00,666.0813,370.5312,126.6375,48.9625,330.375,36.3812,345.1875,345.2812,1.5484,2.4484,2.7547,2.4344,-1.3622,-4.391,14.9347,14.8275
21/04/2025,17:30:00,664.1687,370.9375,126.575,48.5938,330.875,36.0938,345.5938,345.6875,1.3688,2.7078,2.4641,2.3734,-1.3609,-4.355,15.1687,15.0745
21/04/2025,18:00:00,665.0188,371.875,126.7125,48.6125,331.55,36.0687,346.375,346.4688,1.25,2.8828,2.5016,2.2828,-1.3294,-4.3295,15.1574,15.0469
21/04/2025,18:30:00,665.7625,375.3438,127.9125,48.7312,333.6,36.3062,348.25,348.375,1.2188,2.8344,2.8062,2.1047,-1.4803,-4.46,14.9331,14.8112
21/04/2025,19:00:00,665.125,374.9688,127.5375,48,333.775,36.2875,348.375,348.4375,1.5047,2.6203,2.7422,2.2984,-1.3618,-4.3965,14.99,14.9412
21/04/2025,19:30:00,665.125,375.875,128.0125,48.3438,334.75,36.7125,349.6875,349.7812,1.4,2.9859,2.9078,2.3656,-1.4212,-4.445,14.9526,14.8389
21/04/2025,20:00:00,664.4875,375.8438,128.275,48.2062,335.275,36.5625,350.3125,350.3438,1.4062,2.8234,2.7969,2.5797,-1.3408,-4.382,15.0127,14.8974
21/04/2025,20:30:00,663.85,375.7812,127.8,47.5875,335.1,35.9937,349.9688,350.0625,1.35,2.9234,2.8156,2.3984,-1.3526,-4.3905,14.8194,14.7072
21/04/2025,21:00:00,665.8688,378.3438,128.775,47.35,336.775,35.7188,351.6562,351.7188,1.3922,2.8625,2.7094,2.3875,-1.3429,-4.39,14.9494,14.8421
21/04/2025,21:30:00,665.7625,373.9062,128.3375,47.7062,334.85,35.5562,349.1562,349.2188,1.3141,2.6312,2.6391,2.3984,-1.3867,-4.397,14.9981,14.8974
21/04/2025,22:00:00,663.5312,375.375,127.4125,47.3937,334.525,35.6,349.0312,349.0625,1.35,2.6922,2.5437,2.3484,-1.3434,-4.2995,14.9152,14.8177
21/04/2025,22:30:00,664.3812,376.3125,127.725,46.7812,335.275,35.3312,349.5938,349.6875,1.3234,3.0344,2.925,2.3375,-1.3394,-4.311,14.9559,14.8632
21/04/2025,23:00:00,663.7438,371.25,126.9,46.8062,332.275,35.3187,346.5,346.5625,1.3141,2.8609,2.6609,2.225,-1.3583,-4.322,14.9217,14.8242
21/04/2025,23:30:00,664.3812,373.0625,126.775,46.55,333.1,34.9062,347.4688,347.5625,1.3109,2.6594,2.4594,2.0969,-1.3149,-4.2785,15.0583,14.9299
22/04/2025,00:00:00,665.2312,374.1562,127.1375,46.8937,334.125,34.9125,348.3438,348.375,1.2844,2.8922,2.7609,2.5187,-1.3351,-4.3035,14.7284,14.6325
22/04/2025,00:30:00,663.9563,374.5312,127.225,47.0875,334.575,35.1,348.7812,348.9062,1.3453,2.6906,2.7188,2.5297,-1.3228,-4.3255,15.0274,14.9169
22/04/2025,01:00:00,665.125,374.5625,127.4375,47.3438,335.025,35.0438,349.1562,349.2188,1.35,2.5812,2.5453,2.1516,-1.3644,-4.3065,14.8746,14.7836
22/04/2025,01:30:00,665.4437,377.9688,129.0125,47.35,336.55,35.0812,351.2188,351.3125,1.4453,2.6,2.6031,2.3859,-1.3963,-4.443,14.8096,14.7024
22/04/2025,02:00:00,664.5938,376,127.875,47.125,336.25,34.9813,351.0938,351.125,1.4234,2.7188,2.8844,2.6422,-1.3351,-4.3595,14.821,14.7121
22/04/2025,02:30:00,666.2937,376.1562,127.8375,47.1375,336.1,34.7375,351.0312,351.0625,1.4672,2.8469,2.6422,2.3875,-1.3268,-4.325,14.8551,14.7284
22/04/2025,03:00:00,664.275,376.2812,127.2375,46.8562,335.875,34.55,351.125,351.1562,1.5578,2.9844,3.0516,2.5422,-1.3644,-4.4185,14.7576,14.6423
22/04/2025,03:30:00,665.3375,375.9062,127.5625,46.9187,335.175,34.7375,350.2188,350.2812,1.5625,2.6859,2.8984,2.3,-1.3355,-4.362,14.8714,14.7463
22/04/2025,04:00:00,665.3375,380.9375,127.9375,46.2625,337.225,34.4937,352.7812,352.9375,1.6359,2.8516,2.5281,2.1953,-1.3819,-4.451,14.8827,14.8161
22/04/2025,04:30:00,665.125,376.6875,126.975,46.0312,335.325,34.3563,350.6875,350.7188,1.5516,2.7484,2.6875,2.7,-1.4401,-4.4425,14.7056,14.5935
22/04/2025,05:00:00,664.9125,373.5625,126.15,46.1187,332.9,34.5187,347.875,347.9375,1.6094,2.9969,2.8719,2.4141,-1.3849,-4.4015,14.8454,14.7609
22/04/2025,05:30:00,664.9125,368.9688,124.7125,46.2812,329.775,34.0687,344.5625,344.625,1.5703,2.5938,2.85,2.4906,-1.3526,-4.323,14.8909,14.8015
22/04/2025,06:00:00,664.7,369.4062,125.7,46.5,330.35,34.3625,345.25,345.3125,1.6781,2.6687,2.8547,2.7266,-1.3819,-4.469,14.7072,14.6
22/04/2025,06:30:00,664.1687,372.1875,125.35,46.9312,331.525,34.5375,346.7812,346.9062,1.6047,2.6953,2.7375,2.6547,-1.3062,-4.3485,14.8145,14.6959
22/04/2025,07:00:00,664.7,372.9375,125.825,47.3375,332.05,35,347.3125,347.4375,1.6188,2.5078,2.6,2.6687,-1.3504,-4.3515,14.7787,14.6764
22/04/2025,07:30:00,665.7625,372.9375,126.9,48.0875,333.05,35.7687,347.9688,348.0938,1.5016,2.8312,2.7141,2.4969,-1.3456,-4.362,14.6423,14.5301
22/04/2025,08:00:00,663.9563,375.3125,128.5125,48.875,334.325,36.5562,349.3438,349.4688,1.5094,2.8937,2.8016,2.7297,-1.3123,-4.398,14.8405,14.7381
22/04/2025,08:30:00,665.7625,379.3125,129.525,49.0625,336.725,36.875,351.7188,351.7812,1.7297,3.1016,2.9312,2.5109,-1.3604,-4.4665,14.7154,14.6146
22/04/2025,09:00:00,665.2312,377.0312,129.15,49.3625,335.85,37.2125,350.6562,350.7188,1.5469,2.9672,2.7859,2.4234,-1.3919,-4.4095,14.6747,14.5626
22/04/2025,09:30:00,556.6438,377.4062,129.1625,49.5938,338.8,37.1688,351.0625,351.1875,2.0797,3.1016,3.7188,3.1922,-1.0656,-3.242,13.17,13.066
22/04/2025,10:00:00,467.075,359.4688,125.05,49.2937,324.7,37.1,334.75,334.8125,2.2172,3.3406,4.3453,3.5781,-1.0013,-2.9905,13.4251,13.3406
22/04/2025,10:30:00,263.7125,330.0625,126.875,49.3375,315.825,37.8,318.3438,318.4375,3.4672,5.4734,5.5109,4.6203,-0.7156,-1.622,12.5606,12.4777
22/04/2025,11:00:00,265.8375,323.0312,122.4875,50.7937,301.625,39.5562,305.1562,305.1562,3.5641,5.5,6.1344,5.1109,-0.7864,-1.8805,12.8287,12.7329
22/04/2025,11:30:00,265.5187,321.0938,118.3,52.15,296.975,40.8875,301.3438,301.4688,3.5656,5.6422,5.7859,4.7453,-0.7869,-1.8745,12.9198,12.8271
22/04/2025,12:00:00,265.2,321.625,117.175,51.3625,297,40.1562,301.625,301.6875,3.6016,5.6844,5.6781,5.0516,-0.7217,-1.773,12.7589,12.6614
22/04/2025,12:30:00,292.6124,320.2812,116.4125,50.45,296.025,38.8875,301.4062,301.4062,3.5281,5.8625,5.8641,4.0375,-0.7379,-1.97,12.9474,12.8629
22/04/2025,13:00:00,422.9812,323.625,114.2875,50.3125,294.875,38.125,304.7188,304.8125,2.6922,4.3703,4.6359,3.7594,-1.0761,-3.185,14.0296,13.9256
22/04/2025,13:30:00,661.4062,377.1875,122.7625,50.5938,326.975,37.825,345.2812,345.3125,1.8594,2.8219,3.0484,2.6719,-1.5061,-4.694,15.0095,14.8746
22/04/2025,14:00:00,660.2375,382.5625,129.4625,50.6187,337.4,38.0375,354.125,354.2188,1.6469,2.55,2.8687,2.8141,-1.3066,-4.3795,14.873,14.7511
22/04/2025,14:30:00,659.9187,374.9688,128.5375,49.8937,334.1,37.3125,349.9688,350.0312,1.6641,2.7594,2.8203,2.5297,-1.3233,-4.4055,14.6731,14.5594
22/04/2025,15:00:00,660.5563,374.625,128.675,50.0938,335.2,37.4875,349.9375,350,1.5938,2.5656,2.9187,2.7656,-1.3569,-4.3845,14.4554,14.3351
22/04/2025,15:30:00,665.6562,372.6875,129.4,49.9,334.525,38.1562,348.875,348.9688,1.475,2.8453,2.8594,2.3453,-1.4589,-4.479,14.4456,14.327
22/04/2025,16:00:00,664.9125,372.4375,128.75,49.6812,333.425,38.0625,347.9375,347.9688,1.6594,2.8625,2.9047,2.6031,-1.3075,-4.368,14.7544,14.6325
22/04/2025,16:30:00,664.4875,374.5938,129.625,49.5062,334.85,37.9562,349.25,349.3438,1.6266,2.7906,2.8734,2.1781,-1.3967,-4.476,14.7641,14.6504
22/04/2025,17:00:00,665.0188,375.5625,129.2875,49.825,335.25,37.9937,349.8438,349.875,1.6766,2.7453,2.8891,2.5187,-1.3688,-4.38,14.7316,14.6211
22/04/2025,17:30:00,664.3812,375.4062,129.125,49.2437,335.725,37.4813,350.4062,350.4688,1.7047,2.9609,2.9562,2.5938,-1.3543,-4.388,14.7511,14.626
22/04/2025,18:00:00,665.7625,375.9062,128.975,49.1687,336.075,37.3812,351,351.125,1.6594,2.5203,2.7891,2.3953,-1.3976,-4.4265,14.7917,14.6747
22/04/2025,18:30:00,664.8063,379.5625,130.3875,49.2625,338.15,37.5375,353.3125,353.4062,1.7859,2.75,2.8625,2.2266,-1.4252,-4.4495,14.4797,14.3725
22/04/2025,19:00:00,665.0188,378.625,129.7875,49.4312,338.125,37.7687,353.0938,353.125,1.6625,3.0094,2.8969,2.1266,-1.3806,-4.3925,14.9282,14.8064
22/04/2025,19:30:00,664.9125,378.4688,130.05,49.45,338.85,37.6063,353.4375,353.5312,1.5281,2.5609,2.7547,2.3078,-1.3434,-4.3325,14.8129,14.7024
22/04/2025,20:00:00,665.2312,375.6875,130.4625,48.9125,337.975,37.2938,352.125,352.2188,1.5266,2.7422,2.8969,2.3344,-1.3071,-4.281,14.483,14.3757
22/04/2025,20:30:00,663.3187,375.2812,129.625,48.75,337.725,36.6125,351.875,351.9062,1.4453,2.6125,2.8484,2.2547,-1.2568,-4.262,14.5691,14.4667
22/04/2025,21:00:00,664.4875,378.9062,130.1375,48.4437,339.35,36.3375,353.5938,353.625,1.4344,2.8203,2.7641,2.3781,-1.2279,-4.2245,14.2409,14.1547
22/04/2025,21:30:00,664.8063,377.0938,130.575,47.7625,338.85,35.85,352.5312,352.5938,1.5203,2.525,2.8062,2.3438,-1.3915,-4.3355,14.1336,14.0361
22/04/2025,22:00:00,664.1687,372.2188,129.425,47.2625,335.4,35.6875,348.9062,348.9688,1.5859,2.7875,2.8984,2.3125,-1.3701,-4.29,14.0719,13.9711
22/04/2025,22:30:00,664.8063,370.625,126.8,47.1187,332.975,35.6125,346.7188,346.75,1.5047,2.8297,3.0578,2.3062,-1.4081,-4.2675,14.171,14.0784
22/04/2025,23:00:00,666.5062,372.75,127.55,46.725,334.225,35.3625,348,348.0938,1.3125,2.8,2.7875,2.3187,-1.2861,-4.175,14.0816,13.9825
22/04/2025,23:30:00,664.5938,373.0938,126.7375,46.475,334.425,35.0062,348.5312,348.5938,1.4531,2.6141,2.8281,2.2234,-1.3215,-4.212,13.9792,13.8834
23/04/2025,00:00:00,665.2312,374.2812,126.625,46.4187,335.275,34.6625,349.0312,349.125,1.5922,2.5891,2.7422,2.3438,-1.283,-4.212,14.2246,14.1239
23/04/2025,00:30:00,664.8063,374.5625,126.9375,46.2375,336.05,34.7062,349.8125,349.9062,1.6172,2.7219,2.6406,2.2578,-1.2917,-4.213,14.2181,14.1336
23/04/2025,01:00:00,664.5938,376.9688,127.55,46.2188,337.075,34.6937,350.9375,351,1.4437,2.7109,2.9641,2.2422,-1.3368,-4.238,14.0686,13.9662
23/04/2025,01:30:00,665.55,379.7812,128.3625,46.1687,339.1,34.5438,353,353.0312,1.4266,2.6359,2.6672,2.1922,-1.2668,-4.219,14.3855,14.2717
23/04/2025,02:00:00,664.0625,378.2188,128.1,46.1125,338.825,34.3563,352.375,352.4375,1.4641,2.4969,2.7297,2.1219,-1.2944,-4.213,14.1921,14.0833
23/04/2025,02:30:00,665.6562,375.3438,127.4875,45.9875,337.1,34.325,350.6562,350.7188,1.375,2.5281,2.7031,2.1328,-1.2974,-4.215,14.1742,14.1141
23/04/2025,03:00:00,664.7,372.8438,126.675,45.8125,334.15,34.3812,347.8438,347.875,1.4313,2.9187,3.0891,2.325,-1.3884,-4.3065,14.1824,14.0979
23/04/2025,03:30:00,664.7,373.3438,126.45,45.75,334.35,34.3375,348.0312,348.1562,1.4375,2.8328,3.0031,2.1859,-1.3136,-4.227,14.132,14.0459
23/04/2025,04:00:00,663.5312,377.4688,127.0375,45.8125,336.725,34.1,350.75,350.8438,1.4734,2.5422,2.6594,2.1687,-1.2878,-4.2,14.1596,14.0475
23/04/2025,04:30:00,665.125,372.5312,126.2,45.7687,333.575,34.0125,347.4375,347.5,1.4344,2.9125,2.9281,2.0687,-1.255,-4.2195,14.262,14.1677
23/04/2025,05:00:00,664.5938,371.25,125.3875,45.6812,332.425,33.8125,345.9062,346,1.4047,2.5141,2.8578,2.2141,-1.3189,-4.1915,14.2636,14.1596
23/04/2025,05:30:00,665.6562,372.2812,125.275,45.4875,333.2,33.5625,346.75,346.875,1.3937,2.4969,2.7422,2.0969,-1.3368,-4.1985,14.1174,14.0036
23/04/2025,06:00:00,665.0188,373.5938,126.825,45.4875,334.25,33.8312,347.9375,348.0312,1.7078,2.6594,2.9219,2.4672,-1.3902,-4.393,14.3237,14.2327
23/04/2025,06:30:00,663.9563,374.5625,126.425,46.1937,334.9,34.35,348.6875,348.75,1.6125,2.6016,2.7016,2.3781,-1.2603,-4.163,14.2311,14.1157
23/04/2025,07:00:00,464.525,351.8438,125.1625,46.75,326.65,34.9,334.75,334.8125,2.3859,3.8937,3.9797,3.4844,-0.8136,-2.6515,13.1147,13.014
23/04/2025,07:30:00,660.1312,359.5625,121.4625,47.2188,319.225,34.9125,335.0938,335.2188,1.9219,2.6609,3.1891,2.8453,-1.4619,-4.5325,14.4359,14.327
23/04/2025,08:00:00,602.4375,364.875,122.8875,47.2312,326.35,35.025,340.4062,340.5312,1.6188,2.8375,3.1156,2.9172,-1.1592,-3.779,13.8557,13.7989
23/04/2025,08:30:00,661.0875,372.7812,125.575,47.475,331.975,35.1562,347.5625,347.6875,1.6922,2.8203,2.9812,2.5047,-1.3145,-4.286,14.1466,14.0556
23/04/2025,09:00:00,659.9187,374.6562,127.1875,47.7875,335.575,35.275,349.875,349.9375,1.7312,2.825,3.1781,2.4891,-1.2756,-4.181,13.9923,13.911
23/04/2025,09:30:00,658.4313,373.8438,128.1625,47.8875,336.35,35.2562,350.125,350.1875,1.6031,2.6312,3.0641,2.4422,-1.3648,-4.285,13.9142,13.8184
23/04/2025,10:00:00,535.3938,356.1875,126.7625,47.85,326.3,35.5625,337,337.0625,1.9016,3.0109,3.3875,3.0891,-1.0839,-3.3135,13.1927,13.0855
23/04/2025,10:30:00,467.2875,343.7188,121.15,48.0312,316.525,35.8875,325.75,325.8125,2.175,3.9203,3.9828,3.2203,-0.9054,-2.7585,13.183,13.0774
23/04/2025,11:00:00,330.225,337.9375,121.0125,48.1125,314.725,36.0375,320.8125,320.8125,2.9125,4.5094,4.6406,4.0344,-0.9391,-2.087,12.4794,12.4095
23/04/2025,11:30:00,268.3875,315.4062,124.9875,48.4125,299.425,37.1375,302,302.0625,3.3766,4.9906,5.5203,4.6656,-0.7387,-1.779,12.5541,12.4664
23/04/2025,12:00:00,268.1749,309.9375,117.9375,48.7062,292.775,37.3438,296.1875,296.2812,3.6547,5.2391,5.8125,4.5969,-0.7234,-1.757,12.819,12.7183
23/04/2025,12:30:00,302.9187,306.9062,116.225,48.5187,290.425,36.9437,294.5,294.5625,3.4609,5.6672,5.9641,4.1187,-0.7593,-2.053,12.9116,12.8141
23/04/2025,13:00:00,617.4187,353.25,116.0625,48.4,311.1,35.8187,327.2812,327.375,2.1641,2.9969,3.2312,3.2656,-1.4011,-4.476,14.4473,14.3449
23/04/2025,13:30:00,660.6625,377.3438,127.125,49.5687,332.95,37.2562,348.4375,348.5312,1.9062,2.8234,2.9797,2.6141,-1.402,-4.4215,14.2734,14.1759
23/04/2025,14:00:00,660.7688,379.1562,129.1125,49.7687,336.225,37.7,351.4375,351.5625,1.8937,2.7969,3.0437,2.7937,-1.3508,-4.359,14.1694,14.0735
23/04/2025,14:30:00,0,351,110.175,47.2312,329.2,34.5875,338.8125,338.875,-0.9391,-0.9375,-0.9391,-0.9453,-0.1731,-0.358,-0.1778,-0.1908
23/04/2025,15:00:00,0,334.5938,89.2375,44.3375,315.925,32.7875,325.375,325.3438,-0.9391,-0.9375,-0.9391,-0.9453,-0.1993,-0.392,-0.1842,-0.2086
23/04/2025,15:30:00,0,329.75,80.9875,42.3312,307.25,31.8563,319.125,319.1562,-0.9391,-0.9375,-0.9391,-0.9453,-0.1052,-0.28,-0.1225,-0.1388
23/04/2025,16:00:00,0,327.8438,78.375,41.3125,301.65,31.3812,318.5312,318.5625,-0.9422,-0.9328,-0.9391,-0.9453,-0.0974,-0.33,-0.1225,-0.1436
23/04/2025,16:30:00,0,327.5,88.25,40.3062,299.35,31.1875,320.4375,320.5312,-0.9391,-0.9344,-0.9391,-0.9453,-0.0934,-0.321,-0.1144,-0.1306
23/04/2025,17:00:00,0,327.125,96.3125,39.525,297.525,31.0625,321.3438,321.4375,-0.9391,-0.9344,-0.9391,-0.9453,-0.0952,-0.3245,-0.1144,-0.1306
23/04/2025,17:30:00,0,326.6562,102.5,38.7687,296.175,30.75,321.6875,321.75,-0.9391,-0.9328,-0.9391,-0.9453,-0.1017,-0.3305,-0.116,-0.1323
23/04/2025,18:00:00,0,325.1875,106.15,41.0875,295.25,30.7,320.875,320.9375,-0.9391,-0.9328,-0.9391,-0.9484,-0.0794,-0.309,-0.0153,-0.0185
23/04/2025,18:30:00,0,323.2812,107.9,42.4625,292.875,30.6187,319.375,319.4062,-0.9391,-0.9328,-0.9391,-0.9453,-0.0786,-0.3115,-0.0136,-0.0234
23/04/2025,19:00:00,0,318.25,103.8625,43.225,286.175,32.0812,305.5,305.4375,-0.9391,-0.9328,-0.9391,-0.9453,0.0295,-0.136,-0.0217,-0.0234
23/04/2025,19:30:00,0,312.6562,100.875,44.1312,280.25,34.8375,290.8125,290.875,-0.9391,-0.9328,-0.9391,-0.9453,0.033,-0.134,-0.012,-0.0217
23/04/2025,20:00:00,0,308.3125,101.7625,45.1312,275.3,37.375,278.125,278.125,-0.9391,-0.9328,-0.9391,-0.95,0.0391,-0.1355,-0.012,-0.0201
23/04/2025,20:30:00,0,304.375,103.05,46.0625,270.425,39.7188,266.0625,266.0938,-0.9375,-0.9328,-0.9391,-0.9453,0.0505,-0.1305,-0.012,-0.0185
23/04/2025,21:00:00,0,300.6562,104,47.0562,265.875,42,255.125,255.2188,-0.9391,-0.9328,-0.9391,-0.9453,0.0444,-0.1335,-0.0104,-0.0185
23/04/2025,21:30:00,0,297.3438,104.8875,48.075,261.275,44.325,244.875,244.9062,-0.9375,-0.9328,-0.9391,-0.9453,0.0221,-0.137,-0.0136,-0.0217
23/04/2025,22:00:00,0,294.0938,106.125,49.1125,256.75,46.3937,235.1875,235.1875,-0.9375,-0.9328,-0.9391,-0.9453,0.019,-0.137,-0.0136,-0.025
23/04/2025,22:30:00,0,290.8125,106.6625,50.1312,252.3,48.0687,226.1875,226.3125,-0.9375,-0.9328,-0.9391,-0.9469,0.0269,-0.1335,-0.012,-0.0217
23/04/2025,23:00:00,0,287.6875,107.3625,51.05,247.925,49.6562,217.9375,218,-0.9375,-0.9328,-0.9391,-0.9453,0.0326,-0.134,-0.012,-0.0217
23/04/2025,23:30:00,0,284.75,108.2375,51.925,243.575,51.3812,210.0625,210.1562,-0.9375,-0.9328,-0.9391,-0.9453,0.0229,-0.134,-0.012,-0.0201
24/04/2025,00:00:00,0,281.9062,109.2375,52.7,239.425,53.15,202.875,202.9375,-0.9391,-0.9328,-0.9391,-0.9453,0.0212,-0.1335,-0.0104,-0.0217
24/04/2025,00:30:00,0,279.125,110.1375,53.4437,235.3,54.5812,196.0625,196.0938,-0.9375,-0.9328,-0.9391,-0.95,0.0225,-0.1355,-0.0136,-0.0201
24/04/2025,01:00:00,0,276.3438,110.6375,54.1125,231.3,55.5125,189.8125,189.9062,-0.9375,-0.9328,-0.9391,-0.9438,0.0133,-0.143,-0.0104,-0.0185
24/04/2025,01:30:00,0,273.2812,110.3,54.4688,227.55,55.6062,184.6875,184.7188,-0.9375,-0.9328,-0.9391,-0.9453,0.0081,-0.153,-0.0136,-0.0201
24/04/2025,02:00:00,0,269,110.05,55.2125,222.425,56.9875,180.1875,180.3125,-0.9375,-0.9328,-0.9391,-0.9453,0.033,-0.111,-0.0104,-0.0266
24/04/2025,02:30:00,0,264.8125,108.4,55.8625,214.825,58.0375,175.75,175.7812,-0.9375,-0.9328,-0.9391,-0.9453,0.0299,-0.103,-0.0136,-0.0217
24/04/2025,03:00:00,0,260.9688,106.525,56.3312,208.025,58.8062,171.8125,171.875,-0.9375,-0.9328,-0.9391,-0.9453,0.0321,-0.1,-0.0104,-0.0185
24/04/2025,03:30:00,0,257.2812,104.9,56.7188,202.075,59.25,168,168.0625,-0.9375,-0.9328,-0.9391,-0.9453,0.0286,-0.1,-0.012,-0.0201
24/04/2025,04:00:00,0,253.6562,103.55,57.0125,196.3,59.425,164.5625,164.625,-0.9375,-0.9328,-0.9391,-0.9453,0.0343,-0.0985,-0.0104,-0.0201
24/04/2025,04:30:00,0,250.0625,102.575,57.225,190.925,59.525,161.8125,161.9062,-0.9375,-0.9328,-0.9391,-0.9453,0.0291,-0.0975,-0.0104,-0.0201
24/04/2025,05:00:00,0,246.8125,101.5625,57.3812,185.8,59.6875,159.25,159.2812,-0.9375,-0.9328,-0.9391,-0.9453,0.0326,-0.0995,-0.012,-0.0217
24/04/2025,05:30:00,0,243.5,100.6375,57.5,181.1,60.5375,156.6875,156.75,-0.9391,-0.9328,-0.9391,-0.9453,0.0186,-0.098,-0.0104,-0.0234
24/04/2025,06:00:00,0,240.3125,99.95,57.55,176.675,60.9812,154.25,154.3438,-0.9391,-0.9328,-0.9391,-0.9453,0.0378,-0.09,-0.0087,-0.0185
24/04/2025,06:30:00,0,237.2188,99.225,57.5875,172.65,60.9812,152,152.0625,-0.9375,-0.9328,-0.9391,-0.9453,0.0321,-0.084,-0.0071,-0.0217
24/04/2025,07:00:00,0,234.125,98.5875,57.6,169.05,60.9125,150.0625,150.0938,-0.9375,-0.9328,-0.9375,-0.95,0.0356,-0.081,-0.0055,-0.0136
24/04/2025,07:30:00,0,231.0938,98.0375,57.575,165.9,60.8312,148.25,148.3438,-0.9375,-0.9328,-0.9391,-0.9453,0.0426,-0.096,-0.0104,-0.0153
24/04/2025,08:00:00,0,228.0938,97.4,57.475,163.125,60.7312,146.5,146.5,-0.9359,-0.9328,-0.9375,-0.9453,0.0409,-0.1055,-0.0087,-0.0153
24/04/2025,08:30:00,0,225.3125,96.8,57.3187,160.8,60.4875,144.875,144.9062,-0.9391,-0.9328,-0.9375,-0.9453,-0.0103,-0.1225,-0.012,-0.0153
24/04/2025,09:00:00,0,222.9062,96.4,56.8562,158.175,59.5812,143.125,143.1875,-0.9375,-0.9328,-0.9391,-0.9438,0.0129,-0.1255,-0.0136,-0.0201
24/04/2025,09:30:00,0,220.4688,96.725,56.475,155.675,58.95,141.5,141.5938,-0.9375,-0.9328,-0.9391,-0.9453,0.0068,-0.117,-0.0153,-0.0185
24/04/2025,10:00:00,0,218.0312,97.0125,56.2437,153.675,58.6812,140,140.0938,-0.9375,-0.9328,-0.9375,-0.9453,0.0168,-0.102,-0.0087,-0.0201
24/04/2025,10:30:00,0,215.4062,96.2125,56.0437,152.3,58.3875,138.8438,138.875,-0.9375,-0.9328,-0.9391,-0.9453,0.0164,-0.0975,-0.0185,-0.0185
24/04/2025,11:00:00,0,213.0312,94.8375,55.6562,151.175,57.7562,137.6562,137.7188,-0.9375,-0.9328,-0.9391,-0.9453,0.0116,-0.095,-0.0136,-0.0201
24/04/2025,11:30:00,0,210.7188,93.6875,55.1625,150.05,57.1187,136.5938,136.6875,-0.9375,-0.9328,-0.9391,-0.9484,0.0006,-0.108,-0.0153,-0.0234
24/04/2025,12:00:00,0,208.5,92.5625,54.65,148.85,56.3187,135.5938,135.625,-0.9375,-0.9328,-0.9406,-0.95,-0.0156,-0.1095,-0.0153,-0.0217
24/04/2025,12:30:00,0,206.25,91.525,54.1375,147.3,55.5062,134.4062,134.5,-0.9391,-0.9328,-0.9391,-0.9453,0.0085,-0.082,-0.012,-0.0185
24/04/2025,13:00:00,0,203.9062,90.425,53.6125,146.15,54.7562,133.2812,133.3125,-0.9391,-0.9328,-0.9391,-0.9453,0.0059,-0.089,-0.0055,-0.012
24/04/2025,13:30:00,0,201.6875,89.3375,53.0812,145.075,54.1312,132.0938,132.1562,-0.9391,-0.9344,-0.9391,-0.9453,0.0072,-0.0885,-0.0136,-0.0299
24/04/2025,14:00:00,0,199.5625,88.2625,52.55,143.875,53.5875,131.0312,131.0938,-0.9391,-0.9344,-0.9391,-0.9453,-0.0007,-0.096,-0.0169,-0.025
24/04/2025,14:30:00,0,197.4375,87.2,51.9937,142.675,52.875,129.9688,130.0312,-0.9391,-0.9328,-0.9391,-0.9453,0.0089,-0.087,-0.0104,-0.0234
24/04/2025,15:00:00,0,195.4375,86.125,51.5562,141.6,52.4187,128.9062,128.9688,-0.9375,-0.9344,-0.9391,-0.9453,0.0041,-0.0875,-0.0169,-0.0266
24/04/2025,15:30:00,0,193.6875,85.425,51.0812,140.425,51.9125,127.7188,127.7812,-0.9391,-0.9344,-0.9391,-0.9453,-0.0046,-0.0925,-0.0169,-0.0266
24/04/2025,16:00:00,0,191.8125,84.6375,50.5812,139.075,51.4437,126.4688,126.5312,-0.9422,-0.9328,-0.9391,-0.9453,-0.0024,-0.0855,-0.0136,-0.025
24/04/2025,16:30:00,0,189.8438,83.6625,50.0938,137.675,51.0312,125.2188,125.2812,-0.9391,-0.9344,-0.9391,-0.9453,0.0181,-0.0775,-0.0071,-0.0185
24/04/2025,17:00:00,0,187.875,82.425,49.7312,136.475,50.625,123.9688,124.0625,-0.9391,-0.9344,-0.9391,-0.9453,0.0138,-0.0755,-0.0104,-0.0217
24/04/2025,17:30:00,0,186.125,79.875,48.8562,136.375,48.775,122.9688,123.0312,-0.9391,-0.9328,-0.9391,-0.9469,-0.0427,-0.1425,-0.0136,-0.025
24/04/2025,18:00:00,0,184.6875,78.9375,47.8,136.75,46.7687,122.2188,122.2812,-0.9375,-0.9328,-0.9391,-0.9453,-0.0409,-0.1445,-0.0136,-0.0201
24/04/2025,18:30:00,0,183.25,78.3875,47.1125,136.7,45.725,121.4688,121.5312,-0.9375,-0.9328,-0.9391,-0.9453,-0.0392,-0.138,-0.012,-0.0201
24/04/2025,19:00:00,0,181.75,77.8625,46.5625,136.175,44.925,120.6562,120.75,-0.9375,-0.9344,-0.9391,-0.9453,-0.0366,-0.1375,-0.0185,-0.0217
24/04/2025,19:30:00,0,180.1562,77.3,46.075,135.825,44.3062,119.8438,119.9062,-0.9391,-0.9328,-0.9391,-0.9453,-0.0265,-0.13,-0.0136,-0.0217
24/04/2025,20:00:00,0,178.7812,76.6875,45.1875,135.125,42.8937,119.75,119.875,-0.9375,-0.9328,-0.9391,-0.9453,-0.0344,-0.139,-0.0136,-0.0201
24/04/2025,20:30:00,0,177.3438,76.1375,44.975,134.425,42.6375,118.5938,118.625,-0.9375,-0.9328,-0.9391,-0.9438,-0.0379,-0.1355,-0.0136,-0.0217
24/04/2025,21:00:00,0,175.75,75.375,44.6625,133.7,42.5062,117.5312,117.5625,-0.9375,-0.9328,-0.9391,-0.9453,-0.0304,-0.132,-0.0153,-0.0234
24/04/2025,21:30:00,0,174.125,74.6,44.3125,132.675,42.2062,116.5938,116.5938,-0.9375,-0.9328,-0.9391,-0.9453,-0.0208,-0.1245,-0.0071,-0.0185
24/04/2025,22:00:00,0,172.5938,73.825,43.9875,131.675,41.825,115.7188,115.8125,-0.9375,-0.9328,-0.9391,-0.9469,-0.0291,-0.126,-0.012,-0.0217
24/04/2025,22:30:00,0,170.9688,73.075,43.6625,130.675,41.5375,114.7812,114.875,-0.9391,-0.9328,-0.9391,-0.9453,-0.0213,-0.1245,-0.0136,-0.0234
24/04/2025,23:00:00,0,169.3438,72.3625,43.3625,129.675,41.225,113.9062,113.9688,-0.9375,-0.9328,-0.9391,-0.9453,-0.0248,-0.122,-0.012,-0.0201
24/04/2025,23:30:00,0,167.75,71.6625,43.0625,128.55,40.925,113.0312,113.125,-0.9375,-0.9328,-0.9391,-0.9438,-0.0269,-0.1225,-0.012,-0.0217
25/04/2025,00:00:00,0,166.125,70.9375,42.7687,127.525,40.6625,112.0938,112.1562,-0.9406,-0.9328,-0.9391,-0.9453,-0.0191,-0.117,-0.012,-0.0201
25/04/2025,00:30:00,0,164.4688,70.2375,42.4875,126.625,40.4125,111.2188,111.2812,-0.9391,-0.9328,-0.9391,-0.9453,-0.0322,-0.1165,-0.0153,-0.0234
25/04/2025,01:00:00,0,162.875,69.5,42.2062,125.45,40.225,110.2812,110.25,-0.9375,-0.9328,-0.9391,-0.9469,-0.0208,-0.112,-0.0104,-0.0201
25/04/2025,01:30:00,0,161.2188,68.7875,41.9688,124.525,40.0125,109.3438,109.4062,-0.9391,-0.9328,-0.9391,-0.9453,-0.0182,-0.1105,-0.012,-0.0201
25/04/2025,02:00:00,0,159.5625,68.05,41.725,123.3,39.775,108.4062,108.4688,-0.9406,-0.9328,-0.9391,-0.9453,-0.0125,-0.108,-0.0104,-0.0185
25/04/2025,02:30:00,0,157.9062,67.3625,41.4937,122.25,39.6125,107.4688,107.5625,-0.9406,-0.9328,-0.9391,-0.9438,-0.0142,-0.1085,-0.0136,-0.0201
25/04/2025,03:00:00,0,156.2812,66.7,41.2562,121.15,39.3937,106.5938,106.6875,-0.9391,-0.9328,-0.9391,-0.9453,-0.016,-0.11,-0.0136,-0.0201
25/04/2025,03:30:00,0,154.6562,66.0375,41.0437,120.025,39.2375,105.7188,105.8125,-0.9375,-0.9328,-0.9391,-0.9453,-0.0191,-0.1055,-0.012,-0.0217
25/04/2025,04:00:00,0,152.9688,65.375,40.85,118.85,39.1125,104.8438,104.9062,-0.9375,-0.9328,-0.9391,-0.9469,-0.009,-0.101,-0.012,-0.0201
25/04/2025,04:30:00,0,151.3438,64.6875,40.6625,117.8,38.9312,103.9688,104.0625,-0.9375,-0.9328,-0.9391,-0.9484,-0.0134,-0.101,-0.0104,-0.0185
25/04/2025,05:00:00,0,149.6562,64.05,40.45,116.7,38.75,103.1562,103.2188,-0.9375,-0.9328,-0.9391,-0.9453,-0.0081,-0.0985,-0.0087,-0.0201
25/04/2025,05:30:00,0,148.0312,63.4125,40.2625,115.675,38.5438,102.3438,102.4062,-0.9375,-0.9328,-0.9391,-0.9453,-0.016,-0.1005,-0.0136,-0.0217
25/04/2025,06:00:00,0,146.4062,62.8,40.0437,114.65,38.4,101.4062,101.5,-0.9375,-0.9344,-0.9391,-0.9438,-0.0064,-0.0945,-0.012,-0.0185
25/04/2025,06:30:00,0,144.75,62.175,39.8875,113.625,38.2437,100.5938,100.6562,-0.9375,-0.9328,-0.9391,-0.9453,-0.0016,-0.0885,-0.0087,-0.0169
25/04/2025,07:00:00,0,143.0625,61.5875,39.7375,112.625,38.1625,99.7812,99.875,-0.9375,-0.9328,-0.9391,-0.9453,0.0037,-0.0895,-0.0087,-0.0169
25/04/2025,07:30:00,0,141.375,61.1375,39.6312,111.75,38.0687,99.0312,99.125,-0.9375,-0.9328,-0.9391,-0.95,0.0129,-0.0305,-0.0071,-0.0153
25/04/2025,08:00:00,0,139.8125,61,39.5625,111.075,38.025,98.2812,98.3438,-0.9375,-0.9328,-0.9375,-0.9453,0.0142,-0.023,-0.0136,-0.0201
25/04/2025,08:30:00,0,137.8125,60.5375,39.5687,110.3,38.2062,98.7812,98.875,-0.9375,-0.9328,-0.9391,-0.9484,0.0339,-0.01,-0.0071,-0.0153
25/04/2025,09:00:00,0,136.1562,60.15,39.7188,109.85,36.6187,101.1875,101.3438,-0.9406,-0.9313,-0.9375,-0.9453,0.0378,-0.008,-0.0087,-0.0153
25/04/2025,09:30:00,0,134.9375,59.875,39.75,109.125,35.4,102.0938,102.2188,-0.9375,-0.9313,-0.9375,-0.9438,0.0173,-0.004,-0.0136,-0.0201
25/04/2025,10:00:00,0,133.5,59.5625,39.7,108.275,34.8875,102.2188,102.2812,-0.9359,-0.9328,-0.9391,-0.95,0.0334,0.004,-0.0104,-0.0201
25/04/2025,10:30:00,0,132.2188,59.1,39.5812,107.25,34.7313,102.0938,102.1875,-0.9375,-0.9328,-0.9375,-0.9453,0.0347,0.0115,-0.0087,-0.0201
25/04/2025,11:00:00,0,131.2188,58.7,39.4812,106.625,34.6125,101.9062,102,-0.9375,-0.9313,-0.9391,-0.9453,0.0199,0,-0.012,-0.0169
25/04/2025,11:30:00,0,129.9688,58.325,39.3812,105.675,34.5,101.625,101.6875,-0.9359,-0.9328,-0.9406,-0.9438,0.0308,0.0065,-0.0136,-0.0217
25/04/2025,12:00:00,0,128.8125,57.85,39.2562,105.125,34.225,101.375,101.4375,-0.9375,-0.9328,-0.9391,-0.9453,0.0221,0.004,-0.0136,-0.0217
25/04/2025,12:30:00,0,127.7812,57.55,39.1375,104.325,34.0812,100.9375,101,-0.9375,-0.9328,-0.9391,-0.9453,0.0173,0.0065,-0.0104,-0.0185
25/04/2025,13:00:00,0,126.8125,57.1375,39,103.825,33.825,100.4375,100.5625,-0.9375,-0.9328,-0.9391,-0.9438,0.0151,0.0025,-0.0136,-0.0201
25/04/2025,13:30:00,0,125.8125,56.6875,38.85,103.1,33.675,100.0625,100.1562,-0.9406,-0.9344,-0.9422,-0.9438,0.0308,0.0115,-0.0104,-0.0201
25/04/2025,14:00:00,0,125.0625,56.2625,38.6937,102.65,33.5562,99.6875,99.7812,-0.9422,-0.9344,-0.9391,-0.9453,0.0264,0.0035,-0.0071,-0.0185
25/04/2025,14:30:00,0,124.2188,55.8,38.5375,102.025,33.4625,99.3125,99.3125,-0.9391,-0.9344,-0.9391,-0.9469,0.0221,0.0065,-0.012,-0.0185
25/04/2025,15:00:00,0,123.4688,55.35,38.4,101.35,33.4188,98.8125,98.875,-0.9391,-0.9328,-0.9391,-0.9453,0.0225,0.002,-0.0104,-0.0185
25/04/2025,15:30:00,0,122.75,54.8,38.2625,100.675,33.3187,98.25,98.2812,-0.9406,-0.9313,-0.9406,-0.9453,0.0203,0.006,-0.0104,-0.0185
25/04/2025,16:00:00,0,122,54.35,38.1375,99.75,33.3125,97.5625,97.5938,-0.9406,-0.9328,-0.9391,-0.9438,0.0225,0.004,-0.012,-0.0217
25/04/2025,16:30:00,0,121.1562,53.8625,38.025,99.075,33.3875,96.875,96.9375,-0.9375,-0.9328,-0.9391,-0.9469,0.0291,0.013,-0.0104,-0.0201
25/04/2025,17:00:00,0,120.0938,53.3375,37.9562,97.5,33.5562,95.9375,96,-0.9375,-0.9328,-0.9375,-0.9453,0.0317,0.0105,-0.0104,-0.0201
25/04/2025,17:30:00,0,119.1562,52.85,37.875,96.8,33.6063,95.125,95.125,-0.9359,-0.9328,-0.9391,-0.9453,0.0326,0.0095,-0.0153,-0.0234
25/04/2025,18:00:00,0,118.2812,52.45,37.8187,96,33.4437,94.5625,94.6562,-0.9375,-0.9328,-0.9391,-0.9469,0.0186,0.005,-0.0201,-0.0315
25/04/2025,18:30:00,0,117.7812,52.075,37.7062,95.375,33.1562,94.125,94.1875,-0.9375,-0.9328,-0.9375,-0.9453,0.0269,0.009,-0.0136,-0.0234
25/04/2025,19:00:00,0,117.2812,51.6875,37.575,94.75,32.9813,93.5312,93.5938,-0.9375,-0.9328,-0.9391,-0.9453,0.0291,0.0125,-0.012,-0.0283
25/04/2025,19:30:00,0,116.875,51.2375,37.4562,94,32.85,92.875,92.9375,-0.9375,-0.9328,-0.9391,-0.9438,0.0286,0.0135,-0.012,-0.0201
25/04/2025,20:00:00,0,116.1562,50.75,37.3625,93.225,32.7875,92.1875,92.25,-0.9375,-0.9328,-0.9375,-0.9469,0.0299,0.0215,-0.0104,-0.0217
25/04/2025,20:30:00,0,186.0312,62.8375,38.975,128.625,34.9813,167.0312,167.2188,-0.9375,-0.9328,-0.9375,-0.9453,-0.4933,-1.0145,-0.0153,-0.0201
25/04/2025,21:00:00,0,184.5625,73.275,40.9875,144,35.4062,174.1562,174.2188,-0.9375,-0.9328,-0.9375,-0.9453,-0.4933,-1.021,-0.0201,-0.0266
25/04/2025,21:30:00,0,175.6875,74.0125,41.6562,146.65,35.4437,167.4062,167.4688,-0.9406,-0.9328,-0.9391,-0.9438,-0.4767,-0.9955,-0.0136,-0.0201
25/04/2025,22:00:00,0,154.625,71.6375,41.75,142.45,35.5062,150.4062,150.3125,-0.9375,-0.9328,-0.9391,-0.9453,-0.4749,-0.9675,-0.012,-0.0217
25/04/2025,22:30:00,0,141.2812,66.7,41.2937,134.55,35.5875,136.8438,136.9062,-0.9422,-0.9328,-0.9406,-0.9438,-0.4679,-0.945,-0.012,-0.0201
25/04/2025,23:00:00,0,134.7812,63.7625,40.7562,129.675,35.2375,130.4062,130.4375,-0.9375,-0.9328,-0.9391,-0.9484,-0.4614,-0.929,-0.0201,-0.0201
25/04/2025,23:30:00,0,127.125,61.5,40.25,124.45,35.0062,122.9062,123,-0.9391,-0.9328,-0.9391,-0.9438,-0.4504,-0.9015,-0.0136,-0.0201
26/04/2025,00:00:00,0,118.6562,59.1625,39.425,118.675,34.7938,114.9688,115.0312,-0.9375,-0.9328,-0.9375,-0.9453,-0.4526,-0.893,-0.0153,-0.0266
26/04/2025,00:30:00,0,110.8438,56.675,38.85,112.55,34.35,107.4062,107.5,-0.9422,-0.9344,-0.9391,-0.9438,-0.4658,-0.8965,-0.0153,-0.0234
26/04/2025,01:00:00,0,102.2188,54.55,38.325,105.85,33.9062,99.1562,99.25,-0.0047,20.9516,20.6687,19.1484,-0.6062,-1.6535,-0.0039,-0.0201
26/04/2025,01:30:00,0,90.9375,49.275,37.0812,94.375,32.825,86.0312,86.1562,18.725,19.1687,19.0938,17.6703,-0.6924,-1.746,-0.0055,-0.0234
26/04/2025,02:00:00,0,138.6875,55.2,37.1562,104.825,32.5812,122.4375,122.7188,14.6375,17.3062,17.3328,16.1047,-0.6723,-1.8065,-0.0055,-0.0266
26/04/2025,02:30:00,0,173.0938,64.225,38.4125,125.3,32.5,151.5,151.5938,13.4906,17.3281,17.3656,16.1031,-0.765,-2.013,-0.0087,-0.0217
26/04/2025,03:00:00,0,197,71.1,39.7062,141.875,32.6937,173.7188,173.7812,12.3969,17.0547,16.8016,15.2172,-0.7422,-2.02,-0.0023,-0.0185
26/04/2025,03:30:00,0,212,76.3375,40.9875,154,32.9562,187.5938,187.75,11.8266,16.6844,17.0578,15.4359,-0.8284,-2.12,-0.0039,-0.0217
26/04/2025,04:00:00,0,221.2812,79.5625,41.8438,163.25,32.7875,196.1562,196.2188,11.9469,16.6125,16.5234,15.1906,-0.7974,-2.14,-0.0006,-0.0185
26/04/2025,04:30:00,0,229.7812,81.95,42.55,171.85,32.7938,203.8125,203.9062,11.6078,16.3547,16.6609,15.1609,-0.7602,-2.1185,-0.0055,-0.0185
26/04/2025,05:00:00,0,230.5,83.4625,43.1187,178.075,32.85,206.125,206.2188,11.5812,16.5641,16.8297,15.2984,-0.7164,-2.108,-0.0039,-0.0185
26/04/2025,05:30:00,0,231.7812,84.0875,43.5,182.75,32.9125,207.375,207.4375,11.5219,16.4141,16.7453,15.3719,-1.0205,-2.3275,-0.012,-0.0217
26/04/2025,06:00:00,0,238.0312,85.1875,44.4937,188.625,33.0187,212,212.125,11.1891,15.7203,15.2875,13.8984,-0.8691,-2.326,7.19,7.216
26/04/2025,06:30:00,21.25,221.125,86.975,50.1625,198.775,33.8375,207.0312,207.0938,8.1609,10.9891,11.1469,10.3219,-0.8709,-2.0115,11.9187,11.9447
26/04/2025,07:00:00,56.1,193.6562,83.1125,48.5875,187.2,34.9188,186.5625,186.625,8.3062,10.5656,10.4469,9.7359,-0.7352,-1.7805,12.2649,12.2194
26/04/2025,07:30:00,71.2937,190.7188,82.625,48.05,184.55,35.4125,181.4688,181.5,6.5406,8.1609,8.6797,8.3984,-0.7011,-1.689,12.5899,12.5525
26/04/2025,08:00:00,72.6749,186.6875,82.1125,48.0437,181.275,35.9312,176.1875,176.25,8.1578,10.7219,10.4094,9.7031,-0.5287,-1.4805,12.7329,12.6744
26/04/2025,08:30:00,70.975,190.125,82.7625,48.1437,184.25,36.0875,178.9062,179,7.3484,9.8438,9.2109,8.1391,-0.5309,-1.478,12.9409,12.8775
26/04/2025,09:00:00,127.2875,224.0312,86.125,48.375,209.875,36.325,200.4375,200.7188,6.1109,8.3,8.1391,7.1078,-0.6823,-1.572,12.9766,12.9116
26/04/2025,09:30:00,218.875,258.4688,99.1875,48.1687,245.325,36.8563,230.2812,230.4062,4.2125,5.6078,5.6516,5.4109,-0.5301,-1.4135,13.1602,13.0595
26/04/2025,10:00:00,264.4562,290.4062,114.125,47.9062,274.65,36.8312,261.9688,262.0625,4.1922,5.5453,5.6078,5.2344,-0.6915,-1.849,13.0497,12.9571
26/04/2025,10:30:00,263.3937,297.1562,120.8625,48.6,283.4,37.1,279.6875,279.8125,4.1062,5.7359,5.6953,5.35,-0.7186,-1.858,12.8759,12.7605
26/04/2025,11:00:00,263.7125,299.75,117.55,49.4688,286.35,37.475,284.7812,284.9062,4.1109,5.6609,5.4562,5.2562,-0.7226,-1.8215,12.5834,12.5362
26/04/2025,11:30:00,265.625,301.6562,115.0875,49.275,287.825,37.1375,288.25,288.3125,3.9437,5.7875,5.7484,5.2594,-0.6696,-1.7225,12.6126,12.5639
26/04/2025,12:00:00,266.2625,307.75,114.8875,49.3875,289.5,37.3375,290.3438,290.4062,4.0203,5.8625,5.6234,5.0422,-0.7143,-1.771,12.6549,12.6061
26/04/2025,12:30:00,265.8375,313.5625,115.3625,49.5312,292.75,37.3312,294.4688,294.5625,3.9828,5.6734,5.4234,4.9141,-0.7086,-1.759,12.507,12.4387
26/04/2025,13:00:00,265.4125,313.8125,114.625,49.4688,293.2,37.1625,295.4688,295.5938,3.9187,5.8172,5.7031,4.9875,-0.7077,-1.778,12.6467,12.5882
26/04/2025,13:30:00,266.475,315.3438,114.8625,49.1437,294.45,36.8,296.8438,296.9375,3.8453,5.6953,5.7609,5.2031,-0.6968,-1.769,12.6191,12.5541
26/04/2025,14:00:00,265.7312,315.7188,115.1875,49.2,295.15,36.7687,297.6562,297.7812,3.8891,5.8234,5.6875,4.8891,-0.7046,-1.7705,12.5249,12.4566
26/04/2025,14:30:00,265.5187,315.8125,115.0875,49.0437,295.5,36.6063,298.5938,298.625,3.9328,5.9297,5.725,4.9312,-0.702,-1.782,12.6516,12.5964
26/04/2025,15:00:00,265.8375,315.875,115.1625,48.9562,296.05,36.625,298.5625,298.625,3.7125,5.6359,5.7312,5.0625,-0.6758,-1.7615,12.572,12.4859
26/04/2025,15:30:00,264.8812,316.4062,115.3625,48.7687,296.6,36.45,299.125,299.2188,3.7906,5.3547,5.4812,5.05,-0.6989,-1.7855,12.6695,12.6077
26/04/2025,16:00:00,310.4625,315.6875,115.6375,48.6437,296.35,36.3563,300.4688,300.625,3.6984,5.6734,5.5578,4.9187,-0.8442,-2.297,12.8759,12.8076
26/04/2025,16:30:00,421.0687,345.2812,111.25,48.4562,309.975,35.6,321.5938,321.7188,2.5703,4.3609,4.4484,4.5109,-0.8459,-2.6305,13.5243,13.443
26/04/2025,17:00:00,419.9,354.25,113.1625,48.425,315.075,35.6,327.4688,327.5938,2.4766,4.4437,4.4906,4.3656,-0.9208,-2.71,13.456,13.3748
26/04/2025,17:30:00,584.0563,362.1875,119.65,47.575,319.85,35.5875,336.4688,336.4688,2.0953,3.3516,3.3937,3.2984,-1.3154,-4.6205,14.5382,14.4277
26/04/2025,18:00:00,662.575,380.875,127.9375,47.5687,336.5,35.6,353.25,353.375,1.7766,2.5672,2.8094,2.6203,-1.3464,-4.6195,14.1499,14.054
26/04/2025,18:30:00,662.2562,380.4062,129.3125,47.5062,336.475,35.7562,353.0312,353.1562,1.6422,2.6984,3.0719,2.5656,-1.3709,-4.5925,14.0719,13.9825
26/04/2025,19:00:00,663.1062,377.25,129.775,47.225,336.625,35.9937,352.2812,352.25,1.675,2.5094,2.7562,2.4031,-1.4488,-4.575,14.002,13.9061
26/04/2025,19:30:00,662.15,370.7188,128.15,46.8625,333.25,35.6375,347.4062,347.4375,1.9187,2.9609,3.0219,2.8359,-1.3674,-4.45,13.9403,13.8395
26/04/2025,20:00:00,660.025,369.7188,127.85,46.625,332.025,35.5312,346.125,346.2188,2.0797,2.9781,3.1844,2.8219,-1.3714,-4.3705,13.7843,13.7111
26/04/2025,20:30:00,662.15,371.5938,125.925,46.4875,332.225,35.3563,346.5938,346.7188,1.6406,2.4953,2.8219,2.5234,-1.3044,-4.141,13.8054,13.6916
26/04/2025,21:00:00,665.125,373.5312,126.5,46.5,333.85,35.3125,348.4062,348.4375,1.7891,2.6141,2.8859,2.65,-1.3123,-4.1865,13.6461,13.5665
26/04/2025,21:30:00,665.4437,374.0938,126.625,46.2562,334.425,35.1437,349.0625,349.1562,1.6734,2.8156,2.9859,2.4016,-1.3001,-4.1655,13.8899,13.8037
26/04/2025,22:00:00,664.8063,376.125,126.9875,46.0625,335.8,35.0625,350.3438,350.4688,1.7453,2.6016,2.9875,2.5891,-1.3495,-4.2155,13.7355,13.6461
26/04/2025,22:30:00,664.0625,378.125,127.1,45.8937,337.075,34.85,351.8125,351.9062,1.7141,2.5906,2.9219,2.6234,-1.3272,-4.168,13.5031,13.4154
26/04/2025,23:00:00,663.7438,380.25,127.9375,45.9812,339.2,34.8563,354,354.0938,1.6391,2.6875,3.0953,2.4937,-1.2655,-4.158,13.7436,13.638
26/04/2025,23:30:00,664.3812,380.25,129.3875,46.2437,340.125,34.7125,354.5938,354.625,1.6266,2.5719,2.9969,2.4641,-1.3036,-4.2145,13.7615,13.6689
27/04/2025,00:00:00,665.3375,381.4062,128.4375,46.3312,340.025,34.9625,354.9688,355.0625,1.675,2.4531,2.8406,2.45,-1.2843,-4.1755,13.8054,13.7241
27/04/2025,00:30:00,665.3375,380.25,128.6,46.125,339.25,34.6812,353.875,353.9375,1.7531,2.6531,2.9187,2.5312,-1.3211,-4.2025,13.6819,13.5714
27/04/2025,01:00:00,665.7625,385.5938,129.5875,45.7625,341.55,34.5562,356.5625,356.6875,1.6391,2.7437,3.1906,2.5187,-1.3766,-4.325,13.7046,13.6185
27/04/2025,01:30:00,664.5938,376.2188,129.1125,45.4375,337.025,34.2687,351.0625,351.0625,1.6703,2.4344,2.8328,2.4125,-1.3101,-4.183,13.8054,13.703
27/04/2025,02:00:00,665.6562,380.5625,127.7875,45.4375,337.8,34.0562,352.4062,352.4375,1.7438,2.4031,2.7844,2.4875,-1.3884,-4.3025,13.7761,13.6786
27/04/2025,02:30:00,664.9125,374.375,125.9875,45.4437,334.025,33.875,348.9062,348.9688,1.9172,2.5609,3.0219,2.8594,-1.3171,-4.215,13.8834,13.7517
27/04/2025,03:00:00,664.4875,370.4688,126.75,45.1125,333.275,33.975,347.7188,347.7812,1.8203,2.6531,3.0922,2.9703,-1.3408,-4.311,13.8834,13.7745
27/04/2025,03:30:00,665.3375,366.5938,123.7375,45.0375,329.125,33.7875,343.7188,343.75,1.7062,2.6094,2.9391,2.6437,-1.3731,-4.236,13.872,13.7615
27/04/2025,04:00:00,665.0188,367.5625,123.625,45.1875,329.375,33.7687,344.1875,344.2812,1.7438,2.6141,2.975,2.7687,-1.3386,-4.237,14.0849,13.9906
27/04/2025,04:30:00,665.975,368.2188,123.7375,44.9,330,33.7437,344.875,345,1.8281,2.5234,2.9375,2.6516,-1.3565,-4.2145,14.0264,13.9207
27/04/2025,05:00:00,663.9563,368.2188,123.9,44.8687,330.775,33.6125,345.3125,345.4062,1.6766,2.4797,2.9219,2.6328,-1.3162,-4.173,13.9711,13.8736
27/04/2025,05:30:00,665.6562,369.0312,124.0375,44.675,331.175,33.525,346.0312,346.1562,1.6,2.275,2.8156,2.8609,-1.3657,-4.26,14.21,14.1174
27/04/2025,06:00:00,664.3812,368.125,124.3625,45.425,330.8,33.6312,345.4375,345.4375,1.8812,2.4156,2.8812,2.8297,-1.3228,-4.1815,14.1287,14.0459
27/04/2025,06:30:00,664.275,367.1875,126.1875,46.3937,330.8,34.5,345.1875,345.1562,1.6125,2.575,3.0578,2.7234,-1.4199,-4.335,14.1125,14.0101
27/04/2025,07:00:00,611.15,367.5,125.35,47.3125,330.425,35.2313,344.4688,344.4688,1.7766,2.6766,3.3187,2.8922,-1.1448,-3.5865,13.3439,13.248
27/04/2025,07:30:00,470.05,337.5625,121.425,47.7937,313.55,36.125,322.4688,322.5,2.2719,3.6125,3.9172,3.4984,-0.8612,-2.67,13.0384,12.9409
27/04/2025,08:00:00,319.6,323.75,125.5,47.9937,309.85,36.8563,312.5625,312.5938,3.4547,5.0969,4.9672,4,-0.709,-1.8875,12.598,12.5086
27/04/2025,08:30:00,269.6625,302.7188,121.6,48.3375,290.3,37.5312,293.3125,293.4062,3.9969,5.5281,5.3281,4.3656,-0.7414,-1.7715,12.6224,12.5379
27/04/2025,09:00:00,270.0875,297.7188,114.9625,48.4,283.45,37.525,287.125,287.2188,3.9328,5.7375,5.6812,5.0531,-0.7151,-1.7435,12.6906,12.6029
27/04/2025,09:30:00,269.7687,295.875,113.7,48.8312,281.5,37.8687,285.125,285.1562,3.875,6,5.8703,4.2109,-0.7427,-1.7455,12.6727,12.5866
27/04/2025,10:00:00,269.7687,295.0312,114.325,49.2062,280.85,38.2938,284.25,284.3438,3.7609,5.4094,5.6984,5.1937,-0.6828,-1.6915,12.7052,12.6159
27/04/2025,10:30:00,270.2999,295,114.175,49.3375,280.375,38.4,284.0625,284.0938,3.9953,5.6344,5.6375,5.1969,-0.7195,-1.8065,12.7849,12.6874
27/04/2025,11:00:00,271.0437,295.3125,113.9875,49.1937,280.275,38.0812,284.0625,284.125,3.8172,5.4375,5.6312,5.1391,-0.7886,-1.931,12.7654,12.6809
27/04/2025,11:30:00,269.45,295.5312,114.2375,49.1187,280.45,37.8812,284.1875,284.2812,4.075,5.7062,5.6875,4.8609,-0.7016,-1.9015,12.7507,12.6663
27/04/2025,12:00:00,267.6437,294.7812,114.3375,49.3375,280.525,37.9813,284.0312,284.125,3.9047,5.5078,5.6,5.2031,-0.6788,-1.87,12.7589,12.702
27/04/2025,12:30:00,266.1562,294.9375,114.2125,49.1312,280.375,37.7687,283.9375,284,3.8578,5.4094,5.6516,5.0219,-0.7164,-2.0395,12.7361,12.6565
27/04/2025,13:00:00,269.875,294.6875,114.325,48.85,280.4,37.525,283.9062,283.9375,3.8516,5.5437,5.7375,5.0406,-0.6758,-2.042,12.7621,12.6841
27/04/2025,13:30:00,269.2374,294.4375,114.9,48.8375,280.5,37.5062,283.6875,283.75,3.7781,5.6937,5.5734,5.1578,-0.6464,-2.0715,12.9685,12.8824
27/04/2025,14:00:00,269.5563,294.6562,113.925,48.75,280.25,37.4,283.9375,284,3.8281,5.4828,5.7156,5.4062,-0.6644,-1.892,12.8239,12.7247
27/04/2025,14:30:00,273.8063,294.7812,113.775,48.7125,281.025,37.3875,284.4062,284.4688,3.8812,5.4219,5.7625,5.0797,-0.7248,-1.8385,12.6402,12.494
27/04/2025,15:00:00,273.275,296.0938,114.775,48.3687,281.875,37.0812,285.1562,285.1875,3.9297,5.4656,5.5375,5.1328,-0.7383,-1.885,12.7897,12.6906
27/04/2025,15:30:00,271.8937,296.0625,115.85,48.35,282.55,37.275,285.875,285.875,4.0812,5.7016,5.575,4.8219,-0.6596,-1.768,12.728,12.6467
27/04/2025,16:00:00,272.1062,295.9688,115.2625,48.0312,282.125,37,285.5312,285.5625,3.8375,5.3906,5.6703,5.1609,-0.7374,-1.9045,12.7166,12.6386
27/04/2025,16:30:00,493.7438,325.7812,112.275,47.7062,293.95,35.7625,306.2188,306.3125,2.6062,3.5656,3.6906,3.0953,-1.1413,-3.268,13.3748,13.2854
27/04/2025,17:00:00,650.25,351.4062,119.875,47.575,312.4,35.45,327.8438,327.9062,1.9031,2.7031,2.8875,2.5625,-1.2996,-4.22,14.6634,14.5561
27/04/2025,17:30:00,660.1312,356.9062,123.5375,47.65,318.275,35.5938,333.75,333.875,1.8453,2.5297,2.75,2.55,-1.3653,-4.3755,14.6065,14.4879
27/04/2025,18:00:00,660.3438,356.375,123.375,47.5437,318.95,35.55,334.1875,334.1562,1.8797,2.8844,2.9047,2.6984,-1.3674,-4.355,14.2571,14.1385
27/04/2025,18:30:00,662.8938,355.5312,123.6125,47.3062,319.5,35.8062,333.5,333.625,1.7578,2.6641,2.9781,2.6141,-1.3578,-4.291,14.3611,14.2571
27/04/2025,19:00:00,661.6188,354.9688,122.925,46.85,318.75,35.4437,332.6562,332.75,1.8625,2.8125,3.0375,2.7016,-1.3561,-4.238,14.3384,14.2474
27/04/2025,19:30:00,663.3187,355.5625,122.1625,46.625,318.675,35.275,332.6875,332.7812,1.7031,2.2906,2.6187,2.3812,-1.346,-4.21,14.483,14.3757
27/04/2025,20:00:00,662.6813,356.0312,122.175,46.5312,318.95,35.1125,333.0625,333.125,1.9047,2.4953,2.6937,2.7,-1.3469,-4.2365,14.5041,14.3969
27/04/2025,20:30:00,662.8938,353.3125,122.3625,46.4437,317.375,35.1063,331,331.0625,1.8516,2.6781,2.8031,2.5875,-1.3749,-4.2105,14.3562,14.2652
27/04/2025,21:00:00,662.7875,354.3125,121.3875,46.125,316.85,34.8,330.8125,330.8438,1.8109,2.7891,2.7859,2.4891,-1.3486,-4.267,14.5448,14.4521
27/04/2025,21:30:00,662.3625,351.8438,121.85,45.9312,316.6,34.6437,330.0312,330.0938,1.7203,2.6719,2.6937,2.2766,-1.3416,-4.2725,14.4505,14.3481
27/04/2025,22:00:00,663,353.2812,121.2,46.1125,316.175,34.6625,329.9062,330,1.9,2.7437,2.8484,2.7094,-1.3075,-4.2575,14.5935,14.4911
27/04/2025,22:30:00,662.575,354.0625,121.4625,46.2875,316.475,34.8125,330.3125,330.3438,1.9297,2.6172,2.9047,2.6078,-1.409,-4.348,14.4635,14.3709
27/04/2025,23:00:00,662.2562,354.625,121.4125,46.225,316.775,34.6937,330.6875,330.8125,1.8172,2.5875,2.7875,2.6281,-1.3661,-4.312,14.4261,14.3075
27/04/2025,23:30:00,662.3625,354.5312,121.2375,45.8937,317,34.5,330.8438,330.8438,2.0547,2.9094,3.0797,2.6516,-1.3298,-4.251,14.5204,14.4196
28/04/2025,00:00:00,663.7438,355,121.125,45.9062,317.15,34.375,330.9688,331.0625,1.8719,2.3734,2.6547,2.7641,-1.3049,-4.2325,14.6016,14.4879
28/04/2025,00:30:00,662.8938,354.5938,121.325,46.0125,317.2,34.2625,330.875,330.9375,1.8859,2.8734,3.1547,2.45,-1.3771,-4.2675,14.2929,14.2262
28/04/2025,01:00:00,660.3438,352.0312,120.8625,46.1937,315.475,34.3187,329.1562,329.1875,1.8516,2.7266,2.925,2.6547,-1.2244,-4.188,14.5691,14.4651
28/04/2025,01:30:00,662.2562,354.3125,121.5,46.2437,316.425,34.6375,330.25,330.2812,1.8234,2.7672,2.875,2.5297,-1.3031,-4.329,14.5626,14.457
28/04/2025,02:00:00,663.6375,354.4062,121.525,46.1812,316.6,34.4937,330.5,330.4688,1.8828,2.4578,2.55,2.6203,-1.3609,-4.3805,14.3514,14.2636
28/04/2025,02:30:00,663,353.625,120.675,46.1562,315.5,34.2188,329.75,329.7812,1.9562,2.5375,2.9094,3.0047,-1.3381,-4.3345,14.509,14.4017
28/04/2025,03:00:00,662.575,353.0625,120.4375,46.0812,315.425,34.1,329.8438,329.875,1.8234,2.6937,3.0422,2.8062,-1.3583,-4.3845,14.6162,14.5041
28/04/2025,03:30:00,661.4062,353.5938,120.4875,46.0562,315.575,34.025,330.1562,330.25,1.8797,2.7937,3.1047,2.7672,-1.3394,-4.388,14.5139,14.4017
28/04/2025,04:00:00,662.15,350.2812,120.3,46.1562,314.25,34.0875,328.3438,328.375,1.8359,2.5578,2.9656,2.7812,-1.3705,-4.386,14.6195,14.5269
28/04/2025,04:30:00,663.6375,351,120,45.9688,313.8,33.925,328.5,328.5312,1.8703,2.6297,2.9422,2.6766,-1.3696,-4.3615,14.4846,14.4115
28/04/2025,05:00:00,662.3625,351.2188,119.525,45.8937,314.225,33.8125,328.5,328.5312,1.8328,2.8766,2.8453,2.6844,-1.3543,-4.281,14.47,14.3774
28/04/2025,05:30:00,663.85,351.3438,119.85,45.9937,314.475,33.9688,328.6562,328.7188,1.7344,2.5234,2.7844,2.7922,-1.3355,-4.2855,14.3481,14.2799
28/04/2025,06:00:00,663.3187,351.375,119.8,46.125,314.5,33.8937,328.6875,328.75,1.8219,2.6219,2.65,2.6203,-1.3219,-4.323,14.5577,14.4651
28/04/2025,06:30:00,663.425,351.0938,120.5875,46.8438,314.725,34.45,328.8125,328.8125,1.825,2.4625,2.7516,2.7922,-1.3469,-4.3275,14.4765,14.3855
28/04/2025,07:00:00,665.2312,347.3125,121.4375,47.4437,313.75,35.1562,327.3125,327.3438,1.7359,2.3844,2.6312,2.7641,-1.4042,-4.394,14.4196,14.3302
28/04/2025,07:30:00,664.8063,348.3438,121.25,48.2188,313.225,35.9625,327.0625,327.125,1.9062,2.8844,3.0609,2.8234,-1.325,-4.421,14.5919,14.496
28/04/2025,08:00:00,664.7,348.8125,121.65,48.8312,313.65,36.6063,327.4688,327.5625,1.8859,2.8719,3.0938,2.6672,-1.3311,-4.41,14.5594,14.4554
28/04/2025,08:30:00,600.8438,349.4062,121.5375,48.4688,314.225,36.1937,327.4375,327.5625,2.0828,2.8484,3.0547,2.9062,-1.1343,-3.6825,13.3699,13.2642
28/04/2025,09:00:00,461.125,325.8438,118.1625,48.4187,300.725,36.5312,309.9062,309.9375,2.4062,3.9531,4.1203,3.6594,-0.8849,-2.7995,13.2919,13.1846
28/04/2025,09:30:00,420.1124,317.4062,115.775,48.7812,295.175,36.9437,303.0312,303.0625,2.4578,4.3297,4.675,3.9969,-0.9046,-2.597,13.1294,13.0254
28/04/2025,10:00:00,268.9187,302.25,122,49.1312,290.85,38.1312,292.625,292.6875,3.6094,5.0609,4.8219,4.4781,-0.7024,-1.6825,12.6061,12.5103
28/04/2025,10:30:00,270.4062,292.75,116.9125,49.625,278.9,38.5625,282.5,282.5312,3.7719,5.2906,5.5906,4.8422,-0.7125,-1.838,12.8743,12.7703
28/04/2025,11:00:00,269.5563,289.5312,112.775,49.5312,275.45,38.4437,279.1875,279.25,3.9047,5.5,5.65,4.9594,-0.6552,-1.8685,12.8223,12.7264
28/04/2025,11:30:00,269.2374,290.6562,112.6625,49.4,275.65,38.3187,279.125,279.25,3.9,5.6797,5.5125,4.2641,-0.7278,-1.99,12.8369,12.7491
28/04/2025,12:00:00,268.9187,290.4688,113.325,49.3312,275.8,38.1312,279.0312,279.125,3.825,5.4219,5.8734,5.1891,-0.6871,-2.024,12.9344,12.8482
28/04/2025,12:30:00,269.5563,290.4688,113.9375,49.1812,276.05,38.0062,279.0312,279.0625,3.9359,5.4781,5.5594,4.8172,-0.7589,-2.1575,12.962,12.858
28/04/2025,13:00:00,269.6625,290.25,114.175,49.2062,276.275,37.8563,279.2188,279.2812,3.6437,5.45,6.1156,5.3219,-0.7103,-2.1875,12.9246,12.8369
28/04/2025,13:30:00,269.9812,289.9375,114.4625,49.2375,276.225,37.8125,279.0312,279.125,3.8281,5.6531,5.8375,5.1266,-0.7462,-2.309,12.9799,12.8905
28/04/2025,14:00:00,269.5563,289,113.7375,49.25,275.9,37.8438,278.75,278.75,3.6781,5.4984,5.3859,4.7781,-0.7567,-2.039,12.8515,12.7556
28/04/2025,14:30:00,269.9812,290.0625,113.6375,49.1187,276.425,37.8438,279.2812,279.4062,3.8781,5.8141,5.6969,4.7594,-0.7418,-1.8965,12.7215,12.6402
28/04/2025,15:00:00,268.8125,289.875,114.3875,48.8312,277.075,37.6063,279.7188,279.7812,4.0281,6.1578,5.7188,4.0687,-0.6482,-1.8095,12.9002,12.7995
28/04/2025,15:30:00,270.9375,290.5938,115.2125,48.4625,277.4,37.2062,279.8438,279.9375,3.9344,5.5859,5.2703,4.8672,-0.6556,-1.9225,12.897,12.806
28/04/2025,16:00:00,320.3438,297.2188,112.5875,48.2,281.2,36.6,285.6562,285.75,3.2203,5.175,5.3969,4.1391,-0.7956,-2.319,12.9604,12.871
28/04/2025,16:30:00,471.8562,319.625,110.6,47.9375,290.875,35.7938,301.5938,301.6562,2.5812,3.7859,4.1078,3.8031,-1.0069,-3.0315,13.3016,13.2074
28/04/2025,17:00:00,665.3375,346.25,116.725,48.1,306.4,35.6312,321.9375,322.0625,1.4141,2.2047,2.4594,2.4859,-1.3377,-4.448,15.1687,15.0436
28/04/2025,17:30:00,666.1875,347.5,120.4625,47.9312,310.675,35.6688,325.8125,325.9062,1.5547,2.3969,2.5984,2.5156,-1.4287,-4.5365,14.912,14.8048
28/04/2025,18:00:00,665.0188,349.75,121.3625,47.9187,312.125,35.8812,327.3125,327.3438,1.6594,2.2109,2.55,2.6422,-1.4388,-4.5085,14.7105,14.5951
28/04/2025,18:30:00,664.1687,349.875,121.05,47.1437,312.875,35.525,327.3438,327.3438,1.7937,2.9672,3.2906,2.85,-1.2419,-4.3355,14.7251,14.626
28/04/2025,19:00:00,663.9563,349.5312,120.5125,47.0125,313.025,35.3062,327.2812,327.375,1.8187,2.8469,3.1187,2.6,-1.2769,-4.3195,14.7251,14.6227
28/04/2025,19:30:00,664.3812,349.9688,120.35,46.6812,313.1,34.9688,327.1562,327.25,1.6609,2.7766,2.9656,2.7422,-1.3653,-4.3205,14.5204,14.4196
28/04/2025,20:00:00,665.0188,349.9375,120.25,46.6375,313.15,34.9375,327.2812,327.375,1.85,2.7672,2.8281,2.6344,-1.2996,-4.3135,14.769,14.6601
28/04/2025,20:30:00,664.275,350.0938,120.2125,46.7312,313.3,34.8375,327.4062,327.5,1.7859,2.8219,2.8344,2.5766,-1.3289,-4.378,14.7365,14.6374
28/04/2025,21:00:00,665.7625,348.75,120.9875,46.6437,313.15,34.8187,326.7188,326.75,1.7891,2.5344,2.7,2.6359,-1.4501,-4.478,14.5025,14.4147
28/04/2025,21:30:00,665.125,349.2812,120.0125,46.35,312.6,34.65,326.6562,326.6875,1.8687,2.7516,2.8125,2.7953,-1.3224,-4.3895,14.7397,14.6406
28/04/2025,22:00:00,664.8063,349.8125,120.075,46.5125,312.7,34.6688,326.8125,326.8438,1.9187,2.8625,3.0234,2.6078,-1.374,-4.467,14.483,14.4017
28/04/2025,22:30:00,664.9125,351.9688,120.75,47.45,314.05,35.2,328,328.125,1.775,2.625,2.8438,2.5687,-1.3027,-4.4535,14.6471,14.535
28/04/2025,23:00:00,663.9563,349.9375,120.975,47.4,313.2,35.1375,327.0938,327.125,1.8328,2.5891,2.825,2.6109,-1.3381,-4.4605,14.5854,14.5139
28/04/2025,23:30:00,665.7625,349.6562,120.75,47.4062,313.225,35.0875,327.0938,327.125,1.6875,2.5625,2.6625,2.4672,-1.2961,-4.4675,14.7267,14.6227
29/04/2025,00:00:00,665.3375,348.8125,120.5375,47.3562,313.1,35.0125,326.5625,326.625,1.7656,2.7562,2.7687,2.1187,-1.3517,-4.336,14.5464,14.4537
29/04/2025,00:30:00,664.4875,349.5625,120.4875,47.3812,313.25,35.1063,326.875,326.9375,1.8984,2.8922,2.8297,2.4984,-1.3447,-4.374,14.6569,14.5464
29/04/2025,01:00:00,665.6562,349.4062,121.025,47.4312,313.525,35.0375,327.2188,327.1562,1.8375,2.9516,2.9469,2.4641,-1.3412,-4.3905,14.7332,14.6357
29/04/2025,01:30:00,665.0188,349.8438,120.975,47.3,313.325,35.075,327.0625,327.0938,1.6687,2.5266,2.7516,2.4859,-1.3819,-4.452,14.8096,14.717
29/04/2025,02:00:00,664.7,350.5312,120.7875,47.2812,313.625,35.1187,327.4375,327.5625,1.6359,2.6547,2.9797,2.6297,-1.3771,-4.54,14.7251,14.6292
29/04/2025,02:30:00,664.0625,351.8125,121.7125,47.1,314.9,35.0375,328.625,328.6875,1.7453,2.7562,2.9469,2.6578,-1.3609,-4.5785,14.9543,14.847
29/04/2025,03:00:00,666.5062,352.8125,121,46.8937,314.3,34.8,328.5625,328.625,1.6687,2.7875,2.7359,2.475,-1.3998,-4.5675,14.8161,14.7154
29/04/2025,03:30:00,665.6562,352.6562,120.5875,46.8937,314.275,34.4125,328.6562,328.7188,1.6734,2.8891,2.8547,2.5531,-1.3482,-4.559,14.8584,14.7592
29/04/2025,04:00:00,665.6562,352.8438,120.675,46.8812,314.55,34.4562,328.75,328.8125,1.7641,2.5687,2.7969,2.7281,-1.3268,-4.552,15.0063,14.9201
29/04/2025,04:30:00,664.9125,353,120.7875,47.1062,314.825,34.75,329.1562,329.2188,1.7656,2.8047,2.8438,2.4734,-1.3364,-4.4745,14.8486,14.743
29/04/2025,05:00:00,665.125,348.875,121.2375,46.925,313.775,34.5438,327.4062,327.4688,1.8312,2.8312,2.8562,2.5828,-1.3622,-4.428,14.8161,14.7202
29/04/2025,05:30:00,664.4875,350.1562,120.325,46.9062,313.4,34.5438,327.5,327.5312,1.6641,2.4797,2.625,2.8266,-1.346,-4.426,14.7397,14.626
29/04/2025,06:00:00,665.8688,347.9688,120.425,46.6937,312.725,34.325,326.375,326.4062,1.7703,2.7125,2.6828,2.6812,-1.3688,-4.44,14.8681,14.7739
29/04/2025,06:30:00,664.4875,348,119.9,47.125,312.25,34.6312,325.8125,325.9375,1.7156,2.7781,2.5391,2.4516,-1.3491,-4.417,14.7657,14.6617
29/04/2025,07:00:00,664.9125,348.5,120.4375,47.7812,312.5,35.3812,326.0625,326.125,1.7203,2.6203,2.6125,2.2469,-1.3613,-4.4715,14.8958,14.7657
29/04/2025,07:30:00,665.125,349.125,121.075,48.1062,312.7,35.7313,326.375,326.4375,1.7203,2.4859,2.6469,2.8391,-1.3097,-4.522,14.8389,14.7332
29/04/2025,08:00:00,636.7562,346.9375,120.725,48.4375,311.525,36.3187,324.5312,324.5625,1.7547,2.4516,3.0484,2.7953,-1.2922,-4.2595,14.4797,14.3839
29/04/2025,08:30:00,458.7875,338.6875,119.5625,48.5437,311.9,36.725,320.5312,320.625,2.0938,3.4969,3.6859,3.1609,-0.8871,-2.555,12.78,12.6906
29/04/2025,09:00:00,461.2312,325.9375,117.55,48.7312,298.825,37.2125,307.9062,307.9688,2.4203,3.9437,4.2109,3.5672,-0.9829,-2.9255,13.287,13.2057
29/04/2025,09:30:00,264.4562,306.0625,124.225,49.1312,294.225,38.2625,295.75,295.6562,3.7453,5.4547,5.2937,4.6344,-0.6447,-1.66,12.6646,12.5623
29/04/2025,10:00:00,269.1312,294.1562,118.8625,49.1375,279.975,38.15,283.5,283.5312,3.8891,5.8781,5.7594,4.7047,-0.7532,-1.8465,12.663,12.5769
29/04/2025,10:30:00,269.3438,290.8438,113.1125,49.2188,275.8,38.2313,279.75,279.75,3.7297,5.4094,5.6969,5.15,-0.6294,-1.797,12.9539,12.858
29/04/2025,11:00:00,267.75,289.9062,112.6875,49.6187,275.275,38.5562,279,279.0625,3.7828,5.4344,5.6937,5.2984,-0.7322,-1.8855,12.8515,12.7638
29/04/2025,11:30:00,268.4938,289.4688,113.175,49.6687,275.125,38.4875,278.5625,278.625,3.8187,5.2812,5.4531,5.0875,-0.7335,-1.955,12.6906,12.6077
29/04/2025,12:00:00,268.6,289,113.8875,50.0812,274.9,38.8312,278.1875,278.25,4,5.6141,5.5156,4.7844,-0.6477,-1.9475,12.9912,12.897
29/04/2025,12:30:00,269.2374,289.9375,113.7375,50.0938,275.125,38.9312,278.5625,278.625,3.8766,5.4422,5.8359,5.3422,-0.6854,-2.014,12.8482,12.7069
29/04/2025,13:00:00,269.1312,289.6562,113.5375,49.5187,275.125,38.5125,278.6562,278.6875,3.8266,6.0266,5.9781,4.6766,-0.6989,-2.048,12.7442,12.65
29/04/2025,13:30:00,269.1312,289.5312,113.5375,49.7437,275.1,38.675,278.5312,278.5938,3.8797,5.4922,5.4844,4.7437,-0.646,-2.0825,12.9815,12.9002
29/04/2025,14:00:00,269.025,289.2188,112.8375,49.6562,275.1,38.5125,278.625,278.625,3.9797,5.7859,5.5922,5.0672,-0.6797,-1.94,12.91,12.8287
29/04/2025,14:30:00,271.15,289.0625,112.975,49.5562,275.725,38.475,278.7812,278.875,3.8516,6.1844,5.9812,4.3,-0.702,-1.8885,12.806,12.7215
29/04/2025,15:00:00,268.2812,289.2812,113.95,49.3625,276.2,38.3563,279.0625,279.1562,3.8438,5.6078,5.3656,4.4891,-0.7073,-1.9115,12.897,12.8076
29/04/2025,15:30:00,268.4938,292.4375,114.9125,49.2188,277.5,38.2375,280.6562,280.75,4.0687,5.7031,5.5,4.7781,-0.6399,-1.8695,12.8645,12.7946
29/04/2025,16:00:00,372.8312,294.9688,113.8,49.05,276.025,37.6125,282.375,282.4688,3.2234,5.4187,5.5953,4.4516,-0.9063,-3.0425,13.7274,13.6559
29/04/2025,16:30:00,468.2438,324.4375,110.4375,48.6062,293.375,36.5438,304.125,304.2188,2.6766,4.1,4.1078,3.6359,-0.9798,-3.0705,13.2773,13.1797
29/04/2025,17:00:00,648.7625,337.3125,114.8875,48.6875,297.25,36.1375,313.5938,313.6562,1.8031,2.7578,2.5297,2.0359,-1.479,-5.06,15.8041,15.6741
29/04/2025,17:30:00,659.7063,351.1562,119.1625,48.2812,309.625,35.8062,325.5938,325.6875,1.6234,2.2687,2.5187,2.5922,-1.3425,-4.5915,14.9185,14.821
29/04/2025,18:00:00,463.6749,334.0312,118.9875,47.9125,305.875,35.8625,315.5625,315.5312,2.7719,3.7984,3.7641,3.6094,-1.0328,-3.094,13.0952,13.053
29/04/2025,18:30:00,386.1124,321.6875,114.3125,47.9,298.3,35.9875,305.8438,305.9062,2.8312,4.4062,4.7937,4.1453,-0.772,-2.289,12.9295,12.8287
29/04/2025,19:00:00,289.6375,305.3125,123.4375,47.9562,292.4,36.7188,294.1562,294.2188,3.6828,5.2844,5.175,4.6687,-0.6731,-1.896,12.8125,12.7329
29/04/2025,19:30:00,401.5187,309.9375,110.6125,47.6437,285.225,35.7437,293.0312,293.125,2.7406,4.2859,4.8047,4.1109,-0.8822,-2.5955,13.1115,13.0189
29/04/2025,20:00:00,440.9375,314.6875,111.575,47.3187,287.625,35.3312,296.8438,296.9688,2.8187,4,4.4453,3.7297,-0.9614,-2.9925,13.4966,13.4121
29/04/2025,20:30:00,661.3,341.9062,114.5,47.5312,302.1,35.0062,318.125,318.2188,1.8172,2.4719,2.7922,2.7781,-1.3841,-4.5455,15.1866,15.068
29/04/2025,21:00:00,660.2375,348.4375,118.825,47.6937,308.875,35.3187,324.3125,324.4062,1.8109,2.5609,2.9656,2.7125,-1.3421,-4.5795,15.1362,14.9981
29/04/2025,21:30:00,661.6188,351.3438,119.8875,47.5875,311.45,35.15,326.9688,327.0938,1.8781,2.7875,2.9688,2.4734,-1.3801,-4.666,15.0144,14.8892
29/04/2025,22:00:00,660.3438,352.5625,120.5375,47.5437,313.55,35.2,328.3125,328.4375,1.7625,2.8187,2.7734,2.6,-1.3583,-4.5995,14.9689,14.8762
29/04/2025,22:30:00,660.2375,352.8125,121.375,47.4562,314.425,35.1437,328.75,328.875,1.8953,2.7219,2.9047,2.5953,-1.3911,-4.6965,14.8925,14.7804
29/04/2025,23:00:00,659.2812,353.125,121.45,47.7062,314.625,35.2437,328.9062,329,1.7937,2.8094,3.3469,2.9672,-1.2773,-4.608,15.068,14.9526
29/04/2025,23:30:00,660.6625,352.8438,121.7875,47.4375,314.525,35.2062,329,329.0938,1.7094,2.8453,2.8781,2.7969,-1.3906,-4.681,14.9607,14.8697
30/04/2025,00:00:00,256.5938,319.9375,119.2625,48.975,307.575,35.625,307,307.0625,4.2062,6.7469,6.3219,5.5922,-0.6937,-1.75,12.6679,12.624
30/04/2025,00:30:00,236.2999,292.6875,113.675,48.3375,279.725,36.1187,279.3125,279.4688,3.8984,6.0125,5.4219,4.9734,-0.6158,-1.7375,13.4592,13.4024
30/04/2025,01:00:00,264.35,295.375,113.625,48.2312,279.375,35.6562,276.1562,276.2188,3.7516,5.7609,5.2984,5.1078,-0.7694,-2.1255,13.8411,13.7826
30/04/2025,01:30:00,264.1375,293.2188,116.4875,48.2312,279.3,35.75,275.0938,275.1562,3.5094,5.5031,5.7047,5.1578,-0.6836,-2.061,13.7355,13.6283
30/04/2025,02:00:00,265.4125,289.1562,119.475,48.0812,279.025,36.1,274.3438,274.375,3.3672,5.3875,5.7031,4.7094,-0.611,-1.85,13.0302,12.9669
30/04/2025,02:30:00,262.8624,287.4688,116.4,47.7812,275.675,36.0812,273.9375,273.9688,3.7594,5.6797,5.7844,4.8609,-0.7808,-2.1335,12.8255,12.7621
30/04/2025,03:00:00,326.0812,295.4062,112.575,47.875,278.2,35.4312,280.0312,280.125,3.325,5.025,5.7844,4.7281,-0.8459,-2.6535,13.2577,13.1765
30/04/2025,03:30:00,462.4,311.2188,110.3125,48.0375,280.4,35.0125,290.5938,290.625,2.4469,3.5266,3.7312,3.6422,-1.0061,-3.542,15.0404,14.9526
30/04/2025,04:00:00,320.6625,303.7812,120.825,47.675,289.925,35.3625,287.4688,287.5625,3.4312,5.3234,5.4891,4.45,-0.807,-2.564,13.2626,13.2009
30/04/2025,04:30:00,463.25,316.9375,109.3625,47.9937,283.875,34.9937,295.2188,295.375,2.8,3.7375,3.7469,3.6812,-1.0231,-3.245,14.587,14.509
30/04/2025,05:00:00,463.1437,322.6562,108.6625,47.9625,290.7,35.2625,301.2812,301.3438,2.7047,3.8859,4.0094,4.0312,-0.9536,-3.092,14.5707,14.47
30/04/2025,05:30:00,462.5062,323.0625,109.325,47.9688,291.625,35.2125,302.3125,302.4062,2.6062,3.8891,4.0578,3.9937,-1.0612,-3.1895,14.4391,14.3579
30/04/2025,06:00:00,460.3812,320.8125,110.65,48.1687,291.375,35.3312,301.75,301.8125,2.7609,4.0547,4.0797,4.1359,-1.0376,-3.202,14.3205,14.2376
30/04/2025,06:30:00,448.5875,322.3125,109.8875,48.3438,291.375,35.4312,301.875,301.9062,2.9234,3.8359,3.8187,3.6672,-0.9146,-2.9605,14.1336,14.0134
30/04/2025,07:00:00,305.3624,317.0938,112,48.2,296,35.7375,299.2812,299.3438,3.6,4.7719,5.1312,4.475,-0.7038,-1.9475,12.5769,12.507
30/04/2025,07:30:00,263.3937,292.9375,121.7375,48.5687,281.025,36.525,280.5938,280.6562,3.7266,5.2141,5.7469,4.9062,-0.5314,-1.8325,12.6191,12.5557
30/04/2025,08:00:00,263.2875,287.25,112.7875,48.9937,274.05,37.3,275.2812,275.2188,3.6562,5.6687,5.8391,4.9828,-0.6569,-2.031,12.8743,12.8027
30/04/2025,08:30:00,264.5625,286.5625,113.5375,49.4125,273.9,37.9937,274.0312,274.0938,3.4969,5.4219,5.8922,5.0953,-0.6933,-2.018,12.9165,12.8743
30/04/2025,09:00:00,264.9874,286.0625,114.1125,49.7937,273.625,38.3375,273.6875,273.75,3.8359,5.8359,5.8031,4.9141,-0.7143,-2.0115,12.7556,12.6744
30/04/2025,09:30:00,264.35,285.875,113.4375,50.0625,273.45,38.8875,273.7188,273.7812,3.8344,5.4703,5.5344,5.0125,-0.6705,-1.923,12.9474,12.8759
30/04/2025,10:00:00,263.1813,286,113.3,50.5312,273.75,39.1687,274.1875,274.2812,4.0375,5.3297,5.425,4.9875,-0.6714,-1.8535,12.8158,12.7459
30/04/2025,10:30:00,265.5187,286.1875,113.7,50.7875,273.75,39.4562,274.4688,274.5938,3.9922,5.4594,5.5391,4.825,-0.7606,-1.9335,12.5476,12.4956
30/04/2025,11:00:00,265.3063,286.375,113.05,50.4125,273.55,38.5875,274.8125,274.9062,3.9922,5.4812,5.4641,4.9078,-0.6744,-1.9055,12.9132,12.8531
30/04/2025,11:30:00,264.2438,286.5938,113.375,50.5187,274.1,38.5562,274.9062,275,4.1016,5.7312,5.8547,5.0906,-0.6609,-1.9195,12.8759,12.7962
30/04/2025,12:00:00,265.3063,287.3125,113.75,50.4625,274.475,38.4625,275.5312,275.625,3.8875,5.4406,5.525,4.5625,-0.7628,-2.0415,12.8174,12.7475
30/04/2025,12:30:00,265.7312,287.7812,113.6875,50.7625,274.875,38.525,276.1562,276.25,3.8578,5.625,5.625,4.7656,-0.7256,-2.063,12.806,12.7264
30/04/2025,13:00:00,265.0938,287.875,113.475,50.7687,274.875,38.5062,276.375,276.375,3.7906,5.7312,5.7984,4.6328,-0.6294,-2.0185,12.8466,12.7849
30/04/2025,13:30:00,265.0938,288.2812,113.375,51.0187,275.15,38.9125,276.7188,276.8125,3.9344,5.7828,5.9078,5.0656,-0.6604,-2.0395,12.858,12.7914
30/04/2025,14:00:00,265.8375,288.2812,112.7375,50.725,275.1,38.6,276.9375,276.9688,3.8578,5.6266,5.6937,4.8672,-0.6841,-1.942,12.6809,12.6744
30/04/2025,14:30:00,264.5625,288.5625,112.8875,50.6125,276,38.4813,277.1875,277.3125,4.1891,5.8234,5.4766,4.4391,-0.6381,-1.877,12.8223,12.7524
30/04/2025,15:00:00,264.8812,288.6562,113.55,50.4625,276.375,38.375,277.5625,277.6875,4.0078,5.9297,5.7719,4.8406,-0.7309,-1.9345,12.7767,12.7052
30/04/2025,15:30:00,264.8812,288.75,113.9625,50.225,276.5,38.2437,277.7812,277.7812,3.4469,5.4719,5.7937,4.9812,-0.6836,-1.8915,12.78,12.7101
30/04/2025,16:00:00,432.8624,302.8125,112.2375,50.1875,275.95,37.5125,285.2188,285.375,2.7844,4.6453,4.475,4.1187,-1.0765,-3.593,14.4635,14.3725
30/04/2025,16:30:00,544.1062,328.625,111.7625,49.6437,292.325,37.3563,305.875,305.9688,2.3734,3.3062,3.5516,3.5953,-1.1609,-3.8585,14.275,14.1629
30/04/2025,17:00:00,541.45,336.2188,116.1875,49.425,301.3,37.1812,313.6562,313.75,2.1687,3.3141,3.3766,3.6859,-1.157,-3.8445,14.2587,14.1596
30/04/2025,17:30:00,544,336.4375,116.575,49.075,302.15,36.8875,314.5312,314.6562,2.0891,3.1437,3.2781,3.4609,-1.1631,-3.798,14.0572,13.95
30/04/2025,18:00:00,542.5125,337.75,117.25,48.95,303.325,36.7687,315.5938,315.5938,2.1547,3.0187,3.0969,3.3531,-1.1133,-3.9065,14.1531,14.0833
30/04/2025,18:30:00,566.4187,337.4688,117.4875,48.6875,303.375,36.475,316.3438,316.4062,2.0062,3.0016,3.3703,3.3984,-1.2165,-4.091,14.301,14.1986
30/04/2025,19:00:00,544.7438,335.6875,116.7,48.5562,302.4,36.2938,314.5938,314.6562,2.2391,3.0844,3.3031,3.5187,-1.1588,-3.8215,14.1677,14.0654
30/04/2025,19:30:00,665.55,345.3125,117.9625,48.4625,307.025,36.2625,322.3125,322.3438,1.6328,2.4547,2.7437,2.6781,-1.3338,-4.6565,15.4677,15.3475
30/04/2025,20:00:00,546.55,338.4375,118.1625,47.8438,305.35,36.0125,317.25,317.25,2.3375,3.3828,3.3672,3.6766,-1.1518,-3.751,14.1499,14.054
30/04/2025,20:30:00,665.55,346.875,118.1875,48.0938,307.75,35.825,323.1562,323.2812,1.6672,2.4969,2.7062,2.6109,-1.3561,-4.64,15.1671,15.0534
30/04/2025,21:00:00,665.55,349.125,120.2375,48.1,310.375,35.7437,325.5625,325.6875,1.9109,2.7609,2.8937,2.7078,-1.3976,-4.7585,15.25,15.1249
30/04/2025,21:30:00,665.6562,350.9375,120.9125,47.8875,311.85,35.7,327.0625,327.1562,1.8359,2.9141,3.0078,2.9516,-1.3294,-4.7345,15.1314,14.9965
30/04/2025,22:00:00,665.6562,349.4062,121.75,47.8875,313.075,35.6437,327.0938,327.125,1.9094,2.6609,3.0047,2.9578,-1.458,-4.833,15.0176,14.8925
30/04/2025,22:30:00,666.9313,349.125,121.2875,47.8812,312.075,35.55,326.0938,326.1875,1.6016,2.4812,2.7844,2.9406,-1.409,-4.7385,14.9234,14.8275
30/04/2025,23:00:00,663.5312,349.25,121.225,47.7188,312.6,35.475,326.4688,326.5625,2.0203,2.7422,2.9922,3.0297,-1.4016,-4.7905,14.9445,14.847
30/04/2025,23:30:00,664.9125,349.7812,121.4,47.1875,312.625,35.2188,326.8438,326.875,1.8344,2.3719,2.8438,2.7625,-1.4147,-4.7445,14.9461,14.8242
01/05/2025,00:00:00,665.2312,350.3125,121.15,47.4125,312.875,35.525,326.8438,326.9375,1.9109,2.4953,2.6422,2.7734,-1.43,-4.715,14.9282,14.7722
*** END OF DATA ***
