Trend,106-AirHEATER-HIEU2,05/05/2025,09:55:56
,TagNo,Description,Units
1,20HFE30EE301.out,HPA PRS SETP BIAS PV,kPa
2,20HLA21CP001XQ01.out,FDF A O/L AIR PRS,kPa
3,20HLA22CP001XQ01.out,FDF B O/L AIR PRS,kPa
4,20HLA30CP001XQ01.out,AH O/L SECAIR PRS,kPag
5,20HLA30CP501XQ01.out,AH O/L SECAIR PRS,kPag
6,20HLD01AE004XQ00.out,AH RTDRV CURR,A
7,20HCB01CF001XQ00.out,B-SB STM FLW,t/h
8,20HCB01CT001XQ00.out,B-SB STM TEMP,degC
9,20HCB41BN001.s6,AH SOOTBLOWER HOT SIDE RETRACTED,
10,20HCB41BN002.s6,AH SOOTBLOWER COLD SIDE RETRACTED,
11,20HLD01CT001XQ01.out,AH GDBRG TEMP,degC
12,20HLD01CT002XQ01.out,AH SPT BRG TEMP,degC
13,20HLA24AA501XQ01.out,AH SECAIR BYP CDPR CDRV POSN FDBK,%
14,,,
15,,,
16,,,

Date,Time,1,2,3,4,5,6,7,8,9,10,11,12,13,14,15,16
01/04/2025,00:00:00,13.7149,3.5058,3.5719,1.696,1.6988,28.3375,3.109,279.76,1,0,49.1062,32.4875,0,,,
01/04/2025,00:30:00,13.5764,3.5124,3.5758,1.7038,1.7148,28.3125,0.931,273.12,1,0,49.6875,32.45,0,,,
01/04/2025,01:00:00,13.6155,3.6589,3.7232,1.799,1.7872,28.3438,0.836,271.14,1,0,49.9,32.2812,0,,,
01/04/2025,01:30:00,13.7952,3.5876,3.655,1.7443,1.7329,30.4813,0.875,265.86,1,0,42.1062,32.2625,0,,,
01/04/2025,02:00:00,13.8065,3.4266,3.4879,1.6209,1.6216,29.375,0.835,260.28,1,1,46.3062,32.1812,0,,,
01/04/2025,02:30:00,13.6718,3.6887,3.7556,1.7813,1.7859,28.2375,9.013,276,1,1,48.1812,32.0938,0,,,
01/04/2025,03:00:00,13.8181,3.6292,3.6953,1.7487,1.7413,31.35,17.626,283.36,1,1,49.0312,31.9437,0,,,
01/04/2025,03:30:00,13.6356,3.5408,3.6069,1.7017,1.7111,29.975,0.858,272.08,1,1,49.6375,31.8563,0,,,
01/04/2025,04:00:00,12.8362,3.0661,3.1178,1.4503,1.4538,29.5312,11.642,282.22,1,1,49.8812,31.8563,0,,,
01/04/2025,04:30:00,12.549,2.6011,2.6426,1.1672,1.1797,29.9188,0.899,273.38,1,1,44.1562,31.8062,0,,,
01/04/2025,05:00:00,12.5278,2.7109,2.7472,1.2696,1.2681,28.8125,0.759,264.38,1,1,47.4437,31.775,0,,,
01/04/2025,05:30:00,13.6804,3.5137,3.5798,1.6465,1.6688,29.4062,3.105,279.44,1,0,48.875,31.75,0,,,
01/04/2025,06:00:00,13.5356,3.4804,3.5447,1.6798,1.6673,28.9562,5.363,282.02,1,0,49.6125,31.7812,0,,,
01/04/2025,06:30:00,12.638,2.8377,2.8854,1.363,1.3582,29.4188,0.814,282.34,1,0,41.9937,31.7188,0,,,
01/04/2025,07:00:00,11.8162,2.0782,2.1067,1.0067,1.0132,29.375,0.848,291.54,1,0,46.1562,31.6375,3.8375,,,
01/04/2025,07:30:00,13.493,2.8347,2.8881,1.4039,1.4017,28.8937,3.784,280.4,1,0,47.8312,31.6187,0,,,
01/04/2025,08:00:00,13.2388,3.4179,3.4822,1.6369,1.6185,28.8563,0.866,274.82,1,1,48.6687,31.55,0,,,
01/04/2025,08:30:00,13.2221,3.4476,3.5146,1.5945,1.6023,28.875,0.665,262.5,1,1,49.2875,31.3625,0,,,
01/04/2025,09:00:00,13.4,3.4358,3.5036,1.6273,1.6349,29.4562,0.704,267.32,1,1,49.875,31.3187,0,,,
01/04/2025,09:30:00,13.0696,3.3002,3.3593,1.5238,1.5085,29.5687,1.946,259.1,1,1,42.6625,31.3187,0,,,
01/04/2025,10:00:00,11.7125,1.9584,1.9741,1.0399,1.0378,29.2313,0.876,285.08,1,1,46.6625,31.2875,6.025,,,
01/04/2025,10:30:00,12.3939,1.8906,1.9186,0.9883,1.0093,29.85,11.034,300.54,1,1,48.35,31.15,27.6625,,,
01/04/2025,11:00:00,12.3643,1.7331,1.7619,0.8669,0.8673,28.7938,0.821,285.9,1,1,49.0062,31.1125,50.5312,,,
01/04/2025,11:30:00,12.3633,1.7869,1.8171,0.9124,0.9209,29.375,7.625,306.02,1,0,49.3062,31.0187,55.425,,,
01/04/2025,12:00:00,12.424,1.73,1.7571,0.9037,0.9019,30.5187,2.946,304.82,1,0,49.5125,30.9562,57.1687,,,
01/04/2025,12:30:00,12.4363,1.8214,1.8499,0.9758,0.9704,28.8875,0.852,298.3,1,0,49.5,30.95,57.4562,,,
01/04/2025,13:00:00,12.8974,3.0954,3.1584,1.4871,1.4954,28.9062,2.679,292.12,1,0,49.2375,30.8687,23.5875,,,
01/04/2025,13:30:00,13.3444,3.5084,3.5723,1.6988,1.6947,29.4188,3.54,281.04,1,0,48.8312,30.8375,0,,,
01/04/2025,14:00:00,13.2869,3.6021,3.6708,1.75,1.7395,28.2812,2.168,275.14,1,1,48.5062,30.6937,0,,,
01/04/2025,14:30:00,13.2012,3.5097,3.5714,1.6822,1.6809,29.3125,16.615,277.38,1,1,48.2312,30.6375,0,,,
01/04/2025,15:00:00,13.2327,3.6314,3.6996,1.7463,1.7391,28.8875,5.911,282.04,1,1,48.1625,30.5875,0,,,
01/04/2025,15:30:00,13.186,3.6029,3.6659,1.7069,1.7126,28.7812,0.974,269.9,1,1,48.2,30.5812,0,,,
01/04/2025,16:00:00,13.1557,3.6077,3.6712,1.7187,1.7087,29.3438,0.705,265.8,1,1,48.5375,30.5812,0,,,
01/04/2025,16:30:00,13.1145,3.6152,3.6821,1.706,1.6968,29.45,0.752,257.46,1,1,48.8562,30.6,0,,,
01/04/2025,17:00:00,13.1975,3.7416,3.8081,1.7999,1.8027,28.9,0.889,273.28,1,1,49.3187,30.55,0,,,
01/04/2025,17:30:00,12.3465,2.6474,2.689,1.286,1.2773,30.525,2.923,283.74,1,0,49.6437,30.525,0,,,
01/04/2025,18:00:00,13.1738,3.6454,3.7136,1.7743,1.7771,29.9188,3.154,281.38,1,0,49.9437,30.5438,0,,,
01/04/2025,18:30:00,13.3008,3.6988,3.7626,1.8036,1.815,29.45,0.671,273.48,1,0,43.6562,30.4937,0,,,
01/04/2025,19:00:00,13.1351,3.6314,3.7057,1.7517,1.7574,29.525,0.516,265.34,1,0,46.4937,30.5062,0,,,
01/04/2025,19:30:00,13.0446,3.7893,3.8523,1.829,1.8395,28.9062,0.655,257.02,1,0,47.6062,30.425,0,,,
01/04/2025,20:00:00,13.2757,3.7193,3.7828,1.7944,1.7968,29.2,0.841,277.22,1,1,48.2937,30.4375,0,,,
01/04/2025,20:30:00,13.1178,3.6953,3.7644,1.7443,1.7421,29.4062,0.889,262.74,1,1,48.4625,30.4312,0,,,
01/04/2025,21:00:00,13.1438,3.7495,3.8191,1.7857,1.7817,27.9062,0.723,259.76,1,1,48.5562,30.325,0,,,
01/04/2025,21:30:00,13.2629,3.7167,3.7836,1.769,1.7598,29.9813,0.747,277.24,1,1,48.6187,30.275,0,,,
01/04/2025,22:00:00,13.1862,3.6423,3.7092,1.7528,1.7469,29.7313,0.864,266.36,1,1,48.725,30.2062,0,,,
01/04/2025,22:30:00,13.1449,3.7333,3.7968,1.7787,1.7861,28.8875,0.919,283.94,1,1,48.8312,30.1688,0,,,
01/04/2025,23:00:00,13.2766,3.7018,3.7762,1.7548,1.7443,28.5062,2.468,283.9,1,1,49.025,30.175,0,,,
01/04/2025,23:30:00,13.267,3.6007,3.6703,1.7371,1.748,28.2812,2.949,284.24,1,0,49.3,30.25,0,,,
02/04/2025,00:00:00,13.2663,3.6318,3.6953,1.7196,1.7192,28.825,3.737,286.66,1,0,49.6125,30.2875,0,,,
02/04/2025,00:30:00,13.223,3.606,3.6756,1.6992,1.7065,29.475,0.754,283.24,1,0,49.9375,30.2938,0,,,
02/04/2025,01:00:00,13.2104,3.6467,3.7101,1.7362,1.7266,29.3812,0.754,269.16,1,0,43.3875,30.3937,0,,,
02/04/2025,01:30:00,13.1678,3.6603,3.7232,1.7712,1.7695,29.8937,0.817,279.24,1,0,46.9688,30.4312,0,,,
02/04/2025,02:00:00,13.2375,3.6738,3.7491,1.7612,1.7686,29.3875,0.553,263.5,1,1,48.475,30.4062,0,,,
02/04/2025,02:30:00,13.1782,3.6467,3.7114,1.7714,1.7616,28.35,0.945,260.26,1,1,49.2375,30.425,0,,,
02/04/2025,03:00:00,12.995,3.6069,3.6738,1.6839,1.6697,29.6625,0.944,260.68,1,1,49.6687,30.5125,0,,,
02/04/2025,03:30:00,13.139,3.6283,3.6913,1.7194,1.7135,29.4625,3.745,285.54,1,1,42.0125,30.5562,0,,,
02/04/2025,04:00:00,13.0824,3.7407,3.8068,1.7983,1.7863,29.3812,7.46,283.14,1,0,45.9312,30.5875,0,,,
02/04/2025,04:30:00,13.0258,3.6743,3.7464,1.7973,1.7859,28.3312,2.951,280.46,1,0,48.425,30.5812,0,,,
02/04/2025,05:00:00,13.1934,3.6874,3.7486,1.7653,1.7682,29.375,3.118,278.32,1,0,49.6812,30.6375,0,,,
02/04/2025,05:30:00,13.1045,3.6659,3.7333,1.804,1.7857,29.9688,11.602,279.82,1,0,41.9812,30.7,0,,,
02/04/2025,06:00:00,13.005,3.5846,3.6541,1.7148,1.7292,29.6,17.108,284.42,1,0,46.6312,30.6937,0,,,
02/04/2025,06:30:00,11.923,2.2865,2.3132,1.1974,1.2005,29.9625,4.947,291.9,1,1,48.7812,30.7938,5.5,,,
02/04/2025,07:00:00,12.5114,1.9212,1.9496,0.9443,0.9457,29.625,6.008,297.62,1,1,49.8562,30.7938,26.9437,,,
02/04/2025,07:30:00,12.3976,1.9247,1.947,1.0108,1.0111,27.7375,5.306,299.96,1,1,42.9375,30.7938,55.1187,,,
02/04/2025,08:00:00,12.2609,2.1513,2.1846,1.1123,1.1126,28.9062,0.801,307.66,1,1,46.6375,30.7125,36.45,,,
02/04/2025,08:30:00,12.1191,2.5227,2.5521,1.22,1.2232,29.4188,0.641,293.3,1,1,47.975,30.7062,13.9,,,
02/04/2025,09:00:00,12.2485,1.9194,1.9426,0.9437,0.9365,28.3937,2.973,294.34,1,0,48.8875,30.7,17.8187,,,
02/04/2025,09:30:00,12.6182,1.8949,1.9159,0.9373,0.9382,29.9437,3.016,297.2,1,0,49.5437,30.725,49.2312,,,
02/04/2025,10:00:00,12.0282,1.5134,1.5357,0.8837,0.884,29.9813,0.869,260.92,1,0,49.8812,30.6187,58.9875,,,
02/04/2025,10:30:00,12.0965,1.8228,1.8577,1.0316,1.0273,29.3625,0.93,254.86,1,0,42.8812,30.7313,54.5562,,,
02/04/2025,11:00:00,11.8672,1.2098,1.2334,0.7661,0.7658,28.8563,0.842,253.84,1,0,46.875,30.8,67.75,,,
02/04/2025,11:30:00,11.8228,1.3082,1.331,0.8212,0.8267,29.35,0.767,255.2,1,1,48.55,30.7562,70.8812,,,
02/04/2025,12:00:00,11.7156,1.2956,1.3187,0.8234,0.8347,28.3125,0.756,253.12,1,1,49.5875,30.8625,73.6187,,,
02/04/2025,12:30:00,12.2775,1.6206,1.6412,0.9732,0.9712,29.65,0.799,248.38,1,1,42.7312,31.0625,68.0562,,,
02/04/2025,13:00:00,12.6621,2.0712,2.0892,1.0629,1.0588,28.725,0.829,289.22,1,1,45.3375,31.0875,56.4125,,,
02/04/2025,13:30:00,12.5248,1.9553,1.9728,0.9848,0.9813,29.5312,2.223,299.44,1,1,48.0187,31.0687,54.3062,,,
02/04/2025,14:00:00,12.5698,1.8796,1.8976,0.9435,0.9468,28.8187,3.028,305.6,1,0,49.1687,31.2062,53.6625,,,
02/04/2025,14:30:00,12.5507,1.8109,1.8337,0.9157,0.9102,28.9062,2.883,308.04,1,0,49.8562,31.2875,52.7625,,,
02/04/2025,15:00:00,12.5174,1.9457,1.9706,1.0167,1.0124,28.3937,0.904,306.86,1,0,43.425,31.4375,51.6562,,,
02/04/2025,15:30:00,12.4262,1.9146,1.9378,0.9807,0.9789,29.4,0.785,300.06,1,0,47.3062,31.4813,52.9312,,,
02/04/2025,16:00:00,12.6058,1.961,1.9842,1.0084,1.001,29.375,0.602,308.36,1,1,49.1312,31.6562,53.575,,,
02/04/2025,16:30:00,12.5285,2.0082,2.0341,1.0069,1.0102,28.8375,0.851,310.84,1,1,49.9312,31.8062,53.0938,,,
02/04/2025,17:00:00,12.3587,1.9693,1.9929,1.0248,1.0281,29.8875,0.707,294.22,1,1,44.1375,31.8875,56.2875,,,
02/04/2025,17:30:00,12.5582,1.9798,2.0017,1.0126,1.01,29.9375,0.764,285.36,1,1,47.2188,31.8937,54.8937,,,
02/04/2025,18:00:00,12.4611,1.9492,1.9671,0.9726,0.9774,29.4125,0.757,280.3,1,1,48.8875,32.0187,54.65,,,
02/04/2025,18:30:00,12.3487,1.9973,2.0161,0.9982,0.9986,29.3563,2.968,296.6,1,0,49.7,32.1312,54,,,
02/04/2025,19:00:00,12.4047,1.9929,2.0122,1.0218,1.0194,28.225,2.986,300.9,1,0,42.0625,32.1125,54.6375,,,
02/04/2025,19:30:00,12.3951,2.0222,2.0441,1.0955,1.0843,28.2313,9.019,304.72,1,0,46.7312,32.2938,54.8312,,,
02/04/2025,20:00:00,12.2218,1.9527,1.9763,0.9988,0.996,29.45,3.848,304.44,1,0,48.7437,32.325,54.65,,,
02/04/2025,20:30:00,13.2341,3.8081,3.8803,1.8727,1.8872,29.3687,5.251,298.42,1,0,49.725,32.5875,23.9312,,,
02/04/2025,21:00:00,12.2174,2.8089,2.8342,1.3261,1.3339,28.2812,17.089,288.1,1,1,42.8,32.6187,0,,,
02/04/2025,21:30:00,11.8276,2.1312,2.1548,1.0784,1.0747,31.0938,0.778,283.1,1,1,47.35,32.7875,10.1687,,,
02/04/2025,22:00:00,12.4109,2.0323,2.0625,0.954,0.9695,29.35,3.656,277.62,1,1,49.0938,32.9188,21.9812,,,
02/04/2025,22:30:00,12.4315,1.968,1.9859,0.9962,0.9995,29.025,0.813,283.58,1,1,47.925,32.95,49.3,,,
02/04/2025,23:00:00,12.3733,2.0152,2.0406,1.0255,1.02,29.4125,0.797,275.54,1,1,45.1312,33.0687,55.1187,,,
02/04/2025,23:30:00,12.391,2.0139,2.0406,1.0303,1.0257,27.7125,3.175,296.34,1,0,48.2188,33.1375,56,,,
03/04/2025,00:00:00,12.4987,1.9597,1.9855,1.0122,1.0163,29.3438,2.976,300.42,1,0,49.525,33.1125,56.4312,,,
03/04/2025,00:30:00,12.2219,1.7186,1.7418,0.9078,0.8934,29.9875,0.729,297.04,1,0,41.8625,33.15,60.8937,,,
03/04/2025,01:00:00,12.1843,1.7108,1.737,0.9028,0.903,29.3125,1.063,287.08,1,0,46.9125,33.2875,59.6437,,,
03/04/2025,01:30:00,12.7784,2.0992,2.1233,1.0942,1.0927,29.85,0.887,304.78,1,0,48.9187,33.3312,55.4062,,,
03/04/2025,02:00:00,11.9628,1.4714,1.4854,0.8286,0.8199,28.85,1.043,252.12,1,1,49.65,33.4125,61.8687,,,
03/04/2025,02:30:00,11.7272,1.3183,1.3415,0.8081,0.8107,28.65,0.806,266.74,1,1,44.6875,33.3438,64.825,,,
03/04/2025,03:00:00,11.816,1.2995,1.3196,0.7965,0.7941,27.8563,0.812,260.14,1,1,47.9437,33.3875,73.4125,,,
03/04/2025,03:30:00,11.8339,1.2649,1.2903,0.7724,0.7739,29.7188,0.765,256.74,1,1,49.2125,33.4562,74.3812,,,
03/04/2025,04:00:00,11.7565,1.2711,1.2991,0.7823,0.7812,29.4188,3.108,266.12,1,0,49.7937,33.575,73.2937,,,
03/04/2025,04:30:00,12.7998,2.1137,2.1347,1.0734,1.0828,28.8563,8.758,286.86,1,0,43.3438,33.5062,48.8812,,,
03/04/2025,05:00:00,12.6809,2.0271,2.0507,1.0303,1.0443,29.0125,8.46,301.34,1,0,47.075,33.4937,57.0812,,,
03/04/2025,05:30:00,12.6204,2.0082,2.0249,1.0356,1.0351,28.8187,0.773,288.4,1,0,48.6375,33.6187,55.675,,,
03/04/2025,06:00:00,12.5172,1.9925,2.0161,1.008,1.0008,28.3375,0.838,280.5,1,0,49.5562,33.6,54.6562,,,
03/04/2025,06:30:00,12.5848,2.0196,2.0411,1.0233,1.0095,28.2812,0.773,276.46,1,1,41.4187,33.575,54.1687,,,
03/04/2025,07:00:00,12.5606,2.0336,2.0538,1.0187,1.0146,28.8812,0.866,274.22,1,1,45.9187,33.5875,53.25,,,
03/04/2025,07:30:00,12.5165,2.0621,2.0909,0.9684,0.9728,28.8812,0.846,272.88,1,1,48.1687,33.5938,52.125,,,
03/04/2025,08:00:00,12.7455,2.0852,2.1084,1.0255,1.0353,28.8937,5.447,290.54,1,1,49.3312,33.5687,52.5875,,,
03/04/2025,08:30:00,12.2748,2.0424,2.0599,0.9879,0.9839,27.7875,5.896,298.06,1,1,49.9187,33.5438,49.5938,,,
03/04/2025,09:00:00,11.7942,1.3769,1.4067,0.9183,0.9188,28.7313,20.205,272.88,1,0,44.1875,33.4437,52.9125,,,
03/04/2025,09:30:00,11.8516,1.4382,1.4627,0.8953,0.8903,29.8438,2.985,294.6,1,0,47.5375,33.5812,43.9125,,,
03/04/2025,10:00:00,11.8103,1.2133,1.2409,0.7466,0.7402,29.8375,0.85,280.1,1,0,49.1062,33.5062,61,,,
03/04/2025,10:30:00,11.7159,1.2571,1.2811,0.7661,0.7682,28.8563,0.781,267.72,1,0,49.7,33.375,66.8438,,,
03/04/2025,11:00:00,11.8837,1.2894,1.3139,0.7962,0.7967,28.2938,0.812,260.42,1,0,41.4062,33.4312,61.9875,,,
03/04/2025,11:30:00,11.784,1.2711,1.2921,0.7567,0.7503,29.1562,0.802,257.44,1,1,45.475,33.3,64.1875,,,
03/04/2025,12:00:00,11.7086,1.2645,1.2881,0.7343,0.7348,28.9625,0.765,256.9,1,1,47.4375,33.3563,62.9375,,,
03/04/2025,12:30:00,11.8893,1.3516,1.3813,0.8183,0.8186,29.8438,0.803,257.22,1,1,48.3062,33.1812,62.6562,,,
03/04/2025,13:00:00,11.8298,1.3205,1.3454,0.7777,0.775,29.9688,0.803,256.78,1,1,48.6,33.125,61.9125,,,
03/04/2025,13:30:00,11.8752,1.5607,1.5799,0.8024,0.8028,28.8937,2.308,256.26,1,1,48.6562,33.0938,65.7312,,,
03/04/2025,14:00:00,11.9628,1.5852,1.6044,0.8813,0.8708,29.925,3.164,271.58,1,0,48.725,33.0438,61.7437,,,
03/04/2025,14:30:00,12.5892,2.2629,2.2887,1.0929,1.0771,28.3375,14.267,297.04,1,0,48.7875,33.0562,25.7062,,,
03/04/2025,15:00:00,12.5037,2.1076,2.1373,1.0574,1.0574,29.425,5.924,303.36,1,0,48.6875,32.9875,47.7375,,,
03/04/2025,15:30:00,12.3509,2.1242,2.1557,1.078,1.0874,29.3625,5.399,303.32,1,0,48.2375,32.95,47.775,,,
03/04/2025,16:00:00,12.5306,2.0555,2.0844,1.0251,1.0227,29.45,5.105,303.12,1,1,47.7375,32.8438,47.6875,,,
03/04/2025,16:30:00,12.4684,1.8512,1.8739,0.8619,0.8461,30.5438,19.882,310.56,1,1,47.2437,32.7938,48.2812,,,
03/04/2025,17:00:00,12.2983,2.0691,2.0966,0.9907,0.9837,28.1625,0.72,309.16,1,1,46.85,32.6437,46.7625,,,
03/04/2025,17:30:00,12.5133,2.1837,2.2174,1.0815,1.0854,29.95,0.831,310.1,1,1,46.625,32.6688,46.4688,,,
03/04/2025,18:00:00,12.4805,2.101,2.1303,0.9859,0.9859,28.6688,1.572,311.78,1,1,46.5375,32.5812,48.4875,,,
03/04/2025,18:30:00,13.689,3.7521,3.8186,1.7531,1.7408,28.45,2.986,300.1,1,0,46.475,32.5562,22.7875,,,
03/04/2025,19:00:00,12.2318,2.3372,2.3758,1.0808,1.0717,27.3625,11.884,296.72,1,0,46.5062,32.5562,4.7437,,,
03/04/2025,19:30:00,12.0297,2.1797,2.2139,1.0139,1.0047,28.8937,2.928,295.94,1,0,46.675,32.525,9.675,,,
03/04/2025,20:00:00,11.8869,1.877,1.9129,0.9468,0.9553,29.8375,0.835,283.42,1,0,47.2125,32.4813,32.075,,,
03/04/2025,20:30:00,13.3158,3.5439,3.6112,1.6163,1.6155,28.9562,5.666,281.92,1,0,47.6875,32.6187,7.5812,,,
03/04/2025,21:00:00,13.2907,3.7023,3.7701,1.7294,1.7202,29.6125,0.644,270.92,1,1,48.3187,32.6688,0,,,
03/04/2025,21:30:00,13.33,3.6896,3.7591,1.7058,1.7041,28.3,0.853,265.52,1,1,48.9688,32.75,0,,,
03/04/2025,22:00:00,13.3116,3.6874,3.7534,1.7163,1.7224,28.8937,0.775,260.16,1,1,49.7062,32.8187,0,,,
03/04/2025,22:30:00,13.2672,3.6799,3.7464,1.6586,1.6664,28.9125,0.416,257.18,1,1,45.175,32.9688,0,,,
03/04/2025,23:00:00,13.0217,3.5181,3.5789,1.5835,1.5827,28.3687,0.871,280.54,1,1,45.8125,33.1562,0,,,
03/04/2025,23:30:00,12.0462,2.2099,2.2349,1.029,1.0323,28.8937,3.103,295.28,1,0,48.7812,33.0438,0,,,
04/04/2025,00:00:00,11.8054,1.8284,1.8599,0.8752,0.877,29.3625,2.85,299.68,1,0,49.9187,33.1875,22.2812,,,
04/04/2025,00:30:00,11.7151,1.4539,1.4727,1.0167,1.0172,29.375,0.817,267.38,1,0,43.8,33.3563,37.6187,,,
04/04/2025,01:00:00,11.8495,1.6259,1.6543,1.1349,1.141,29.3812,0.697,274.72,1,0,47.825,33.3187,47.1,,,
04/04/2025,01:30:00,11.8448,1.6031,1.6294,1.0994,1.1121,28.6312,0.77,265.86,1,0,49.525,33.3875,59.0375,,,
04/04/2025,02:00:00,11.6915,1.5896,1.6136,1.076,1.0741,28.7,0.785,262.8,1,1,41.45,33.6063,59.7312,,,
04/04/2025,02:30:00,11.8791,1.6937,1.7191,1.1981,1.1898,30.3563,0.735,261.7,1,1,46.2562,33.625,56.5312,,,
04/04/2025,03:00:00,11.8359,1.6757,1.6998,1.1314,1.136,28.975,0.788,260.02,1,1,48.6875,33.7625,55.5812,,,
04/04/2025,03:30:00,11.7191,1.7086,1.7361,1.1526,1.1517,29.3687,0.789,258.08,1,1,49.975,33.8125,55.9,,,
04/04/2025,04:00:00,11.8913,1.7309,1.758,1.1959,1.202,31.5062,3.374,267.16,1,0,44.7125,34.1,55.3562,,,
04/04/2025,04:30:00,11.796,1.6228,1.6473,1.118,1.1287,30.5938,2.912,267.56,1,0,47.9312,34.1375,56.5812,,,
04/04/2025,05:00:00,11.7678,1.6014,1.6276,1.1312,1.1246,29.9375,20.453,266.5,1,0,49.625,34.2687,59.725,,,
04/04/2025,05:30:00,11.8165,1.7274,1.7541,0.926,0.926,29.2125,0.813,258.72,1,0,41.7937,34.3187,47.4937,,,
04/04/2025,06:00:00,11.9556,2.1911,2.2117,1.0349,1.0237,28.9188,0.785,263.2,1,0,46.8562,34.4312,30.6312,,,
04/04/2025,06:30:00,11.8043,2.0043,2.0349,0.9723,0.9684,30.9875,0.663,283.86,1,1,48.85,34.5375,35.1312,,,
04/04/2025,07:00:00,11.7061,1.6561,1.6797,0.9997,0.9975,29.4,0.727,285.58,1,1,49.975,34.6812,44.1125,,,
04/04/2025,07:30:00,11.8615,1.5948,1.6079,0.8879,0.8864,28.8,0.731,295.02,1,1,43.9937,34.8937,50.25,,,
04/04/2025,08:00:00,11.8259,1.5734,1.5891,0.8656,0.8547,30.5438,0.774,287.16,1,1,47.7875,34.8812,54,,,
04/04/2025,08:30:00,11.6603,1.373,1.3988,0.8232,0.8148,28.8937,0.88,271.56,1,1,49.425,35.0062,45.9062,,,
04/04/2025,09:00:00,11.8759,1.5563,1.576,0.7728,0.7783,28.0312,3.042,289.06,1,0,42.0687,35.0875,54.3062,,,
04/04/2025,09:30:00,11.8045,1.2614,1.2846,0.7319,0.7398,28.0625,2.998,261.78,1,0,47.1625,35.2562,63.4875,,,
04/04/2025,10:00:00,11.7308,1.2846,1.3091,0.7586,0.7553,28.325,0.886,255.06,1,0,49.3062,35.3062,64.2875,,,
04/04/2025,10:30:00,11.9223,1.3853,1.408,0.8529,0.8553,28.3312,0.737,244.98,1,0,41.95,35.3937,65.0437,,,
04/04/2025,11:00:00,11.8547,1.3682,1.3962,0.8122,0.8081,29.5062,0.798,239.26,1,0,46.725,35.475,63.0812,,,
04/04/2025,11:30:00,11.6919,1.3879,1.4146,0.817,0.8096,28.85,0.719,236.28,1,1,49.2625,35.5,63.7,,,
04/04/2025,12:00:00,11.8873,1.4675,1.4955,0.8159,0.8186,28.4062,0.75,234.46,1,1,41.8625,35.6437,62.5812,,,
04/04/2025,12:30:00,11.842,1.4229,1.4461,0.8043,0.8059,28.2938,0.751,233.44,1,1,46.3187,35.7687,64.2312,,,
04/04/2025,13:00:00,11.8032,1.4719,1.5021,0.8485,0.852,29.4,17.558,252.5,1,1,48.1812,35.65,60.4312,,,
04/04/2025,13:30:00,11.9475,1.9413,1.9785,0.9868,1.0025,28.3812,1.857,242.4,1,1,48.7687,35.675,55.125,,,
04/04/2025,14:00:00,11.872,1.5519,1.5764,0.8422,0.8358,29.4125,3.202,229.34,1,0,49.0312,35.5938,63.1312,,,
04/04/2025,14:30:00,11.8151,1.7449,1.7733,0.933,0.9314,30.1562,3.22,250.14,1,0,49.0187,35.4937,58.7,,,
04/04/2025,15:00:00,11.9492,1.7304,1.758,0.9424,0.9354,29.3625,0.713,272.66,1,0,48.9,35.4937,60.3062,,,
04/04/2025,15:30:00,11.9003,1.6534,1.6775,0.8551,0.8608,29.9688,0.755,253.52,1,0,48.1937,35.3875,59.7188,,,
04/04/2025,16:00:00,11.9419,1.765,1.7934,0.9128,0.9069,29.05,0.642,253.96,1,0,47.2812,35.3563,55.8375,,,
04/04/2025,16:30:00,12.8588,2.9585,3.0057,1.4147,1.4063,28.9813,0.737,301.7,1,1,46.3438,35.1688,13.2,,,
04/04/2025,17:00:00,13.1854,3.7342,3.8059,1.7076,1.7237,28.2875,1.138,286.88,1,1,45.525,35.0687,0,,,
04/04/2025,17:30:00,13.0782,3.4734,3.536,1.5424,1.5459,28.3375,0.854,286.18,1,1,44.8187,34.9562,0,,,
04/04/2025,18:00:00,13.1364,3.6861,3.7574,1.6979,1.7014,28.2812,0.72,279.52,1,1,44.2562,34.8375,0,,,
04/04/2025,18:30:00,13.1577,3.6673,3.7324,1.6901,1.6962,28.4813,3.152,283.2,1,0,44.1437,34.7875,0,,,
04/04/2025,19:00:00,13.1037,3.5513,3.6222,1.5888,1.5982,27.7313,3.024,283.36,1,0,44.6687,34.8187,0,,,
04/04/2025,19:30:00,13.1644,3.6222,3.6865,1.6715,1.6583,28.3625,2.982,279.52,1,0,45.2812,34.7062,0,,,
04/04/2025,20:00:00,13.1748,3.6239,3.6904,1.6677,1.6669,27.2375,0.893,269.36,1,0,45.8687,34.7687,0,,,
04/04/2025,20:30:00,13.1199,3.6624,3.7316,1.6487,1.6638,29.9,0.879,262.44,1,0,46.2437,34.7375,0,,,
04/04/2025,21:00:00,13.0527,3.6257,3.6961,1.6148,1.6107,29.5187,0.964,261.58,1,1,46.625,34.6812,0,,,
04/04/2025,21:30:00,13.0722,3.5522,3.6161,1.5829,1.5881,28.8312,0.84,278.76,1,1,46.6375,34.6063,0,,,
04/04/2025,22:00:00,13.1577,3.6852,3.7512,1.6594,1.6647,29.2812,0.675,268.78,1,1,46.6125,34.4937,0,,,
04/04/2025,22:30:00,13.067,3.7591,3.8195,1.7087,1.6962,29.3687,0.93,264.7,1,1,46.6312,34.375,0,,,
04/04/2025,23:00:00,13.1508,3.7609,3.83,1.7231,1.7216,27.5625,5.33,271.06,1,1,46.6312,34.35,0,,,
04/04/2025,23:30:00,13.1799,3.7154,3.7854,1.664,1.6559,28.9562,3.158,275.7,1,0,46.8187,34.3,0,,,
05/04/2025,00:00:00,12.1822,2.822,2.8719,1.2674,1.2749,27.8187,20.205,294.64,1,0,47.25,34.0812,0,,,
05/04/2025,00:30:00,13.2394,3.6585,3.7149,1.6616,1.673,29.3875,2.891,282.04,1,0,47.7375,34.2062,0,,,
05/04/2025,01:00:00,13.1825,3.7845,3.8479,1.7329,1.7259,29.35,3.613,274.4,1,0,48.4812,34.2437,0,,,
05/04/2025,01:30:00,13.0314,3.6839,3.7543,1.6465,1.6579,28.3,0.869,272,1,0,49.1687,34.35,0,,,
05/04/2025,02:00:00,13.2871,3.7652,3.8313,1.72,1.7152,27.7375,0.843,264.58,1,1,49.8438,34.4813,0,,,
05/04/2025,02:30:00,13.1817,3.7937,3.8571,1.7128,1.7307,29.0375,0.67,256.12,1,1,44.0437,34.6063,0,,,
05/04/2025,03:00:00,13.0576,3.7683,3.8361,1.6658,1.6715,28.2812,0.813,258.92,1,1,48.0938,34.7188,0,,,
05/04/2025,03:30:00,13.1882,3.8042,3.8729,1.7135,1.713,29.9125,0.912,261.86,1,1,49.6812,34.8062,0,,,
05/04/2025,04:00:00,13.1747,3.802,3.8794,1.6916,1.7001,28.9937,3.091,272.46,1,0,43.9,34.9188,0,,,
05/04/2025,04:30:00,13.1141,3.7933,3.8698,1.7102,1.7006,27.7562,3.233,275.84,1,0,47.9625,34.9562,0,,,
05/04/2025,05:00:00,13.1798,3.7145,3.7828,1.6629,1.6607,28.725,3.108,276.26,1,0,49.7875,35.125,0,,,
05/04/2025,05:30:00,13.241,3.7298,3.7981,1.6826,1.6835,27.6437,0.932,281.04,1,0,43.8937,35.1812,0,,,
05/04/2025,06:00:00,12.2185,3.0849,3.1261,1.3786,1.3812,27.9375,0.764,285.7,1,0,47.7687,35.2625,0,,,
05/04/2025,06:30:00,11.8369,1.9439,1.975,0.9378,0.9452,28.3375,20.301,295.48,1,1,49.5125,35.3937,10.0062,,,
05/04/2025,07:00:00,11.841,1.4636,1.4916,0.9227,0.9389,29.7625,5.083,287.58,1,1,42.775,35.4375,52.275,,,
05/04/2025,07:30:00,11.6914,1.8656,1.8954,1.2642,1.2646,29.3687,17.055,281.14,1,1,47.575,35.5938,24.2687,,,
05/04/2025,08:00:00,11.8395,1.8267,1.8573,1.2158,1.2167,29.3937,5.339,278,1,1,49.9,35.7,33.425,,,
05/04/2025,08:30:00,12.6303,3.2774,3.3286,1.3882,1.3851,29.3687,0.636,299.88,1,1,44.4688,35.7062,0,,,
05/04/2025,09:00:00,13.1928,3.8313,3.8943,1.6879,1.6874,27.825,3.077,285.94,1,0,48.4312,35.7562,0,,,
05/04/2025,09:30:00,12.5812,3.4034,3.4629,1.4763,1.4818,28.325,3.104,281.9,1,0,49.6625,35.8062,0,,,
05/04/2025,10:00:00,11.8118,2.0332,2.0739,0.9634,0.9627,28.3125,0.751,298.76,1,0,49.9062,35.7437,2.5625,,,
05/04/2025,10:30:00,11.7537,1.3301,1.3551,0.8312,0.8343,28.0438,0.857,293.1,1,0,49.6187,35.575,50.125,,,
05/04/2025,11:00:00,11.7833,1.7597,1.7886,1.174,1.1694,29.9813,0.787,273.84,1,0,48.85,35.5125,25.175,,,
05/04/2025,11:30:00,11.7967,1.8004,1.8328,1.1918,1.183,28.7188,0.679,263.86,1,1,48.0062,35.3375,36.6187,,,
05/04/2025,12:00:00,11.7867,1.8306,1.8573,1.1959,1.1977,31.6312,0.801,258.52,1,1,47.3812,35.2812,42.6187,,,
05/04/2025,12:30:00,11.8648,1.8472,1.8748,1.2285,1.2224,29.4375,0.803,256.44,1,1,46.8812,35.0875,44.4937,,,
05/04/2025,13:00:00,11.796,1.8792,1.9111,1.2554,1.2443,28.8,0.817,254.38,1,1,46.5875,35.0062,45.375,,,
05/04/2025,13:30:00,11.8265,1.8381,1.8582,0.9616,0.9702,29.8438,2.255,263.18,1,1,46.0625,34.9625,45.925,,,
05/04/2025,14:00:00,11.7341,1.618,1.6377,0.9284,0.9233,29.9,2.956,307.54,1,0,45.6937,34.875,47.0562,,,
05/04/2025,14:30:00,11.8913,1.6403,1.6648,0.9669,0.9748,29.4,2.917,311.78,1,0,45.3812,34.9125,48.6125,,,
05/04/2025,15:00:00,11.7965,1.6167,1.6368,0.9074,0.9135,28.3812,0.699,303.92,1,0,45.3438,34.7938,51.1562,,,
05/04/2025,15:30:00,13.5108,4.2216,4.3156,1.8611,1.8681,28.8,0.784,301.9,1,0,45.2312,34.7188,0,,,
05/04/2025,16:00:00,13.3005,3.8392,3.9066,1.7174,1.7181,28.8438,0.852,287.8,1,1,45.1937,34.6812,0,,,
05/04/2025,16:30:00,13.2472,3.8247,3.8956,1.6487,1.64,30.2188,0.858,282.58,1,1,45.3438,34.7562,0,,,
05/04/2025,17:00:00,13.0955,3.7814,3.851,1.6572,1.6623,29.3438,1.001,279.66,1,1,45.5562,34.7313,0,,,
05/04/2025,17:30:00,13.1706,3.8707,3.9402,1.724,1.717,28.3438,0.808,276.1,1,1,46.05,34.7375,0,,,
05/04/2025,18:00:00,13.1171,3.8685,3.935,1.708,1.7027,29.925,17.769,283.66,1,1,46.5625,34.8187,0,,,
05/04/2025,18:30:00,13.0275,3.8164,3.8838,1.6638,1.6682,29.9688,2.894,280.3,1,0,47.0375,34.8875,0,,,
05/04/2025,19:00:00,13.0656,3.7565,3.8256,1.664,1.6542,29.3937,2.982,277.86,1,0,47.4937,35.1,0,,,
05/04/2025,19:30:00,13.1272,3.8764,3.9367,1.7758,1.7609,30.5687,3.029,276.94,1,0,48.0437,35,0,,,
05/04/2025,20:00:00,13.0015,3.816,3.8873,1.6807,1.6901,30.475,0.731,266.28,1,0,48.5812,35.075,0,,,
05/04/2025,20:30:00,13.036,3.7412,3.8099,1.6597,1.6642,28.2812,0.737,274.1,1,0,49.0187,35.1312,0,,,
05/04/2025,21:00:00,13.1305,3.8444,3.9088,1.7338,1.7275,29.6312,0.809,263.14,1,1,49.375,35.075,0,,,
05/04/2025,21:30:00,13.2406,3.9494,4.0146,1.736,1.7404,28.7812,6.191,273.12,1,1,49.7812,35.0062,0,,,
05/04/2025,22:00:00,13.0462,4.0251,4.0872,1.7708,1.7708,29.5312,16.513,279.2,1,1,42.5562,35.0125,0,,,
05/04/2025,22:30:00,13.1388,4.0054,4.0754,1.804,1.804,29.3625,9.282,282.64,1,1,45.7687,35.0438,0,,,
05/04/2025,23:00:00,13.1553,3.921,3.9893,1.7388,1.7266,28.3687,5.032,281.94,1,1,48.3312,35.2062,0,,,
05/04/2025,23:30:00,13.1088,3.9486,4.0256,1.7489,1.7507,27.8312,8.77,284.2,1,0,49.475,35.2375,0,,,
06/04/2025,00:00:00,13.3116,3.9136,3.9836,1.7653,1.7496,28.3375,3.066,279.32,1,0,50.0125,35.2875,0,,,
06/04/2025,00:30:00,13.241,3.8204,3.8908,1.7062,1.6977,28.3125,0.771,278.18,1,0,44.05,35.375,0,,,
06/04/2025,01:00:00,13.2143,3.8641,3.928,1.7384,1.7397,29.2875,0.842,265.24,1,0,46.7812,35.3812,0,,,
06/04/2025,01:30:00,13.2239,3.8549,3.9227,1.6949,1.6866,27.7188,0.82,264.28,1,0,48.0437,35.3375,0,,,
06/04/2025,02:00:00,13.2612,3.8453,3.9188,1.7049,1.6999,27.9125,1.024,260.02,1,1,49.075,35.3687,0,,,
06/04/2025,02:30:00,13.1413,3.8781,3.9398,1.6953,1.7038,28.8,0.745,280.08,1,1,49.9125,35.4813,0,,,
06/04/2025,03:00:00,13.3667,3.9184,4.0011,1.7213,1.7334,29.4,0.659,270.12,1,1,45.1625,35.3687,0,,,
06/04/2025,03:30:00,13.306,3.9201,3.9888,1.7027,1.7115,29.4625,0.994,261.16,1,1,48.7188,35.4688,0,,,
06/04/2025,04:00:00,13.187,4.0076,4.0728,1.7356,1.748,29.9188,2.893,276.92,1,0,42.925,35.4937,0,,,
06/04/2025,04:30:00,13.2447,3.9928,4.0575,1.7682,1.757,28.3312,3.059,277.96,1,0,47.325,35.6,0,,,
06/04/2025,05:00:00,13.2791,4.0103,4.0851,1.787,1.7797,29.4562,2.82,283.9,1,0,50.0812,35.7188,0,,,
06/04/2025,05:30:00,13.2833,3.8864,3.9547,1.7001,1.6986,29.1063,0.794,278.74,1,0,46.2812,35.775,0,,,
06/04/2025,06:00:00,13.1013,3.8567,3.9254,1.6638,1.6627,29.9125,0.625,276.28,1,0,49.6187,35.8438,0,,,
06/04/2025,06:30:00,13.2507,3.9367,4.0041,1.6977,1.706,29.975,0.869,282.5,1,1,43.9937,35.8187,0,,,
06/04/2025,07:00:00,13.1013,3.7232,3.7893,1.5879,1.5949,29.3625,0.549,270.36,1,1,48.0437,35.775,0,,,
06/04/2025,07:30:00,11.8805,2.4269,2.4606,1.045,1.0323,28.3375,0.771,290.56,1,1,49.4562,35.825,0,,,
06/04/2025,08:00:00,11.8687,1.5699,1.5953,0.9964,0.9846,28.3875,0.934,288.14,1,1,45.35,35.725,51.3062,,,
06/04/2025,08:30:00,11.7908,1.5966,1.6224,1.0642,1.0598,28.3312,0.804,268.46,1,1,44.5,35.7062,21.7812,,,
06/04/2025,09:00:00,11.7224,1.8092,1.8411,1.2217,1.2202,29.9437,3.219,268.08,1,0,46.9,35.5812,31.1812,,,
06/04/2025,09:30:00,11.8741,1.7904,1.821,1.2195,1.2285,28.525,3.054,272.68,1,0,48.45,35.5312,40.0187,,,
06/04/2025,10:00:00,11.8454,1.7912,1.8179,1.1839,1.1839,29.35,0.833,274.56,1,0,49.4187,35.5812,38.3563,,,
06/04/2025,10:30:00,11.7523,1.7969,1.828,1.1434,1.1465,30.5438,0.733,264.3,1,0,49.9375,35.5625,38.0375,,,
06/04/2025,11:00:00,11.769,1.8153,1.842,1.1537,1.157,29.4062,0.738,258.28,1,0,44.8687,35.6187,39.2937,,,
06/04/2025,11:30:00,11.804,1.7611,1.7921,1.094,1.0959,29.2375,0.794,253.54,1,1,46.8375,35.5062,38.6,,,
06/04/2025,12:00:00,11.707,1.7842,1.8105,1.1209,1.1154,29.325,0.718,249.8,1,1,47.425,35.6063,40.9062,,,
06/04/2025,12:30:00,11.865,1.8976,1.926,1.1985,1.2007,29.7875,0.678,247.34,1,1,47.2687,35.475,37.9562,,,
06/04/2025,13:00:00,11.8235,1.8844,1.9085,1.1567,1.1611,29.9437,0.75,245.68,1,1,46.9562,35.375,37.225,,,
06/04/2025,13:30:00,11.7567,1.8276,1.8617,1.1434,1.1497,29.35,2.354,260.96,1,1,46.3375,35.325,37.85,,,
06/04/2025,14:00:00,11.8447,1.8289,1.8525,1.1898,1.1957,28.85,3.071,261.02,1,0,45.4125,35.2,39.8625,,,
06/04/2025,14:30:00,11.7913,1.8144,1.8424,1.2156,1.202,29.3687,3.076,259.46,1,0,44.5812,35.1875,42.7,,,
06/04/2025,15:00:00,11.7131,1.8136,1.8429,1.2018,1.199,29.2812,0.855,252.02,1,0,43.7625,34.9875,43.9375,,,
06/04/2025,15:30:00,11.8502,1.8516,1.8827,1.2285,1.2261,29.4062,0.723,245.58,1,0,43.1437,34.7875,43.0938,,,
06/04/2025,16:00:00,11.7742,1.8879,1.9151,1.2565,1.2491,29.95,5.341,254.8,1,1,42.45,34.7625,42.3937,,,
06/04/2025,16:30:00,11.7407,1.7274,1.7418,0.891,0.8932,29.1,0.909,237.94,1,1,42.075,34.6187,44.975,,,
06/04/2025,17:00:00,11.7274,1.8433,1.8678,1.1351,1.1414,28.3125,11.71,252.14,1,1,41.9688,34.5312,39.0437,,,
06/04/2025,17:30:00,11.8567,1.9523,1.9776,1.2615,1.2722,28.9125,8.963,260.22,1,1,41.9562,34.4562,37.6,,,
06/04/2025,18:00:00,12.6823,3.3781,3.4341,1.4608,1.4595,29.4188,0.83,243.34,1,1,41.9312,34.3438,0,,,
06/04/2025,18:30:00,13.1615,3.9429,4.0098,1.7192,1.7084,29.8438,3.431,277.16,1,0,42.175,34.3937,0,,,
06/04/2025,19:00:00,13.1192,4.0129,4.0899,1.8222,1.808,29.7938,3.042,282.46,1,0,42.7,34.3375,0,,,
06/04/2025,19:30:00,13.0552,3.865,3.9372,1.673,1.6667,28.975,3.123,280.08,1,0,43.5062,34.425,0,,,
06/04/2025,20:00:00,12.2718,2.9563,3.0018,1.2843,1.2819,28.05,5.929,288.5,1,0,44.1937,34.3438,0,,,
06/04/2025,20:30:00,13.13,3.8991,3.9691,1.7421,1.743,28.2938,0.776,272.86,1,0,44.6125,34.4125,0,,,
06/04/2025,21:00:00,11.9104,2.4611,2.4961,1.0507,1.0465,28.9625,0.826,291.86,1,1,45.2312,34.3812,0,,,
06/04/2025,21:30:00,11.7306,1.4911,1.5182,0.989,0.9833,29.5187,0.708,278.34,1,1,45.725,34.4062,45.9187,,,
06/04/2025,22:00:00,11.8691,1.8311,1.8626,1.2298,1.2401,31.1187,0.822,261.96,1,1,46.1125,34.4562,23.5625,,,
06/04/2025,22:30:00,11.7461,1.9457,1.9689,1.2825,1.2967,29.4437,0.778,257.22,1,1,46.5687,34.45,37.7062,,,
06/04/2025,23:00:00,11.7528,1.9089,1.9435,1.3212,1.328,29.2812,0.779,256,1,1,46.9125,34.6187,44.875,,,
06/04/2025,23:30:00,11.9302,1.8884,1.9164,1.295,1.29,30.4813,3.096,272.14,1,0,46.9437,34.55,46.1125,,,
07/04/2025,00:00:00,11.7929,1.8245,1.8521,1.2434,1.2399,28.3312,3.246,268.88,1,0,47.0187,34.525,47.5938,,,
07/04/2025,00:30:00,12.1927,2.9721,3.0198,1.346,1.3471,29.9813,0.859,259.72,1,0,46.8562,34.45,0,,,
07/04/2025,01:00:00,12.2113,2.6037,2.6256,1.139,1.1421,30.025,0.793,279.74,1,0,46.85,34.5625,5.15,,,
07/04/2025,01:30:00,12.1056,2.6627,2.6986,1.1465,1.1489,28.8875,0.791,282.06,1,0,46.9,34.4813,0,,,
07/04/2025,02:00:00,11.9608,2.7406,2.7774,1.1981,1.199,28.275,0.879,283.08,1,1,47.35,34.3812,0,,,
07/04/2025,02:30:00,12.1071,2.6715,2.6982,1.1648,1.1672,28.3062,0.845,284.26,1,1,47.8062,34.5562,0,,,
07/04/2025,03:00:00,12.0885,2.6864,2.7131,1.1863,1.1714,29.4562,0.774,274.74,1,1,48.3187,34.5812,0,,,
07/04/2025,03:30:00,11.9834,2.6969,2.7257,1.1143,1.1213,29.3937,9.369,291.54,1,1,48.8375,34.6812,0,,,
07/04/2025,04:00:00,12.0691,2.7262,2.7564,1.1349,1.1344,29.15,3.681,289.2,1,0,49.3937,34.6688,0,,,
07/04/2025,04:30:00,12.055,2.6763,2.7069,1.1933,1.2036,27.725,2.909,291.06,1,0,49.6125,34.75,0,,,
07/04/2025,05:00:00,11.9312,2.451,2.4816,1.0524,1.0419,29.0562,3.172,302.12,1,0,49.7312,34.9188,0,,,
07/04/2025,05:30:00,12.0099,2.6824,2.7148,1.1322,1.1342,29.4625,0.819,298.92,1,0,49.8812,34.9188,1.7,,,
07/04/2025,06:00:00,12.0216,2.5249,2.5516,1.1165,1.1347,28.3312,0.769,292.38,1,0,43.8312,34.9875,5.55,,,
07/04/2025,06:30:00,11.7711,1.2719,1.2947,0.8258,0.826,29.8187,0.734,291.7,1,1,47.2625,35.1375,59.4,,,
07/04/2025,07:00:00,11.7291,1.8971,1.9273,1.251,1.2484,28.3375,0.738,258.1,1,1,49.1687,35.1125,24.6125,,,
07/04/2025,07:30:00,11.8592,1.8849,1.9137,1.2523,1.2432,28.9875,0.789,258.34,1,1,49.775,35.15,40.4312,,,
07/04/2025,08:00:00,11.8643,1.8626,1.8897,1.2624,1.2622,28.9562,0.728,254.12,1,1,43.5125,35.2437,45.7375,,,
07/04/2025,08:30:00,11.7323,1.8967,1.9264,1.2523,1.2473,29.3687,0.806,253.98,1,1,47.2,35.4125,43.3625,,,
07/04/2025,09:00:00,11.9206,1.9133,1.9378,1.2764,1.2749,29.375,3.08,268.08,1,0,48.8375,35.3687,42.675,,,
07/04/2025,09:30:00,11.8251,1.8862,1.9168,1.2556,1.2569,29.3563,2.985,268.04,1,0,49.8562,35.4875,40.3687,,,
07/04/2025,10:00:00,11.7395,1.9181,1.9413,1.2554,1.2499,28.3062,0.782,266.22,1,0,44.5938,35.6875,36.6625,,,
07/04/2025,10:30:00,11.8138,1.9378,1.9641,1.2502,1.2565,28.45,0.828,255.34,1,0,48.2937,35.5625,36.4437,,,
07/04/2025,11:00:00,11.7585,1.8945,1.9168,1.2031,1.1983,29.9062,18.948,263.52,1,0,49.7687,35.6688,36.9,,,
07/04/2025,11:30:00,11.8815,1.9903,2.0209,1.3261,1.3173,29.775,0.87,259.6,1,1,42.8687,35.6,35.1688,,,
07/04/2025,12:00:00,11.8227,1.9623,1.9916,1.2983,1.2967,31.0938,0.806,253.02,1,1,46.0437,35.675,34.925,,,
07/04/2025,12:30:00,11.7974,1.8923,1.9229,1.2101,1.2086,29.4562,0.835,249.24,1,1,46.9812,35.5562,33.7687,,,
07/04/2025,13:00:00,11.7447,1.9404,1.9667,1.2506,1.251,29.4437,0.774,248,1,1,47.1187,35.5187,32.5,,,
07/04/2025,13:30:00,11.8761,1.9426,1.9737,1.2488,1.2585,31.1187,2.242,256.66,1,1,46.7687,35.4062,30.375,,,
07/04/2025,14:00:00,11.8001,1.9308,1.9597,1.3068,1.3011,29.9813,3.14,264.26,1,0,46.4437,35.3812,31.0875,,,
07/04/2025,14:30:00,11.7784,1.9461,1.9767,1.3057,1.2957,28.325,3.076,264.04,1,0,46.1625,35.3125,30.8812,,,
07/04/2025,15:00:00,11.6939,1.9571,1.9837,1.3057,1.3099,30.5687,0.778,256.66,1,0,45.7375,35.275,30.6,,,
07/04/2025,15:30:00,12.1634,3.1169,3.1558,1.4418,1.4584,28.3687,5.63,233.28,1,0,45,35.15,0,,,
07/04/2025,16:00:00,12.0939,2.7144,2.7476,1.1458,1.1449,28.85,18.843,249.7,1,1,44.25,35.0062,0,,,
07/04/2025,16:30:00,11.9475,2.7857,2.8238,1.1972,1.1931,29.9562,16.808,291.82,1,1,43.5437,34.9875,0,,,
07/04/2025,17:00:00,12.0379,2.857,2.8898,1.2672,1.2663,28.2812,11.412,296.5,1,1,42.9937,34.8875,0,,,
07/04/2025,17:30:00,12.1379,2.8539,2.8977,1.269,1.2635,27.7625,8.579,297.62,1,1,42.4812,34.7125,0,,,
07/04/2025,18:00:00,12.0171,2.7708,2.8133,1.1823,1.176,28.325,0.68,295.44,1,1,42.0938,34.65,0,,,
07/04/2025,18:30:00,12.0212,2.7896,2.8259,1.213,1.2298,27.8,2.726,296.74,1,0,41.7062,34.55,0,,,
07/04/2025,19:00:00,12.0353,2.5954,2.6299,1.1274,1.1204,27.7188,2.747,293.66,1,0,41.6687,34.4312,0,,,
07/04/2025,19:30:00,12.0795,2.6829,2.7196,1.1333,1.134,28.9,2.481,292.88,1,0,41.8312,34.3625,0,,,
07/04/2025,20:00:00,12.151,2.7354,2.7752,1.2023,1.2018,29.7188,0.827,280.14,1,0,42.225,34.3125,0,,,
07/04/2025,20:30:00,12.0329,2.7288,2.7642,1.1749,1.1819,29.0187,0.921,273.12,1,0,42.675,34.3187,0,,,
07/04/2025,21:00:00,12.0106,2.696,2.7306,1.1425,1.1458,29.3687,0.967,267.68,1,1,43.0375,34.2313,0,,,
07/04/2025,21:30:00,12.1042,2.6404,2.6684,1.113,1.1259,29.9688,0.733,263.92,1,1,43.4125,34.2313,0,,,
07/04/2025,22:00:00,12.0578,2.6544,2.682,1.1408,1.1371,29.2812,0.753,283.96,1,1,43.95,34.2687,0,,,
07/04/2025,22:30:00,11.9004,2.6588,2.6877,1.118,1.1228,27.8,0.778,270.54,1,1,44.6562,34.2375,0,,,
07/04/2025,23:00:00,12.0906,2.6461,2.6741,1.1371,1.1393,28.3438,2.217,282.24,1,1,45.5437,34.2562,0,,,
07/04/2025,23:30:00,12.0726,2.6116,2.6422,1.0601,1.0537,28.8875,2.726,294.94,1,0,46.3312,34.2437,0,,,
08/04/2025,00:00:00,11.8463,2.4322,2.4562,1.0555,1.0502,28.575,2.838,297,1,0,47.1875,34.275,0,,,
08/04/2025,00:30:00,11.923,1.6289,1.6591,0.8418,0.8527,29.4062,0.781,305.8,1,0,47.7375,34.2938,31.6937,,,
08/04/2025,01:00:00,11.81,1.9194,1.9457,0.8802,0.8833,29.8563,0.86,300.12,1,0,48.4125,34.2812,21.05,,,
08/04/2025,01:30:00,11.7518,2.3044,2.3311,1.0279,1.0277,29.2125,0.675,302.02,1,1,49.0938,34.4188,10.9937,,,
08/04/2025,02:00:00,11.9976,2.3994,2.4291,1.129,1.1233,28.15,2.69,299.74,1,1,49.5687,34.5,10.0062,,,
08/04/2025,02:30:00,11.7756,1.3411,1.3625,0.8477,0.8457,30.5938,0.757,292.88,1,1,42.2062,34.6437,50.4625,,,
08/04/2025,03:00:00,11.6914,1.653,1.6771,1.0609,1.0609,29.1875,0.784,264.5,1,1,46.5938,34.6875,19.2188,,,
08/04/2025,03:30:00,11.8003,1.7554,1.7803,1.1793,1.1694,27.8312,0.721,263.1,1,1,48.9812,34.825,32.5938,,,
08/04/2025,04:00:00,11.8382,2.0367,2.0642,1.0476,1.0423,29.9813,3.147,286.26,1,0,42.025,34.9312,30.5312,,,
08/04/2025,04:30:00,11.7887,2.3508,2.374,1.0367,1.045,30.5438,2.917,305.4,1,0,47.0312,35.075,11.2312,,,
08/04/2025,05:00:00,11.8337,2.2594,2.2856,1.006,1.0056,27.7562,2.876,302.56,1,0,49.3062,35.25,6.9625,,,
08/04/2025,05:30:00,11.8843,2.339,2.3683,1.0741,1.0686,29.9125,9.212,303.78,1,0,42.8562,35.3563,3.8312,,,
08/04/2025,06:00:00,11.806,2.3552,2.3884,1.08,1.0719,29.3625,5.811,303.2,1,0,47.7812,35.3937,4.0562,,,
08/04/2025,06:30:00,11.6869,2.3071,2.332,1.0213,1.0264,28.2938,0.817,290.2,1,1,49.8687,35.6437,3.1562,,,
08/04/2025,07:00:00,11.8423,2.3574,2.3858,1.027,1.0318,29.9312,0.814,282.3,1,1,45.25,35.6875,3.7437,,,
08/04/2025,07:30:00,11.8202,2.3622,2.395,1.0227,1.0255,30.225,0.841,278.02,1,1,48.8875,35.7188,2.9688,,,
08/04/2025,08:00:00,13.1752,4.1205,4.1971,1.748,1.7603,30.4562,0.73,282.04,1,1,43.175,35.8125,0,,,
08/04/2025,08:30:00,12.9344,4.1962,4.2771,1.8071,1.8056,29.6187,5.301,278.18,1,1,46.4562,35.7812,0,,,
08/04/2025,09:00:00,13.0739,4.1516,4.2329,1.7935,1.8023,29.8625,2.929,277.5,1,0,48.9125,35.8062,0,,,
08/04/2025,09:30:00,11.8539,2.6409,2.6693,1.1287,1.1338,29.4062,19.071,291.66,1,0,50.0875,35.675,0,,,
08/04/2025,10:00:00,11.7631,2.4427,2.4829,1.0528,1.0491,29.4688,19.828,302.06,1,0,45.3562,35.5938,0,,,
08/04/2025,10:30:00,11.8358,2.5932,2.6238,1.1239,1.1231,29.9437,16.83,302.04,1,0,48.025,35.5312,0,,,
08/04/2025,11:00:00,11.8239,2.1907,2.2226,0.9603,0.9553,29.4312,0.873,288.3,1,0,48.7812,35.4562,0,,,
08/04/2025,11:30:00,11.7003,1.5826,1.6097,0.9984,0.9988,29.4562,0.938,284.12,1,1,48.8,35.3438,8.6187,,,
08/04/2025,12:00:00,11.8482,1.8897,1.9208,1.2132,1.2097,29.4,0.815,269.36,1,1,48.2188,35.3625,0,,,
08/04/2025,12:30:00,11.8128,1.9317,1.9684,1.2626,1.2523,29.4562,0.784,264.26,1,1,47.4125,35.1625,13.8125,,,
08/04/2025,13:00:00,11.921,2.4882,2.5136,1.0609,1.0647,30.4688,0.785,263.36,1,1,46.7062,35.0375,5.7875,,,
08/04/2025,13:30:00,13.1314,4.1966,4.2706,1.7979,1.8034,28.8062,2.18,265.18,1,1,45.925,34.9875,0,,,
08/04/2025,14:00:00,13.1931,4.2294,4.3121,1.8336,1.8392,28.3,3.269,269.7,1,0,45.15,34.925,0,,,
08/04/2025,14:30:00,13.1644,4.2001,4.2784,1.8123,1.8123,29.375,2.943,273.74,1,0,44.5812,34.8187,0,,,
08/04/2025,15:00:00,13.0168,4.138,4.2176,1.7557,1.7581,29.975,0.855,274.92,1,0,44.1312,34.7375,0,,,
08/04/2025,15:30:00,13.1903,4.1594,4.2338,1.8207,1.8189,29.9375,0.748,262.04,1,0,43.65,34.6812,0,,,
08/04/2025,16:00:00,13.131,4.1787,4.2491,1.773,1.7924,29.2938,0.76,263.2,1,0,43.3438,34.5562,0,,,
08/04/2025,16:30:00,13.0737,4.2198,4.2977,1.8198,1.8248,30.5312,0.8,259.72,1,1,43.1937,34.5438,0,,,
08/04/2025,17:00:00,13.0893,4.1568,4.2299,1.7988,1.8021,29.3687,11.802,279.68,1,1,43.0625,34.4875,0,,,
08/04/2025,17:30:00,11.8966,2.5534,2.5814,1.1292,1.1239,28.7375,5.643,289.04,1,1,42.975,34.4562,0,,,
08/04/2025,18:00:00,12.968,3.9529,4.0291,1.6726,1.6745,29.7375,19.924,285.92,1,1,43.1437,34.5187,0,,,
08/04/2025,18:30:00,13.037,4.1739,4.2421,1.8134,1.8001,30.4937,0.803,281.56,1,1,43.6625,34.5625,0,,,
08/04/2025,19:00:00,12.8799,4.0881,4.1564,1.7445,1.7426,28.2875,2.173,271.44,1,1,44.625,34.7125,0,,,
08/04/2025,19:30:00,12.7775,4.1708,4.2474,1.8292,1.8255,29.4,4.824,279.72,1,1,45.3375,34.7,0,,,
08/04/2025,20:00:00,12.9082,4.082,4.1529,1.794,1.7822,30.1125,5.603,277.62,1,1,45.9125,34.7437,0,,,
08/04/2025,20:30:00,12.8745,4.0457,4.1161,1.72,1.7132,28.35,1.022,270,1,1,46.3625,34.8062,0,,,
08/04/2025,21:00:00,12.7526,4.0649,4.1463,1.7483,1.7465,29.4375,0.824,260.12,1,1,46.825,34.9,0,,,
08/04/2025,21:30:00,12.8049,4.082,4.1454,1.7636,1.7721,28.325,0.923,261.26,1,1,47.3812,34.9562,0,,,
08/04/2025,22:00:00,12.7639,4.1091,4.1813,1.7572,1.7618,29.5375,0.707,263.24,1,1,48.3937,34.9813,0,,,
08/04/2025,22:30:00,12.7564,4.0619,4.1328,1.752,1.7627,28.2687,0.611,252.84,1,1,49.025,35.0187,0,,,
08/04/2025,23:00:00,12.7696,4.0951,4.1599,1.8043,1.7968,29.3875,0.835,261.02,1,1,49.875,35.2437,0,,,
08/04/2025,23:30:00,12.7147,4.1319,4.1988,1.7953,1.7778,29.8,3.266,283.6,1,0,44.1562,35.275,0,,,
09/04/2025,00:00:00,11.709,2.5389,2.5696,1.199,1.1843,30.3625,3.218,294.14,1,0,48.075,35.3563,0,,,
09/04/2025,00:30:00,11.8258,2.0839,2.1172,1.0406,1.0515,29.9312,0.665,296.96,1,0,49.475,35.5375,12.9,,,
09/04/2025,01:00:00,11.7893,2.4265,2.4444,1.0817,1.0749,30.1937,0.642,291.62,1,0,41.3438,35.6063,5.9375,,,
09/04/2025,01:30:00,11.8425,2.6794,2.6916,1.1574,1.1528,28.3375,8.141,289.72,1,0,46.6187,35.6812,0,,,
09/04/2025,02:00:00,12.0056,2.7341,2.7721,1.2152,1.213,28.9125,0.771,290.86,1,1,49.025,35.7812,0,,,
09/04/2025,02:30:00,11.9211,2.6921,2.7188,1.1817,1.1865,28.7375,0.736,290.08,1,1,50.1187,35.9125,0,,,
09/04/2025,03:00:00,11.7326,2.3294,2.3565,1.041,1.0406,29.9188,18.026,297.7,1,1,45.075,36.0438,0.675,,,
09/04/2025,03:30:00,11.881,2.0222,2.0542,0.9944,0.9842,28.35,0.699,287.9,1,1,48.5125,36.0187,26.025,,,
09/04/2025,04:00:00,11.9772,2.7126,2.7467,1.1878,1.202,29.6187,3.186,288.78,1,0,49.55,36.0875,2.025,,,
09/04/2025,04:30:00,12.5059,3.8737,3.9381,1.7052,1.706,29.9562,3.155,280.3,1,0,43.4125,36.0562,0,,,
09/04/2025,05:00:00,12.6895,4.2461,4.3257,1.8438,1.8552,28.3062,2.982,276.14,1,0,45.075,36.0438,0,,,
09/04/2025,05:30:00,12.7688,4.2207,4.2968,1.8804,1.8767,28.325,9.731,280.84,1,0,48.0687,35.9875,0,,,
09/04/2025,06:00:00,12.8611,4.2675,4.3445,1.8913,1.8974,28.725,16.999,283.4,1,0,49.4625,35.9312,0,,,
09/04/2025,06:30:00,12.711,4.2312,4.3021,1.834,1.8347,28.2938,0.797,275.74,1,1,41.5187,36.0125,0,,,
09/04/2025,07:00:00,11.9658,2.7091,2.7472,1.2005,1.2038,28.425,0.842,287.54,1,1,47.1062,35.8687,0,,,
09/04/2025,07:30:00,12.0322,2.6838,2.7183,1.1368,1.1257,28.3438,0.845,284.7,1,1,49.4688,36.0438,0,,,
09/04/2025,08:00:00,12.9202,4.0273,4.0978,1.7032,1.6988,29.8687,0.488,281.24,1,1,44.2687,36.025,0,,,
09/04/2025,08:30:00,12.2183,2.9808,3.0237,1.4223,1.4276,28.8125,0.731,294.46,1,1,48.7062,36.1187,0,,,
09/04/2025,09:00:00,12.2459,2.4707,2.4987,1.0487,1.0465,29.4562,2.67,294.96,1,0,43.1812,36.1875,0,,,
09/04/2025,09:30:00,12.2064,2.1001,2.1272,0.884,0.8864,29.45,2.924,296.94,1,0,48.0562,36.2562,0,,,
09/04/2025,10:00:00,11.8236,1.2461,1.2698,0.7088,0.716,30.6063,0.79,270.66,1,0,50.0625,36.3375,45.175,,,
09/04/2025,10:30:00,11.8367,1.5309,1.5602,0.8949,0.8802,28.9,0.756,267.3,1,0,44.5812,36.3,50.1,,,
09/04/2025,11:00:00,11.7928,1.4653,1.4894,0.8369,0.833,28.9562,0.842,265.8,1,0,47.05,36.1937,56.125,,,
09/04/2025,11:30:00,11.722,1.5274,1.5476,0.8947,0.8929,29.9437,0.719,265.62,1,1,47.9375,36.0812,55.9625,,,
09/04/2025,12:00:00,11.9346,1.4837,1.5121,0.8612,0.8641,29.05,0.718,266.72,1,1,48.2437,36.0438,55.975,,,
09/04/2025,12:30:00,11.8092,1.4592,1.4881,0.7844,0.7897,30.5312,0.805,267.12,1,1,48.375,35.9312,54.6187,,,
09/04/2025,13:00:00,11.8389,1.7711,1.8,0.9448,0.9347,29.3687,16.394,285.7,1,1,48.2812,35.9625,48.525,,,
09/04/2025,13:30:00,12.1684,2.4869,2.5144,1.1091,1.1156,29.375,8.018,273.78,1,1,48.1625,35.9625,17.4562,,,
09/04/2025,14:00:00,12.7813,3.2109,3.2569,1.4011,1.4144,28.6625,8.081,286.9,1,0,48.1312,35.8312,0,,,
09/04/2025,14:30:00,13.4064,4.2964,4.3725,1.8876,1.9042,29.9813,11.328,284.52,1,0,48.0312,35.8,0,,,
09/04/2025,15:00:00,13.1974,4.1153,4.1914,1.7861,1.7881,27.1875,3.005,281.72,1,0,47.9625,35.8,0,,,
09/04/2025,15:30:00,13.1905,4.089,4.1664,1.7677,1.7808,29.975,0.512,271.18,1,0,47.95,35.8563,0,,,
09/04/2025,16:00:00,13.0482,4.1551,4.2259,1.8152,1.8174,28.8062,11.504,281.86,1,0,47.9312,35.9375,0,,,
09/04/2025,16:30:00,12.2973,4.1826,4.2544,1.8441,1.8473,28.875,18.486,275.34,1,1,47.8438,35.8812,0,,,
09/04/2025,17:00:00,12.1599,4.0816,4.1472,1.7583,1.7559,28.8812,0.722,276.7,1,1,47.8625,35.925,0,,,
09/04/2025,17:30:00,12.3236,4.0404,4.1113,1.7594,1.7574,29.3812,0.678,264.86,1,1,47.95,35.9688,0,,,
09/04/2025,18:00:00,12.251,4.0829,4.1551,1.7832,1.7771,28.3312,0.782,265.94,1,1,48.3375,36.0687,0,,,
09/04/2025,18:30:00,12.1833,4.1481,4.2238,1.783,1.7911,28.8062,3.012,274.8,1,0,48.6437,36.1,0,,,
09/04/2025,19:00:00,12.2628,3.6182,3.6716,1.594,1.5958,28.725,3.039,277.44,1,0,49.1062,36.1562,0,,,
09/04/2025,19:30:00,11.8367,2.8395,2.8898,1.2727,1.2635,29.3438,13.602,297.26,1,0,49.4812,36.1187,0,,,
09/04/2025,20:00:00,12.6346,3.9809,4.0479,1.6756,1.6807,28.4125,5.333,282.92,1,0,49.9062,36.1375,0,,,
09/04/2025,20:30:00,12.7076,3.9722,4.0518,1.6872,1.6955,30.5125,0.859,281.24,1,0,42.2375,36.1437,0,,,
09/04/2025,21:00:00,12.6915,3.8667,3.9337,1.6671,1.6614,28.3312,0.841,277.76,1,1,44.9562,36.05,0,,,
09/04/2025,21:30:00,12.6626,3.8904,3.9556,1.6231,1.6295,29.3687,0.895,277.58,1,1,47.45,36.0687,0,,,
09/04/2025,22:00:00,12.6032,3.9674,4.0256,1.7034,1.6966,29.1312,0.873,267.7,1,1,48.8,36.05,0,,,
09/04/2025,22:30:00,12.7452,4.0059,4.068,1.7695,1.7706,29.2938,0.867,273.58,1,1,49.475,36.0187,0,,,
09/04/2025,23:00:00,12.6996,3.9529,4.0234,1.6524,1.6623,27.775,0.661,268,1,1,42.025,36.0938,0,,,
09/04/2025,23:30:00,12.5469,3.8466,3.9136,1.6133,1.6124,29.4625,3.298,275.46,1,0,46.625,36,0,,,
10/04/2025,00:00:00,12.9063,3.9551,4.0203,1.7176,1.7209,28.2938,3.074,278.68,1,0,48.8438,36.0312,0,,,
10/04/2025,00:30:00,12.876,3.9039,3.9682,1.6437,1.6264,28.3875,0.844,274.62,1,0,49.8562,36.0438,0,,,
10/04/2025,01:00:00,13.0003,3.7841,3.8514,1.5901,1.5945,29.9188,0.753,284.68,1,0,43.7188,35.9,0,,,
10/04/2025,01:30:00,13.0346,3.9836,4.0509,1.6936,1.7014,29.3687,0.672,272.42,1,0,47.925,36.0062,0,,,
10/04/2025,02:00:00,13.0541,3.9735,4.0378,1.6426,1.6328,29.4125,14.394,286.58,1,1,49.7312,35.9125,0,,,
10/04/2025,02:30:00,12.9538,3.9814,4.0457,1.6656,1.6489,29.3937,3.434,273,1,1,44.4062,36,0,,,
10/04/2025,03:00:00,13.0647,3.956,4.0243,1.694,1.6909,28.2875,3.576,271.3,1,1,48.1,35.9375,0,,,
10/04/2025,03:30:00,13.041,3.9678,4.0334,1.6772,1.6853,28.3,5.291,273.64,1,1,49.4375,35.9562,0,,,
10/04/2025,04:00:00,13.0668,3.9542,4.019,1.6828,1.6752,29.9125,5.273,279.48,1,0,41.825,35.925,0,,,
10/04/2025,04:30:00,13.0561,4.0116,4.0754,1.717,1.7194,28.525,14.32,284.2,1,0,47.2812,35.9375,0,,,
10/04/2025,05:00:00,13.0762,4.0999,4.1682,1.7859,1.79,30.8875,20.145,284.26,1,0,49.7875,35.9437,0,,,
10/04/2025,05:30:00,13.0171,3.9949,4.0641,1.7014,1.7089,29.4562,0.964,278.6,1,0,45.0562,35.9625,0,,,
10/04/2025,06:00:00,13.0661,3.9315,3.9971,1.6798,1.6778,29.45,0.872,269.14,1,0,48.7875,36.0812,0,,,
10/04/2025,06:30:00,13.1317,3.9232,3.9976,1.6459,1.6478,29.3563,0.793,267.02,1,1,42.3562,36.1562,0,,,
10/04/2025,07:00:00,13.0527,4.0378,4.1048,1.715,1.7073,28.3125,0.671,255.42,1,1,47.5,36.3062,0,,,
10/04/2025,07:30:00,13.1916,4.0829,4.1481,1.7281,1.7305,29.9562,0.828,255.7,1,1,50.0187,36.325,0,,,
10/04/2025,08:00:00,13.0783,4.1148,4.1826,1.7097,1.6947,29.4062,0.933,261.32,1,1,45.175,36.425,0,,,
10/04/2025,08:30:00,13.0293,3.9923,4.068,1.6426,1.6288,29.1063,0.828,268.42,1,1,48.15,36.4312,0,,,
10/04/2025,09:00:00,13.1159,3.9696,4.0413,1.6581,1.6518,28.3312,2.895,282.8,1,0,49.0062,36.45,0,,,
10/04/2025,09:30:00,13.0975,4.0452,4.1161,1.7108,1.7115,28.3062,3.142,283.62,1,0,49.3937,36.2938,0,,,
10/04/2025,10:00:00,13.1253,3.9726,4.0457,1.6568,1.6513,29.4188,3.783,281.64,1,0,49.475,36.3062,0,,,
10/04/2025,10:30:00,13.0403,3.8899,3.9599,1.619,1.6058,29.3312,0.785,276.1,1,0,49.4437,36.225,0,,,
10/04/2025,11:00:00,11.9185,2.5753,2.6024,1.1257,1.1156,28.9937,0.825,282.38,1,0,49.2625,36.1625,0,,,
10/04/2025,11:30:00,11.9219,2.444,2.4711,1.0174,1.0165,29.4125,0.717,296.38,1,1,48.625,36.0375,0,,,
10/04/2025,12:00:00,11.9166,2.2987,2.3285,1.0069,1.0019,29.4125,0.74,298.48,1,1,48.1187,36.0312,0,,,
10/04/2025,12:30:00,11.7682,1.8302,1.8656,0.9553,0.9594,29.4625,0.775,286.44,1,1,47.5625,35.8687,17.0375,,,
10/04/2025,13:00:00,13.0858,4.1481,4.229,1.7222,1.7229,28.3062,0.806,279.08,1,1,47.1375,35.9188,0,,,
10/04/2025,13:30:00,13.0267,4.2504,4.3327,1.8598,1.8587,29.4062,2.235,272.3,1,1,46.7875,35.7938,0,,,
10/04/2025,14:00:00,13.0118,4.3003,4.3747,1.8937,1.8959,29.925,2.99,273.8,1,0,46.7188,35.825,0,,,
10/04/2025,14:30:00,12.9784,4.3051,4.3904,1.883,1.8675,28.3625,2.948,275.84,1,0,46.5187,35.8187,0,,,
10/04/2025,15:00:00,12.9979,4.2898,4.3751,1.8493,1.8489,29.4625,3.035,276.08,1,0,46.4375,35.7437,0,,,
10/04/2025,15:30:00,12.8982,4.3484,4.4403,1.892,1.8834,29.2,5.928,280.34,1,0,46.4187,35.7625,0,,,
10/04/2025,16:00:00,12.9399,4.3541,4.4412,1.8749,1.8714,29.35,0.805,279.56,1,0,46.0938,35.75,0,,,
10/04/2025,16:30:00,12.9471,4.3414,4.4338,1.8228,1.8292,27.8062,0.863,287.98,1,1,45.7062,35.6937,0,,,
10/04/2025,17:00:00,12.821,4.1979,4.2854,1.7944,1.7859,29.3312,0.9,282,1,1,45.5312,35.725,0,,,
10/04/2025,17:30:00,12.9248,4.3874,4.4714,1.8902,1.8819,29.3563,0.792,281.16,1,1,45.7,35.8062,0,,,
10/04/2025,18:00:00,12.8997,4.2776,4.3598,1.8281,1.8224,28.9,0.6,268.7,1,1,46.175,35.8625,0,,,
10/04/2025,18:30:00,12.841,4.2548,4.3379,1.8712,1.8672,27.9188,2.936,275.62,1,0,46.9437,36,0,,,
10/04/2025,19:00:00,12.9121,4.2207,4.2972,1.8565,1.8697,28.4125,3.208,276.44,1,0,47.6875,36.1437,0,,,
10/04/2025,19:30:00,12.8306,4.1756,4.2513,1.7703,1.7815,29.9437,3.107,277.14,1,0,48.3875,36.2437,0,,,
10/04/2025,20:00:00,12.8682,4.2028,4.2797,1.8587,1.8657,29.4125,0.815,269.3,1,0,49.2875,36.3875,0,,,
10/04/2025,20:30:00,12.8132,4.2679,4.3476,1.8436,1.8568,28.3375,1.154,280.78,1,0,42.85,36.6125,0,,,
10/04/2025,21:00:00,12.7881,4.2211,4.2955,1.8086,1.7938,29.1562,0.68,279.4,1,1,47.675,36.75,0,,,
10/04/2025,21:30:00,12.8727,4.0877,4.1603,1.7609,1.7454,29.9188,0.66,269.4,1,1,50.1125,36.7875,0,,,
10/04/2025,22:00:00,12.9087,4.1551,4.2264,1.7421,1.7441,29.4625,3.814,271.02,1,1,45.9937,36.9875,0,,,
10/04/2025,22:30:00,12.9798,4.1796,4.2583,1.8231,1.8121,28.2938,2.304,272.92,1,1,49.025,37.0187,0,,,
10/04/2025,23:00:00,12.947,4.138,4.2124,1.8053,1.7981,27.8062,3.304,278.98,1,1,42.225,37.0375,0,,,
10/04/2025,23:30:00,12.9426,4.1835,4.2548,1.8261,1.8298,28.9062,14.698,282.14,1,0,45.7625,36.8625,0,,,
11/04/2025,00:00:00,13.1349,4.0938,4.1651,1.8008,1.7868,29.35,2.896,283.32,1,0,48.8062,36.8125,0,,,
11/04/2025,00:30:00,13.1102,4.0597,4.1367,1.7603,1.7531,29.5375,0.279,276.8,1,0,44.0312,36.8375,0,,,
11/04/2025,01:00:00,12.5543,3.4704,3.5321,1.4591,1.4665,29.3625,0.685,289.92,1,0,45.6875,36.7687,0,,,
11/04/2025,01:30:00,13.1257,4.0387,4.1078,1.7415,1.7472,28.8563,0.75,274.36,1,0,49.0062,36.775,0,,,
11/04/2025,02:00:00,13.1152,4.0544,4.1179,1.7579,1.755,28.3687,0.809,263.78,1,1,42.1812,36.7313,0,,,
11/04/2025,02:30:00,13.1558,4.0684,4.1415,1.7349,1.7301,29.8,0.823,261.48,1,1,48.1875,36.7437,0,,,
11/04/2025,03:00:00,13.0776,4.0579,4.1284,1.7205,1.7189,29.9188,0.763,259.96,1,1,42.8562,36.8125,0,,,
11/04/2025,03:30:00,13.1501,4.0859,4.1507,1.787,1.771,29.4375,0.697,258.54,1,1,47.8687,36.9688,0,,,
11/04/2025,04:00:00,12.9786,3.9634,4.0312,1.6634,1.6594,29.9625,3.204,270.52,1,0,42.8562,37.025,0,,,
11/04/2025,04:30:00,13.0944,4.187,4.2609,1.7948,1.8023,28.4125,2.95,283.12,1,0,48.55,37.2687,0,,,
11/04/2025,05:00:00,12.9555,4.1498,4.2238,1.7992,1.7951,29.3563,3.051,287.34,1,0,43.5437,37.4,0,,,
11/04/2025,05:30:00,12.934,4.2233,4.2933,1.8657,1.8557,30.575,0.907,285.22,1,0,48.9062,37.5812,0,,,
11/04/2025,06:00:00,12.7531,4.2329,4.3047,1.8382,1.8441,28.3312,0.525,280,1,0,44.5187,37.6812,0,,,
11/04/2025,06:30:00,11.7643,2.6343,2.6702,1.2119,1.2121,29.3125,0.751,286.98,1,1,49.7937,37.8187,0,,,
11/04/2025,07:00:00,11.8855,2.3814,2.4134,1.1657,1.1515,28.5125,0.768,294,1,1,45.9688,37.8687,0.8312,,,
11/04/2025,07:30:00,11.8357,2.4344,2.4654,1.0668,1.0712,29.7375,0.771,290.6,1,1,49.6687,38.0625,0,,,
11/04/2025,08:00:00,11.791,2.4501,2.4786,1.0703,1.0797,29.3,0.86,280.46,1,1,44.75,38.075,0,,,
11/04/2025,08:30:00,12.904,4.2662,4.3629,1.7542,1.7443,27.7437,18.303,278.14,1,1,48.5625,38.1312,0,,,
11/04/2025,09:00:00,13.0211,4.0614,4.1284,1.7483,1.7399,28.5375,2.954,281.2,1,0,47.5938,38.05,0,,,
11/04/2025,09:30:00,12.9392,4.04,4.1131,1.6914,1.6894,28.9062,2.923,278.46,1,0,45.325,38.0438,0,,,
11/04/2025,10:00:00,11.8887,2.5249,2.5643,1.1121,1.1167,29.75,0.744,293.98,1,0,47.5187,37.9437,0,,,
11/04/2025,10:30:00,11.8553,1.3266,1.3529,0.7748,0.7836,29.45,0.698,289.04,1,0,48.2312,37.8,35.5,,,
11/04/2025,11:00:00,11.74,1.7348,1.7659,1.1042,1.1082,29.4688,0.859,270.56,1,0,48.2937,37.7625,0,,,
11/04/2025,11:30:00,11.8338,1.7611,1.793,1.1432,1.1414,29.3687,0.795,264.92,1,1,48.3125,37.6812,2.3813,,,
11/04/2025,12:00:00,11.8236,1.7777,1.8052,1.1554,1.1495,28.3375,0.773,262.58,1,1,48.0125,37.5562,8.575,,,
11/04/2025,12:30:00,11.6791,1.7904,1.8175,1.1506,1.1546,28.8875,0.734,262.98,1,1,48.0062,37.5,10.5687,,,
11/04/2025,13:00:00,11.8279,1.8962,1.9264,1.2453,1.2515,30.4062,0.772,263.6,1,1,47.7687,37.3438,20.1812,,,
11/04/2025,13:30:00,13.178,4.3637,4.4587,1.9351,1.9235,29.4125,19.124,282.76,1,1,47.2875,37.3563,0,,,
11/04/2025,14:00:00,12.9684,4.2675,4.3524,1.8187,1.8182,29.1688,11.895,283.8,1,0,47.2312,37.3,0,,,
11/04/2025,14:30:00,12.4152,3.3011,3.3518,1.3978,1.3794,27.7875,6.012,290.6,1,0,47.475,37.2125,0,,,
11/04/2025,15:00:00,12.3299,3.298,3.3483,1.4302,1.4343,29.9312,0.903,288.64,1,0,47.9187,37.2875,0,,,
11/04/2025,15:30:00,12.2848,3.2634,3.3151,1.3814,1.3915,28.5312,0.714,286.4,1,0,48.5812,37.3687,0,,,
11/04/2025,16:00:00,13.172,4.2128,4.2885,1.8296,1.8364,29.5187,0.8,285.06,1,1,49.1562,37.4813,0,,,
11/04/2025,16:30:00,13.1204,4.1459,4.2211,1.7826,1.7898,28.9,5.117,276.3,1,1,49.7437,37.5312,0,,,
11/04/2025,17:00:00,13.1116,4.0426,4.1061,1.6874,1.6883,29.3625,0.812,272.42,1,1,43.65,37.5562,0,,,
11/04/2025,17:30:00,11.8662,2.4921,2.5284,1.1167,1.1176,29.9813,0.77,291.18,1,1,47.4812,37.5625,0,,,
11/04/2025,18:00:00,12.1702,2.8224,2.8579,1.199,1.204,28.95,0.668,276.68,1,1,49.4562,37.6937,0,,,
11/04/2025,18:30:00,13.2683,4.1568,4.2303,1.8025,1.8073,29.4062,2.984,277.18,1,0,43.025,37.6937,0,,,
11/04/2025,19:00:00,12.0475,2.8356,2.878,1.2628,1.2499,29.3687,2.726,291.98,1,0,47.4937,37.7875,0,,,
11/04/2025,19:30:00,11.9791,2.4125,2.4453,1.0662,1.0686,29.975,2.812,298.02,1,0,49.275,37.85,0,,,
11/04/2025,20:00:00,13.0942,3.7823,3.8444,1.5564,1.5547,28.4062,0.788,284.68,1,0,42.6,37.8812,0,,,
11/04/2025,20:30:00,13.0403,3.8917,3.9652,1.6131,1.638,28.3375,0.661,268.42,1,0,47.4062,38.0312,0,,,
11/04/2025,21:00:00,13.1381,4.1463,4.2168,1.7948,1.799,27.4813,0.759,264.42,1,1,49.6687,38.0625,0,,,
11/04/2025,21:30:00,13.1375,4.1065,4.1726,1.7929,1.7981,28.2938,0.79,257.72,1,1,44.9187,38.2062,0,,,
11/04/2025,22:00:00,13.0421,4.0413,4.1104,1.6774,1.6831,28.9188,0.556,259.48,1,1,49.2,38.3125,0,,,
11/04/2025,22:30:00,12.5217,3.6476,3.7009,1.5308,1.521,28.375,2.558,264,1,1,44.2437,38.475,0,,,
11/04/2025,23:00:00,11.9654,2.4711,2.5017,1.1235,1.1067,29.4688,3.653,285.58,1,1,49.05,38.5187,0,,,
11/04/2025,23:30:00,11.851,2.2349,2.2589,0.9503,0.9459,28.525,5.41,295.1,1,0,44.3562,38.675,0,,,
12/04/2025,00:00:00,11.6987,2.3232,2.3521,1.0491,1.0447,28.3687,2.844,301.94,1,0,48.6687,38.8375,0,,,
12/04/2025,00:30:00,11.8622,2.2948,2.3189,1.0515,1.0465,28.5,0.689,300.34,1,0,43.0312,38.8375,0,,,
12/04/2025,01:00:00,12.8402,3.9884,4.0632,1.673,1.6647,29.3937,0.672,288.44,1,0,48.2937,38.9562,0,,,
12/04/2025,01:30:00,11.9793,3.123,3.1681,1.3783,1.3838,29.925,0.802,282.98,1,0,43.45,39.0812,0,,,
12/04/2025,02:00:00,12.0863,3.1545,3.1947,1.3845,1.3842,28.6375,0.816,291.64,1,1,48.8125,39.1125,0,,,
12/04/2025,02:30:00,12,3.1169,3.1602,1.3893,1.3919,28.2875,1.017,288.68,1,1,44.3125,39.2188,0,,,
12/04/2025,03:00:00,11.9998,3.081,3.1164,1.3009,1.3103,29.8563,0.641,274.98,1,1,49.725,39.275,0,,,
12/04/2025,03:30:00,11.9723,3.0897,3.1256,1.3409,1.3418,28.8,0.841,266.86,1,1,45.6812,39.2188,0,,,
12/04/2025,04:00:00,12.4651,3.9346,3.9932,1.7548,1.7489,28.9062,19.8,282.3,1,0,49.6937,39.35,0,,,
12/04/2025,04:30:00,12.6997,4.2811,4.3686,1.8622,1.8686,29.0062,2.964,277.62,1,0,44.5812,39.3687,0,,,
12/04/2025,05:00:00,12.6017,4.2347,4.3178,1.857,1.8559,28.8,2.95,275.34,1,0,49.225,39.1875,0,,,
12/04/2025,05:30:00,12.7761,4.1944,4.2688,1.8058,1.8226,29.9813,0.69,267.7,1,0,44.7625,39.2125,0,,,
12/04/2025,06:00:00,12.8325,4.1424,4.222,1.8242,1.8252,29.925,0.633,265.06,1,0,49.7312,39.25,0,,,
12/04/2025,06:30:00,12.8719,4.2106,4.2828,1.8373,1.8366,28.7062,8.991,270.54,1,1,46.2812,39.275,0,,,
12/04/2025,07:00:00,12.6146,3.984,4.0448,1.7356,1.748,29.8937,15.255,276.14,1,1,44.525,39.2375,0,,,
12/04/2025,07:30:00,12.1396,3.0871,3.1366,1.2782,1.2768,29.4688,5.557,286.42,1,1,47.4812,39.3375,0,,,
12/04/2025,08:00:00,12.1353,3.0797,3.1278,1.2803,1.2845,28.35,5.98,288.62,1,1,43.1437,39.3812,0,,,
12/04/2025,08:30:00,11.9103,2.5424,2.5809,1.0658,1.076,29.75,5.873,292.02,1,1,47.2312,39.3062,0,,,
12/04/2025,09:00:00,11.7642,1.5217,1.5532,0.8573,0.8463,29.4188,2.993,287.42,1,0,49.6187,39.075,30.0938,,,
12/04/2025,09:30:00,11.8767,2.3272,2.3578,1.0159,1.0209,29.8438,2.808,298.38,1,0,42.5,38.9188,0,,,
12/04/2025,10:00:00,12.0209,2.5297,2.5713,1.0502,1.0561,28.8438,0.851,299.28,1,0,46.475,38.8062,0,,,
12/04/2025,10:30:00,11.7265,1.5589,1.5826,0.957,0.9649,29.3812,0.829,278.6,1,0,47.9437,38.625,16.1812,,,
12/04/2025,11:00:00,11.8962,1.8976,1.9282,1.2484,1.2539,29.75,0.838,269.3,1,0,48.525,38.3937,8.6687,,,
12/04/2025,11:30:00,11.8161,1.8752,1.9019,1.2355,1.2469,28.9125,0.795,265.52,1,1,48.85,38.2687,17.8375,,,
12/04/2025,12:00:00,11.7208,1.891,1.9181,1.2399,1.2438,29.4375,0.819,265.44,1,1,48.9187,38.1312,23.3438,,,
12/04/2025,12:30:00,11.8863,1.9684,1.9951,1.3348,1.3313,29.9312,0.794,266.38,1,1,48.675,37.9813,25.65,,,
12/04/2025,13:00:00,11.862,2.2935,2.3189,1.0364,1.0218,29.7562,17.306,296.12,1,1,48.2312,37.9437,7.1812,,,
12/04/2025,13:30:00,12.4982,3.4091,3.4673,1.444,1.4405,29.1187,6.825,289.44,1,1,47.6,37.7562,0,,,
12/04/2025,14:00:00,13.0694,4.3305,4.4127,1.8896,1.9086,29.4188,5.617,284.44,1,0,46.9062,37.6937,0,,,
12/04/2025,14:30:00,13.0652,4.0846,4.1581,1.7432,1.7364,29.9375,2.709,284.26,1,0,46.4312,37.5312,0,,,
12/04/2025,15:00:00,12.1465,2.9047,2.9563,1.2265,1.2263,28.2437,0.685,288.94,1,0,46.4062,37.5187,0,,,
12/04/2025,15:30:00,12.1298,3.0451,3.0897,1.2421,1.2342,29.9188,0.731,295.02,1,0,46.7687,37.425,0,,,
12/04/2025,16:00:00,12.2384,3.0827,3.1186,1.3473,1.3372,30.5438,11.883,283.68,1,1,47.1875,37.4,0,,,
12/04/2025,16:30:00,12.206,3.0044,3.0447,1.3092,1.3142,29.9562,18.012,288.76,1,1,47.5312,37.4312,0,,,
12/04/2025,17:00:00,12.1144,3.0219,3.0604,1.2924,1.2725,29.45,0.62,283.12,1,1,48.0687,37.4937,0,,,
12/04/2025,17:30:00,12.0677,2.9882,3.0237,1.293,1.2852,29.7188,0.801,271.68,1,1,48.3062,37.475,0,,,
12/04/2025,18:00:00,12.2404,3.0771,3.1125,1.3606,1.3628,29.475,0.784,264.28,1,1,48.375,37.5812,0,,,
12/04/2025,18:30:00,12.1287,3.0705,3.1086,1.2998,1.2989,29.8375,3.188,280.06,1,0,48.2937,37.5938,0,,,
12/04/2025,19:00:00,12.7994,4.18,4.2649,1.8528,1.848,28.2313,3.013,284.58,1,0,48.25,37.525,0,,,
12/04/2025,19:30:00,12.8676,4.1664,4.2325,1.8121,1.8244,29.4188,3.006,278.18,1,0,48.6312,37.625,0,,,
12/04/2025,20:00:00,12.8258,4.1231,4.194,1.8263,1.8147,29.9688,0.749,274.98,1,0,48.8687,37.6688,0,,,
12/04/2025,20:30:00,12.8849,4.1441,4.2229,1.8018,1.7964,28.8563,0.91,273.2,1,0,49.15,37.6937,0,,,
12/04/2025,21:00:00,13.0106,4.2531,4.3288,1.9009,1.8907,29.3937,2.193,272.24,1,1,49.55,37.7313,0,,,
12/04/2025,21:30:00,12.8443,4.1949,4.2684,1.8456,1.8379,29.9375,0.861,279.68,1,1,48.65,37.6812,0,,,
12/04/2025,22:00:00,13.0561,4.3152,4.3874,1.9084,1.9082,27.825,0.873,268.42,1,1,45.9875,37.8,0,,,
12/04/2025,22:30:00,12.882,4.2054,4.2776,1.8134,1.8145,30.5312,0.592,280,1,1,49.1312,37.9312,0,,,
12/04/2025,23:00:00,13.0392,4.1004,4.1704,1.7675,1.7721,28.3312,0.938,266.96,1,1,44.0687,38.1375,0,,,
12/04/2025,23:30:00,12.9255,4.1747,4.2469,1.7983,1.8053,28.2875,2.986,286.88,1,0,48.7,38.2313,0,,,
13/04/2025,00:00:00,12.8451,4.0759,4.1476,1.7402,1.743,27.6688,2.788,286.54,1,0,42.0562,38.3125,0,,,
13/04/2025,00:30:00,12.8635,4.0514,4.1253,1.7542,1.7509,28.325,0.938,275.34,1,0,47.7562,38.3,0,,,
13/04/2025,01:00:00,12.8878,4.1188,4.1861,1.7977,1.792,29.4,0.793,267.22,1,0,45.8625,38.3,0,,,
13/04/2025,01:30:00,12.869,4.1647,4.2378,1.8242,1.8187,27.6812,14.806,267.1,1,0,46.6875,38.2875,0,,,
13/04/2025,02:00:00,12.8644,4.1227,4.1909,1.8121,1.7977,29,3.654,280.96,1,1,49.5375,38.3312,0,,,
13/04/2025,02:30:00,12.8799,4.1796,4.2487,1.8012,1.7973,29.375,8.795,277.64,1,1,43.8062,38.1875,0,,,
13/04/2025,03:00:00,12.9702,4.1769,4.2465,1.8371,1.8436,28.8375,6.068,279.52,1,1,48.0938,38.05,0,,,
13/04/2025,03:30:00,12.9073,4.2041,4.2828,1.8476,1.8526,27.7437,5.438,280.72,1,1,49.8875,37.95,0,,,
13/04/2025,04:00:00,12.9931,4.3196,4.3944,1.923,1.9149,28.6875,20.199,283.8,1,0,44.375,37.7562,0,,,
13/04/2025,04:30:00,12.8079,4.1411,4.2203,1.7907,1.7957,28.3375,12,286.5,1,0,48.3937,37.7062,0,,,
13/04/2025,05:00:00,12.9236,4.0557,4.1279,1.7999,1.7907,29.975,2.89,281.26,1,0,44.7562,37.6437,0,,,
13/04/2025,05:30:00,12.8403,3.9893,4.0571,1.7294,1.7209,28.2812,0.856,273.52,1,0,46.85,37.5812,0,,,
13/04/2025,06:00:00,12.7953,4.0286,4.0951,1.7305,1.7242,29.2938,0.817,267.2,1,0,50.1312,37.5875,0,,,
13/04/2025,06:30:00,12.8667,4.1857,4.2544,1.839,1.8353,29.2313,0.941,282.04,1,1,47.0187,37.575,0,,,
13/04/2025,07:00:00,11.7707,2.4589,2.4777,1.0668,1.0633,30.0438,16.581,289.56,1,1,47.225,37.7313,0,,,
13/04/2025,07:30:00,11.872,2.5394,2.5805,1.1469,1.1548,28.8875,19.841,300.22,1,1,47.4875,37.7313,0,,,
13/04/2025,08:00:00,11.7519,1.7759,1.8,0.8483,0.8463,28.9813,0.764,285.88,1,1,44.875,37.7437,19.225,,,
13/04/2025,08:30:00,11.7953,1.8052,1.835,1.2029,1.1963,28.2938,0.791,269.3,1,1,46.5875,37.6625,0,,,
13/04/2025,09:00:00,11.8328,2.0524,2.0813,1.4158,1.4182,28.9125,2.982,284.68,1,0,49.0938,37.5375,0,,,
13/04/2025,09:30:00,11.8078,1.9929,2.0275,1.3457,1.3538,29.2938,3.153,288.36,1,0,42.5062,37.4312,5.1812,,,
13/04/2025,10:00:00,11.7344,1.9859,2.0131,1.3425,1.3519,30.55,0.794,290.4,1,0,46.5938,37.3375,9.9375,,,
13/04/2025,10:30:00,11.7427,2.0231,2.0555,1.3926,1.3919,28.3125,0.839,279.58,1,0,48.4375,37.1937,7.675,,,
13/04/2025,11:00:00,11.8499,1.8682,1.8997,1.2486,1.2436,28.8937,0.774,275.42,1,0,48.9187,37.05,4.8813,,,
13/04/2025,11:30:00,11.7852,1.9383,1.9711,1.3254,1.3156,29.3625,0.763,273.5,1,1,48.825,36.8125,3.9375,,,
13/04/2025,12:00:00,11.8176,1.9142,1.9431,1.3263,1.3309,29.2938,0.752,271.76,1,1,48.5625,36.725,12.9688,,,
13/04/2025,12:30:00,11.8678,1.8617,1.8862,1.2703,1.281,29.1187,17.785,289.24,1,1,48.1812,36.6688,16.6437,,,
13/04/2025,13:00:00,11.6744,1.8149,1.8481,1.2211,1.2123,30.4188,0.814,282.24,1,1,47.8562,36.4375,12.3812,,,
13/04/2025,13:30:00,11.7424,1.8849,1.9146,1.2801,1.2922,29.45,2.357,281.48,1,1,47.2812,36.2188,11.1375,,,
13/04/2025,14:00:00,11.8875,1.8661,1.8976,1.2777,1.2928,29.7188,3.158,286.92,1,0,46.8375,36.075,10.6062,,,
13/04/2025,14:30:00,11.8432,1.8792,1.9081,1.2698,1.2773,28.4125,2.967,287.12,1,0,46.4187,35.7812,8.8,,,
13/04/2025,15:00:00,11.688,2.0275,2.0573,1.3781,1.3818,30.2375,0.733,278.84,1,0,46.6187,35.7812,5.6125,,,
13/04/2025,15:30:00,11.9046,2.0734,2.1027,1.4389,1.4396,28.3375,0.777,271.28,1,0,46.6562,35.575,5.3125,,,
13/04/2025,16:00:00,11.831,1.9229,1.954,1.3083,1.3086,28.3875,0.719,280.28,1,1,46.9437,35.45,1.6125,,,
13/04/2025,16:30:00,12.1901,3.2385,3.2862,1.5105,1.5076,28.9625,5.429,240.88,1,1,47.125,35.4,0,,,
13/04/2025,17:00:00,12.9475,4.1048,4.1638,1.8412,1.8314,28.2812,18.99,229,1,1,47.5187,35.3937,0,,,
13/04/2025,17:30:00,12.8268,4.0929,4.1603,1.7988,1.8016,28.3125,5.561,265.26,1,1,48.0187,35.1312,0,,,
13/04/2025,18:00:00,12.6878,3.9267,3.9888,1.7093,1.7187,29.9188,20.258,280.2,1,1,48.4375,34.9375,0,,,
13/04/2025,18:30:00,12.8867,3.8597,3.921,1.6382,1.6408,29.625,14.316,286.12,1,0,48.3312,34.9125,0,,,
13/04/2025,19:00:00,12.7363,3.7937,3.8545,1.6037,1.6089,28.5375,3.261,288.94,1,0,48.25,34.775,0,,,
13/04/2025,19:30:00,12.7111,4.0907,4.1594,1.8115,1.815,28.975,2.893,285.18,1,0,48.325,34.6437,0,,,
13/04/2025,20:00:00,12.8819,4.1402,4.2045,1.8401,1.8447,29.4188,0.822,285.56,1,0,48.1937,34.5562,0,,,
13/04/2025,20:30:00,12.8382,4.0579,4.1275,1.8056,1.799,30.55,0.911,272.3,1,0,47.85,34.3812,0,,,
13/04/2025,21:00:00,12.9035,4.0536,4.1288,1.7756,1.7929,30.5562,0.188,265.06,1,1,47.7875,34.2062,0,,,
13/04/2025,21:30:00,12.8392,4.1153,4.1796,1.8817,1.867,29.525,0.962,263.06,1,1,47.6062,34.0438,0,,,
13/04/2025,22:00:00,12.9615,4.1192,4.1852,1.8594,1.8537,29.5687,2.876,265.44,1,1,48.0687,33.95,0,,,
13/04/2025,22:30:00,12.88,4.0474,4.1196,1.776,1.7666,30.375,0.831,276.04,1,1,48.7375,33.975,0,,,
13/04/2025,23:00:00,12.8767,4.0785,4.1564,1.7703,1.7568,29.4062,0.947,276.76,1,1,49.4875,33.85,0,,,
13/04/2025,23:30:00,11.8781,2.4602,2.4987,1.127,1.1189,28.4125,3.1,292.96,1,0,42.5187,33.8375,0,,,
14/04/2025,00:00:00,11.7729,2.2502,2.2834,1.0286,1.0262,29.3812,2.93,298.78,1,0,47.3812,33.9,0,,,
14/04/2025,00:30:00,11.664,1.8026,1.8284,1.1058,1.1042,29.2938,0.713,272,1,0,49.825,33.9188,18.0562,,,
14/04/2025,01:00:00,11.9576,1.9216,1.9435,1.1366,1.1384,29.9437,0.766,269.94,1,0,44.7687,33.9625,32.2437,,,
14/04/2025,01:30:00,11.7838,1.7737,1.7908,0.9459,0.938,28.8125,0.942,271.76,1,0,48.1562,33.9562,38.65,,,
14/04/2025,02:00:00,11.7197,1.7501,1.7707,0.9415,0.9476,29.9188,0.724,274.34,1,1,49.4375,33.9312,40.7625,,,
14/04/2025,02:30:00,11.8955,1.7711,1.7856,0.9931,0.9929,30.55,0.796,276.52,1,1,50,33.9062,41.6125,,,
14/04/2025,03:00:00,11.8198,1.7024,1.7239,0.9113,0.8967,29.4125,0.974,278,1,1,44.3687,33.85,40.8062,,,
14/04/2025,03:30:00,11.7556,1.7663,1.786,0.943,0.9312,30.5312,0.623,279.28,1,1,47.6875,33.8187,40.4437,,,
14/04/2025,04:00:00,11.8263,1.807,1.8271,0.98,0.9852,29.9312,3.137,299.76,1,0,49.0562,33.8625,40.525,,,
14/04/2025,04:30:00,11.8084,1.7996,1.8214,0.9636,0.9627,28.8875,2.901,318.34,1,0,49.6062,33.7625,36.5687,,,
14/04/2025,05:00:00,11.7854,1.7707,1.7882,0.9605,0.9636,29.8563,2.905,313.74,1,0,49.7937,33.7625,35.3875,,,
14/04/2025,05:30:00,11.8742,1.7829,1.8044,0.9376,0.9378,29.725,0.87,301.3,1,0,41.7188,33.6625,35.4562,,,
14/04/2025,06:00:00,11.8316,1.8757,1.9059,0.9045,0.9087,29.9,0.805,291.5,1,0,45.7562,33.7062,28.575,,,
14/04/2025,06:30:00,11.633,1.7471,1.7654,0.8997,0.8956,29.3062,5.709,303.6,1,1,47.875,33.7625,34.7188,,,
14/04/2025,07:00:00,11.8869,1.9247,1.9518,1.0465,1.0288,29.2313,17.424,313.1,1,1,48.9187,33.725,28.7375,,,
14/04/2025,07:30:00,11.819,1.8971,1.9225,1.0242,1.0141,30.5875,5.757,313.52,1,1,49.5312,33.65,28.0938,,,
14/04/2025,08:00:00,11.7998,1.8403,1.863,0.9844,0.9868,29.3062,9.007,315.54,1,1,49.8375,33.6125,30.9062,,,
14/04/2025,08:30:00,11.8035,1.8179,1.8429,0.9063,0.9124,29.3812,0.73,312.92,1,1,42.4,33.6,30.2938,,,
14/04/2025,09:00:00,11.8188,1.7361,1.758,0.8921,0.8914,29.8438,2.962,314.38,1,0,46.15,33.5562,29.2062,,,
14/04/2025,09:30:00,11.7848,1.793,1.8179,0.9492,0.9468,28.7938,2.95,312.62,1,0,47.9562,33.5312,27.2562,,,
14/04/2025,10:00:00,11.7867,2.1334,2.1693,1.1821,1.185,27.7188,0.691,297.36,1,0,48.8062,33.4813,16.4375,,,
14/04/2025,10:30:00,11.7866,1.8201,1.8429,0.95,0.9557,29.4,0.736,289.44,1,0,49.45,33.5187,24.175,,,
14/04/2025,11:00:00,11.7814,1.7842,1.8048,0.9345,0.9323,29.3625,0.661,286.06,1,0,49.7812,33.5875,18.6812,,,
14/04/2025,11:30:00,11.8518,2.0879,2.1181,1.3908,1.395,29.9688,16.55,272.2,1,1,43.9437,33.7562,12.4562,,,
14/04/2025,12:00:00,11.8099,1.891,1.9186,1.0288,1.0308,29.9688,0.821,262.7,1,1,47.7875,33.65,16.65,,,
14/04/2025,12:30:00,11.7696,1.891,1.9186,0.9677,0.9715,29.925,0.743,267.28,1,1,48.9875,33.7938,12.0812,,,
14/04/2025,13:00:00,11.7435,1.9304,1.9645,1.0332,1.031,29.9125,0.901,271.64,1,1,48.9312,33.7437,10.7312,,,
14/04/2025,13:30:00,11.8724,1.9571,1.9789,1.0509,1.0535,27.8438,2.259,307.96,1,1,48.4688,33.7125,5.9,,,
14/04/2025,14:00:00,11.8116,1.9855,2.0209,1.0384,1.0408,29.1625,2.935,310.46,1,0,47.85,33.6688,6.5063,,,
14/04/2025,14:30:00,11.7024,1.9746,2.0113,1.0592,1.0651,29.975,2.928,311.08,1,0,47.15,33.7375,9.9375,,,
14/04/2025,15:00:00,11.8458,2.0161,2.0489,1.0896,1.0861,29.9625,0.737,301.66,1,0,46.5875,33.65,10.7625,,,
14/04/2025,15:30:00,11.8802,1.9829,2.0122,1.073,1.0708,29.85,0.683,291.76,1,0,45.85,33.6875,14.3125,,,
14/04/2025,16:00:00,11.7109,2.0047,2.0341,1.0874,1.078,29.0125,0.854,286.4,1,1,45.3687,33.525,16.6062,,,
14/04/2025,16:30:00,12.7192,3.8755,3.9341,1.7703,1.7736,30.1,0.734,306.02,1,1,44.9875,33.4125,0,,,
14/04/2025,17:00:00,12.4344,3.4319,3.4909,1.5212,1.5162,30.4312,0.813,294.42,1,1,44.9187,33.3937,0,,,
14/04/2025,17:30:00,11.8805,2.5254,2.5634,1.1478,1.1449,29.2562,0.757,293.1,1,1,44.9375,33.3438,0,,,
14/04/2025,18:00:00,11.7212,1.8521,1.8691,0.9936,1.0019,28.3375,0.768,293.36,1,1,44.7062,33.2938,18.4625,,,
14/04/2025,18:30:00,11.8636,2.2791,2.3031,1.1032,1.1084,29.4062,2.99,305.76,1,0,44.7812,33.225,0,,,
14/04/2025,19:00:00,11.7596,1.8311,1.8573,0.9104,0.9054,29.4062,13.697,313.14,1,0,44.8875,33.2313,14.8187,,,
14/04/2025,19:30:00,11.694,1.8634,1.8897,0.9575,0.9472,28.3125,10.946,317.54,1,0,45.1,33.2562,18,,,
14/04/2025,20:00:00,12.6577,3.2188,3.2709,1.3877,1.3965,28.3187,2.106,302.28,1,0,45.5938,33.175,0,,,
14/04/2025,20:30:00,12.8926,4.0116,4.0763,1.7883,1.7638,29.3875,0.7,286.74,1,0,46.0562,33.175,0,,,
14/04/2025,21:00:00,12.6898,3.9884,4.0601,1.7544,1.7666,28.9,0.563,274.64,1,1,46.5187,33.1562,0,,,
14/04/2025,21:30:00,12.9027,3.9717,4.0413,1.7922,1.7863,29.9375,0.759,264.2,1,1,46.7687,33.175,0,,,
14/04/2025,22:00:00,12.8448,3.9901,4.0566,1.7555,1.757,27.1875,0.946,258.9,1,1,47,33.1125,0,,,
14/04/2025,22:30:00,12.7328,4.0943,4.1577,1.8211,1.8088,29.7812,0.728,284.94,1,1,47.2937,33.0312,0,,,
14/04/2025,23:00:00,12.8815,4.0903,4.1537,1.8242,1.8342,28.5312,0.911,281.96,1,1,47.9187,33.0562,0,,,
14/04/2025,23:30:00,12.8346,4.0286,4.1013,1.7489,1.759,29.4125,0.756,280.62,1,1,48.7437,33.125,0,,,
15/04/2025,00:00:00,12.8401,4.0816,4.1559,1.7942,1.806,28.8937,0.735,277.22,1,1,49.3937,33.2375,0,,,
15/04/2025,00:30:00,11.9548,2.7966,2.8229,1.2523,1.2517,29.8563,11.204,284.6,1,1,42.4125,33.3937,0,,,
15/04/2025,01:00:00,13.0614,3.963,4.0321,1.7069,1.7106,29.9188,20.579,285.34,1,1,46.7875,33.5,0,,,
15/04/2025,01:30:00,12.2682,3.1794,3.2284,1.3532,1.3468,28.3187,17.383,293.32,1,1,49.5375,33.6437,0,,,
15/04/2025,02:00:00,12.4305,3.3348,3.3855,1.4713,1.4766,28.4062,0.882,279.44,1,1,43.8438,33.775,0,,,
15/04/2025,02:30:00,12.3379,3.1283,3.1724,1.3654,1.3626,29.375,0.842,276.46,1,1,48.3312,33.925,0,,,
15/04/2025,03:00:00,12.3525,3.235,3.2739,1.4168,1.4197,29.9937,0.732,265.44,1,1,42.5062,34.0438,0,,,
15/04/2025,03:30:00,12.8657,4.0212,4.0872,1.7964,1.8016,29.4562,0.696,259.26,1,1,47.275,34.1125,0,,,
15/04/2025,04:00:00,13.0057,4.0999,4.166,1.8174,1.8176,29.3438,2.906,283.08,1,0,46.8937,34.3875,0,,,
15/04/2025,04:30:00,12.8926,4.0662,4.1341,1.801,1.7892,28.2375,3.004,278.5,1,0,47.125,34.6,0,,,
15/04/2025,05:00:00,12.7923,4.0151,4.0781,1.7454,1.7561,29.375,6.532,277.06,1,0,45.8687,34.725,0,,,
15/04/2025,05:30:00,13.0002,4.061,4.1218,1.836,1.8417,29.3563,0.896,276.76,1,0,47.3875,34.8563,0,,,
15/04/2025,06:00:00,12.9677,4.0308,4.1008,1.8062,1.8123,29.075,5.377,275.56,1,0,43.2625,35.05,0,,,
15/04/2025,06:30:00,12.9183,4.0969,4.1629,1.8379,1.8434,28.8062,17.428,277.62,1,1,47.425,35.1625,0,,,
15/04/2025,07:00:00,12.2115,2.871,2.9178,1.2624,1.2631,28.6937,5.552,289.86,1,1,50.0938,35.325,0,,,
15/04/2025,07:30:00,11.8389,2.2292,2.2642,1.0329,1.0428,28.8812,19.96,302.98,1,1,45.0437,35.4188,0,,,
15/04/2025,08:00:00,11.8415,2.2073,2.2375,0.9594,0.9588,28.8563,9.153,304.8,1,1,48.3875,35.375,0,,,
15/04/2025,08:30:00,12.1574,2.7949,2.8347,1.2169,1.2189,29.5187,0.717,296.82,1,1,49.7188,35.3563,0,,,
15/04/2025,09:00:00,11.8383,1.9474,1.9824,0.8363,0.8365,28.9125,2.83,305.04,1,0,42.2562,35.325,1.7937,,,
15/04/2025,09:30:00,11.7727,1.8284,1.8507,0.9468,0.9509,29.7812,2.96,305.96,1,0,46.35,35.2687,16.225,,,
15/04/2025,10:00:00,11.8091,1.7978,1.8241,0.9435,0.9397,28.3937,0.814,305.56,1,0,47.9187,35.2,21.9562,,,
15/04/2025,10:30:00,11.7966,1.7007,1.723,0.8708,0.8649,27.7125,0.733,292.42,1,0,48.4875,35.0812,25.8937,,,
15/04/2025,11:00:00,11.7983,1.3642,1.3888,0.8573,0.8573,28.35,0.914,279.36,1,0,48.8187,35.1,38.9,,,
15/04/2025,11:30:00,11.6954,1.7794,1.8109,1.136,1.1382,29.3875,0.706,264.14,1,1,48.925,35.05,16.55,,,
15/04/2025,12:00:00,11.8577,1.87,1.9011,1.2241,1.2228,29.4625,0.847,260.54,1,1,49.0187,35.0187,20.8062,,,
15/04/2025,12:30:00,11.7933,1.7724,1.7996,0.8866,0.8868,30.375,0.772,263.9,1,1,48.8125,34.8937,20.325,,,
15/04/2025,13:00:00,11.7137,1.8136,1.835,0.9404,0.9468,29.6,0.804,268.68,1,1,48.1,34.8812,19.5812,,,
15/04/2025,13:30:00,11.9004,1.8857,1.9124,0.9842,0.9949,30.05,2.383,285.72,1,1,47.2562,34.8,18.8375,,,
15/04/2025,14:00:00,11.8466,1.8114,1.8376,0.915,0.9194,29.9688,3.044,304.16,1,0,46.3562,34.7062,18.2937,,,
15/04/2025,14:30:00,11.7643,1.8087,1.8328,0.9264,0.9275,27.6812,2.946,308.68,1,0,45.4437,34.5312,21.4812,,,
15/04/2025,15:00:00,11.7991,1.8656,1.8954,0.9828,0.9949,29.9437,2.757,303.96,1,0,44.55,34.5062,22.3562,,,
15/04/2025,15:30:00,11.7915,1.8468,1.8709,0.957,0.9605,29.8812,0.791,307.04,1,0,43.8625,34.3563,18.65,,,
15/04/2025,16:00:00,11.7758,1.8608,1.8927,0.9618,0.9623,29.975,0.731,295.04,1,1,43.0625,34.2,14.4875,,,
15/04/2025,16:30:00,11.9669,2.5748,2.6002,1.1497,1.1554,29.975,0.789,295.86,1,1,42.475,34.1375,0,,,
15/04/2025,17:00:00,12.1599,2.689,2.7236,1.185,1.1874,29.3937,0.771,290.78,1,1,41.85,34.0812,0,,,
15/04/2025,17:30:00,11.9548,2.5556,2.5976,1.1368,1.1386,29.4625,19.442,301.14,1,1,41.7437,33.9562,0,,,
15/04/2025,18:00:00,11.8073,2.3976,2.4226,1.1051,1.1104,29.925,16.746,307.88,1,1,41.9187,33.8375,0,,,
15/04/2025,18:30:00,13.4699,4.7286,4.8336,2.179,2.1707,28.2812,6.516,294.1,1,0,42.3312,33.7875,0,,,
15/04/2025,19:00:00,12.85,4.033,4.0999,1.7966,1.7944,28.8937,8.505,288.4,1,0,42.5812,33.6625,0,,,
15/04/2025,19:30:00,11.7385,2.4164,2.4549,1.0887,1.0876,29.0875,2.517,299.76,1,0,43.0687,33.6312,0,,,
15/04/2025,20:00:00,13.0082,3.9652,4.0374,1.7248,1.7141,28.8125,0.587,286.6,1,0,43.8062,33.5625,0,,,
15/04/2025,20:30:00,12.9931,4.0767,4.1511,1.7953,1.7955,28.7938,0.741,284.62,1,0,44.6312,33.6625,0,,,
15/04/2025,21:00:00,12.9392,3.9787,4.0435,1.7605,1.7636,29.675,0.719,280.24,1,1,45.2562,33.6688,0,,,
15/04/2025,21:30:00,13.0038,4.0199,4.0899,1.7671,1.7653,29.3563,0.626,274.6,1,1,45.9375,33.7812,0,,,
15/04/2025,22:00:00,12.2317,2.9169,2.9616,1.3237,1.3182,29.925,0.819,264.96,1,1,46.25,33.8875,0,,,
15/04/2025,22:30:00,12.0953,2.9003,2.941,1.3202,1.332,29.375,2.685,273.5,1,1,46.8312,33.9437,0,,,
15/04/2025,23:00:00,12.1191,2.7551,2.7909,1.1869,1.2005,28.325,2.971,288.5,1,1,47.5062,33.9875,0,,,
15/04/2025,23:30:00,11.8222,2.0052,2.0332,0.9163,0.924,30.5562,3.026,292.46,1,0,48.1375,34.025,4.65,,,
16/04/2025,00:00:00,11.8099,1.7939,1.8136,0.9798,0.9723,29.4188,2.556,314.8,1,0,48.9937,34.1437,17.2,,,
16/04/2025,00:30:00,11.704,2.003,2.0341,1.0095,1.0021,29.6187,0.739,299,1,0,49.575,34.3438,0,,,
16/04/2025,01:00:00,11.8578,2.0021,2.0306,1.0043,1.0073,29.3812,0.873,288.54,1,0,42.1437,34.6,4.2125,,,
16/04/2025,01:30:00,11.8537,1.926,1.9514,0.9496,0.9483,28.775,0.79,283.16,1,1,47.2875,34.6812,6.0312,,,
16/04/2025,02:00:00,11.7063,1.975,2.0039,1.0334,1.0297,29.4062,1.081,279.92,1,1,49.4562,34.7375,12.2562,,,
16/04/2025,02:30:00,12.1548,2.9104,2.9436,1.3466,1.3381,28.5312,0.828,290.14,1,1,43.1062,34.9875,0,,,
16/04/2025,03:00:00,11.9411,2.5788,2.6089,1.1412,1.1465,29.9875,0.752,285.86,1,1,47.3312,35.0312,0,,,
16/04/2025,03:30:00,11.8173,2.3482,2.381,1.0623,1.0594,29.35,2.217,285.32,1,1,49.375,35.1937,0,,,
16/04/2025,04:00:00,12.3736,3.3684,3.4236,1.5369,1.5358,29.5375,2.919,299.3,1,0,41.0562,35.2687,0,,,
16/04/2025,04:30:00,12.9333,3.9709,4.0339,1.7913,1.7994,29.3625,6.354,283.76,1,0,46.3125,35.1562,0,,,
16/04/2025,05:00:00,12.9018,3.9416,4.0024,1.7415,1.7423,29.975,3.151,279.88,1,0,48.65,35.225,0,,,
16/04/2025,05:30:00,12.7148,3.9162,3.9818,1.7483,1.741,29.7437,0.658,271.48,1,0,49.575,35.2625,0,,,
16/04/2025,06:00:00,12.8461,4.0614,4.1144,1.8362,1.818,28.3625,0.787,286,1,0,41.475,35.2125,0,,,
16/04/2025,06:30:00,12.8854,3.9897,4.0601,1.7642,1.7688,29.4062,0.825,271.18,1,1,46.4375,35.1063,0,,,
16/04/2025,07:00:00,12.7627,4.0448,4.1148,1.8056,1.8003,28.5187,17.221,273.58,1,1,48.7375,35.1437,0,,,
16/04/2025,07:30:00,13.0074,3.977,4.0448,1.7732,1.7601,30.3563,0.919,274.24,1,1,50.1125,35.1562,0,,,
16/04/2025,08:00:00,12.9048,3.9551,4.0229,1.6745,1.6802,29.925,2.288,269.8,1,1,46.0125,35.3,0,,,
16/04/2025,08:30:00,12.8403,3.9871,4.0597,1.7027,1.7012,29.775,3.712,279.1,1,1,49.15,35.1688,0,,,
16/04/2025,09:00:00,12.6316,3.8444,3.9171,1.6822,1.6686,28.8062,7.738,281.6,1,0,43.0812,35.2375,0,,,
16/04/2025,09:30:00,11.9329,2.3211,2.3583,1.031,1.0244,29.4625,8.022,296.74,1,0,47.5687,35.1688,0,,,
16/04/2025,10:00:00,11.8095,1.751,1.7737,0.9531,0.9535,29.9125,19.239,310.96,1,0,49.2562,35.0812,18.0125,,,
16/04/2025,10:30:00,11.7429,1.8748,1.8949,1.0076,1.0021,30.0312,0.726,300.4,1,0,49.775,35.0625,0.0062,,,
16/04/2025,11:00:00,11.8343,1.7637,1.7877,1.1716,1.1594,28.65,0.83,277.64,1,0,49.8125,35.025,9.9,,,
16/04/2025,11:30:00,11.7613,1.8494,1.8814,1.2261,1.2318,30.5938,0.85,268.96,1,1,49.6625,34.975,4.1437,,,
16/04/2025,12:00:00,11.6796,1.8914,1.9124,1.2679,1.2727,29.1187,0.84,267.1,1,1,49.2,34.9062,11.2375,,,
16/04/2025,12:30:00,11.8165,1.9238,1.9523,1.3077,1.304,28.8563,0.805,267.64,1,1,48.6,34.8312,15.325,,,
16/04/2025,13:00:00,11.795,1.8293,1.8442,1.024,1.0244,29.925,0.783,265.02,1,1,48.2687,34.775,24.8312,,,
16/04/2025,13:30:00,13.367,4.5838,4.6783,2.1241,2.1326,29.9125,19.197,288.8,1,1,47.9187,34.7062,0,,,
16/04/2025,14:00:00,13.0743,4.2811,4.362,2.0042,1.9762,29.95,8.523,286.38,1,0,47.6437,34.75,0,,,
16/04/2025,14:30:00,12.9556,4.2049,4.2841,1.8817,1.8852,29.1812,2.858,286.86,1,0,47.5062,34.6375,0,,,
16/04/2025,15:00:00,11.9262,2.6229,2.6606,1.1845,1.1826,29.4375,0.812,295.22,1,0,47.1687,34.5875,0,,,
16/04/2025,15:30:00,13.0214,3.9879,4.0592,1.7725,1.7647,29.4062,0.854,286.16,1,0,46.825,34.6,0,,,
16/04/2025,16:00:00,12.933,4.0654,4.1306,1.8027,1.7944,30.0312,0.811,284.72,1,1,46.6875,34.5062,0,,,
16/04/2025,16:30:00,12.9037,3.9643,4.0365,1.7281,1.7388,29.1625,0.859,281.46,1,1,46.5312,34.525,0,,,
16/04/2025,17:00:00,12.958,4.04,4.1153,1.7861,1.7782,29.85,0.987,282.98,1,1,46.5562,34.4062,0,,,
16/04/2025,17:30:00,11.9892,2.4348,2.4738,1.1228,1.1163,31.1187,19.671,297.68,1,1,46.7812,34.6125,0,,,
16/04/2025,18:00:00,13.07,3.9586,4.0251,1.7557,1.7504,29.4875,0.675,284.76,1,1,46.85,34.5625,0,,,
16/04/2025,18:30:00,12.8721,3.9814,4.0531,1.7474,1.7504,29.9312,2.936,278.42,1,0,47.3125,34.5375,0,,,
16/04/2025,19:00:00,13.0416,4.1157,4.1826,1.8688,1.8749,29.6812,20.509,284.36,1,0,47.675,34.6688,0,,,
16/04/2025,19:30:00,12.9853,3.9827,4.0522,1.7743,1.7784,29.4625,3.147,282.4,1,0,47.975,34.6375,0,,,
16/04/2025,20:00:00,12.8758,3.9963,4.0667,1.7948,1.7977,30.6187,0.847,271.9,1,0,48.1875,34.6625,0,,,
16/04/2025,20:30:00,12.9772,4.0229,4.0964,1.8572,1.8465,29.4625,0.992,271.64,1,0,48.2937,34.4875,0,,,
16/04/2025,21:00:00,12.8976,4.0216,4.1026,1.8132,1.8119,28.9,0.961,272.46,1,1,48.5875,34.525,0,,,
16/04/2025,21:30:00,12.957,4.0033,4.0649,1.7749,1.7708,29.9688,0.747,277.78,1,1,48.8,34.5312,0,,,
16/04/2025,22:00:00,12.8936,3.9805,4.0492,1.7671,1.7686,27.7375,0.838,280.24,1,1,48.9812,34.4437,0,,,
16/04/2025,22:30:00,12.8999,4.0041,4.0702,1.7859,1.7806,28.4062,8.964,279.2,1,1,49.1187,34.3812,0,,,
16/04/2025,23:00:00,12.9686,3.9521,4.0155,1.7439,1.7229,29.9375,0.965,277.72,1,1,49.4062,34.3312,0,,,
16/04/2025,23:30:00,13.0634,3.8834,3.9416,1.7415,1.7316,29.0312,3.079,276.68,1,0,49.5687,34.3125,0,,,
17/04/2025,00:00:00,13.0841,3.9783,4.0422,1.7583,1.7629,28.3375,3.065,289.8,1,0,49.6062,34.2812,0,,,
17/04/2025,00:30:00,12.9309,3.9551,4.0264,1.7463,1.755,28.8937,0.785,287.88,1,0,49.9375,34.3,0,,,
17/04/2025,01:00:00,12.9293,3.8694,3.9302,1.7174,1.7174,30.2062,0.856,273.88,1,0,43.8438,34.2437,0,,,
17/04/2025,01:30:00,12.9583,3.9284,3.9928,1.7305,1.7093,28.2375,1.498,280.62,1,0,47.975,34.3438,0,,,
17/04/2025,02:00:00,12.8335,3.9354,4.0059,1.7192,1.7439,28.2313,0.804,280.32,1,1,49.9312,34.5125,0,,,
17/04/2025,02:30:00,12.8543,3.8567,3.9171,1.6962,1.6975,29.9125,0.734,277.68,1,1,45.6937,34.7625,0,,,
17/04/2025,03:00:00,13.0204,3.9402,4.0107,1.7222,1.7362,29.075,0.821,286.1,1,1,49.5375,35.0562,0,,,
17/04/2025,03:30:00,12.8793,4.0382,4.1056,1.8115,1.8027,28.4125,0.647,285.54,1,1,45.8687,35.2437,0,,,
17/04/2025,04:00:00,12.8119,3.8768,3.942,1.7222,1.7224,29.9437,3.122,284.18,1,0,50.1375,35.45,0,,,
17/04/2025,04:30:00,12.9318,3.8908,3.9604,1.7288,1.7393,29.3563,2.96,280.44,1,0,47.1187,35.7062,0,,,
17/04/2025,05:00:00,13.0152,3.8519,3.9166,1.689,1.694,28.175,2.805,284.24,1,0,43.1187,35.95,0,,,
17/04/2025,05:30:00,12.9674,4.0194,4.0811,1.8318,1.8217,29.4562,17.45,281.76,1,0,48.4375,36.2313,0,,,
17/04/2025,06:00:00,13.0599,3.9389,4.0028,1.7703,1.7727,29.4625,0.735,276.6,1,0,42.825,36.2625,0,,,
17/04/2025,06:30:00,12.9898,3.8383,3.9,1.696,1.6885,28.8875,0.916,267.92,1,1,48.2562,36.4125,0,,,
17/04/2025,07:00:00,11.7079,2.1644,2.192,0.9787,0.9818,29.0875,0.796,276.46,1,1,42.525,36.5062,0,,,
17/04/2025,07:30:00,11.9863,2.3412,2.3771,1.0393,1.0347,30.5812,0.813,283.04,1,1,48.125,36.475,0,,,
17/04/2025,08:00:00,11.9829,2.3359,2.3613,1.0095,1.01,29.9125,0.8,284.84,1,1,42.1187,36.4312,0,,,
17/04/2025,08:30:00,12.9717,3.9612,4.0247,1.7454,1.7373,28.2938,0.822,285.48,1,1,46.4625,36.5125,0,,,
17/04/2025,09:00:00,12.0122,2.4773,2.5114,1.1309,1.1327,29.975,4.972,293.1,1,0,48.4125,36.4375,0,,,
17/04/2025,09:30:00,12.0328,2.4983,2.5184,1.1056,1.125,29.5187,2.955,299.2,1,0,49.0562,36.3937,0,,,
17/04/2025,10:00:00,12.0191,2.4344,2.4641,1.0795,1.076,29.9625,0.846,293.9,1,0,49.3125,36.1937,0,,,
17/04/2025,10:30:00,11.9922,2.5376,2.5722,1.0784,1.0771,29.4562,0.869,301.48,1,0,49.15,36.125,0,,,
17/04/2025,11:00:00,11.7815,1.2584,1.2842,0.8302,0.8155,31.1375,0.694,278.2,1,0,48.9,36.1375,22.6187,,,
17/04/2025,11:30:00,11.7581,1.9903,2.0201,1.3307,1.3333,29,0.817,267.78,1,1,48.4125,36.0562,0,,,
17/04/2025,12:00:00,11.7229,2.0354,2.0599,1.3689,1.3698,29.4188,0.719,265.22,1,1,48.2437,35.9875,0,,,
17/04/2025,12:30:00,11.89,2.0411,2.0686,1.3932,1.3952,30.3312,0.783,265.34,1,1,48.2375,36,0,,,
17/04/2025,13:00:00,11.8516,2.129,2.1614,1.1445,1.143,28.8875,0.832,263.4,1,1,48.3,36,9.9875,,,
17/04/2025,13:30:00,12.0195,2.8404,2.8793,1.2757,1.2747,29.9062,2.32,291.32,1,1,48.425,36.1937,0,,,
17/04/2025,14:00:00,12.899,4.0912,4.1669,1.8589,1.8734,29.6312,2.87,287,1,0,48.4375,36.2875,0,,,
17/04/2025,14:30:00,13.0772,4.4254,4.5116,2.0064,2.0112,29.3687,2.87,283.4,1,0,48.6875,36.4188,0,,,
17/04/2025,15:00:00,12.8804,4.1879,4.2636,1.8747,1.8889,29.3125,0.828,279.84,1,0,49.2312,36.4875,0,,,
17/04/2025,15:30:00,13.0032,4.1852,4.2675,1.9156,1.9132,30.3687,0.491,275.2,1,0,49.85,36.5562,0,,,
17/04/2025,16:00:00,12.9896,4.1669,4.2535,1.8679,1.8609,28.4062,1.841,274.26,1,1,44.8187,36.725,0,,,
17/04/2025,16:30:00,12.8765,4.2001,4.2994,1.9228,1.9051,28.1562,0.718,281.78,1,1,48.2562,36.8812,0,,,
17/04/2025,17:00:00,12.8816,4.2211,4.3113,1.8985,1.8854,28.85,0.841,287.92,1,1,50.0437,37.0312,0,,,
17/04/2025,17:30:00,12.9128,4.1581,4.2465,1.8443,1.8515,28.85,0.988,274.52,1,1,45.7937,37.1312,0,,,
17/04/2025,18:00:00,12.9503,4.1979,4.2784,1.8832,1.8909,29.3062,0.82,264.4,1,1,48.6937,37.1375,0,,,
17/04/2025,18:30:00,12.763,4.2802,4.369,1.9342,1.9351,28.3312,2.477,286.98,1,0,49.6625,37.0125,0,,,
17/04/2025,19:00:00,12.872,4.3003,4.3896,2.0182,2.0267,28.0938,3.147,279.38,1,0,41.7562,36.9813,0,,,
17/04/2025,19:30:00,12.8066,4.2032,4.2942,1.9027,1.9073,30.575,3.18,279.16,1,0,46.6625,36.8187,0,,,
17/04/2025,20:00:00,12.7688,4.2076,4.2841,1.9224,1.9267,29.4188,5.524,275.8,1,0,49.025,36.825,0,,,
17/04/2025,20:30:00,12.7661,4.2325,4.3139,1.9346,1.9375,27.4062,5.388,277.44,1,0,42.9062,36.9,0,,,
17/04/2025,21:00:00,12.7896,4.2579,4.3423,1.972,1.9705,28.3187,17.095,281.78,1,1,47.8875,36.9562,0,,,
17/04/2025,21:30:00,12.6724,4.1791,4.2583,1.9246,1.9335,28.9937,2.812,275.44,1,1,49.9562,37.0875,0,,,
17/04/2025,22:00:00,12.8273,4.2548,4.3288,1.9311,1.9499,29.1625,11.854,280.16,1,1,45.8187,37.1437,0,,,
17/04/2025,22:30:00,12.8844,4.2203,4.3038,1.9213,1.9136,28.2812,8.574,281.9,1,1,49.4,37.275,0,,,
17/04/2025,23:00:00,12.7717,4.1463,4.2224,1.8668,1.8672,28.8375,8.251,283.46,1,0,44.9688,37.1875,0,,,
17/04/2025,23:30:00,13.0456,4.1275,4.1962,1.8799,1.8865,28.9,19.691,287.68,1,0,49.2375,37.3125,0,,,
18/04/2025,00:00:00,12.9547,4.0238,4.0973,1.8067,1.7929,28.2812,2.971,282.6,1,0,44.5312,37.3062,0,,,
18/04/2025,00:30:00,12.7476,3.9687,4.0334,1.7701,1.7848,28.4562,0.923,271.1,1,0,48.9812,37.5,0,,,
18/04/2025,01:00:00,12.0218,2.7056,2.7472,1.1771,1.1762,29.7375,0.811,285.28,1,0,42.325,37.3312,0,,,
18/04/2025,01:30:00,12.9972,3.9822,4.0474,1.8239,1.825,28.0625,0.915,278.38,1,1,47.75,37.2687,0,,,
18/04/2025,02:00:00,12.8427,3.9608,4.0216,1.7738,1.7633,29.925,0.793,280.08,1,1,50.2,37.2375,0,,,
18/04/2025,02:30:00,12.9698,3.8672,3.9398,1.7483,1.7373,30.5375,0.658,271.6,1,1,46.2125,37.1625,0,,,
18/04/2025,03:00:00,12.9166,3.8956,3.9577,1.7647,1.7638,29.9312,0.588,262.1,1,1,49.6437,37.2,0,,,
18/04/2025,03:30:00,12.4812,3.5338,3.5911,1.5632,1.5529,29.4437,0.838,280.9,1,1,45.85,37.2125,0,,,
18/04/2025,04:00:00,12.8844,4.0168,4.0859,1.7953,1.7983,29.9062,19.811,284.04,1,0,50.1812,37.25,0,,,
18/04/2025,04:30:00,12.5248,3.4761,3.5224,1.5787,1.5796,28.3375,23.287,286.14,1,0,46.9562,37.3125,0,,,
18/04/2025,05:00:00,12.8934,3.9656,4.0299,1.7894,1.7876,27.8125,2.981,282.44,1,0,42.6562,37.4625,0,,,
18/04/2025,05:30:00,12.2704,3.2993,3.3492,1.4656,1.4608,30.6125,0.877,284.22,1,0,48.175,37.4937,0,,,
18/04/2025,06:00:00,11.8981,2.1706,2.2016,1.0268,1.02,29.3625,0.84,278.56,1,0,42.825,37.6812,0,,,
18/04/2025,06:30:00,13.1652,4.1616,4.2443,1.8572,1.8559,29.075,0.839,279.86,1,1,48.8,37.625,0,,,
18/04/2025,07:00:00,12.9472,3.9866,4.0527,1.7938,1.7951,28.2812,3.029,276.98,1,1,43.9875,37.6125,0,,,
18/04/2025,07:30:00,13.0462,3.9577,4.0291,1.7909,1.7782,28.3438,0.931,273.16,1,1,48.9937,37.65,0,,,
18/04/2025,08:00:00,12.9481,3.9096,3.977,1.7001,1.6986,29.3625,0.665,262.74,1,1,43.3438,37.55,0,,,
18/04/2025,08:30:00,12.9252,3.9809,4.0474,1.7461,1.7426,30.4875,0.946,259.36,1,1,47.9625,37.4813,0,,,
18/04/2025,09:00:00,13.0021,3.9893,4.0575,1.7472,1.7561,29.9312,2.58,287.48,1,0,49.8562,37.475,0,,,
18/04/2025,09:30:00,11.8584,2.3512,2.3832,1.0421,1.0559,27.7313,3.383,296.68,1,0,44.1,37.2125,0,,,
18/04/2025,10:00:00,11.8859,2.5039,2.5363,1.1183,1.1165,29.9875,2.243,290.66,1,0,47.2188,37.0875,0,,,
18/04/2025,10:30:00,11.8712,2.0047,2.0297,0.922,0.9258,28.3,3.685,290.12,1,0,48.3812,37.0125,0.8875,,,
18/04/2025,11:00:00,11.7868,1.5567,1.5826,0.8767,0.8603,28.325,0.864,286.96,1,0,48.85,36.8625,25.6062,,,
18/04/2025,11:30:00,11.7107,1.7283,1.7589,1.1259,1.1211,28.9813,0.73,268.12,1,1,48.8937,36.7562,0,,,
18/04/2025,12:00:00,11.8308,1.7313,1.7571,1.1307,1.1298,28.9062,0.771,264.92,1,1,48.6187,36.6063,0,,,
18/04/2025,12:30:00,11.7962,1.604,1.6294,1.0585,1.0489,29.425,0.831,265.1,1,1,48.0812,36.6,9.0875,,,
18/04/2025,13:00:00,12.2599,3.0827,3.1322,1.3711,1.3788,28.4,3.71,276.74,1,1,47.475,36.5,0,,,
18/04/2025,13:30:00,13.0527,3.9074,3.9774,1.687,1.6964,27.7687,4.48,272.36,1,1,46.9,36.4062,0,,,
18/04/2025,14:00:00,13.1247,4.0851,4.1704,1.8655,1.8686,29.3625,7.888,282.32,1,0,46.6312,36.3312,0,,,
18/04/2025,14:30:00,13.029,4.0531,4.1297,1.8231,1.8108,29.925,2.936,281.88,1,0,46.7125,36.4688,0,,,
18/04/2025,15:00:00,12.9623,4.0776,4.1529,1.8412,1.8401,29.425,0.908,275.08,1,0,47.0062,36.475,0,,,
18/04/2025,15:30:00,13.0664,4.054,4.131,1.846,1.8395,28.3125,1.748,262.98,1,0,47.6375,36.4875,0,,,
18/04/2025,16:00:00,13.0328,4.0024,4.0794,1.7679,1.7675,28.2812,6.928,277.74,1,1,48.5187,36.675,0,,,
18/04/2025,16:30:00,13.0563,4.033,4.1048,1.7951,1.8088,29.3375,3.757,281.98,1,1,49.2625,36.6437,0,,,
18/04/2025,17:00:00,13.002,3.9862,4.0597,1.7752,1.7675,30.2,5.749,280,1,1,49.9125,36.8687,0,,,
18/04/2025,17:30:00,13.1546,3.9971,4.068,1.8178,1.8246,29.4125,0.472,275.08,1,1,44.5938,36.8125,0,,,
18/04/2025,18:00:00,13.0476,4.0641,4.1446,1.7736,1.7677,29.9688,0.631,287.22,1,1,48.1437,36.9062,0,,,
18/04/2025,18:30:00,13.1155,4.0859,4.1542,1.8576,1.8552,29.6312,3.28,287.74,1,0,49.3812,37.0687,0,,,
18/04/2025,19:00:00,13.0896,3.9346,4.0063,1.7745,1.7738,29.7375,3.139,282.1,1,0,50.1062,37.1875,0,,,
18/04/2025,19:30:00,13.1739,3.9258,3.9984,1.8001,1.7975,28.9125,3.205,280.18,1,0,45.775,37.1625,0,,,
18/04/2025,20:00:00,13.129,3.9039,3.9709,1.7196,1.7251,29.2062,0.687,270.74,1,0,49.0062,37.2687,0,,,
18/04/2025,20:30:00,13.0609,3.8261,3.8974,1.6859,1.6763,29.6812,0.68,278.78,1,0,42.825,37.3625,0,,,
18/04/2025,21:00:00,13.1038,3.9621,4.0295,1.8128,1.8018,30.4062,0.688,285.9,1,1,47.9875,37.5125,0,,,
18/04/2025,21:30:00,13.0303,3.9066,3.9744,1.7629,1.7594,29.85,0.898,275.04,1,1,44.1625,37.575,0,,,
18/04/2025,22:00:00,12.9362,3.9254,3.9871,1.7657,1.7653,30.2,0.778,283.8,1,1,47,37.625,0,,,
18/04/2025,22:30:00,12.8878,4.0046,4.068,1.8102,1.8182,29.5687,0.846,272.88,1,1,50.0375,37.8125,0,,,
18/04/2025,23:00:00,12.9623,4.0264,4.0868,1.846,1.8467,29.3375,0.692,281.38,1,1,45.7312,37.725,0,,,
18/04/2025,23:30:00,12.9223,3.9739,4.0444,1.8036,1.8003,29.4062,2.965,286.84,1,0,49.4812,37.5938,0,,,
19/04/2025,00:00:00,12.8314,3.9451,4.0151,1.7983,1.799,29.4562,2.888,283.68,1,0,44.2,37.6812,0,,,
19/04/2025,00:30:00,12.9889,3.9967,4.0676,1.8347,1.8338,28.9625,0.863,277.22,1,0,48.75,37.625,0,,,
19/04/2025,01:00:00,12.8817,3.9381,4.0019,1.7688,1.771,31.6625,0.731,266.76,1,0,42.625,37.6437,0,,,
19/04/2025,01:30:00,12.8476,3.8908,3.9538,1.7434,1.75,29.4688,0.747,277.74,1,0,47.9062,37.4688,0,,,
19/04/2025,02:00:00,12.9493,4.012,4.0759,1.8032,1.7957,28.4188,0.777,284.38,1,1,47.5062,37.525,0,,,
19/04/2025,02:30:00,12.9564,3.9451,4.0111,1.7861,1.7962,29.425,0.354,285.3,1,1,46.5437,37.4437,0,,,
19/04/2025,03:00:00,12.877,3.9389,4.0103,1.7561,1.7773,29.0812,0.607,279.8,1,1,49.9312,37.5812,0,,,
19/04/2025,03:30:00,12.8619,3.9647,4.0387,1.8029,1.8108,30.575,0.801,271.52,1,1,46.0437,37.5125,0,,,
19/04/2025,04:00:00,13.0661,4.0159,4.0763,1.8607,1.8524,28.3312,20.242,279.38,1,0,47.5562,37.6937,0,,,
19/04/2025,04:30:00,12.9233,3.9901,4.0557,1.8163,1.8126,29.4562,11.923,286.3,1,0,47.6812,37.7125,0,,,
19/04/2025,05:00:00,12.8505,3.9599,4.0286,1.7997,1.7955,28.2812,22.216,288.36,1,0,42.775,37.7938,0,,,
19/04/2025,05:30:00,12.7843,3.8716,3.9411,1.7439,1.7537,29.4625,4.834,284.12,1,0,48.6062,37.8625,0,,,
19/04/2025,06:00:00,12.8587,3.8917,3.9455,1.769,1.773,28.2812,5.461,280.56,1,0,41.9562,37.7938,0,,,
19/04/2025,06:30:00,12.9,3.9822,4.0452,1.8176,1.7924,28.7875,17.121,285.42,1,1,48.05,37.7313,0,,,
19/04/2025,07:00:00,13.0091,3.9162,3.9783,1.7631,1.7625,29.4125,0.594,276.86,1,1,42.7125,37.6562,0,,,
19/04/2025,07:30:00,12.9928,3.9582,4.0278,1.7474,1.734,29.9312,0.974,269.84,1,1,47.9875,37.5562,0,,,
19/04/2025,08:00:00,13.0277,3.9827,4.0457,1.7806,1.7861,28.9875,0.721,263.08,1,1,50.05,37.5938,0,,,
19/04/2025,08:30:00,12.8892,3.8046,3.8724,1.7122,1.7058,29.4688,1.153,258.04,1,1,44.725,37.4625,0,,,
19/04/2025,09:00:00,12.0388,2.5547,2.598,1.1084,1.1056,29.3625,3.049,289.48,1,0,47.55,37.4,0,,,
19/04/2025,09:30:00,11.8996,2.3937,2.423,1.0563,1.045,29.4375,2.978,296.24,1,0,48.8125,37.3187,0,,,
19/04/2025,10:00:00,11.7397,2.1264,2.1601,0.9524,0.9524,29.4125,0.677,298.6,1,0,49.4125,37.2375,0,,,
19/04/2025,10:30:00,11.8627,1.4859,1.5104,0.9818,0.9776,30.5938,0.867,293.52,1,0,49.7875,37.1,3.575,,,
19/04/2025,11:00:00,11.7666,1.8031,1.8289,1.1867,1.1891,29.4188,3.641,283.26,1,0,49.6187,37.025,0,,,
19/04/2025,11:30:00,11.7407,1.8779,1.9046,1.2523,1.2504,29.3687,0.762,274.94,1,1,49.4688,37.1,0,,,
19/04/2025,12:00:00,11.8761,1.919,1.9496,1.302,1.293,27.775,0.729,268.5,1,1,49.0625,37.0062,0,,,
19/04/2025,12:30:00,11.7726,1.8656,1.8927,1.2528,1.2561,28.325,0.731,266.84,1,1,48.9,37.0312,0,,,
19/04/2025,13:00:00,11.6975,1.8866,1.9102,1.2033,1.1913,31.3875,0.757,266.02,1,1,48.875,37.0812,0,,,
19/04/2025,13:30:00,13.4401,4.5646,4.6621,2.1258,2.1363,30.475,1.961,283.92,1,1,48.9312,37.1,0,,,
19/04/2025,14:00:00,13.0814,3.8654,3.9311,1.7458,1.7531,28.8438,2.888,283.66,1,0,49.1437,37.2062,0,,,
19/04/2025,14:30:00,12.9272,4.0492,4.1161,1.8548,1.848,29.9375,3.161,278.66,1,0,49.375,37.2,0,,,
19/04/2025,15:00:00,13.033,4.0216,4.0956,1.8441,1.8664,29.85,0.792,269.06,1,0,49.6687,37.3563,0,,,
19/04/2025,15:30:00,12.9839,3.8676,3.9394,1.7135,1.7102,29.4312,2.591,269.06,1,0,49.9125,37.45,0,,,
19/04/2025,16:00:00,12.977,3.9669,4.0387,1.7898,1.7981,28.8125,3.522,278.44,1,1,44.4187,37.5812,0,,,
19/04/2025,16:30:00,13.0395,3.9302,4.0024,1.7633,1.7736,28.3062,2.658,275.46,1,1,47.7312,37.6812,0,,,
19/04/2025,17:00:00,13.0581,3.9442,4.0059,1.7846,1.787,30.0375,0.669,275.18,1,1,49.0812,37.8062,0,,,
19/04/2025,17:30:00,12.3105,3.1694,3.2197,1.421,1.4265,29.4188,0.916,286.42,1,1,49.8438,37.9375,0,,,
19/04/2025,18:00:00,12.9824,3.9573,4.0229,1.806,1.8137,28.2938,0.383,276.14,1,1,44.825,38.1,0,,,
19/04/2025,18:30:00,12.968,3.8589,3.9297,1.7703,1.7664,29.5375,6.571,280.6,1,0,48.1625,38.1812,0,,,
19/04/2025,19:00:00,12.8531,3.8794,3.9437,1.7986,1.7957,30.5375,19.48,278.98,1,0,49.7687,38.2687,0,,,
19/04/2025,19:30:00,12.8219,3.9521,4.0186,1.8196,1.8099,29.4188,2.983,281.82,1,0,44.4125,38.4,0,,,
19/04/2025,20:00:00,13.0479,3.956,4.0243,1.8421,1.8362,28.9625,5.607,272.68,1,0,48.5125,38.4188,0,,,
19/04/2025,20:30:00,12.9444,4.0282,4.0929,1.8668,1.864,28.9813,17.445,277.62,1,0,42.5125,38.3687,0,,,
19/04/2025,21:00:00,12.7799,3.9591,4.0247,1.82,1.8198,29.475,0.969,274.8,1,1,48.3187,38.4188,0,,,
19/04/2025,21:30:00,12.9016,3.8899,3.9534,1.7817,1.78,29.4625,0.679,263.62,1,1,43.1875,38.4625,0,,,
19/04/2025,22:00:00,12.973,4.0041,4.0693,1.8257,1.8248,30.5438,0.844,263.88,1,1,48.4375,38.525,0,,,
19/04/2025,22:30:00,12.8689,3.9713,4.0326,1.8091,1.8049,29.4188,0.759,277.68,1,1,41.825,38.55,0,,,
19/04/2025,23:00:00,12.951,4.0369,4.1039,1.813,1.8137,29.0687,5.514,286,1,1,47.2625,38.5375,0,,,
19/04/2025,23:30:00,12.9962,4.0107,4.0802,1.8384,1.8397,28.4437,3.012,285.7,1,0,50.2875,38.4937,0,,,
20/04/2025,00:00:00,12.9617,3.8374,3.8987,1.7292,1.7334,29.9813,2.974,280.1,1,0,46.7812,38.45,0,,,
20/04/2025,00:30:00,12.8198,3.8654,3.9354,1.7752,1.7679,30.925,0.848,271.08,1,0,43.6625,38.4625,0,,,
20/04/2025,01:00:00,12.953,3.956,4.0216,1.8607,1.8605,29.9,0.626,275.14,1,0,47.6875,38.4437,0,,,
20/04/2025,01:30:00,12.9686,4.0334,4.0947,1.8493,1.8421,29.8687,0.919,283.56,1,0,42.0938,38.4562,0,,,
20/04/2025,02:00:00,12.7762,3.8462,3.9105,1.7406,1.7371,28.9688,0.813,271.7,1,1,47.95,38.3563,0,,,
20/04/2025,02:30:00,12.894,3.8952,3.9582,1.7885,1.7832,29.375,0.763,273.66,1,1,42.1875,38.2812,0,,,
20/04/2025,03:00:00,12.8916,3.8781,3.9455,1.7399,1.7517,29.8687,0.875,265.8,1,1,47.9375,38.15,0,,,
20/04/2025,03:30:00,12.8444,3.9534,4.0173,1.8043,1.8073,30.3937,1.217,280.7,1,1,42.4375,38.0312,0,,,
20/04/2025,04:00:00,12.9514,3.9101,3.9814,1.7817,1.7804,29.4062,2.921,283.54,1,0,48.4187,38.0625,0,,,
20/04/2025,04:30:00,12.8776,3.9398,4.005,1.7907,1.7922,30.5187,6.061,278.92,1,0,43.4812,38,0,,,
20/04/2025,05:00:00,12.7749,3.8414,3.9236,1.7428,1.7251,28.9312,2.965,281.62,1,0,49.375,38.1437,0,,,
20/04/2025,05:30:00,12.9442,3.8519,3.9136,1.7657,1.7717,29.4,2.562,272.6,1,0,45.3125,38.05,0,,,
20/04/2025,06:00:00,13.0164,3.851,3.9171,1.7406,1.7574,29.4688,17.71,278.84,1,0,50,38.1625,0,,,
20/04/2025,06:30:00,12.852,3.8077,3.8689,1.7327,1.7356,29.4125,5.264,280.82,1,1,46.0625,38.0562,0,,,
20/04/2025,07:00:00,11.9666,2.7113,2.7446,1.1839,1.1832,30.55,5.824,280.74,1,1,45.2625,38.0187,0,,,
20/04/2025,07:30:00,11.8958,2.3565,2.3915,1.083,1.078,29.4688,20.413,297.3,1,1,47.7812,38.075,0,,,
20/04/2025,08:00:00,11.8781,1.1984,1.2251,0.7812,0.7739,28.925,0.678,282.24,1,1,43.3062,38.1187,30.9375,,,
20/04/2025,08:30:00,11.8292,1.6967,1.7243,1.0649,1.0649,28.2938,0.688,269.16,1,1,49.075,38.0938,0,,,
20/04/2025,09:00:00,11.7504,1.7558,1.7807,1.1467,1.1482,30.8937,3.176,282.34,1,0,44.5687,38.0312,4.7188,,,
20/04/2025,09:30:00,11.8648,1.6757,1.7055,1.1178,1.1172,29.9562,3.142,289.74,1,0,48.85,38.0375,6.9875,,,
20/04/2025,10:00:00,11.7913,1.7628,1.7952,1.183,1.178,28.8563,0.737,288.76,1,0,42.4625,37.9188,6.0187,,,
20/04/2025,10:30:00,11.7456,1.7838,1.8101,1.1977,1.2066,29.025,0.852,277.28,1,0,46.45,37.8438,9.4375,,,
20/04/2025,11:00:00,11.7894,1.8162,1.8451,1.2383,1.234,29.9312,0.726,272.32,1,0,48.1125,37.7562,11.7812,,,
20/04/2025,11:30:00,11.8407,1.8783,1.9085,1.2589,1.2585,29.4,0.729,269.4,1,1,48.675,37.7,10.2625,,,
20/04/2025,12:00:00,11.7617,1.9697,1.9956,1.3705,1.3718,28.8438,0.689,267.86,1,1,48.775,37.5438,8.3875,,,
20/04/2025,12:30:00,11.7574,1.9942,2.0187,1.3374,1.342,29.9437,0.861,289.3,1,1,48.625,37.3937,2.2312,,,
20/04/2025,13:00:00,11.8111,2.0616,2.0822,1.4208,1.4098,30.025,6.237,288.34,1,1,48.0875,37.325,0,,,
20/04/2025,13:30:00,11.7836,1.9868,2.0104,1.3519,1.3622,30.0312,2.295,280.82,1,1,47.6937,37.3,0,,,
20/04/2025,14:00:00,11.7065,2.1461,2.1706,1.4774,1.4735,29.4375,19.381,292.32,1,0,47.2562,37.3062,1.5125,,,
20/04/2025,14:30:00,11.9065,2.0997,2.1224,1.4359,1.4378,30.5812,8.79,289.08,1,0,47.0125,37.25,1.7312,,,
20/04/2025,15:00:00,11.823,1.9969,2.0236,1.3772,1.3772,29.3812,0.829,278.34,1,0,46.6625,37.1562,6.9438,,,
20/04/2025,15:30:00,11.6997,1.954,1.9794,1.3563,1.3556,29.5625,0.792,268.86,1,0,46.1187,37.1562,13.2562,,,
20/04/2025,16:00:00,11.834,2.1111,2.1364,1.1121,1.1119,29.4188,0.705,249.24,1,1,45.4875,37.0062,10.7937,,,
20/04/2025,16:30:00,11.8428,2.0376,2.0682,1.0332,1.0253,28.8563,0.911,236.1,1,1,45.0437,37.0062,3.7062,,,
20/04/2025,17:00:00,12.4211,3.3422,3.3982,1.512,1.5085,29.4688,17.514,281.36,1,1,44.6,36.8563,0,,,
20/04/2025,17:30:00,12.9104,4.0404,4.1135,1.8222,1.813,29.9125,1.623,283.46,1,1,44.5687,36.825,0,,,
20/04/2025,18:00:00,12.994,4.0168,4.0934,1.8692,1.8605,29.4375,4.893,282.86,1,1,44.7312,36.8812,0,,,
20/04/2025,18:30:00,12.9331,4.0457,4.1209,1.8642,1.8664,27.2437,3.223,278.62,1,0,45.1875,36.775,0,,,
20/04/2025,19:00:00,12.8717,3.9818,4.0566,1.8156,1.815,29.4,2.943,283.3,1,0,45.6187,36.8625,0,,,
20/04/2025,19:30:00,12.9957,4.0216,4.0934,1.8795,1.8784,29.4625,2.907,285.48,1,0,46.45,36.775,0,,,
20/04/2025,20:00:00,12.927,3.9801,4.0496,1.8005,1.799,27.85,0.623,279.48,1,0,47.1312,36.8875,0,,,
20/04/2025,20:30:00,12.8613,3.9752,4.047,1.815,1.8187,29.4,0.906,267.7,1,0,47.8312,36.7562,0,,,
20/04/2025,21:00:00,13.0037,3.9534,4.0247,1.8397,1.8434,29.925,0.917,276.12,1,1,48.3812,36.725,0,,,
20/04/2025,21:30:00,13.0523,4.0317,4.1056,1.8347,1.8298,28.2812,17.84,285.88,1,1,48.9562,36.775,0,,,
20/04/2025,22:00:00,13.0686,3.9897,4.0592,1.8382,1.8364,30.5187,0.671,272.98,1,1,49.9062,36.8062,0,,,
20/04/2025,22:30:00,13.0593,3.9254,4.0011,1.783,1.79,28.7938,0.891,280.88,1,1,45.0938,36.7938,0,,,
20/04/2025,23:00:00,13.0353,3.9674,4.0396,1.8047,1.8097,29.9688,1.894,270.9,1,1,49.1875,37.0187,0,,,
20/04/2025,23:30:00,13.0068,4.0522,4.1183,1.8915,1.8955,29.475,4.769,276.7,1,0,44.3062,37.0875,0,,,
21/04/2025,00:00:00,13.0561,4.0164,4.0763,1.8408,1.8447,28.8563,2.972,283.2,1,0,48.8438,37.2375,0,,,
21/04/2025,00:30:00,12.4873,3.3509,3.4056,1.5043,1.5116,29.9437,2.3,283.3,1,0,42.8062,37.2938,0,,,
21/04/2025,01:00:00,11.8798,2.4681,2.5004,1.1449,1.1371,28.3937,5.514,291.54,1,0,48.3812,37.3062,0,,,
21/04/2025,01:30:00,11.8227,1.3117,1.3288,0.88,0.8851,29.5187,5.198,283.5,1,0,42.7687,37.475,39.6187,,,
21/04/2025,02:00:00,11.7981,1.9129,1.9479,1.3024,1.2981,29.925,5.456,285.2,1,1,47.5187,37.5312,1.4562,,,
21/04/2025,02:30:00,11.7325,1.8871,1.9172,1.2744,1.2652,27.7437,0.774,274.74,1,1,48.9937,37.6688,12.8438,,,
21/04/2025,03:00:00,11.9147,1.7103,1.7383,1.1697,1.1714,29.9,0.814,270.26,1,1,46.5625,37.8375,24.9,,,
21/04/2025,03:30:00,11.8157,1.6097,1.6359,1.0872,1.0894,29.2625,0.729,268.8,1,1,49.7687,37.925,31.4062,,,
21/04/2025,04:00:00,11.7293,1.6451,1.6727,1.1255,1.115,28.4188,3.38,282.9,1,0,45.075,38.0687,34.3062,,,
21/04/2025,04:30:00,11.7879,1.7457,1.7755,1.183,1.1861,28.2938,18.247,294.08,1,0,49.1437,38.15,33.6125,,,
21/04/2025,05:00:00,11.8271,1.7121,1.7387,1.1898,1.1832,29.9813,2.95,289.14,1,0,43.275,38.1562,33.4562,,,
21/04/2025,05:30:00,12.0552,2.8168,2.8587,1.2843,1.2703,29.4188,0.764,285.56,1,0,48.0312,38.2875,0,,,
21/04/2025,06:00:00,12.9573,3.8501,3.9219,1.7367,1.7275,28.7875,0.842,277.1,1,0,43.1375,38.3312,0,,,
21/04/2025,06:30:00,11.8468,2.2629,2.2922,1.0649,1.0491,28.3687,0.746,291.52,1,1,46.65,38.375,0,,,
21/04/2025,07:00:00,11.8515,1.5134,1.5449,0.7525,0.7669,28.3312,0.837,292.4,1,1,49.5938,38.375,26.0375,,,
21/04/2025,07:30:00,11.8989,2.486,2.5249,1.2274,1.2421,29.9625,0.783,278.32,1,1,44.325,38.375,0,,,
21/04/2025,08:00:00,13.0388,3.8926,3.97,1.6487,1.652,28.8,0.753,284.36,1,1,48.5625,38.2875,0,,,
21/04/2025,08:30:00,12.8878,3.8116,3.8803,1.6373,1.6295,29.3812,0.813,283.4,1,1,43.7687,38.2125,0,,,
21/04/2025,09:00:00,12.7953,3.9184,3.9919,1.7909,1.7924,27.7313,2.972,280.7,1,0,48.0437,38.2812,0,,,
21/04/2025,09:30:00,11.8303,2.199,2.227,1.0489,1.0496,29.5438,2.441,291.44,1,0,45.55,38.1375,0,,,
21/04/2025,10:00:00,11.831,2.3123,2.3425,1.0154,1.0224,28.6,0.74,298.46,1,0,46.6125,38.1063,0,,,
21/04/2025,10:30:00,11.7056,1.4946,1.5257,0.9721,0.9686,27.8125,0.748,289.48,1,0,48.6125,37.925,0,,,
21/04/2025,11:00:00,11.7941,1.7947,1.8258,1.1812,1.1898,28.9125,0.773,276.46,1,0,49.0875,37.975,0,,,
21/04/2025,11:30:00,11.8015,1.7506,1.779,1.155,1.1646,29.925,0.791,269.32,1,1,49.0375,37.7437,2.2188,,,
21/04/2025,12:00:00,11.7386,1.8424,1.8717,1.2423,1.2335,28.3375,0.794,266.82,1,1,48.7125,37.55,8.1062,,,
21/04/2025,12:30:00,11.8363,1.7632,1.7939,1.1885,1.1821,29.4625,0.807,265.84,1,1,48.1937,37.375,12.0125,,,
21/04/2025,13:00:00,11.8475,2.3539,2.3928,1.2672,1.2727,29.95,0.553,264.1,1,1,47.3875,37.2938,0.0375,,,
21/04/2025,13:30:00,12.8679,3.7469,3.816,1.6452,1.6529,29.0562,2.237,279.44,1,1,46.6937,37.2125,0,,,
21/04/2025,14:00:00,13.0795,3.9761,4.0492,1.8368,1.8425,29.375,3.019,287.9,1,0,46.25,37.0375,0,,,
21/04/2025,14:30:00,13.1664,4.0877,4.1577,1.8839,1.8703,28.2437,3.163,280.54,1,0,46.0812,36.95,0,,,
21/04/2025,15:00:00,12.9989,3.8038,3.8764,1.6673,1.6739,29.9375,11.384,284.4,1,0,46.0687,36.7687,0,,,
21/04/2025,15:30:00,12.9637,3.8882,3.9599,1.7181,1.7152,28.5312,0.824,283,1,0,46.075,36.7125,0,,,
21/04/2025,16:00:00,13.1075,3.9752,4.0391,1.7997,1.7933,28.8937,1.532,288.36,1,1,46.0312,36.7625,0,,,
21/04/2025,16:30:00,13.008,3.8983,3.9713,1.7237,1.7218,29.35,0.895,286.58,1,1,46.0187,36.7437,0,,,
21/04/2025,17:00:00,12.9916,3.9954,4.0693,1.8165,1.8242,27.6875,0.491,275.08,1,1,46.0562,36.7375,0,,,
21/04/2025,17:30:00,12.9742,3.8812,3.9547,1.743,1.7305,29.5938,0.057,266.5,1,1,46.125,36.7625,0,,,
21/04/2025,18:00:00,13.1186,3.8969,3.9687,1.7773,1.7789,29.3125,2.005,259.4,1,1,46.1687,36.7375,0,,,
21/04/2025,18:30:00,12.9595,3.8086,3.8737,1.6835,1.6857,28.975,3.156,282.38,1,0,46.3438,36.9625,0,,,
21/04/2025,19:00:00,12.9504,3.9674,4.0356,1.8036,1.8043,29.2938,2.949,278.34,1,0,46.7437,36.8312,0,,,
21/04/2025,19:30:00,13.0442,3.9442,4.0142,1.7797,1.7701,28.375,3.194,276.98,1,0,47.2,36.9312,0,,,
21/04/2025,20:00:00,12.9695,4.0238,4.0907,1.8712,1.8659,28.95,5.184,277.24,1,0,47.5437,36.925,0,,,
21/04/2025,20:30:00,12.8839,3.9446,4.0234,1.8152,1.7981,29.4688,17.444,281.36,1,0,48.0562,36.8875,0,,,
21/04/2025,21:00:00,12.9452,3.9678,4.0361,1.8191,1.8198,29.3125,5.4,281,1,1,48.55,36.8125,0,,,
21/04/2025,21:30:00,13.0081,3.8628,3.9341,1.7347,1.738,28.4062,9.114,282.8,1,1,49.1312,36.9125,0,,,
21/04/2025,22:00:00,12.9495,3.8659,3.9315,1.7699,1.7544,29.4125,0.856,273.44,1,1,50.1,36.7437,0,,,
21/04/2025,22:30:00,12.8657,3.8672,3.935,1.7596,1.7509,29.2938,2.8,268.1,1,1,45.9187,36.8937,0,,,
21/04/2025,23:00:00,13.0122,3.8142,3.8803,1.7111,1.7137,29.925,2.555,271.02,1,1,48.825,36.9688,0,,,
21/04/2025,23:30:00,13.0117,3.8156,3.8829,1.7399,1.7316,28.3438,9.589,283.84,1,0,49.8312,36.925,0,,,
22/04/2025,00:00:00,12.7891,3.8878,3.956,1.7679,1.7776,29.3563,2.925,283.08,1,0,44.3,36.9062,0,,,
22/04/2025,00:30:00,13.033,3.9245,3.9932,1.7918,1.7948,27.9875,0.821,275.48,1,0,48.3562,36.8875,0,,,
22/04/2025,01:00:00,12.9328,3.8396,3.907,1.7356,1.7402,28.9,0.742,268.8,1,0,42.8875,36.9875,0,,,
22/04/2025,01:30:00,12.8347,3.9879,4.0654,1.7771,1.7909,29.5375,0.813,283.44,1,0,47.7937,37.025,0,,,
22/04/2025,02:00:00,12.9633,3.9779,4.0501,1.8364,1.8379,28.275,0.981,272.38,1,1,42.8687,37.1937,0,,,
22/04/2025,02:30:00,12.9389,4.0011,4.0715,1.8482,1.8423,29.0062,0.657,273.64,1,1,48.2188,37.375,0,,,
22/04/2025,03:00:00,12.8704,4.096,4.1638,1.8865,1.888,28.9375,0.898,265.12,1,1,43.8812,37.5312,0,,,
22/04/2025,03:30:00,12.9505,3.9914,4.0645,1.8401,1.8336,30.6063,0.598,270.62,1,1,49.0187,37.6562,0,,,
22/04/2025,04:00:00,12.9673,4.0649,4.1319,1.8727,1.8749,29.4188,2.916,283.08,1,0,44.8812,37.85,0,,,
22/04/2025,04:30:00,12.8101,3.9831,4.0566,1.7903,1.7903,29.4188,3.076,283.08,1,0,49.5125,37.8312,0,,,
22/04/2025,05:00:00,12.9466,3.9674,4.0387,1.8086,1.8108,27.6937,6.43,283.28,1,0,45.0687,37.9312,0,,,
22/04/2025,05:30:00,12.9432,3.9429,4.0133,1.8058,1.8091,27.7188,0.833,274.28,1,0,49.2875,38,0,,,
22/04/2025,06:00:00,12.8819,4.0991,4.1726,1.9064,1.8992,28.3312,17.29,286.28,1,0,45.2625,37.9188,0,,,
22/04/2025,06:30:00,12.8962,4.0724,4.1489,1.9062,1.9001,28.9062,0.971,272.36,1,1,49.825,38.025,0,,,
22/04/2025,07:00:00,12.8756,4.0562,4.1341,1.8285,1.8296,28.85,0.797,262.74,1,1,45.8312,38.0438,0,,,
22/04/2025,07:30:00,12.7865,4.0264,4.0964,1.8156,1.8233,29.45,0.876,265.18,1,1,50.0562,38.1688,0,,,
22/04/2025,08:00:00,12.886,4.1297,4.201,1.8327,1.8327,29.9437,0.769,280.78,1,1,46.6875,38.3187,0,,,
22/04/2025,08:30:00,12.8244,4.1629,4.2378,1.8924,1.8957,28.3125,0.95,282.56,1,1,44.6125,38.275,0,,,
22/04/2025,09:00:00,12.8084,4.0461,4.1174,1.8329,1.8154,28.2812,3.113,282.74,1,0,47.75,38.2437,0,,,
22/04/2025,09:30:00,11.8012,2.8657,2.8959,1.3033,1.3112,29.1812,3.77,286.46,1,0,45.8625,38.2062,0,,,
22/04/2025,10:00:00,11.8667,2.5814,2.6216,1.2071,1.1974,29.375,0.736,303.84,1,0,46.5125,38.1562,0,,,
22/04/2025,10:30:00,11.7548,1.2129,1.2383,0.7936,0.7847,29.4,0.791,281.76,1,0,48.3562,38.0875,16.325,,,
22/04/2025,11:00:00,11.7119,1.9151,1.9474,1.3302,1.3348,28.3312,0.779,269.2,1,0,49.1375,37.9875,0,,,
22/04/2025,11:30:00,11.8068,1.9488,1.982,1.2812,1.2891,29.875,0.677,265.54,1,1,49.825,37.9312,0,,,
22/04/2025,12:00:00,11.7616,2.0192,2.0538,1.381,1.381,28.8125,0.795,265.54,1,1,44.3438,37.8062,0,,,
22/04/2025,12:30:00,11.6772,2.2292,2.262,1.4291,1.4276,29.925,0.69,267.36,1,1,47.0437,37.8375,0,,,
22/04/2025,13:00:00,12.0858,2.9471,2.9887,1.4219,1.4367,29.4125,2.811,268.92,1,1,47.675,37.85,0,,,
22/04/2025,13:30:00,12.8893,4.3161,4.4184,1.9819,1.9897,27.7875,4.375,279.74,1,1,47.7687,37.8062,0,,,
22/04/2025,14:00:00,12.8648,4.1389,4.2203,1.9421,1.9539,30.6625,6.219,283.22,1,0,47.7562,37.7562,0,,,
22/04/2025,14:30:00,12.7885,4.1363,4.2211,1.9394,1.9447,28.4312,7.633,283.44,1,0,47.9562,37.7188,0,,,
22/04/2025,15:00:00,12.6443,4.0689,4.1384,1.8869,1.8878,29.7562,5.181,282.74,1,0,47.9812,37.7625,0,,,
22/04/2025,15:30:00,12.5906,3.9936,4.0732,1.8152,1.818,28.3125,8.607,284.16,1,0,48.125,37.6937,0,,,
22/04/2025,16:00:00,12.8569,4.0759,4.1485,1.9012,1.8939,29.975,17.117,283.66,1,1,48.6312,37.8125,0,,,
22/04/2025,16:30:00,12.8402,4.0868,4.1673,1.8821,1.8686,29.9375,17.074,286.6,1,1,49.375,37.775,0,,,
22/04/2025,17:00:00,12.7817,4.0417,4.1166,1.8399,1.8449,29.5438,0.904,278.46,1,1,43.55,37.9125,0,,,
22/04/2025,17:30:00,12.8307,4.0544,4.1284,1.8692,1.8791,29.3937,0.86,270.36,1,1,47.1062,37.9562,0,,,
22/04/2025,18:00:00,12.8662,4.0295,4.1013,1.8364,1.8357,29.4,0.834,261.66,1,1,49.5187,37.95,0,,,
22/04/2025,18:30:00,12.6906,3.9761,4.0483,1.8051,1.7913,29.2938,2.905,283.42,1,0,44.4562,38.0125,0,,,
22/04/2025,19:00:00,12.9419,3.9827,4.0549,1.8242,1.8255,29.4,2.935,280.46,1,0,48.3875,38.0125,0,,,
22/04/2025,19:30:00,12.8957,3.9153,3.9901,1.7824,1.7935,29.3187,2.93,281.78,1,0,50.1312,38.075,0,,,
22/04/2025,20:00:00,12.7708,4.0142,4.0833,1.8898,1.8913,30.4375,0.846,283.82,1,0,46.3187,38.0187,0,,,
22/04/2025,20:30:00,12.7076,3.9586,4.0229,1.8401,1.8401,29.4125,17.126,284.76,1,0,49.7687,38.05,0,,,
22/04/2025,21:00:00,12.6109,4.0474,4.1183,1.8675,1.8762,29.875,5.908,284.32,1,1,46.1812,38.1562,0,,,
22/04/2025,21:30:00,12.4837,3.8969,3.9652,1.7749,1.7903,30.5562,5.99,282.86,1,1,49.95,38.3,0,,,
22/04/2025,22:00:00,12.3454,3.8729,3.9459,1.7791,1.7668,29.175,0.9,282.04,1,1,46.0375,38.225,0,,,
22/04/2025,22:30:00,12.4971,3.8492,3.9153,1.7546,1.7531,29.7188,0.921,272.44,1,1,50.2188,38.2188,0,,,
22/04/2025,23:00:00,12.4475,3.9214,3.9967,1.8134,1.8248,29.9625,0.92,282.92,1,1,46.5312,38.1937,0,,,
22/04/2025,23:30:00,12.3605,3.9262,3.9932,1.8106,1.8169,28.3062,2.958,281.02,1,0,49.75,38.1125,0,,,
23/04/2025,00:00:00,12.4443,3.9451,4.0181,1.8355,1.8357,29.3563,2.99,279.92,1,0,45.2625,38.1437,0,,,
23/04/2025,00:30:00,12.4996,3.9354,4.0085,1.8303,1.8272,29.8625,0.772,276.56,1,0,49.45,37.9312,0,,,
23/04/2025,01:00:00,12.4539,3.9241,3.9998,1.8091,1.8156,28.1688,0.743,282.28,1,0,45.3187,38.0625,0,,,
23/04/2025,01:30:00,12.609,3.9547,4.0251,1.8646,1.8489,28.8937,0.813,282.84,1,0,50.0187,38.0125,0,,,
23/04/2025,02:00:00,12.5322,3.9512,4.0199,1.8543,1.8454,30.5687,11.49,274.98,1,1,46.0375,38.1125,0,,,
23/04/2025,02:30:00,12.4838,3.9346,4.0033,1.8347,1.8305,28.9188,4.756,280.6,1,1,48.0562,38.05,0,,,
23/04/2025,03:00:00,12.581,3.9354,4.0024,1.8336,1.8182,28.8812,0.775,274.02,1,1,46.875,38.2062,0,,,
23/04/2025,03:30:00,12.5119,3.9324,3.9967,1.815,1.8095,27.9125,0.876,275.6,1,1,49.9937,38.15,0,,,
23/04/2025,04:00:00,12.4142,3.9201,3.9884,1.8137,1.8062,28.3062,6.684,281.76,1,0,45.5625,38.0875,0,,,
23/04/2025,04:30:00,12.6193,4.0089,4.0789,1.9014,1.906,31.0812,7.693,284.64,1,0,49.6875,38.0625,0,,,
23/04/2025,05:00:00,12.5702,3.8895,3.9612,1.8012,1.8001,28.9937,2.903,282.3,1,0,45.8812,38.025,0,,,
23/04/2025,05:30:00,12.4041,3.8746,3.9429,1.7977,1.7999,28.8937,0.899,274.08,1,0,50.1375,38.1125,0,,,
23/04/2025,06:00:00,12.5816,4.0732,4.1398,1.9134,1.9213,29.2188,0.738,287.28,1,0,46.6125,38.125,0,,,
23/04/2025,06:30:00,12.5965,4.1104,4.1782,1.9766,1.9736,29.3312,0.738,273.82,1,1,47.3625,38.2562,0,,,
23/04/2025,07:00:00,11.8199,2.5446,2.5796,1.2904,1.2817,29.4188,0.774,288,1,1,46.7812,38.175,0,,,
23/04/2025,07:30:00,12.5564,4.1734,4.2666,1.8874,1.9051,29.4625,0.696,291.92,1,1,49.7312,38.0938,0,,,
23/04/2025,08:00:00,12.236,3.592,3.6541,1.6673,1.6835,29.1,1.789,279.04,1,1,44.3312,37.9937,0,,,
23/04/2025,08:30:00,12.4084,4.0426,4.1139,1.8657,1.8845,28.3187,0.608,279.52,1,1,47.6625,37.9375,0,,,
23/04/2025,09:00:00,12.4569,4.0851,4.1572,1.9372,1.9425,28.4375,3.163,278.06,1,0,48.925,37.8062,0,,,
23/04/2025,09:30:00,12.4083,4.0151,4.0886,1.8469,1.8412,29.2188,8.118,283.6,1,0,49.3687,37.6312,0,,,
23/04/2025,10:00:00,11.7842,3.0149,3.0582,1.4074,1.4079,28.4062,0.791,293.52,1,0,49.5,37.4375,0,,,
23/04/2025,10:30:00,11.8777,2.5311,2.5661,1.2515,1.2412,29.15,0.655,293.48,1,0,49.4625,37.3187,0,,,
23/04/2025,11:00:00,11.7874,1.4986,1.527,0.8851,0.8967,28.3312,0.671,307.26,1,0,49.1625,37.1875,27.1,,,
23/04/2025,11:30:00,11.7665,1.9365,1.9684,1.3355,1.3304,28.925,3.691,273.06,1,1,48.85,37.0687,0,,,
23/04/2025,12:00:00,11.8381,1.9614,1.9951,1.3593,1.3624,28.3937,0.792,268.42,1,1,48.3438,36.825,0,,,
23/04/2025,12:30:00,11.8569,2.3057,2.3359,1.465,1.4626,29.3687,0.761,261.44,1,1,47.8812,36.6812,0,,,
23/04/2025,13:00:00,12.5643,4.4653,4.5646,2.1597,2.1667,29.2687,2.871,264.06,1,1,47,36.5875,0,,,
23/04/2025,13:30:00,12.4746,4.2041,4.2911,1.9685,1.9685,28.9875,2.241,274.92,1,1,46.3125,36.575,0,,,
23/04/2025,14:00:00,12.5225,4.1699,4.2579,1.9867,1.9882,30.5438,3.217,276.3,1,0,46.1625,36.4937,0,,,
23/04/2025,14:30:00,-0.1747,-0.0681,-0.0546,-0.0232,-0.0234,31.2812,0.93,273.7,1,0,42.0625,36.5938,100,,,
23/04/2025,15:00:00,-0.2017,-0.0777,-0.0664,-0.0232,-0.023,30.025,0.926,248.78,1,0,42.9,36.5062,100,,,
23/04/2025,15:30:00,-0.1495,-0.0471,-0.0371,-0.0232,-0.0232,30.8687,0.751,233.02,1,1,42.575,36.6688,100,,,
23/04/2025,16:00:00,-0.1514,-0.0511,-0.0414,-0.0232,-0.0228,30.6375,0.994,225.04,1,1,41.7937,36.6125,100,,,
23/04/2025,16:30:00,-0.1427,-0.0441,-0.0331,-0.0232,-0.0234,31.1187,1.037,217.9,1,1,41.5687,36.6312,100,,,
23/04/2025,17:00:00,-0.1385,-0.0419,-0.0314,-0.023,-0.023,31.725,1.052,211.26,1,1,42.5875,36.5812,100,,,
23/04/2025,17:30:00,-0.1381,-0.0458,-0.0349,-0.023,-0.023,30.65,1.062,204.84,1,1,41.8375,36.5938,100,,,
23/04/2025,18:00:00,-0.1658,-0.0406,-0.0274,-0.023,-0.023,32.2437,1.073,190.62,1,1,43.975,36.5875,100,,,
23/04/2025,18:30:00,-0.1695,-0.0393,-0.0287,-0.023,-0.0232,31.6875,1.42,177.36,1,1,45.9562,36.6437,100,,,
23/04/2025,19:00:00,-0.0981,-0.0034,0.0076,-0.0114,-0.0116,30.65,1.443,166.86,1,1,46.775,36.6,100,,,
23/04/2025,19:30:00,-0.0954,-0.0051,0.0054,-0.023,-0.0234,31.7812,1.435,157.82,1,1,47.4625,36.5687,100,,,
23/04/2025,20:00:00,-0.0896,-0.0082,0.0023,-0.0107,-0.0107,32.25,1.443,149.84,1,1,48.2062,36.55,100,,,
23/04/2025,20:30:00,-0.0824,-0.0029,0.0071,-0.023,-0.0232,32.6875,1.474,143.24,1,1,49.0812,36.5562,100,,,
23/04/2025,21:00:00,-0.0969,-0.0056,0.0054,-0.0116,-0.0116,32.3312,1.481,137.32,1,1,50,36.6187,100,,,
23/04/2025,21:30:00,-0.0867,-0.0043,0.0062,-0.0068,-0.0068,33.45,1.489,131.84,1,1,47.1625,36.6937,100,,,
23/04/2025,22:00:00,-0.0873,-0.0056,0.0049,-0.0175,-0.0179,33.0312,1.466,126.66,1,1,49.8375,36.7812,100,,,
23/04/2025,22:30:00,-0.0825,-0.0069,0.0036,-0.0098,-0.0103,32.3625,1.435,121.82,1,1,46.6,36.8125,100,,,
23/04/2025,23:00:00,-0.0833,-0.0073,0.0032,-0.0155,-0.0153,34.45,1.435,117.32,1,1,49.5,36.8875,100,,,
23/04/2025,23:30:00,-0.083,-0.0078,0.0041,-0.0155,-0.0157,33.4875,1.412,113.06,1,1,46.2437,36.9813,100,,,
24/04/2025,00:00:00,-0.0827,-0.0069,0.0041,-0.0219,-0.0217,31.8687,1.412,109.16,1,1,47.1875,36.8438,100,,,
24/04/2025,00:30:00,-0.0832,-0.0091,0.0023,-0.0131,-0.0127,32.075,1.404,105.62,1,1,48.9437,36.8375,100,,,
24/04/2025,01:00:00,-0.0942,-0.0038,0.0067,-0.0232,-0.0234,32.5375,1.42,102.52,1,1,50.0938,36.8438,100,,,
24/04/2025,01:30:00,-0.1006,-0.0056,0.0049,-0.0232,-0.023,32.3312,1.404,99.64,1,1,47.5625,36.8563,100,,,
24/04/2025,02:00:00,-0.0673,-0.0069,0.0041,-0.0118,-0.0118,34.3937,1.396,97.08,1,1,49.5312,36.85,100,,,
24/04/2025,02:30:00,-0.0647,-0.0086,0.001,-0.0066,-0.0074,33.1437,1.38,95.14,1,1,45.7875,36.9562,100,,,
24/04/2025,03:00:00,-0.0625,-0.0038,0.0062,-0.0136,-0.014,32.8563,1.364,93.24,1,1,48.9187,37.3563,100,,,
24/04/2025,03:30:00,-0.0628,-0.0069,0.0027,-0.0057,-0.0055,33.9375,1.364,91.7,1,1,48.425,37.3937,100,,,
24/04/2025,04:00:00,-0.0626,-0.0056,0.0045,-0.0147,-0.0149,32.525,1.348,89.9,1,1,45.6937,37.5625,100,,,
24/04/2025,04:30:00,-0.0601,-0.0069,0.0045,-0.0107,-0.0112,31.7188,1.323,88.08,1,1,45.4625,37.7313,100,,,
24/04/2025,05:00:00,-0.0628,-0.0082,0.0019,-0.0155,-0.0153,30.0562,1.314,86.34,1,1,45.2312,37.9562,100,,,
24/04/2025,05:30:00,-0.0635,-0.0078,0.0014,-0.0149,-0.0149,33.95,1.306,84.58,1,1,47.1625,38.2062,100,,,
24/04/2025,06:00:00,-0.0574,-0.0034,0.0071,0.0024,0.0026,36.0187,1.297,82.74,1,1,48.9688,38.4625,100,,,
24/04/2025,06:30:00,-0.0523,-0.0003,0.0102,-0.0011,-0.0015,33.4437,1.314,80.94,1,1,50.125,38.6937,100,,,
24/04/2025,07:00:00,-0.045,-0.0029,0.0106,-0.0232,-0.0232,32.2625,1.356,79.26,1,1,47.325,38.9437,100,,,
24/04/2025,07:30:00,-0.051,-0.0038,0.0089,-0.023,-0.023,32.0625,1.388,77.94,1,1,49.0312,39.2437,100,,,
24/04/2025,08:00:00,-0.0486,0.0019,0.0159,-0.023,-0.0232,30.5438,1.388,77.08,1,1,49.9062,39.4812,100,,,
24/04/2025,08:30:00,-0.0438,0.0014,0.0159,-0.023,-0.023,31.0125,1.323,75.86,1,1,45.0812,39.6062,100,,,
24/04/2025,09:00:00,-0.0566,0.001,0.0141,-0.023,-0.023,30.9188,1.372,74.36,1,1,46.95,39.625,100,,,
24/04/2025,09:30:00,-0.0531,-0.0008,0.0132,-0.023,-0.0232,29.35,1.42,72.72,1,1,47.4,39.6812,100,,,
24/04/2025,10:00:00,-0.0424,-0.0043,0.0102,-0.023,-0.023,30.6437,1.314,71.08,1,1,47.5812,39.6562,100,,,
24/04/2025,10:30:00,-0.0412,-0.0003,0.0115,-0.023,-0.023,29.9188,1.218,69.36,1,1,47.3812,39.7188,100,,,
24/04/2025,11:00:00,-0.0406,0.0019,0.0137,-0.023,-0.0232,29.4,1.152,67.7,1,1,47.075,39.6312,100,,,
24/04/2025,11:30:00,-0.0445,-0.0073,0.0027,-0.023,-0.023,29.5375,0.879,66.02,1,1,46.8125,39.5687,100,,,
24/04/2025,12:00:00,-0.0433,-0.0086,0.0054,-0.023,-0.0236,30.0187,0.916,64.3,1,1,46.4125,39.7125,100,,,
24/04/2025,12:30:00,-0.0407,0.001,0.0141,-0.0171,-0.0168,29.9188,0.916,62.68,1,1,45.7937,39.6937,100,,,
24/04/2025,13:00:00,-0.0373,0.0071,0.0181,-0.0184,-0.0203,29.4688,0.928,61.06,1,1,45.0938,39.7562,100,,,
24/04/2025,13:30:00,-0.0434,0.0045,0.0137,-0.0088,-0.0083,29.9437,0.916,59.54,1,1,44.5938,39.8438,100,,,
24/04/2025,14:00:00,-0.0477,-0.0038,0.0062,-0.0182,-0.0184,29.9562,0.916,58.14,1,1,44.4,39.775,100,,,
24/04/2025,14:30:00,-0.0416,0.001,0.0111,-0.0223,-0.0232,30.0438,0.916,56.82,1,1,44.2562,39.85,100,,,
24/04/2025,15:00:00,-0.0391,-0.0034,0.0071,-0.0173,-0.0175,29.975,0.916,55.64,1,1,44.25,40,100,,,
24/04/2025,15:30:00,-0.0441,-0.0082,0.0027,-0.0182,-0.0184,32.1937,0.916,54.44,1,1,44.2125,39.9875,100,,,
24/04/2025,16:00:00,-0.0406,-0.0056,0.0045,-0.0155,-0.0157,31.95,0.928,53.26,1,1,44.1312,40.1687,100,,,
24/04/2025,16:30:00,-0.0315,-0.0021,0.008,-0.0079,-0.0074,31.7938,0.916,52.14,1,1,43.7625,40.2125,100,,,
24/04/2025,17:00:00,-0.0333,-0.0029,0.0076,-0.0127,-0.0131,30.6812,0.928,51.06,1,1,43.3438,40.2375,100,,,
24/04/2025,17:30:00,-0.0955,-0.0012,0.0097,-0.0232,-0.023,31.675,0.916,50.02,1,1,43.1625,40.1687,100,,,
24/04/2025,18:00:00,-0.0891,-0.0056,0.0062,-0.023,-0.0236,29.9688,0.928,49.16,1,1,43.0125,40.0812,100,,,
24/04/2025,18:30:00,-0.0857,-0.0025,0.0097,-0.023,-0.0232,30.0312,0.928,48.3,1,1,42.8937,40.1625,100,,,
24/04/2025,19:00:00,-0.09,-0.0043,0.0067,-0.023,-0.0232,29.6625,0.916,47.46,1,1,42.8187,40.2875,100,,,
24/04/2025,19:30:00,-0.0845,-0.0073,0.0036,-0.023,-0.0232,31.2313,0.916,46.62,1,1,42.7062,40.4187,100,,,
24/04/2025,20:00:00,-0.0939,-0.006,0.0049,-0.023,-0.0236,32.0438,0.916,45.88,1,1,42.85,40.475,100,,,
24/04/2025,20:30:00,-0.0877,-0.0043,0.0058,-0.023,-0.0232,30.8,0.916,45.14,1,1,42.9125,40.6812,100,,,
24/04/2025,21:00:00,-0.0844,-0.006,0.0054,-0.023,-0.023,31.1625,0.928,44.48,1,1,42.95,40.875,100,,,
24/04/2025,21:30:00,-0.0775,-0.0051,0.0067,-0.023,-0.023,29.5062,0.928,43.84,1,1,42.8875,41.025,100,,,
24/04/2025,22:00:00,-0.0789,-0.0051,0.0054,-0.023,-0.0232,32.2,0.916,43.22,1,1,42.9937,41.1125,100,,,
24/04/2025,22:30:00,-0.0779,-0.0056,0.0049,-0.023,-0.0236,31.9312,0.916,42.62,1,1,42.8812,41.2188,100,,,
24/04/2025,23:00:00,-0.0776,-0.0051,0.0045,-0.023,-0.0232,31.725,0.904,42.08,1,1,42.975,41.3375,100,,,
24/04/2025,23:30:00,-0.0771,-0.0069,0.0032,-0.023,-0.0232,31.1437,0.916,41.5,1,1,42.9562,41.3812,100,,,
25/04/2025,00:00:00,-0.0746,-0.0056,0.0049,-0.023,-0.0232,29.9813,0.904,40.96,1,1,42.9312,41.4875,100,,,
25/04/2025,00:30:00,-0.0758,-0.0082,0.0027,-0.023,-0.0232,29.6625,0.904,40.44,1,1,42.875,41.5312,100,,,
25/04/2025,01:00:00,-0.0686,-0.0064,0.0041,-0.023,-0.023,32.2437,0.904,39.96,1,1,42.7188,41.5812,100,,,
25/04/2025,01:30:00,-0.0678,-0.0069,0.0032,-0.023,-0.023,32.3,0.892,39.54,1,1,42.5,41.425,100,,,
25/04/2025,02:00:00,-0.0641,-0.0064,0.0049,-0.023,-0.0232,32.2188,0.928,39.1,1,1,42.3875,41.4187,100,,,
25/04/2025,02:30:00,-0.0664,-0.0069,0.0032,-0.023,-0.0232,31.6,0.916,38.68,1,1,42.3062,41.4625,100,,,
25/04/2025,03:00:00,-0.0656,-0.0069,0.0027,-0.023,-0.023,30.9312,0.928,38.24,1,1,42.2625,41.4688,100,,,
25/04/2025,03:30:00,-0.063,-0.0082,0.0019,-0.023,-0.0232,31.6688,0.916,37.84,1,1,42.3125,41.5312,100,,,
25/04/2025,04:00:00,-0.0602,-0.006,0.0032,-0.023,-0.0236,31.525,0.904,37.42,1,1,42.225,41.5,100,,,
25/04/2025,04:30:00,-0.0592,-0.0064,0.0049,-0.023,-0.0232,31.4813,0.916,37.06,1,1,42.1812,41.4937,100,,,
25/04/2025,05:00:00,-0.0588,-0.006,0.0049,-0.023,-0.0232,30.575,0.928,36.7,1,1,42.1875,41.5312,100,,,
25/04/2025,05:30:00,-0.0603,-0.0091,0.001,-0.023,-0.023,29.45,0.916,36.34,1,1,42.1,41.425,100,,,
25/04/2025,06:00:00,-0.0551,-0.0056,0.0041,-0.023,-0.023,30.0312,0.916,35.98,1,1,41.95,41.4187,100,,,
25/04/2025,06:30:00,-0.0501,-0.0047,0.0067,-0.023,-0.0236,30.5625,0.904,35.68,1,1,41.8375,41.3438,100,,,
25/04/2025,07:00:00,-0.0438,-0.0012,0.0093,-0.023,-0.0232,31.1812,0.892,35.44,1,1,41.8562,41.2562,100,,,
25/04/2025,07:30:00,-0.009,-0.0012,0.0102,-0.023,-0.023,30.6312,0.916,35.34,1,1,41.7937,41.2188,100,,,
25/04/2025,08:00:00,-0.0075,-0.0082,0.0023,-0.023,-0.0232,29.85,0.904,35.26,1,1,41.7875,41.15,100,,,
25/04/2025,08:30:00,0.0092,0.0001,0.0132,-0.0052,-0.005,28.2875,0.916,35.08,1,1,41.7312,41.1,100,,,
25/04/2025,09:00:00,0.0289,0.0032,0.0154,0.0232,0.0232,29.375,1.123,35.06,1,1,41.6687,41.0187,100,,,
25/04/2025,09:30:00,0.0265,-0.0073,0.0027,0.0048,0.0048,29.4688,1.271,35.12,1,1,41.5125,40.8312,100,,,
25/04/2025,10:00:00,0.0263,-0.0012,0.0097,0.0109,0.0107,28.7437,1.209,35.14,1,1,41.1625,40.7375,100,,,
25/04/2025,10:30:00,0.0277,0.001,0.0115,0.0153,0.0151,28.875,1.162,35.08,1,1,40.8062,40.5125,100,,,
25/04/2025,11:00:00,0.031,-0.0003,0.0097,0.0039,0.0031,27.725,1.162,35.02,1,1,40.4437,40.3562,100,,,
25/04/2025,11:30:00,0.0258,-0.0012,0.0102,0.0118,0.012,29.0062,1.123,34.9,1,1,40.0875,40.1187,100,,,
25/04/2025,12:00:00,0.026,-0.006,0.0045,0.0088,0.0083,29.1063,1.093,34.82,1,1,39.7937,39.9437,100,,,
25/04/2025,12:30:00,0.0291,-0.0008,0.0106,0.0127,0.0118,28.2687,1.093,34.74,1,1,39.6125,39.7312,100,,,
25/04/2025,13:00:00,0.0263,-0.0047,0.0071,-0.0009,-0.0009,30.5562,1.041,34.64,1,1,39.3312,39.55,100,,,
25/04/2025,13:30:00,0.0286,0.0006,0.0111,0.0188,0.0192,28.2875,0.94,34.56,1,1,39.0938,39.3687,100,,,
25/04/2025,14:00:00,0.0302,0.0027,0.0141,0.0273,0.0271,29.4188,0.928,34.44,1,1,38.85,39.1937,100,,,
25/04/2025,14:30:00,0.0279,-0.0008,0.0115,0.0171,0.0175,29.9813,0.928,34.42,1,1,38.6688,39.1937,100,,,
25/04/2025,15:00:00,0.0286,-0.0012,0.0097,0.0182,0.0184,30.0187,0.916,34.4,1,1,38.6187,38.9937,100,,,
25/04/2025,15:30:00,0.0266,0.0001,0.0102,0.0221,0.0223,30.025,0.916,34.38,1,1,38.6063,38.7938,100,,,
25/04/2025,16:00:00,0.029,-0.0021,0.0089,0.0077,0.0074,30.6063,0.928,34.42,1,1,38.7687,38.7812,100,,,
25/04/2025,16:30:00,0.0277,-0.0003,0.0097,0.0308,0.0308,30.2062,0.94,34.48,1,1,38.7938,38.7313,100,,,
25/04/2025,17:00:00,0.0258,0.0006,0.0102,0.0245,0.0249,29.9875,0.928,34.5,1,1,38.8937,38.8312,100,,,
25/04/2025,17:30:00,0.0249,-0.0038,0.0067,0.0192,0.0192,30.6812,0.94,34.62,1,1,39.0062,38.775,100,,,
25/04/2025,18:00:00,0.0217,-0.0187,-0.0095,0.0059,0.0059,31.1063,0.952,34.76,1,1,39.15,38.775,100,,,
25/04/2025,18:30:00,0.021,-0.0108,0.0001,0.0188,0.019,31.2375,0.964,34.74,1,1,39.175,38.7687,100,,,
25/04/2025,19:00:00,0.0214,-0.0095,0.001,0.0223,0.0225,28.5125,0.94,34.7,1,1,39.2562,38.75,100,,,
25/04/2025,19:30:00,0.0241,-0.0056,0.0049,0.0249,0.0252,29.975,0.94,34.66,1,1,39.2625,38.6375,100,,,
25/04/2025,20:00:00,0.0271,-0.0029,0.0071,0.0256,0.0252,31.6688,0.928,34.62,1,1,39.1687,38.6625,100,,,
25/04/2025,20:30:00,-0.102,0.7749,0.7999,0.2949,0.2968,30.4813,0.952,34.62,1,1,39.1875,38.475,100,,,
25/04/2025,21:00:00,-0.0938,0.7736,0.7933,0.2931,0.2933,30.2313,0.94,34.6,1,1,39.15,38.4188,100,,,
25/04/2025,21:30:00,-0.1012,0.7566,0.7745,0.2892,0.2901,30.5312,0.928,34.58,1,1,39.1562,38.425,100,,,
25/04/2025,22:00:00,-0.0854,0.7487,0.771,0.282,0.2828,29.5375,0.94,34.56,1,1,39.1687,38.4625,100,,,
25/04/2025,22:30:00,-0.095,0.7216,0.7421,0.2618,0.2623,30.5812,0.916,34.6,1,1,39.2188,38.3438,100,,,
25/04/2025,23:00:00,-0.0841,0.7054,0.7294,0.2577,0.2579,29.6187,0.928,34.62,1,1,39.2188,38.3125,100,,,
25/04/2025,23:30:00,-0.0947,0.7054,0.7259,0.2492,0.25,30.7062,0.94,34.66,1,1,39.2875,38.2,100,,,
26/04/2025,00:00:00,-0.0826,0.7041,0.7233,0.2531,0.2522,30.4875,0.916,34.68,1,1,39.425,38.175,100,,,
26/04/2025,00:30:00,-0.0948,0.6752,0.6914,0.2292,0.229,27.7812,0.928,34.74,1,1,39.4312,38.0438,100,,,
26/04/2025,01:00:00,0.1015,1.9689,2.0135,0.7571,0.7602,29.9813,0.94,34.76,1,1,39.2875,37.9688,79.85,,,
26/04/2025,01:30:00,0.0393,1.8682,1.9081,0.684,0.6869,28.8687,0.94,34.78,1,1,39.0875,37.8125,79.85,,,
26/04/2025,02:00:00,0.1562,2.1434,2.1832,0.9229,0.9229,29.9688,2.869,197.82,1,1,38.8438,37.5875,79.85,,,
26/04/2025,02:30:00,0.152,2.2624,2.2983,0.9772,0.9982,30.1625,1.245,213.12,1,1,38.5625,37.4813,79.8438,,,
26/04/2025,03:00:00,0.1738,2.3814,2.4177,1.0981,1.0977,30.6437,0.854,214.86,1,1,38.25,37.2125,79.8312,,,
26/04/2025,03:30:00,0.1438,2.4418,2.4821,1.1469,1.1353,29.4562,1.133,212.6,1,1,38.0187,37.0375,79.8312,,,
26/04/2025,04:00:00,0.198,2.5451,2.584,1.2208,1.2228,30.6125,0.841,208.1,1,1,37.8687,36.6812,79.825,,,
26/04/2025,04:30:00,0.1457,2.6002,2.6321,1.2488,1.2677,31.1688,0.892,194.34,1,1,37.6875,36.5312,79.825,,,
26/04/2025,05:00:00,0.3038,2.6479,2.682,1.3431,1.3182,30.5938,1.03,176.12,1,1,37.7625,36.4,79.8187,,,
26/04/2025,05:30:00,0.0001,2.416,2.4672,1.0434,1.0358,29.4625,1.009,159.98,1,1,37.8187,36.225,79.8187,,,
26/04/2025,06:00:00,7.0423,2.6085,2.6509,1.3241,1.3088,29.4688,1.236,148.08,1,1,38.0375,35.9937,79.825,,,
26/04/2025,06:30:00,11.8185,1.8901,1.9059,0.9082,0.9026,29.9562,0.964,138.62,1,1,38.3062,35.9312,79.8187,,,
26/04/2025,07:00:00,11.8653,1.5721,1.5931,0.7831,0.7908,29.9188,0.975,130.72,1,1,38.675,35.875,79.8187,,,
26/04/2025,07:30:00,11.8311,1.1683,1.1836,0.5946,0.5854,29.0312,0.928,123.98,1,1,39.0687,35.8563,100,,,
26/04/2025,08:00:00,11.8068,1.3936,1.4176,0.824,0.8295,27.8375,0.975,118,1,1,39.4437,35.5687,100,,,
26/04/2025,08:30:00,12.053,1.4251,1.45,0.8866,0.8943,29.925,0.964,112.28,1,1,39.4688,35.4562,100,,,
26/04/2025,09:00:00,12.105,1.1039,1.1241,0.6549,0.6499,28.5187,1.02,107.42,1,1,39.4312,35.3062,100,,,
26/04/2025,09:30:00,12.0052,0.8572,0.8791,0.5038,0.5084,29.4188,0.975,103.22,1,1,39.1625,35.1562,100,,,
26/04/2025,10:00:00,11.8668,1.3909,1.4058,0.8967,0.8822,29.6063,7.572,225.24,1,1,39.025,35.05,98.3937,,,
26/04/2025,10:30:00,11.7967,1.5537,1.5686,0.9607,0.9629,28.9,2.309,225.7,0,1,38.8375,34.9813,65.1812,,,
26/04/2025,11:00:00,11.708,1.7457,1.7716,1.0658,1.0684,28.3312,2.572,270.46,0,1,38.7375,34.9125,51.6187,,,
26/04/2025,11:30:00,11.8713,1.7156,1.7366,1.0618,1.0668,29.9562,0.81,285.74,0,1,38.6875,34.7625,49.875,,,
26/04/2025,12:00:00,11.8023,1.7335,1.7554,1.0854,1.0837,29.8,0.845,274.12,0,1,38.725,34.7,48.6062,,,
26/04/2025,12:30:00,11.699,1.8459,1.8722,1.176,1.1707,28.3187,0.758,265.04,0,1,38.6375,34.6,43.9312,,,
26/04/2025,13:00:00,11.8621,1.8696,1.8901,1.1933,1.1911,29.4875,0.772,264.08,1,1,38.7812,34.4312,44.425,,,
26/04/2025,13:30:00,11.7878,1.8766,1.9002,1.2248,1.2112,27.7812,0.771,264.82,1,1,38.8062,34.3625,45.0812,,,
26/04/2025,14:00:00,11.7551,1.8359,1.8577,1.1896,1.1863,29.7313,2.105,270.26,1,1,38.7375,34.3937,44.2625,,,
26/04/2025,14:30:00,11.7682,1.8626,1.8822,1.197,1.1977,30.9437,3.145,274.44,1,0,38.6437,34.3625,43.6375,,,
26/04/2025,15:00:00,11.8311,1.8626,1.8822,1.1994,1.1948,28.3125,3.509,273.86,1,0,38.4875,34.3062,44.0187,,,
26/04/2025,15:30:00,11.8545,1.8656,1.8888,1.2092,1.1992,29.7375,1.134,265.46,1,0,38.4375,34.2938,44.2375,,,
26/04/2025,16:00:00,11.7528,2.4252,2.465,1.4243,1.4182,30.025,0.872,257.86,1,0,38.3937,34.1875,36.9437,,,
26/04/2025,16:30:00,12.3489,2.8325,2.8636,1.4814,1.4871,30.35,2.339,296.82,1,1,38.4437,34.2125,7.0687,,,
26/04/2025,17:00:00,12.2967,2.8679,2.9047,1.4785,1.4838,30.475,4.594,313.72,1,1,38.4875,34.2437,0,,,
26/04/2025,17:30:00,12.6451,4.7159,4.8078,2.3494,2.3472,29.975,6.35,306.32,1,1,38.6437,34.2,0,,,
26/04/2025,18:00:00,12.4708,4.5204,4.621,2.1906,2.1796,28.3375,6.341,294.18,1,1,38.825,34.2375,0,,,
26/04/2025,18:30:00,12.4835,4.5283,4.6267,2.2048,2.1836,28.1688,22.741,293.92,1,0,39.35,34.35,0,,,
26/04/2025,19:00:00,12.4476,4.3992,4.4937,2.0982,2.1063,28.2875,12.177,294.96,1,0,40.075,34.3563,0,,,
26/04/2025,19:30:00,12.34,4.4084,4.5016,2.137,2.1335,30.6063,11.122,294.86,1,0,41.1687,34.5375,0,,,
26/04/2025,20:00:00,12.3587,4.3388,4.4281,2.0976,2.0963,29.4562,1.27,294.02,1,0,42.0687,34.5875,0,,,
26/04/2025,20:30:00,12.3178,4.0557,4.1306,1.9375,1.9368,29.275,0.775,286.44,1,0,42.8438,34.6437,0,,,
26/04/2025,21:00:00,12.1899,4.138,4.2189,1.9926,1.9928,29.4062,0.985,276.86,1,1,43.725,34.5625,0,,,
26/04/2025,21:30:00,12.3743,4.1061,4.1756,1.9725,1.9755,28.3312,0.476,267.92,1,1,44.6812,34.6937,0,,,
26/04/2025,22:00:00,12.2923,4.0693,4.1437,1.9418,1.9372,28.3438,0.899,264,1,1,45.5938,34.6437,0,,,
26/04/2025,22:30:00,12.1808,4.0579,4.1306,1.9292,1.9342,28.3438,0.932,262.66,1,1,46.35,34.75,0,,,
26/04/2025,23:00:00,12.2211,4.082,4.1507,1.9462,1.9517,29.0375,0.573,260.4,1,1,47.0938,34.6812,0,,,
26/04/2025,23:30:00,12.3443,4.1126,4.1874,1.9561,1.9561,29.2313,0.909,274.2,1,1,48.075,34.8563,0,,,
27/04/2025,00:00:00,12.3167,4.1144,4.187,1.9688,1.9685,30.1,0.763,259.4,1,1,48.9437,34.8062,0,,,
27/04/2025,00:30:00,12.2087,4.0986,4.1686,1.9495,1.9572,29.175,0.432,270.8,1,1,49.9375,35.075,0,,,
27/04/2025,01:00:00,12.2752,4.1966,4.2811,2.0184,2.0031,29.6187,0.739,285.74,1,1,46.5875,35.1063,0,,,
27/04/2025,01:30:00,12.2934,4.0868,4.1607,1.9618,1.9556,29.0812,0.99,280.56,1,1,49.4812,35.3375,0,,,
27/04/2025,02:00:00,12.2641,4.1559,4.2312,1.9823,1.9814,30.3875,1.042,283.12,1,1,44.7812,35.4437,0,,,
27/04/2025,02:30:00,12.3036,4.1284,4.2054,1.9908,1.9946,29.3625,1.055,279.8,1,1,49.35,35.4937,0,,,
27/04/2025,03:00:00,12.3535,4.1901,4.2684,2.0215,2.0153,29.45,5.151,278.96,1,1,44.8438,35.5062,0,,,
27/04/2025,03:30:00,12.3126,4.1017,4.1852,1.9615,1.9558,28.9125,0.902,271.3,1,1,49.4937,35.6562,0,,,
27/04/2025,04:00:00,12.4311,4.1428,4.2141,2.0042,2.0044,29.9375,3.256,273.74,1,0,45.0437,35.75,0,,,
27/04/2025,04:30:00,12.4,4.0991,4.1726,1.9677,1.9727,29.9625,3.223,276.24,1,0,49.6312,35.7313,0,,,
27/04/2025,05:00:00,12.3387,4.0566,4.1253,1.9368,1.9335,29.4125,3.193,276.52,1,0,44.5687,35.7125,0,,,
27/04/2025,05:30:00,12.5559,4.0426,4.1157,1.9121,1.9119,29.8937,3.801,272.22,1,0,49.4062,35.6625,0,,,
27/04/2025,06:00:00,12.4835,4.0291,4.0991,1.9521,1.9572,29.9688,0.741,269.4,1,0,44.8125,35.6875,0,,,
27/04/2025,06:30:00,12.5146,4.0339,4.1153,1.9027,1.8972,29.3937,5.591,277.42,1,1,49.7312,35.7313,0,,,
27/04/2025,07:00:00,12.0413,3.4852,3.5351,1.6115,1.6177,28.325,2.522,271,1,1,45.9937,35.825,0,,,
27/04/2025,07:30:00,11.827,2.4011,2.4418,1.1697,1.1535,28.7,3.495,285.42,1,1,45.5875,35.9125,0,,,
27/04/2025,08:00:00,11.8032,1.7379,1.7702,1.0526,1.0485,28.3312,6.159,300.44,1,1,48.2562,35.9937,23.3562,,,
27/04/2025,08:30:00,11.683,1.8398,1.8709,1.2372,1.237,29.3375,0.749,260.84,1,1,43,35.9937,0,,,
27/04/2025,09:00:00,11.8523,1.8774,1.9059,1.3202,1.3114,28.3375,3.321,269.08,1,0,48.2625,36.0187,0,,,
27/04/2025,09:30:00,11.7648,1.9212,1.9474,1.33,1.3258,28.8062,3.204,270.66,1,0,43.1875,36.0375,6.35,,,
27/04/2025,10:00:00,11.7399,1.9229,1.9514,1.3372,1.332,29.875,0.676,267.46,1,0,46.7188,36.0125,6.6437,,,
27/04/2025,10:30:00,11.8368,1.9527,1.9811,1.33,1.3282,28.8,0.791,256.18,1,0,48.6375,36.0438,5.95,,,
27/04/2025,11:00:00,11.771,1.9728,2.0004,1.3099,1.3136,28.3187,0.732,249.28,1,0,49.3125,36.0625,7.95,,,
27/04/2025,11:30:00,11.7516,2.1303,2.1574,1.4389,1.4389,28.3438,0.709,245.06,1,1,49.5125,35.9437,8.7812,,,
27/04/2025,12:00:00,11.8359,1.9759,2.0056,1.3219,1.3182,29.3625,0.741,242.34,1,1,49.4688,35.925,8.8,,,
27/04/2025,12:30:00,11.7814,2.1347,2.1601,1.3744,1.3578,29.85,0.743,240.08,1,1,49.4187,35.8187,8.875,,,
27/04/2025,13:00:00,11.7154,2.2029,2.2226,1.4171,1.4212,29.9375,0.733,236.86,1,1,49.125,35.8563,11.2,,,
27/04/2025,13:30:00,11.8935,2.1924,2.2161,1.4009,1.3976,29.3187,2.292,239.56,1,1,48.6687,35.8875,11.1375,,,
27/04/2025,14:00:00,11.8384,2.1364,2.1605,1.4435,1.4475,29.2875,3.123,240.72,1,0,48.2687,35.8062,15.3375,,,
27/04/2025,14:30:00,11.725,2.0507,2.0721,1.3893,1.3917,29.4,3.496,238.92,1,0,47.9125,35.825,20.2062,,,
27/04/2025,15:00:00,11.7675,2.0927,2.1128,1.4367,1.4326,28.3187,0.677,233.82,1,0,47.55,35.7,22.7687,,,
27/04/2025,15:30:00,11.8448,2.1303,2.157,1.5022,1.5017,29.9188,0.69,235.7,1,0,47.2312,35.7687,19.4937,,,
27/04/2025,16:00:00,11.7943,2.1006,2.1242,1.4177,1.4206,29.6312,0.695,231.1,1,1,47.2125,35.8875,20.3562,,,
27/04/2025,16:30:00,11.8372,2.9646,3.0001,1.3954,1.388,30.5625,0.653,277.56,1,1,47.2625,35.975,0,,,
27/04/2025,17:00:00,12.7534,3.9669,4.0431,1.8659,1.8679,29.3937,0.93,282.4,1,1,47.3875,35.9562,0,,,
27/04/2025,17:30:00,12.7757,4.1402,4.2207,1.9068,1.9095,28.9625,0.648,283.84,1,1,47.9375,36.125,0,,,
27/04/2025,18:00:00,12.4596,4.0964,4.1778,1.8992,1.9125,29.4562,0.827,279.94,1,1,48.3,36.1562,0,,,
27/04/2025,18:30:00,12.6277,4.0794,4.1612,1.8963,1.8977,27.7562,3.088,282.42,1,0,48.7562,36.2062,0,,,
27/04/2025,19:00:00,12.6271,4.0159,4.0951,1.8791,1.8841,29.375,3.099,282.58,1,0,49.1312,36.3312,0,,,
27/04/2025,19:30:00,12.7615,3.9858,4.0684,1.8694,1.8784,29.6187,3.091,279.14,1,0,49.3062,36.2625,0,,,
27/04/2025,20:00:00,12.6827,4.0649,4.1428,1.9138,1.9176,28.2313,0.881,270.26,1,0,49.4812,36.2625,0,,,
27/04/2025,20:30:00,12.6254,3.9311,4.0076,1.8307,1.8209,29.3687,0.51,275.46,1,0,49.7812,36.2062,0,,,
27/04/2025,21:00:00,12.7969,4.0435,4.1179,1.8745,1.8767,29.4188,0.517,264.22,1,1,49.9937,36.2,0,,,
27/04/2025,21:30:00,12.6644,3.9669,4.0426,1.8277,1.8301,29.9688,9.033,280.42,1,1,44.825,36.1562,0,,,
27/04/2025,22:00:00,12.8083,4.0466,4.1223,1.9029,1.897,28.3375,0.582,271.22,1,1,48.2625,36.1312,0,,,
27/04/2025,22:30:00,12.6925,4.0015,4.0759,1.7999,1.8005,27.7125,1.96,267.84,1,1,49.7937,36.0562,0,,,
27/04/2025,23:00:00,12.6061,4.0076,4.0833,1.8283,1.827,28.2938,3.286,274.98,1,0,44.575,36.0187,0,,,
27/04/2025,23:30:00,12.7673,4.0461,4.117,1.8972,1.8979,28.7,2.976,275.94,1,0,48.5812,36.0187,0,,,
28/04/2025,00:00:00,12.8166,4.0754,4.1463,1.9112,1.9257,28.2875,3.767,280.68,1,0,43.4312,35.95,0,,,
28/04/2025,00:30:00,12.5928,4.0282,4.1039,1.848,1.853,27.15,2.418,276.6,1,0,46.9375,36.075,0,,,
28/04/2025,01:00:00,12.7336,4.1306,4.1971,1.9753,1.9653,28.2938,17.572,278,1,0,50.0375,36.075,0,,,
28/04/2025,01:30:00,12.8195,4.1017,4.18,1.888,1.902,27.925,16.832,282.9,1,1,45.8875,36.05,0,,,
28/04/2025,02:00:00,12.6077,4.1196,4.1927,1.8924,1.8979,28.8062,5.453,282.28,1,1,49.7937,36.2125,0,,,
28/04/2025,02:30:00,12.7394,4.1065,4.1844,1.8974,1.8889,29.775,0.877,274.9,1,1,45.7875,36.3,0,,,
28/04/2025,03:00:00,12.8021,4.1253,4.2023,1.8773,1.8753,28.3438,0.632,266.46,1,1,49.9937,36.4813,0,,,
28/04/2025,03:30:00,12.7353,4.1844,4.2579,1.8937,1.8878,28.6562,0.706,264.24,1,1,46.4625,36.4562,0,,,
28/04/2025,04:00:00,12.7231,4.1004,4.1822,1.8751,1.871,28.05,3.04,274.8,1,0,49.6437,36.7625,0,,,
28/04/2025,04:30:00,12.7715,4.0982,4.1691,1.8872,1.881,29.2,3.294,276.58,1,0,47.2687,36.7938,0,,,
28/04/2025,05:00:00,12.7008,4.0304,4.1113,1.8677,1.8618,29.9312,2.96,276.8,1,0,44.1937,36.9813,0,,,
28/04/2025,05:30:00,12.618,4.1131,4.1852,1.9001,1.9036,29.8375,0.803,269.68,1,0,47.6375,37.1312,0,,,
28/04/2025,06:00:00,12.7885,4.1148,4.1901,1.9143,1.9211,29.425,0.882,259.24,1,0,42.7062,37.2562,0,,,
28/04/2025,06:30:00,12.7664,4.1153,4.1852,1.8666,1.8784,29.9188,0.861,279.4,1,1,48.6875,37.3687,0,,,
28/04/2025,07:00:00,12.645,4.047,4.1271,1.829,1.8102,29.3,0.822,285,1,1,44.1937,37.4,0,,,
28/04/2025,07:30:00,12.8036,4.1616,4.2369,1.8618,1.8721,29.4188,0.973,271.08,1,1,49.625,37.6187,0,,,
28/04/2025,08:00:00,12.707,4.1629,4.2382,1.8104,1.8088,30.5875,0.864,265.9,1,1,46.1312,37.6937,0,,,
28/04/2025,08:30:00,12.032,3.4804,3.5347,1.5389,1.5369,28.4813,0.729,268.4,1,1,43.85,37.7188,0,,,
28/04/2025,09:00:00,11.8616,2.4759,2.5131,1.167,1.1576,29.4188,2.982,292.14,1,0,47.9562,37.6937,0,,,
28/04/2025,09:30:00,11.853,2.2427,2.2756,1.1095,1.097,27.1187,2.835,306.56,1,0,43.5562,37.6125,0.0062,,,
28/04/2025,10:00:00,11.7759,1.6701,1.7007,1.1204,1.118,29.9688,0.822,262.18,1,0,46.275,37.5875,17.8687,,,
28/04/2025,10:30:00,11.8372,1.9662,2.0008,1.2989,1.3024,29.4,0.792,255.36,1,0,48.4688,37.4375,0.0062,,,
28/04/2025,11:00:00,11.8241,2.038,2.0656,1.3385,1.3438,29.3687,0.785,249.38,1,0,49.0938,37.2938,4.4375,,,
28/04/2025,11:30:00,11.8001,1.9597,1.9912,1.2407,1.2467,30.55,0.749,246.7,1,1,49.0812,37.1375,11.25,,,
28/04/2025,12:00:00,11.8213,2.0253,2.059,1.2836,1.2913,28.1812,0.752,244.38,1,1,48.9437,37.0625,16.075,,,
28/04/2025,12:30:00,11.8043,2.0183,2.0463,1.2707,1.2508,28.3062,0.832,242.24,1,1,48.6,37.0438,17.425,,,
28/04/2025,13:00:00,11.7751,2.1443,2.1666,1.3234,1.3239,30.1937,0.893,240.5,1,1,48.2312,36.8,18.9062,,,
28/04/2025,13:30:00,11.7389,2.1277,2.1513,1.2913,1.2749,30.6125,2.441,244.8,1,1,47.8937,36.825,19.05,,,
28/04/2025,14:00:00,11.7685,1.9264,1.9571,1.2537,1.2368,29.4437,3.167,247.48,1,0,47.55,36.625,22.3062,,,
28/04/2025,14:30:00,11.7925,2.0166,2.0454,1.3525,1.3602,28.3438,3.054,242.08,1,0,47.1937,36.5625,25.7312,,,
28/04/2025,15:00:00,11.7657,1.9181,1.9527,1.2941,1.2878,29.2875,0.721,234.92,1,0,46.9625,36.5125,28.2,,,
28/04/2025,15:30:00,11.8957,2.094,2.1229,1.4098,1.4138,29.3625,0.649,229.68,1,0,46.7188,36.45,27.9062,,,
28/04/2025,16:00:00,11.808,1.9636,1.9872,1.0828,1.083,29.5125,0.847,230.26,1,1,46.5375,36.4437,32.6312,,,
28/04/2025,16:30:00,11.7572,2.7463,2.7774,1.2609,1.2504,29.925,0.621,281.88,1,1,46.35,36.3563,0,,,
28/04/2025,17:00:00,13.0065,4.0833,4.1603,1.8053,1.8123,28.1063,0.813,283.56,1,1,46.35,36.3,0,,,
28/04/2025,17:30:00,12.8366,4.0938,4.173,1.827,1.8121,28.3125,0.872,279.36,1,1,46.4937,36.2562,0,,,
28/04/2025,18:00:00,12.6764,4.0133,4.0877,1.7668,1.7762,28.7375,0.794,279.44,1,1,46.8937,36.3563,0,,,
28/04/2025,18:30:00,12.8512,4.1992,4.2815,1.9416,1.9519,29.975,2.9,282.16,1,0,47.2562,36.3312,0,,,
28/04/2025,19:00:00,12.8765,4.1463,4.2259,1.9128,1.9075,29.4,2.938,279.64,1,0,47.6437,36.4125,0,,,
28/04/2025,19:30:00,12.7373,4.0081,4.0881,1.8018,1.8069,28.3812,2.969,280.7,1,0,47.9187,36.3375,0,,,
28/04/2025,20:00:00,12.8816,4.1336,4.2093,1.9215,1.9189,28.8438,0.87,270.7,1,0,48.375,36.2812,0,,,
28/04/2025,20:30:00,12.8383,4.1258,4.1988,1.832,1.8272,29.475,0.721,262.36,1,0,48.9125,36.3875,0,,,
28/04/2025,21:00:00,12.6574,4.0496,4.1279,1.7642,1.7714,28.8875,0.875,276.1,1,1,49.5687,36.4437,0,,,
28/04/2025,21:30:00,12.8269,4.1704,4.2504,1.9086,1.9117,29.9625,1.019,264.72,1,1,42.5125,36.4375,0,,,
28/04/2025,22:00:00,12.725,4.1188,4.1896,1.8167,1.8224,28.2938,0.501,259.28,1,1,47.2188,36.6063,0,,,
28/04/2025,22:30:00,12.8322,4.2583,4.3384,1.925,1.9302,27.7562,11.063,265.66,1,1,49.6312,36.6625,0,,,
28/04/2025,23:00:00,12.7125,4.1782,4.2592,1.8454,1.8524,28.275,0.991,272.2,1,1,44.8125,36.7062,0,,,
28/04/2025,23:30:00,12.9278,4.2106,4.2907,1.9322,1.9298,28.2938,11.87,280.32,1,0,49.0687,36.825,0,,,
29/04/2025,00:00:00,12.7823,4.0365,4.1144,1.8224,1.8058,28.5375,3.162,280.86,1,0,44.5625,36.9,0,,,
29/04/2025,00:30:00,12.7473,4.1196,4.1874,1.8618,1.8642,29.45,0.673,271.4,1,0,49.1437,36.9813,0,,,
29/04/2025,01:00:00,12.8698,4.0872,4.166,1.8513,1.8561,28.8125,0.873,278.18,1,0,44.7562,37.0938,0,,,
29/04/2025,01:30:00,12.9263,4.0855,4.1616,1.806,1.8071,29.4188,0.746,278.48,1,0,49.4437,37.0438,0,,,
29/04/2025,02:00:00,12.7574,4.1332,4.2028,1.8126,1.815,29.3625,17.401,281.52,1,1,45.5125,37.0438,0,,,
29/04/2025,02:30:00,12.9822,4.2115,4.2815,1.8913,1.8902,29.3937,17.302,286.02,1,1,50.275,37.1562,0,,,
29/04/2025,03:00:00,12.9572,4.1765,4.2526,1.8292,1.8233,28.3125,0.625,275.96,1,1,46.7562,37.2625,0,,,
29/04/2025,03:30:00,12.9712,4.2741,4.3502,1.8815,1.8898,28.2375,0.675,268.06,1,1,43.3562,37.3125,0,,,
29/04/2025,04:00:00,12.9834,4.2351,4.3174,1.8723,1.8751,29.3375,3.215,271.52,1,0,48.625,37.375,0,,,
29/04/2025,04:30:00,13.0073,4.1437,4.2176,1.8611,1.862,29.4688,3.343,274.76,1,0,44.5938,37.4875,0,,,
29/04/2025,05:00:00,12.9294,4.1231,4.2076,1.8373,1.8325,29.775,3.216,284.66,1,0,49.775,37.5125,0,,,
29/04/2025,05:30:00,12.8264,4.1607,4.2369,1.8707,1.8598,28.9125,0.951,273.04,1,0,46.2687,37.6063,0,,,
29/04/2025,06:00:00,12.9609,4.0606,4.1205,1.8088,1.8134,28.2875,0.639,277.08,1,0,43.9625,37.7,0,,,
29/04/2025,06:30:00,12.9516,4.0802,4.1564,1.7907,1.7876,28.35,0.665,262.68,1,1,48.475,37.7062,0,,,
29/04/2025,07:00:00,12.876,4.1196,4.1927,1.7887,1.794,28.3125,3.609,263.58,1,1,44.2062,37.8312,0,,,
29/04/2025,07:30:00,12.973,4.2154,4.2894,1.8795,1.8697,29.925,5.431,275.3,1,1,49.9,37.8187,0,,,
29/04/2025,08:00:00,12.6868,3.8851,3.9529,1.6583,1.668,29.7188,0.872,269.14,1,1,46.7937,38.0062,0,,,
29/04/2025,08:30:00,11.7479,2.1491,2.1797,1.0248,1.0227,29.8563,0.821,262.86,1,1,43.325,38.1187,0,,,
29/04/2025,09:00:00,11.9517,2.4519,2.4799,1.0977,1.099,29.7313,3.486,297.5,1,0,48.925,38.1187,0,,,
29/04/2025,09:30:00,11.8061,1.5187,1.5445,0.9809,0.978,28.3625,2.981,266.46,1,0,45.4187,38.1375,17.1937,,,
29/04/2025,10:00:00,11.6955,1.9313,1.9697,1.2613,1.2607,29.375,0.691,265.78,1,0,49.7937,38.1125,0,,,
29/04/2025,10:30:00,11.8941,2.0787,2.1062,1.409,1.4107,29.3625,0.741,254.7,1,0,45.9,38.1812,4.2,,,
29/04/2025,11:00:00,11.8234,2.0236,2.0503,1.3265,1.3282,28.275,0.758,250.86,1,0,49.1312,38.075,10.2312,,,
29/04/2025,11:30:00,11.7131,1.9977,2.0336,1.2985,1.2974,28.3937,0.613,249.52,1,1,43.2125,37.9562,14.7125,,,
29/04/2025,12:00:00,11.9011,2.0774,2.1036,1.3569,1.3484,28.8125,0.692,247.6,1,1,45.5375,37.9,13.3625,,,
29/04/2025,12:30:00,11.7793,2.1058,2.1294,1.3543,1.3471,28.8687,0.68,245.66,1,1,47.5125,37.7313,11.55,,,
29/04/2025,13:00:00,11.6497,2.1395,2.1662,1.3633,1.3637,29.3438,0.725,244.02,1,1,48.3812,37.65,12.5125,,,
29/04/2025,13:30:00,11.8523,2.2467,2.2756,1.4367,1.4367,30.5687,2.266,248.04,1,1,48.3875,37.5875,13.8312,,,
29/04/2025,14:00:00,11.8431,2.0599,2.0857,1.3433,1.358,28.325,3.047,248.3,1,0,47.7687,37.5062,18.5812,,,
29/04/2025,14:30:00,11.8039,2.0354,2.0608,1.3633,1.3674,29.9688,3.143,247.24,1,0,46.9187,37.3812,23.4812,,,
29/04/2025,15:00:00,11.8103,2.0218,2.0507,1.3615,1.3648,29.7375,19.542,244.38,1,0,45.9937,37.1875,25.0125,,,
29/04/2025,15:30:00,11.8922,2.1832,2.2112,1.4801,1.4827,29.9188,0.934,243.38,1,0,45.275,37.0625,19.7312,,,
29/04/2025,16:00:00,11.9559,2.997,3.0399,1.4713,1.4757,29.475,0.538,235.24,1,1,44.6,36.9813,0.025,,,
29/04/2025,16:30:00,11.7553,2.7336,2.7599,1.2254,1.2095,29.925,0.959,241.34,1,1,44.0562,36.775,0,,,
29/04/2025,17:00:00,13.3485,4.6459,4.7417,2.0584,2.0595,28.3937,3.778,280.1,1,1,43.6312,36.6812,0,,,
29/04/2025,17:30:00,12.9383,4.2006,4.2793,1.8287,1.8309,28.8062,9.455,277.16,1,1,43.2062,36.5625,0,,,
29/04/2025,18:00:00,11.7331,2.6448,2.6833,1.1907,1.1933,27.7,5.887,284.9,1,1,43,36.3563,0,,,
29/04/2025,18:30:00,11.8475,1.9536,1.9754,1.0553,1.059,29.3125,3.2,290.82,1,0,42.9562,36.3125,22.4562,,,
29/04/2025,19:00:00,11.8005,1.8884,1.9194,1.2355,1.2206,29.95,2.955,266.5,1,0,43.1375,36.1875,21.95,,,
29/04/2025,19:30:00,11.7425,2.2607,2.2861,1.1038,1.1051,29.3125,3.04,297.22,1,0,43.6437,36.0375,14.7812,,,
29/04/2025,20:00:00,11.9299,2.5608,2.5853,1.2023,1.2073,29.4188,16.756,300.16,1,0,44.1937,35.9375,4.5625,,,
29/04/2025,20:30:00,13.0042,4.0925,4.1651,1.7305,1.7395,29.8,0.568,290.58,1,0,44.975,35.8,0,,,
29/04/2025,21:00:00,12.9185,4.2058,4.2872,1.8703,1.855,28.4125,0.966,276.56,1,1,45.7937,35.8563,0,,,
29/04/2025,21:30:00,12.9904,4.1997,4.2732,1.8086,1.8156,30.55,0.893,269.14,1,1,46.4688,35.7875,0,,,
29/04/2025,22:00:00,13.0022,4.2627,4.3366,1.829,1.8309,28.725,0.96,264.68,1,1,47.0062,35.7938,0,,,
29/04/2025,22:30:00,12.8732,4.327,4.4053,1.8489,1.8583,28.3687,5.446,278.58,1,1,47.3625,35.775,0,,,
29/04/2025,23:00:00,13.0425,4.3366,4.404,1.8915,1.9029,29.4125,0.41,270.08,1,1,47.775,35.6312,0,,,
29/04/2025,23:30:00,12.9717,4.2811,4.3576,1.8616,1.8469,28.7437,2.832,280.48,1,0,48.5437,35.675,0,,,
30/04/2025,00:00:00,11.9685,1.3962,1.4189,0.7842,0.7932,29.4,0.766,269.88,1,0,49.2937,35.7812,57.675,,,
30/04/2025,00:30:00,12.3929,1.4119,1.436,0.861,0.8641,28.8563,0.845,250.06,1,1,49.4812,35.7812,62.0312,,,
30/04/2025,01:00:00,12.6246,1.4115,1.4281,0.7691,0.7687,29.375,0.776,235.48,1,1,46.35,35.9375,74.3687,,,
30/04/2025,01:30:00,12.4603,1.4395,1.4561,0.7851,0.7849,28.2938,18.35,272.24,1,1,49.1,36,70.2375,,,
30/04/2025,02:00:00,11.9835,1.5861,1.6145,0.9649,0.9634,30.025,0.761,275.42,1,1,43.0062,36.1937,53.5,,,
30/04/2025,02:30:00,11.8182,1.6626,1.6867,0.9301,0.9308,29.3937,1.081,259.28,1,1,47.6562,36.3312,51.0125,,,
30/04/2025,03:00:00,11.9727,2.1666,2.1942,1.1309,1.1338,29.9062,0.719,236.3,1,1,49.7812,36.4375,58.825,,,
30/04/2025,03:30:00,13.1389,3.4424,3.4774,1.5662,1.5606,29.45,8.602,310.36,1,1,45.4437,36.5,10.425,,,
30/04/2025,04:00:00,12.0461,2.045,2.0734,1.0903,1.0824,28.7437,20.329,320.04,1,0,49.225,36.5562,56.2188,,,
30/04/2025,04:30:00,13.0121,3.2009,3.2368,1.4794,1.4941,28.8875,2.927,315.4,1,0,44.1,36.7313,6.5688,,,
30/04/2025,05:00:00,12.9718,3.0989,3.1405,1.4958,1.4941,28.8563,2.526,311.92,1,0,48.6125,36.775,16.3937,,,
30/04/2025,05:30:00,12.9443,2.9852,3.0198,1.4022,1.4022,27.9437,0.849,301.56,1,0,42.825,36.9125,20.2312,,,
30/04/2025,06:00:00,12.8129,3.0989,3.1392,1.4575,1.4617,28.8062,1.009,311.36,1,0,48.2188,37.0125,18.4688,,,
30/04/2025,06:30:00,12.7472,2.8014,2.8342,1.3447,1.3223,29.4688,0.636,299.36,1,1,42.4688,36.9188,18.2125,,,
30/04/2025,07:00:00,11.818,1.4373,1.4548,0.8918,0.8752,29.9437,0.704,297.24,1,1,47.8875,37.0125,77.4062,,,
30/04/2025,07:30:00,11.6317,1.8801,1.8971,1.1515,1.1458,29.3187,0.819,265.56,1,1,43.5437,37.1,37.4,,,
30/04/2025,08:00:00,11.9578,1.8083,1.8302,1.062,1.0655,29.2812,17.704,263.34,1,1,47.3,37.1625,49.8375,,,
30/04/2025,08:30:00,11.8885,1.7178,1.7409,0.9892,0.9811,28.3125,0.627,253.18,1,1,50.1937,37.2,52.5687,,,
30/04/2025,09:00:00,11.6643,1.7169,1.737,0.9785,0.9785,28.4062,3.283,251.3,1,0,46.3,37.2875,51.6,,,
30/04/2025,09:30:00,11.8927,1.7309,1.7562,1.0251,1.0216,29.3125,3.446,253.38,1,0,49.7562,37.3687,51.5812,,,
30/04/2025,10:00:00,11.8592,1.7121,1.7335,1.0084,1.0047,29.4625,0.702,251.9,1,0,44.875,37.4625,51.5812,,,
30/04/2025,10:30:00,11.6579,1.6937,1.7186,0.9675,0.9776,29.3812,0.636,242.98,1,0,49.1187,37.4813,47.7062,,,
30/04/2025,11:00:00,11.849,1.7418,1.7667,0.9997,0.9999,28.7125,0.729,240.22,1,0,43.8438,37.45,48.6062,,,
30/04/2025,11:30:00,11.8744,1.7659,1.7877,1.0349,1.0421,29.4625,0.759,238.72,1,1,47.8625,37.5438,50.3,,,
30/04/2025,12:00:00,11.801,1.7427,1.7637,0.9778,0.9702,28.7,0.731,238.12,1,1,49.3062,37.5687,47.7312,,,
30/04/2025,12:30:00,11.7559,1.7838,1.8022,0.9909,0.9859,29.4125,0.731,238.62,1,1,49.7125,37.4813,46.6062,,,
30/04/2025,13:00:00,11.91,1.8534,1.8757,1.0493,1.059,29.35,0.716,239.52,1,1,49.6937,37.4375,44.95,,,
30/04/2025,13:30:00,11.8346,1.8341,1.8577,1.017,1.0108,27.7437,2.405,247.8,1,1,49.45,37.4375,44.275,,,
30/04/2025,14:00:00,11.6484,1.7672,1.7882,1.0202,1.0132,29.3062,3.426,252.4,1,0,48.7,37.3,46.2625,,,
30/04/2025,14:30:00,11.8735,1.7807,1.8048,1.0758,1.0758,29.525,2.91,251.28,1,0,47.925,37.1937,49.85,,,
30/04/2025,15:00:00,11.7646,1.7011,1.7278,0.9997,0.9957,29.925,0.694,245.54,1,0,47.2812,37.0187,50.4375,,,
30/04/2025,15:30:00,11.7905,1.7471,1.7663,1.0264,1.029,29.425,0.655,239.88,1,0,46.6187,37.025,49.125,,,
30/04/2025,16:00:00,12.7157,3.6476,3.704,1.666,1.6621,29.85,0.799,238.46,1,1,46.025,36.8312,0,,,
30/04/2025,16:30:00,12.3241,3.3973,3.4415,1.4713,1.4707,28.8812,2.547,266.44,1,1,45.4812,36.6812,0,,,
30/04/2025,17:00:00,12.3632,3.4131,3.4581,1.4477,1.4455,28.35,0.894,287.6,1,1,45.0812,36.6688,0,,,
30/04/2025,17:30:00,12.1523,3.3488,3.3925,1.4219,1.4131,27.7687,2.712,289.44,1,1,44.6,36.5312,0,,,
30/04/2025,18:00:00,12.2985,3.445,3.4914,1.5046,1.5183,29.9813,16.796,296.52,1,1,44.3438,36.3875,0,,,
30/04/2025,18:30:00,12.3501,3.627,3.6786,1.5768,1.5792,28.9562,14.149,297.26,1,0,44.225,36.3812,0,,,
30/04/2025,19:00:00,12.3602,3.4201,3.4647,1.4984,1.5063,28.9,8.392,298.82,1,0,44.1,36.2875,0,,,
30/04/2025,19:30:00,13.1761,4.3051,4.3882,1.9265,1.9276,28.2313,3.12,289.24,1,0,44.1562,36.1937,0,,,
30/04/2025,20:00:00,12.3634,3.3566,3.3995,1.4906,1.4908,30.5,0.744,280.26,1,0,44.4625,36.1875,0,,,
30/04/2025,20:30:00,13.0674,4.3239,4.4036,1.9086,1.899,29.8937,0.724,274.38,1,0,45.2,36.25,0,,,
30/04/2025,21:00:00,13.0702,4.3533,4.4377,1.9359,1.9423,29.2938,0.881,271.16,1,1,46.15,36.3062,0,,,
30/04/2025,21:30:00,13.0822,4.4276,4.5077,1.941,1.9532,29.9062,0.728,270.08,1,1,47.1687,36.3563,0,,,
30/04/2025,22:00:00,12.9818,4.4569,4.5479,1.9609,1.953,30.175,6.19,288.34,1,1,48.0875,36.5438,0,,,
30/04/2025,22:30:00,12.9566,4.4281,4.5212,1.9182,1.9414,28.975,0.853,276.7,1,1,48.8812,36.4813,0,,,
30/04/2025,23:00:00,13.0287,4.4263,4.5186,1.958,1.9521,29.4188,0.846,272.68,1,1,49.6375,36.5938,0,,,
30/04/2025,23:30:00,13.0077,4.3694,4.4674,1.9121,1.9027,29.9562,3.086,289.86,1,0,44.1562,36.5875,0,,,
01/05/2025,00:00:00,12.8682,4.3607,4.4635,1.9184,1.902,28.8875,2.938,288.94,1,0,48.3125,36.65,0,,,
*** END OF DATA ***
