Trend,103-AirHeater-HIEU1,07/06/2025,18:05:09
,TagNo,Description,Units
1,20CJA10DE012.out,NET MW,MW
2,20HNA21CT001XQ01.out,ECO O/L FG TEMP,degC
3,20HNA31CT001XQ01.out,AH O/L FG TEMP,degC
4,20HFE21CT001XQ01.out,AH I/L PA TEMP,degC
5,20HFE30CT001XQ01.out,AH O/L PA TEMP,degC
6,20HLA21CT001XQ01.out,AH I/L SECAIR TEMP,degC
7,20HLA30CT001XQ01.out,AH O/L SECAIR TEMP,degC
8,20HLA30CT501XQ01.out,AH O/L SECAIR TEMP,degC
9,20HNA21EE101.s1v,ECO O/L FG ANALR 1 PRB O2 DNSTY 1 VLU,vol%
10,20HNA21EE101.s2v,ECO O/L FG ANALR 1 PRB O2 DNSTY 2 VLU,vol%
11,20HNA21EE102.s1v,ECO O/L FG ANALR 2 PRB O2 DNSTY 1 VLU,vol%
12,20HNA21EE102.s2v,ECO O/L FG ANALR 2 PRB O2 DNSTY 2 VLU,vol%
13,20HNA21CP001XQ01.out,ECO O/L FG PRS,kPa
14,20HNA31CP001XQ01.out,AH O/L FG PRS,kPa
15,20HFE21CP001XQ01.out,PAF A O/L AIR PRS,kPa
16,20HFE22CP001XQ01.out,PAF B O/L AIR PRS,kPa

Date,Time,1,2,3,4,5,6,7,8,9,10,11,12,13,14,15,16
01/05/2025,00:00:00,665.2312,350.3125,121.15,47.4125,312.875,35.525,326.8438,326.9375,1.9109,2.4953,2.6422,2.7734,-1.43,-4.715,14.9282,14.7722
01/05/2025,01:00:00,665.125,350.0312,121.9,47.9437,313.025,35.75,326.9375,327.0312,1.8016,2.6094,3.05,2.9125,-1.3797,-4.663,14.9299,14.8291
01/05/2025,02:00:00,666.0813,351.6562,121.975,47.8125,313.175,35.6812,327.375,327.4688,1.925,2.9031,3.0078,2.7422,-1.3954,-4.842,15.0972,14.964
01/05/2025,03:00:00,664.8063,351.2812,121.2875,47.3062,313.3,35.2437,327.2812,327.3438,1.9172,2.5203,2.8656,2.6359,-1.3521,-4.6495,14.821,14.7089
01/05/2025,04:00:00,665.2312,351.75,121.4125,47.7312,313.525,35.575,327.5625,327.625,1.8719,3.0234,3.1906,2.7703,-1.3075,-4.6905,15.0079,14.8876
01/05/2025,05:00:00,665.55,348.75,121.5375,47.7812,312.25,35.6375,325.9688,326.0312,1.8406,2.4031,2.5922,2.6359,-1.3482,-4.5485,14.8779,14.7592
01/05/2025,06:00:00,644.725,349.7812,121.275,48.0437,312.3,35.725,326.1562,326.2188,2.2953,3.1656,3.2844,3.0453,-1.3057,-4.469,14.3904,14.2945
01/05/2025,07:00:00,429.8875,322.9688,118.2,48.5187,296.925,36.95,304.4062,304.4062,2.8609,4.1484,4.0109,3.7719,-0.9658,-2.9185,13.6868,13.5844
01/05/2025,08:00:00,265.625,297.0312,113.6125,49.8062,278.625,37.8812,281.1875,281.25,3.6625,5.7969,5.5828,4.7078,-0.6797,-1.8875,12.8076,12.7459
01/05/2025,09:00:00,265.4125,292.4375,113.3375,49.9,276.25,37.9125,277,276.9688,3.8391,5.8812,5.8031,4.7734,-0.7086,-1.982,12.8287,12.6857
01/05/2025,10:00:00,259.8875,290.6875,113.7125,50.7625,275.625,38.825,275.9375,276.0312,3.55,5.4391,5.6219,5.1297,-0.6832,-1.8345,12.8515,12.7962
01/05/2025,11:00:00,265.0938,288.2812,116.5,46.725,276.625,35.0562,273.5938,273.625,3.6437,5.4344,6.0031,5.3453,-0.7081,-1.998,12.9799,12.9165
01/05/2025,12:00:00,265.2,289.1562,117.9125,46.3187,277.125,34.2625,273.0938,273.1875,3.6984,5.7484,5.8031,5.2359,-0.7125,-2.07,12.8141,12.767
01/05/2025,13:00:00,265.2,290.875,118.7625,46.2188,277.975,34.4437,273.9375,274.0625,3.6531,5.6328,5.3906,4.6094,-0.6316,-2.167,13.027,12.9571
01/05/2025,14:00:00,265.625,292.0312,115.9625,47.1875,277.75,35.275,275.2188,275.2812,3.725,5.5109,5.7609,5.1359,-0.6534,-1.9345,12.7491,12.6792
01/05/2025,15:00:00,266.1562,292.25,117.4,47.45,279.025,35.425,275.7188,275.8438,3.4766,5.5125,5.7469,5.6234,-0.7178,-1.9275,12.8239,12.7735
01/05/2025,16:00:00,263.8187,295.75,117.25,47.175,280.5,35.2125,278.1562,278.2812,3.6687,5.7641,5.9406,5.1641,-0.7654,-2.0425,12.7085,12.6272
01/05/2025,17:00:00,265.0938,294.3125,116.6125,47.1625,279.55,35.3,278.1875,278.25,3.6156,5.7,5.7516,5.0844,-0.6898,-2.003,12.8352,12.7654
01/05/2025,18:00:00,263.6062,292.7188,117.225,47.0375,279,35.4188,277.0312,277.0312,3.6422,5.7484,5.975,4.9937,-0.6477,-1.995,12.8417,12.7751
01/05/2025,19:00:00,264.775,294.7812,116.7,46.55,280.525,35.3875,278.2812,278.3438,3.7078,5.6187,5.6594,4.9328,-0.6779,-1.932,12.8239,12.7605
01/05/2025,20:00:00,262.9688,295.4062,117.35,46.0125,281.125,35.05,278.625,278.6875,3.6547,5.3937,5.575,4.7109,-0.6027,-1.817,12.9132,12.8125
01/05/2025,21:00:00,349.5625,296.0312,116.975,45.9688,280.075,34.6625,280.6562,280.7188,3.2266,5.1687,5.1031,4.5125,-0.9899,-3.0565,13.9841,13.8931
01/05/2025,22:00:00,665.0188,351.2812,116.875,45.5375,309.75,33.9813,325.8125,325.9062,1.7297,2.7234,3.0234,2.6422,-1.248,-4.657,14.9981,14.8909
01/05/2025,23:00:00,664.9125,349.8438,120.5875,45.7937,312.275,34.3062,327.4375,327.4375,1.8562,2.6766,2.8328,2.6484,-1.3482,-4.729,14.9705,14.8519
02/05/2025,00:00:00,663.6375,350.0312,120.775,46.2,313.625,34.6312,327.5625,327.625,1.7891,2.45,2.8203,2.7156,-1.416,-4.775,14.7722,14.7008
02/05/2025,01:00:00,664.9125,350.1875,120.8875,46.5125,313.625,34.5,327.6562,327.75,1.7531,2.4187,2.8641,2.6719,-1.3548,-4.829,15.055,14.9478
02/05/2025,02:00:00,665.3375,350.3438,120.575,46.5375,313.475,34.5687,327.5938,327.6875,1.7687,2.6969,2.8703,2.5172,-1.3806,-4.766,14.8795,14.8112
02/05/2025,03:00:00,664.1687,351.4375,121.675,47.2375,314.275,35.1937,328.3125,328.2812,1.7438,2.4984,2.9625,2.8359,-1.3723,-4.897,14.9526,14.8405
02/05/2025,04:00:00,664.4875,350.875,121.0875,46.8,313.725,34.8687,327.9688,328.0312,1.9906,2.5984,2.8266,2.8281,-1.4037,-4.852,14.7852,14.6764
02/05/2025,05:00:00,664.1687,348.8438,120.9,46.7188,313.4,34.7562,327.5,327.5312,1.8828,2.4312,2.5953,2.7203,-1.3386,-4.662,14.9299,14.8291
02/05/2025,06:00:00,664.1687,352.125,120.925,46.6812,314.475,34.7938,328.8438,328.875,2.0562,2.8109,3.0031,2.225,-1.3683,-4.631,14.8746,14.7674
02/05/2025,07:00:00,665.975,351.2188,121.675,47.9812,313.625,35.7375,328.2188,328.2812,1.8047,2.4719,2.6094,2.6234,-1.3828,-4.649,14.8307,14.7446
02/05/2025,08:00:00,664.275,351.9062,121.5625,48.925,313.15,36.4813,327.875,327.9062,1.7203,2.6078,2.7812,2.8797,-1.3434,-4.7425,15.4937,15.3897
02/05/2025,09:00:00,664.275,352.5938,121.8125,49,313.675,36.4437,328.7188,328.8125,1.8703,2.6906,2.9172,2.9484,-1.4269,-4.8525,15.4889,15.3686
02/05/2025,10:00:00,666.1875,350.625,121.35,49.8312,312.725,37.0375,327.7188,327.7812,1.6859,2.4719,2.725,2.8937,-1.3928,-4.6945,15.627,15.523
02/05/2025,11:00:00,437.75,336.1562,121.3625,49.3687,310.575,37.0938,319.3125,319.2812,2.8906,4.3719,4.9187,4.1375,-0.9054,-2.867,13.3228,13.2204
02/05/2025,12:00:00,269.6625,301.4375,121.425,48.85,286.225,37.4562,289.5625,289.5938,3.9078,5.4562,5.2875,4.5219,-0.7217,-1.9535,12.8011,12.6955
02/05/2025,13:00:00,269.025,290.625,112.1,48.8687,275.625,37.4188,279.375,279.4375,3.9781,5.7453,5.5391,4.2156,-0.7204,-2.073,13.0676,12.9799
02/05/2025,14:00:00,269.5563,289.5312,114,49.075,275.525,37.5875,278.125,278.1875,3.5875,5.4437,5.4812,4.825,-0.7392,-2.0615,13.0644,12.9669
02/05/2025,15:00:00,267.9625,289.8125,114.725,48.4625,276.675,37.5312,278.625,278.7812,3.5297,5.3719,5.3859,4.5938,-0.6884,-1.9275,12.9831,12.9149
02/05/2025,16:00:00,269.1312,289.5625,115.7875,48.0812,276.975,37.0625,278.6875,278.75,3.6109,5.3937,5.5703,4.5016,-0.6342,-2.036,13.118,13.0221
02/05/2025,17:00:00,268.3875,289.4062,115.7625,48.075,277.075,37.0062,278.9375,279.0312,3.3359,5.8266,5.7844,4.4812,-0.7514,-2.2415,12.8482,12.7231
02/05/2025,18:00:00,268.8125,290.3438,115.9875,47.9562,277.5,36.8375,279.8125,279.9062,3.2641,5.4594,5.7328,4.7109,-0.7387,-2.36,13.1586,13.0562
02/05/2025,19:00:00,643.6625,339.5625,112.3875,48.2437,297.075,35.8,314.3438,314.4062,1.8625,2.9609,2.9859,2.7609,-1.5683,-5.0385,15.4775,15.3491
02/05/2025,20:00:00,664.9125,349.9688,121.4875,47.9937,311.425,35.85,327.0625,327.0938,1.8094,2.0875,2.5594,2.9922,-1.4169,-4.84,15.2825,15.1655
02/05/2025,21:00:00,665.8688,347.5,121.7,48.0187,311.6,35.7313,326,326.0312,1.8875,2.4547,2.5719,2.975,-1.395,-4.958,15.133,15.0209
02/05/2025,22:00:00,665.55,344.875,120.6125,47.2188,309.85,35.4375,323.8125,323.9062,1.8141,2.6781,2.8734,2.6172,-1.4523,-4.795,14.9412,14.8307
02/05/2025,23:00:00,664.7,345.7812,119.9875,47.05,309.5,35.35,323.6562,323.6875,1.7781,2.5531,3.0891,2.7094,-1.3928,-4.7945,15.0241,14.9152
03/05/2025,00:00:00,664.275,345.5938,119.9,46.7375,310.05,35.0062,324.2812,324.3438,2.0203,2.9766,3.1328,3.1187,-1.4199,-4.7605,14.9006,14.769
03/05/2025,01:00:00,665.2312,345.9062,119.8625,46.3562,310.125,34.8312,324.6875,324.7812,1.8312,2.5234,2.8312,3.05,-1.3749,-4.722,14.8909,14.7869
03/05/2025,02:00:00,664.1687,345.8125,120.2625,46.6,310.15,34.9312,324.4062,324.4688,2.0047,2.7344,2.9937,2.9469,-1.4204,-4.834,14.9607,14.8519
03/05/2025,03:00:00,665.125,345.4375,119.6625,46.775,309.575,34.6688,323.8438,323.9375,1.8641,2.8109,2.8766,2.5734,-1.4571,-4.827,15.0063,14.9071
03/05/2025,04:00:00,664.9125,346.1562,119.9875,46.7188,310.425,34.55,324.5938,324.6875,1.7281,2.3953,2.7625,2.6734,-1.3889,-4.8085,15.0842,14.9786
03/05/2025,05:00:00,663.3187,347.0312,119.7375,46.7062,310.6,34.8062,324.8438,324.9375,1.975,2.8531,2.8875,2.5484,-1.3793,-4.684,15.0095,14.8779
03/05/2025,06:00:00,665.6562,347.4688,120.225,46.575,310.875,34.7812,325.4375,325.5,1.8016,2.4359,2.875,2.6609,-1.4107,-4.735,15.0501,14.9429
03/05/2025,07:00:00,663.5312,347.5312,120.0875,47.8375,310.675,35.6125,325.25,325.3125,1.8734,2.9062,3.175,2.6906,-1.4011,-4.768,15.1558,15.0452
03/05/2025,08:00:00,662.8938,348.4062,120.3875,48.475,311.4,35.8625,325.7188,325.7812,1.6766,2.7859,2.8328,2.3719,-1.3841,-4.663,15.0631,14.9412
03/05/2025,09:00:00,463.25,327.125,119.075,48.1875,303.325,36.05,311.9375,311.9688,2.7109,3.9641,4.1328,3.6812,-0.8849,-2.9905,13.4397,13.3471
03/05/2025,10:00:00,269.3438,295.75,123.8,48.1625,284.925,37.0187,286.0312,286.0938,3.8922,5.6156,5.3766,4.8203,-0.6762,-1.803,12.8011,12.7118
03/05/2025,11:00:00,267.4313,287.3125,112.8375,49.0125,273.75,37.6688,276.7812,276.8125,3.4437,5.1469,5.3891,4.7672,-0.6779,-1.9245,12.9132,12.8417
03/05/2025,12:00:00,268.9187,288.3438,115.2125,49.5437,274.775,38.1937,277.2188,277.2812,3.725,5.8969,5.7906,4.5797,-0.6915,-2.14,13.0936,13.04
03/05/2025,13:00:00,270.2999,289.2812,114.075,49.6312,274.65,38.1625,277.5625,277.5938,3.9437,5.5141,5.4531,4.4953,-0.7611,-2.2395,12.9782,12.8905
03/05/2025,14:00:00,268.8125,287.1562,113.6,49.725,274.05,38.3062,276.8438,276.9062,3.4469,5.7734,5.8016,4.7281,-0.6911,-2.0355,13.0579,12.9718
03/05/2025,15:00:00,269.1312,286.5938,114.15,49.325,274.725,38.2313,276.7188,276.8438,3.3141,5.575,5.4922,4.3078,-0.6731,-1.8395,12.9994,12.9035
03/05/2025,16:00:00,427.6562,312.2812,109.6,48.9125,285.55,36.8062,294.7812,294.9062,2.4937,3.5859,4.0484,3.7687,-0.9304,-2.9155,13.7079,13.6185
03/05/2025,17:00:00,659.4938,346.2812,119.6875,48.875,308.925,36.325,324.125,324.1875,1.6406,2.9469,3.2406,2.3531,-1.4103,-4.779,15.2435,15.1021
03/05/2025,18:00:00,659.8125,343.125,119.7375,48.625,308.625,36.3438,322.5312,322.5938,1.8984,2.6266,2.6297,2.6437,-1.4401,-4.6905,14.964,14.8697
03/05/2025,19:00:00,660.1312,343.6562,119.775,48.375,308.725,36.7062,322.5938,322.6875,1.8156,2.6516,2.7125,2.6937,-1.3806,-4.6295,14.9851,14.873
03/05/2025,20:00:00,659.6,346.4375,120.1375,47.8125,310.225,36.2,324.25,324.25,1.8656,2.7719,2.7891,2.4094,-1.3381,-4.5195,14.9023,14.7934
03/05/2025,21:00:00,660.2375,346.8125,119.4,47.225,310.575,35.6688,324.4062,324.5,1.7141,2.6094,2.7312,2.6797,-1.3731,-4.5655,14.9705,14.873
03/05/2025,22:00:00,665.0188,345.4375,119.6125,47.3187,309.775,35.6375,323.6875,323.7188,1.8953,2.6031,2.8078,2.5266,-1.3456,-4.5965,15.172,15.0274
03/05/2025,23:00:00,665.55,346.5625,119.2,46.8875,310.2,35.3563,324.375,324.4062,1.8812,2.7812,2.8516,2.4016,-1.3867,-4.6235,15.0257,14.9315
04/05/2025,00:00:00,665.125,345.0312,119.2875,47.2,309.425,35.0625,323.4062,323.5,1.8578,2.4219,2.6219,2.8953,-1.3167,-4.58,15.2078,15.107
04/05/2025,01:00:00,665.2312,344.7188,119.325,46.9,309.6,34.9375,323.2188,323.25,1.8375,2.7641,2.8562,2.7984,-1.353,-4.5445,14.8438,14.7414
04/05/2025,02:00:00,664.1687,346.3438,119.05,46.7812,310.7,34.7812,324.2812,324.3438,1.8828,2.5891,2.775,2.4297,-1.2563,-4.4815,14.821,14.7284
04/05/2025,03:00:00,666.2937,347.0938,119.45,46.7,310.9,34.8438,324.6875,324.8125,1.7766,2.4531,2.6594,2.6125,-1.4252,-4.7025,14.5545,14.4554
04/05/2025,04:00:00,664.5938,347.5938,119.425,45.8562,311.525,34.2875,325.25,325.3438,1.9094,2.4516,2.9781,2.8281,-1.3158,-4.681,14.6227,14.535
04/05/2025,05:00:00,664.275,347.7812,119.55,45.8625,311.7,34.3312,325.4688,325.5625,1.8406,2.9734,3.0234,2.8234,-1.402,-4.573,14.4781,14.3757
04/05/2025,06:00:00,664.3812,343.6875,119.5125,46.0687,310.525,34.3625,323.6875,323.6875,1.7281,2.7188,3.0266,2.2031,-1.3998,-4.627,14.5399,14.4521
04/05/2025,07:00:00,458.0437,327.8125,118.65,47.2875,306.825,35.525,314.25,314.3125,2.5953,3.9391,4.3578,4.0062,-0.8346,-2.7685,13.2106,13.1001
04/05/2025,08:00:00,279.9688,300.25,122.7375,48.2687,286.725,37.0625,289,289.0625,3.7406,5.2453,5.2719,4.8109,-0.7339,-1.9275,12.7459,12.6565
04/05/2025,09:00:00,270.8312,289.9688,113.3625,48.3625,275.275,37.15,278.75,278.75,3.4828,5.1422,5.7453,5.1578,-0.6758,-1.995,12.9344,12.8385
04/05/2025,10:00:00,271.7875,288.1875,113.75,48.8812,275,37.7812,277.6875,277.75,3.6062,5.2047,5.5437,5.3422,-0.6946,-1.931,12.7524,12.6679
04/05/2025,11:00:00,270.9375,287.8125,115.225,49.2687,274.575,37.9875,277.125,277.2188,3.8156,5.5766,5.6875,5.3516,-0.6814,-2.091,13.0189,12.9279
04/05/2025,12:00:00,270.5125,288.2812,114.7375,49.8812,274.525,38.475,277.5312,277.5938,3.7719,5.5391,5.4844,4.8797,-0.6311,-2.226,13.0774,12.9945
04/05/2025,13:00:00,270.725,286.9688,114.225,49.7812,274.125,38.4375,277.125,277.1875,3.6031,5.5828,5.4797,4.35,-0.6758,-2.396,13.0887,12.9994
04/05/2025,14:00:00,271.0437,286.7812,113.0375,49.3812,273.925,37.95,277.0312,277.125,3.7078,5.5547,5.2766,4.0125,-0.6429,-2.089,13.1781,13.0887
04/05/2025,15:00:00,270.725,287.625,114.075,49.0938,275.775,37.825,278.25,278.3125,3.3266,5.7969,5.7172,4.4187,-0.7685,-2.0455,12.9116,12.819
04/05/2025,16:00:00,472.0687,310.8125,111.8,49.375,279.525,37.75,292.0312,292.3125,2.6625,4.4453,4.6469,3.5391,-1.3005,-4.0645,14.4473,14.3433
04/05/2025,17:00:00,659.3875,350.0625,121.625,48.975,311.75,37.4312,326.9688,327.0938,1.6328,2.3969,2.6781,2.6219,-1.3639,-4.833,15.0859,14.9396
04/05/2025,18:00:00,660.9812,344.7188,121.725,48.5812,311.5,37.05,325.4375,325.4688,1.7359,2.3203,2.5328,2.4797,-1.4068,-4.7905,14.977,14.8486
04/05/2025,19:00:00,659.9187,342.6875,120.9125,48.6437,309.1,37.0438,323.0625,323.0625,1.9719,2.5578,2.9328,2.6312,-1.4002,-4.711,14.9299,14.8259
04/05/2025,20:00:00,660.6625,342.2188,120.175,48.1812,308.55,36.5812,322.375,322.4375,1.7312,2.3062,2.6031,2.6422,-1.3136,-4.496,14.8177,14.704
04/05/2025,21:00:00,660.45,343.7812,119.4875,48.075,309.25,36.0812,323.0312,323.125,1.7969,2.7219,2.8094,2.8609,-1.2952,-4.5595,14.7202,14.626
04/05/2025,22:00:00,661.6188,345.7188,119.8375,47.8687,310.575,35.8812,324.5,324.6875,1.6562,2.4844,2.6734,2.4391,-1.4046,-4.6375,14.5041,14.3985
04/05/2025,23:00:00,659.3875,347.2812,120.175,47.3312,311.85,35.5562,325.6562,325.7188,1.7531,2.6516,2.9281,2.4375,-1.3233,-4.5785,14.5399,14.4554
05/05/2025,00:00:00,659.9187,347.5938,120.6125,47.0875,312.35,35.5125,326,326.125,1.6328,2.4234,2.4781,2.6422,-1.3727,-4.5535,14.613,14.5009
05/05/2025,01:00:00,660.45,345.8438,119.9125,46.8062,310.975,35.175,324.7188,324.8125,1.7641,2.6766,2.7422,2.5031,-1.3784,-4.577,14.756,14.6569
05/05/2025,02:00:00,659.2812,349,120.225,46.85,312.25,35.05,326.2188,326.3125,1.7891,2.675,2.8984,2.0844,-1.3333,-4.6045,14.7885,14.691
05/05/2025,03:00:00,660.875,348.2812,119.575,46.3,311.375,34.7938,325.75,325.8438,1.7469,2.3844,2.5859,2.8328,-1.4182,-4.782,14.7235,14.6211
05/05/2025,04:00:00,660.5563,348.2188,119.4125,46.5562,311.675,34.4937,326.1875,326.2188,1.5922,2.4437,2.7687,2.7875,-1.3766,-4.723,14.8714,14.7674
05/05/2025,05:00:00,660.5563,349.5625,119.6125,46.2875,312.5,34.4625,326.875,326.9688,1.725,2.6187,2.7828,2.7281,-1.2694,-4.5165,14.8584,14.7625
05/05/2025,06:00:00,661.6188,349.375,119.925,46.7125,312.775,34.5312,326.9688,327.0312,1.8594,2.4219,2.5109,2.525,-1.4282,-4.745,14.7657,14.6682
05/05/2025,07:00:00,660.025,345.875,120.5625,47.8562,311.225,35.7562,325.0625,325.125,1.8266,2.4094,2.7344,2.7625,-1.3092,-4.702,14.8681,14.7706
05/05/2025,08:00:00,660.7688,345.625,120.525,48.7875,310.175,36.35,323.9688,324.0625,1.7641,2.4719,2.7891,2.7172,-1.3591,-4.6155,14.847,14.743
05/05/2025,09:00:00,661.725,345.8438,120.55,49.1562,310.275,36.4312,324.0938,324.1562,1.7219,2.5484,2.8125,2.6406,-1.3403,-4.6735,14.9152,14.8226
05/05/2025,10:00:00,462.2937,328.6562,120.525,48.7812,304.825,36.6,313.2188,313.3438,2.6594,4.1453,4.1391,3.7,-0.9759,-3.0585,13.3309,13.2399
05/05/2025,11:00:00,271.6813,298.0312,121.925,49.3312,284.7,38.1063,287.5625,287.5938,3.6891,5.4516,5.1344,4.7703,-0.7742,-1.956,12.806,12.7183
05/05/2025,12:00:00,269.025,289.8125,112.4125,49.1625,274.775,37.7375,278.8125,278.875,3.675,5.2812,5.5266,5.1312,-0.7173,-2.127,13.0026,12.9198
05/05/2025,13:00:00,268.4938,289.0938,114.0375,49.2437,275.15,37.6562,278.25,278.3125,3.7656,5.5156,5.7219,5.0719,-0.7348,-2.2715,12.8775,12.7784
05/05/2025,14:00:00,269.7687,288.6562,113.9,49.1875,274.875,37.6063,277.9375,277.9688,3.7719,5.3875,5.4,5.1734,-0.7431,-2.1685,12.9344,12.8369
05/05/2025,15:00:00,424.7875,304.1875,111.875,49.325,281.75,37.2313,290.0938,290.2188,2.9688,4.575,4.5875,4.0406,-1.1356,-3.401,13.9012,13.8167
05/05/2025,16:00:00,661.0875,345.9062,118.4375,49.825,307.2,37.5,322.75,322.875,1.875,2.2984,2.7172,2.5375,-1.3079,-4.7065,15.0501,14.9412
05/05/2025,17:00:00,661.4062,344.7188,120.825,49.1375,308.8,37.075,323.625,323.7188,1.8453,2.7406,2.7109,2.6469,-1.4265,-4.832,14.925,14.8031
05/05/2025,18:00:00,661.0875,346.0625,121.3625,48.8812,310.675,36.75,324.4375,324.4688,1.8672,2.4469,2.5812,2.6781,-1.3561,-4.7375,14.7528,14.6585
05/05/2025,19:00:00,661.8313,346.8125,121.3875,48.9437,311.3,36.975,325.0625,325.0938,1.875,2.4484,2.5625,2.7031,-1.3845,-4.711,14.6439,14.5496
05/05/2025,20:00:00,661.4062,347.2812,121.1875,47.9562,312.25,36.425,326.0625,326.1562,1.7203,2.5672,2.7734,2.5734,-1.2922,-4.623,14.7349,14.6114
05/05/2025,21:00:00,661.8313,345.0938,120.425,48.0437,310.8,36.125,324.4062,324.4375,1.7469,2.4906,2.75,2.6047,-1.3228,-4.59,14.6325,14.5285
05/05/2025,22:00:00,661.4062,345.2188,120.375,47.6062,310.9,35.8062,324.5,324.5312,1.8375,2.5,2.7531,2.4047,-1.297,-4.56,14.5707,14.4732
05/05/2025,23:00:00,661.0875,344.1875,120.5125,47.15,310.55,35.5438,323.7812,323.8438,1.7953,2.8281,2.8484,2.2875,-1.3434,-4.611,14.4862,14.3871
06/05/2025,00:00:00,661.725,344.5938,119.8875,46.75,310.275,35.4312,323.5625,323.6562,1.7953,2.7016,2.9953,2.3328,-1.3499,-4.576,14.5529,14.4635
06/05/2025,01:00:00,661.5125,344.9062,120.025,47.2125,310.85,35.2625,324.1562,324.2812,1.8,2.675,2.6344,2.5594,-1.3806,-4.5795,14.1905,14.0995
06/05/2025,02:00:00,660.3438,347,120.9375,47.0437,312.45,35.1562,325.4688,325.625,1.6937,2.3547,2.6656,2.5297,-1.3499,-4.7315,14.4277,14.3368
06/05/2025,03:00:00,662.0437,347.7188,120.35,46.7875,311.975,34.9125,325.4062,325.5,1.7797,2.5891,2.8547,2.3516,-1.3127,-4.594,14.4342,14.3465
06/05/2025,04:00:00,662.3625,347.1562,120.4125,46.8125,311.5,35.0875,325.125,325.125,1.9562,2.6531,2.7969,2.525,-1.3499,-4.6795,14.2425,14.1482
06/05/2025,05:00:00,661.0875,345.3125,120.225,46.6062,310.6,34.9437,323.9688,323.9688,1.9047,2.8453,3.0547,2.6984,-1.332,-4.75,14.4521,14.3595
06/05/2025,06:00:00,662.0437,343.0625,118.675,46.4688,308.125,35.0187,322.2812,322.3438,1.8797,2.7312,2.7641,2.5984,-1.4204,-4.742,14.6032,14.509
06/05/2025,07:00:00,662.2562,346.1875,119.9625,48.0875,309.25,35.825,323.7188,323.7812,1.8953,2.5953,2.6156,2.4406,-1.3329,-4.733,14.9217,14.8031
06/05/2025,08:00:00,661.4062,345.9688,120.1875,48.825,309.725,36.5562,324,324.1562,2.0031,2.6969,2.8406,2.6031,-1.3539,-4.86,15.1395,15.029
06/05/2025,09:00:00,557.8125,343.5312,119.675,49.0437,310.45,36.625,322.9062,322.9062,2.0391,2.9297,3.2125,2.5641,-1.0354,-3.428,13.1456,13.0741
06/05/2025,10:00:00,290.275,305.9688,118.125,49.0875,292.65,37.5938,295.5312,295.5625,3.3516,4.9906,5.1844,4.5781,-0.6644,-1.778,12.728,12.6256
06/05/2025,11:00:00,270.2999,287.4375,113.05,49.75,273.525,38.5062,277.3438,277.4062,3.4562,5.1672,5.2016,5.0031,-0.6495,-1.935,13.1294,13.0351
06/05/2025,12:00:00,271.4688,285.6875,112.9,49.4688,273.025,38.1375,275.7812,275.8438,3.4109,5.0797,5.4266,5.0094,-0.7803,-2.204,13.0432,12.9457
06/05/2025,13:00:00,268.3875,285.2188,114.525,49.7625,273,38.3687,275,275.0938,3.6828,5.6875,5.5078,4.1594,-0.6289,-2.2615,13.3374,13.2334
06/05/2025,14:00:00,269.5563,284.7188,113.1125,51.1875,271.875,39.7,275,274.9688,3.4266,5.4937,5.3875,4.1109,-0.7742,-2.1315,13.0936,12.9864
06/05/2025,15:00:00,325.8688,288.1562,112.2375,51.05,272.55,40.15,277.875,278,3.3359,5.5031,5.5781,4.3281,-0.9111,-2.6485,13.6299,13.5194
06/05/2025,16:00:00,659.6,342.875,117.3125,51.05,304.15,39.1,320.1875,320.3125,1.7984,2.5406,2.6656,2.8375,-1.3924,-4.842,15.6936,15.5734
06/05/2025,17:00:00,662.6813,343.5938,124.8,49.8,311.475,38.7375,325.5625,325.6875,1.9281,2.6703,2.7937,2.9609,-1.4541,-5.005,14.7511,14.5935
06/05/2025,18:00:00,661.9375,344.1562,125.6875,49.825,312.725,38.0875,326,326.0625,2.0125,2.7172,2.9078,3.0359,-1.3819,-4.982,14.6455,14.4928
06/05/2025,19:00:00,662.15,343.4688,125.2875,49.3438,312.925,37.8625,325.8438,325.9375,1.8234,2.5187,2.7547,3.1125,-1.437,-4.8515,14.34,14.2116
06/05/2025,20:00:00,661.8313,344.5625,125.6375,49.2312,313.65,37.3812,326.5938,326.7188,1.925,2.7047,2.8766,2.9469,-1.3871,-4.7845,14.3953,14.2669
06/05/2025,21:00:00,662.3625,343.5,125.1125,48.4312,312.975,37.2562,325.8125,325.8438,1.9297,2.6656,2.8531,2.9984,-1.4234,-4.7995,14.3562,14.2262
06/05/2025,22:00:00,662.0437,343.8125,124.8,48.4062,312.975,36.9562,325.9688,326.0938,1.8062,2.4672,2.5203,2.8422,-1.4436,-4.861,14.5106,14.327
06/05/2025,23:00:00,664.0625,343.7188,125.5375,48.0125,312.725,36.7437,325.6875,325.7812,1.8578,2.7406,2.8156,2.9719,-1.4287,-4.905,14.4489,14.3156
07/05/2025,00:00:00,662.15,343.125,124.9875,48.1937,312.85,36.7625,325.625,325.7188,1.8031,2.3781,2.5844,2.8828,-1.3902,-4.7435,14.2994,14.1401
07/05/2025,01:00:00,662.3625,343.4375,124.925,47.9625,312.6,36.5187,325.4375,325.4688,2.0594,2.8,2.8641,3.0328,-1.4353,-4.8155,14.2636,14.132
07/05/2025,02:00:00,663,344.3438,124.95,47.8625,313.275,36.4688,326.0312,326.0938,1.9156,2.6109,2.7437,2.9281,-1.3053,-4.681,14.223,14.0865
07/05/2025,03:00:00,663,344.9375,125.0125,47.225,314.175,36.0687,327,327.125,1.9484,2.5625,2.7562,2.7734,-1.4077,-4.842,14.1547,14.0036
07/05/2025,04:00:00,662.6813,345.1875,125.275,47.2125,314.7,35.8812,327.375,327.5,1.9437,2.6672,2.8219,2.9187,-1.3898,-4.8445,14.1157,13.9711
07/05/2025,05:00:00,662.6813,343.5625,125.775,47.0437,313.9,36.2812,326.375,326.4375,1.8687,2.5703,2.8219,3.0609,-1.4353,-4.7765,14.0134,13.8915
07/05/2025,06:00:00,662.575,344.1875,121.7375,48.2437,310.6,36.0062,324.125,324.1875,1.9297,2.5641,2.7969,3.0125,-1.374,-4.642,14.7154,14.6097
07/05/2025,07:00:00,662.7875,343.6875,120.7,48.7875,309.025,36.5562,322.9688,323,1.85,2.7797,2.7297,2.7359,-1.3832,-4.6995,14.5626,14.4862
07/05/2025,08:00:00,664.9125,344.6875,120.85,49.4437,309.625,37.0438,323.5312,323.625,1.7922,2.4797,2.6734,2.6312,-1.339,-4.6675,14.6471,14.5594
07/05/2025,09:00:00,662.2562,345.5625,121.3,50.0187,309.9,37.65,323.9688,324.0625,1.7812,2.9641,3.0453,2.4937,-1.3898,-4.6935,14.782,14.6894
07/05/2025,10:00:00,468.35,327.9062,116.6875,50.3562,298.85,38.3187,309.0312,309.0625,2.5594,3.7344,3.8656,3.8531,-0.9995,-3.117,13.4625,13.3813
07/05/2025,11:00:00,269.5563,300.375,118.225,50.55,283.15,39.2437,287.1562,287.125,3.8391,5.7609,5.5266,4.5,-0.6635,-1.835,12.8905,12.8125
07/05/2025,12:00:00,270.4062,294.875,111.3125,50.4125,277.9,39.1,282.2188,282.2812,3.4078,5.6594,5.8344,4.6641,-0.7304,-1.85,12.8352,12.7556
07/05/2025,13:00:00,269.5563,296.9688,112.025,50.2875,279.025,38.9437,283.2812,283.375,3.8516,5.4547,5.5078,5.0641,-0.688,-1.8725,13.0774,12.988
07/05/2025,14:00:00,519.8812,319.25,109.4375,49.775,286,38.3687,299,299.3125,2.1484,3.9047,3.95,3.4266,-1.2581,-4.2685,15.2971,15.1882
07/05/2025,15:00:00,662.15,356.0625,122.1875,50.3687,315.2,38.2625,331.8125,331.9062,1.6672,2.725,2.7609,2.7422,-1.3381,-4.7005,15.4677,15.3361
07/05/2025,16:00:00,663.6375,359.5625,123.2375,48.45,319.25,36.25,334.7812,334.9688,1.5812,2.8203,2.7719,2.5922,-1.3604,-4.6455,15.2402,15.1362
07/05/2025,17:00:00,662.3625,358.25,123.35,48.225,319.85,35.6562,335.1562,335.1875,1.6766,2.8359,3.0484,2.3391,-1.4282,-4.663,15.1086,14.99
07/05/2025,18:00:00,662.575,358.3438,122.8625,48.3375,320,36.4688,335.3125,335.4375,1.6828,2.7188,2.7703,2.5016,-1.3779,-4.606,15.2305,15.1281
07/05/2025,19:00:00,662.0437,361.375,123.575,47.9875,322.225,36.0687,337.6875,337.75,1.5375,2.5391,2.7422,2.2266,-1.3451,-4.576,15.146,15.0257
07/05/2025,20:00:00,662.2562,362.25,123.7125,48.0187,323.15,35.825,338.6875,338.75,1.4844,2.5047,2.8078,2.4672,-1.3766,-4.6315,15.3442,15.237
07/05/2025,21:00:00,661.5125,361.4375,123.925,48.0938,323.1,35.8375,338.375,338.4062,1.6016,2.6594,2.7094,2.2531,-1.3771,-4.585,15.2874,15.1655
07/05/2025,22:00:00,662.15,357.4062,123.7875,48.25,321.25,35.7562,336.2188,336.1875,1.4672,2.4437,2.6203,2.4969,-1.3604,-4.558,15.2175,15.1005
07/05/2025,23:00:00,661.5125,357.9375,122.9125,47.8312,320.35,35.7625,335.4375,335.5312,1.6,2.6187,2.8359,2.5328,-1.3141,-4.4995,15.1899,15.0924
08/05/2025,00:00:00,663,360.0938,122.975,47.4125,321.475,35.7625,336.75,336.875,1.4766,2.5891,2.6,2.5109,-1.3959,-4.5825,15.0095,14.9104
08/05/2025,01:00:00,661.3,360.4062,123.1125,47.3125,322.675,35.5062,337.8125,337.9375,1.6406,2.8844,3.0938,2.8,-1.339,-4.56,15.0501,14.9429
08/05/2025,02:00:00,663,364.1875,124.8125,47.25,325.25,35.1937,340.4062,340.5625,1.5672,2.5578,2.8125,2.4875,-1.3898,-4.5835,14.8551,14.7332
08/05/2025,03:00:00,628.7875,357.3125,122,47.0375,321,34.9688,335.4375,335.4688,1.6031,2.8281,2.9437,2.5156,-1.2769,-4.3165,14.7657,14.665
08/05/2025,04:00:00,659.9187,360.6562,123.1375,47.0437,322.85,35.2188,338.0312,338.1562,1.5453,2.6656,2.7781,2.6594,-1.4309,-4.6735,15.0826,14.9802
08/05/2025,05:00:00,660.45,361.0312,123.825,46.9187,323.65,34.9437,338.625,338.6562,1.5844,2.7312,2.8641,2.525,-1.3788,-4.5935,15.0452,14.951
08/05/2025,06:00:00,660.1312,356.9375,122.2125,47.3375,321.1,34.8625,336.1875,336.25,1.5812,2.6375,2.7422,2.7094,-1.346,-4.547,15.4093,15.3118
08/05/2025,07:00:00,511.5938,344.25,116.9625,48.0562,311,35.975,323.9062,323.9375,2.1687,3.7047,3.6406,3.0344,-0.9671,-3.2085,14.1353,14.0475
08/05/2025,08:00:00,663.425,361.9688,124.125,49.1562,323.1,36.5687,339.5,339.5938,1.5359,2.6687,2.4562,2.5938,-1.3679,-4.635,15.3686,15.2451
08/05/2025,09:00:00,425.2125,336.7188,117.6375,49.05,307.275,36.9375,317.2812,317.25,2.6672,4.4891,4.7266,4.0187,-0.8302,-2.704,13.4544,13.3552
08/05/2025,10:00:00,280.7125,312.6875,116.8125,49.7812,291.525,38.4437,295.9688,296.0312,3.6687,5.3656,5.7203,4.7875,-0.7243,-1.8485,12.9246,12.8466
08/05/2025,11:00:00,267.4313,308.875,112.7375,50.225,287.175,38.95,292.4688,292.4688,3.6937,5.6062,5.7937,5.1297,-0.7527,-1.851,12.9474,12.8775
08/05/2025,12:00:00,267.8562,314.4688,113.4875,50.3438,290.075,38.9562,295.2812,295.375,3.8094,5.5516,5.6047,4.8109,-0.6841,-1.8025,13.0107,12.923
08/05/2025,13:00:00,268.6,313.5,113.6875,49.9812,290.25,38.4375,295.4062,295.5,3.5906,5.6672,5.4766,4.1187,-0.6688,-1.7425,12.884,12.7849
08/05/2025,14:00:00,267.6437,312.9688,113.9125,51.2375,289.7,39.5562,295.2188,295.3125,3.4844,5.1453,5.2422,4.7797,-0.7558,-1.8565,12.9734,12.8661
08/05/2025,15:00:00,577.8938,337.0625,115.8125,51.175,299.7,39.5875,315.0625,315.0625,1.9266,2.9281,3.1016,3.1078,-1.3841,-4.5925,15.5994,15.4872
08/05/2025,16:00:00,660.45,369.7188,128.5375,51.5312,328.225,39.8687,344.375,344.375,1.5594,2.7125,2.85,2.4969,-1.3408,-4.5115,15.0176,14.8827
08/05/2025,17:00:00,659.8125,366.0938,129.3625,52.1125,329.15,40.3562,343.2812,343.3125,1.4484,2.4781,2.6844,2.4625,-1.3412,-4.3705,14.6959,14.5919
08/05/2025,18:00:00,660.3438,362.625,126.7125,51.4562,325.05,39.0312,339.4062,339.4375,1.5187,2.4172,2.5984,2.3828,-1.3145,-4.373,14.7251,14.6244
08/05/2025,19:00:00,659.175,365.5938,127.6875,50.7562,327.875,38.7125,342.3125,342.3438,1.5953,2.6422,2.6187,2.4016,-1.3692,-4.414,14.8519,14.7397
08/05/2025,20:00:00,660.9812,366.5625,127.6625,50.175,328.975,38.4312,343.3438,343.375,1.5547,2.7687,2.6203,2.2516,-1.43,-4.433,14.873,14.769
08/05/2025,21:00:00,660.5563,369.5938,128.3375,49.7,330.9,38.025,345.9375,345.9375,1.4328,2.2766,2.5359,2.4641,-1.3578,-4.404,15.12,15.0209
08/05/2025,22:00:00,661.0875,369.5,127.925,49.475,330.975,37.6437,345.9688,346.0625,1.5969,2.5672,2.7594,2.475,-1.2987,-4.3755,15.2045,15.1216
08/05/2025,23:00:00,660.2375,371.0625,128.5375,49.0875,332.5,36.925,347.25,347.3438,1.4281,2.5594,2.6547,2.3625,-1.3014,-4.347,15.0257,14.9152
09/05/2025,00:00:00,662.3625,364.125,126.975,48.5938,328.15,37.0875,342.5938,342.5938,1.5969,2.7016,2.9219,2.1937,-1.423,-4.455,15.2533,15.1395
09/05/2025,01:00:00,662.15,364.5938,125.725,48.575,327.025,36.6688,341.7812,341.875,1.4297,2.5766,2.5328,2.2984,-1.3666,-4.39,15.1086,14.9867
09/05/2025,02:00:00,661.6188,367.0312,126.4,48.85,329.2,36.4688,343.7188,343.8125,1.3547,2.3469,2.4656,2.1125,-1.3084,-4.297,15.0907,14.9478
09/05/2025,03:00:00,662.15,366.9375,126.1875,48.2437,329.475,36.3125,344.1875,344.2812,1.4016,2.525,2.6187,2.1219,-1.3307,-4.3445,15.1752,15.0534
09/05/2025,04:00:00,662.0437,368.7812,126.55,48.0687,329.775,36.0875,344.5312,344.5938,0.9422,2.4422,2.7516,2.2391,-1.2856,-4.2495,14.8827,14.756
09/05/2025,05:00:00,661.8313,367.4062,125.725,47.85,328.85,36.1937,343.4062,343.4688,1.3562,2.4859,2.9672,2.4328,-1.3049,-4.31,14.977,14.8746
09/05/2025,06:00:00,655.0312,360.75,125.625,47.7562,326.25,36.125,340,340.0625,1.4984,2.5078,2.7422,2.3453,-1.4068,-4.304,14.8486,14.7446
09/05/2025,07:00:00,535.3938,353.25,124.175,48.6875,319.75,37.1437,331.4062,331.4375,1.7156,2.8906,3.1797,2.7922,-1.0389,-3.32,14.0296,13.9354
09/05/2025,08:00:00,663.5312,361.5312,125.4625,50.0437,324,37.775,339.5,339.625,1.4469,2.4516,2.5969,2.3609,-1.3206,-4.3855,15.0907,14.9559
09/05/2025,09:00:00,458.15,351.3125,124.4625,49.9937,324.2,37.9062,332.875,332.875,2.1922,3.9359,3.9312,3.3281,-1.0817,-2.8975,13.3114,13.2204
09/05/2025,10:00:00,268.8125,311,124.025,50.4437,295.325,39.2812,298.4062,298.4062,3.4203,4.9234,4.9578,4.4047,-0.7856,-1.9135,12.7703,12.6874
09/05/2025,11:00:00,268.3875,306.2188,111.9125,50.875,285.425,39.4875,290.7188,290.8125,3.8344,5.5297,5.4328,4.8062,-0.7449,-1.8095,12.9181,12.8401
09/05/2025,12:00:00,267.9625,305.5,112.45,50.5938,285.6,39.1687,290.6562,290.75,3.5219,5.1344,5.4234,4.8906,-0.6355,-1.69,13.0107,12.9295
09/05/2025,13:00:00,268.7062,306.1562,113.275,50.4,286.525,38.85,291.3438,291.4062,3.5891,5.3516,5.5672,4.9281,-0.7234,-1.7875,12.793,12.7118
09/05/2025,14:00:00,268.4938,306.8438,112.975,51.8937,286.3,40.425,291.9688,292,3.875,5.6359,5.4594,5.0016,-0.7099,-1.789,12.9896,12.8986
09/05/2025,15:00:00,268.3875,309.8438,113.75,51.8375,288.25,40.8625,294,294.125,3.7031,5.3344,5.5344,4.9031,-0.7291,-1.8035,12.9132,12.8482
09/05/2025,16:00:00,660.45,367.6875,123.25,51.7812,323.6,40.0812,340.9062,340.9688,1.4344,2.5172,2.8078,2.5687,-1.3289,-4.3275,15.2906,15.1687
09/05/2025,17:00:00,660.5563,368.6875,128.875,51.7312,329.3,40.1875,344.875,344.9375,1.35,2.3125,2.5641,2.6609,-1.3696,-4.4385,14.9705,14.8567
09/05/2025,18:00:00,659.6,368.5938,128.6375,51.2687,329.975,38.8438,344.6875,344.7188,1.4625,2.1703,2.4406,2.6391,-1.2922,-4.343,14.8681,14.7544
09/05/2025,19:00:00,659.9187,367.6562,127.9375,51.0938,329.45,38.7188,344,344.0625,1.4062,2.3687,2.9812,2.6469,-1.2673,-4.24,14.8958,14.7625
09/05/2025,20:00:00,660.875,370.9375,128.8625,51.0437,331.6,38.5125,346.3438,346.4375,1.1625,2.7094,3.0484,2.1031,-1.36,-4.322,14.6374,14.5171
09/05/2025,21:00:00,661.6188,369.4062,128.9375,51.25,331.75,38.8875,346.125,346.25,1.35,2.3594,2.3969,2.2437,-1.2506,-4.183,14.7901,14.6699
09/05/2025,22:00:00,660.875,369.2812,128.7,49.8562,331.525,37.425,346.25,346.3438,1.5141,2.6125,2.9187,2.7609,-1.3744,-4.388,14.6211,14.509
09/05/2025,23:00:00,660.9812,367.8125,128.775,49.1187,330.825,37.325,345.375,345.4375,1.5625,2.6719,2.9828,2.5547,-1.4278,-4.446,14.9152,14.8242
10/05/2025,00:00:00,660.5563,362.625,125.775,48.6187,327.25,36.975,341.625,341.625,1.5125,2.3312,2.6219,2.6594,-1.3447,-4.2975,15.0631,14.9461
10/05/2025,01:00:00,661.725,364.625,125.2375,48.1375,327.35,36.5875,341.7812,341.8438,1.4891,2.5875,2.5859,2.2969,-1.3648,-4.247,14.7414,14.6357
10/05/2025,02:00:00,662.2562,363.3438,125.275,48.4125,327.575,36.3687,341.6875,341.8125,1.5594,2.5687,2.5719,2.3094,-1.3132,-4.2425,14.7495,14.6536
10/05/2025,03:00:00,661.1937,365.4688,125.9625,48.9062,328.5,36.8062,343.0312,343.1562,1.6875,2.4937,2.5984,2.4469,-1.3246,-4.233,14.8096,14.704
10/05/2025,04:00:00,655.35,367.125,124.9125,48.6187,328.525,36.45,343.75,343.8125,1.4328,2.3422,2.4453,2.5469,-1.2821,-4.1875,15.0144,14.9234
10/05/2025,05:00:00,655.0312,368.0312,125.375,48.2562,329.675,36.0687,344.75,344.8438,1.3875,2.5141,2.6187,2.1656,-1.3044,-4.1855,15.3101,15.2045
10/05/2025,06:00:00,654.6062,365.8125,125.6375,48.4688,328.65,36.1812,343.0625,343.0625,1.4078,2.3156,2.725,2.4391,-1.2882,-4.19,14.9445,14.8438
10/05/2025,07:00:00,655.0312,356.75,124.2875,48.7,322.85,36.2188,337.0312,337.125,1.6016,2.5297,2.7781,2.1016,-1.3241,-4.211,14.9998,14.9006
10/05/2025,08:00:00,655.6687,360.625,124.8875,49.075,324,36.525,338.6875,338.8125,1.4922,2.7234,2.9422,2.375,-1.3289,-4.233,14.9835,14.8892
10/05/2025,09:00:00,654.925,361.1875,124.675,50.0812,324.725,37.3438,339.5938,339.6562,1.4422,2.5047,2.8375,2.3391,-1.2865,-4.1515,15.1379,15.0241
10/05/2025,10:00:00,654.1813,363.9688,125.05,49.9562,326.55,37.125,341.4375,341.4062,1.4125,2.7031,2.7562,2.4484,-1.3618,-4.2135,15.2922,15.1736
10/05/2025,11:00:00,466.4375,342.0938,118.5375,49.7,311.4,37.3563,322.7812,322.875,1.8828,3.9031,4.1484,3.3375,-1.0236,-2.8955,13.6559,13.5584
10/05/2025,12:00:00,263.075,318.7812,125.5125,50.875,305.525,39.6875,308,308.125,2.9844,4.7359,4.8906,4.0656,-0.6609,-1.629,12.8336,12.7507
10/05/2025,13:00:00,267.75,306.75,112.9875,50.8625,287.325,39.5625,292.75,292.7812,3.7672,5.75,5.4516,4.8297,-0.7418,-1.78,12.897,12.8092
10/05/2025,14:00:00,268.6,308.4062,112.1125,51.0312,287.05,39.7062,292.9062,293.0312,3.7172,5.3828,5.3344,4.7156,-0.7856,-1.8645,12.9279,12.8417
10/05/2025,15:00:00,420.5375,337.5,116.0625,50.45,305.575,38.875,315.8438,315.9062,2.2625,4.1812,4.4219,3.5828,-0.8647,-2.56,13.456,13.3764
10/05/2025,16:00:00,663.1062,367.0938,126.275,50.2312,325.925,38.25,342.25,342.3438,1.4891,2.3547,2.775,2.55,-1.4156,-4.419,15.2337,15.107
10/05/2025,17:00:00,596.7,371.3125,126.3625,49.8562,330.575,37.4625,345.2188,345.4062,1.8359,3.0203,3.3266,2.9891,-1.2423,-3.6185,13.6981,13.625
10/05/2025,18:00:00,420.2188,334.6562,121.35,48.7437,308.45,36.8687,317.3438,317.3125,2.3844,4.1109,4.5125,3.7203,-0.8608,-2.557,13.4771,13.378
10/05/2025,19:00:00,664.275,372.5625,126.0625,48.5875,328.85,36.1437,345.5625,345.625,1.4156,2.2188,2.825,2.575,-1.4379,-4.507,15.1866,15.0534
10/05/2025,20:00:00,657.1562,365.3125,123.35,48.425,322,35.7625,339.0625,339.125,1.5516,2.6891,2.9609,2.4484,-1.4379,-4.5535,15.3979,15.276
10/05/2025,21:00:00,663.3187,374.0625,126.9125,48,332.675,35.5187,348.8125,348.9062,1.1937,2.45,2.7844,1.9516,-1.3079,-4.209,14.9981,14.886
10/05/2025,22:00:00,663.85,377.375,128.8,48.15,336.475,35.5875,351.7812,351.8125,1.3328,2.4422,2.7516,2.2828,-1.3561,-4.2785,14.8632,14.7446
10/05/2025,23:00:00,663,368.4688,126.5875,48.0687,331.15,35.5187,345.75,345.8125,1.1547,2.1797,2.3844,2.1234,-1.3364,-4.184,14.9055,14.795
11/05/2025,00:00:00,662.6813,371.2812,127.5875,48.3937,333.025,35.7437,347.5938,347.625,1.5453,2.3984,2.7875,2.2328,-1.283,-4.214,14.9526,14.8389
11/05/2025,01:00:00,663.7438,367.2188,126.3625,47.8687,330.1,35.5875,344.7812,344.7812,1.325,2.5562,2.8891,2.4172,-1.3727,-4.28,14.9006,14.795
11/05/2025,02:00:00,506.4938,354.7812,124.1,47.6937,325.225,35.825,335.9375,336,1.8937,3.1937,3.5906,2.9141,-1.0699,-3.093,13.7469,13.6559
11/05/2025,03:00:00,464.1,339.4688,117.5375,47.9688,310.025,36.0375,320.5625,320.5938,1.9875,3.8844,4.1594,3.3422,-0.9409,-2.786,13.521,13.4235
11/05/2025,04:00:00,322.4688,322.4062,120.3,47.7375,302.075,36.7,306.8438,306.875,3.0734,4.7719,5.2906,4.4891,-0.8271,-2.132,12.962,12.8759
11/05/2025,05:00:00,660.9812,361.0312,120.6375,48.0187,320.75,35.8438,337.0938,337.2188,1.6125,2.3156,2.5281,2.6344,-1.3294,-4.25,15.302,15.1769
11/05/2025,06:00:00,661.1937,367.875,124.5875,48.0375,327.8,35.8687,344.125,344.2188,1.5375,2.3359,2.6469,2.5797,-1.3036,-4.2455,14.9331,14.8031
11/05/2025,07:00:00,412.5687,339.0312,117.7875,48.0125,309.95,36.7062,319.875,319.9062,2.4484,4.2516,4.5578,3.6078,-0.9028,-2.3815,13.079,12.975
11/05/2025,08:00:00,267.8562,307.1562,113.675,48.8438,288.175,37.7938,293.1875,293.25,3.3875,5.2047,5.4422,4.8,-0.6438,-1.74,12.9701,12.8856
11/05/2025,09:00:00,267.9625,305.5312,113.2375,49.2687,286.775,38.2,291.375,291.4375,3.6281,5.3219,5.1312,4.6562,-0.7278,-1.77,12.9994,12.8986
11/05/2025,10:00:00,267.9625,306.4375,114.6375,49.5,288,38.1875,292.4062,292.4375,3.8625,5.5469,5.2125,4.7891,-0.723,-1.7875,12.8856,12.8076
11/05/2025,11:00:00,268.6,308.625,114.475,50.0812,289.15,38.8187,293.6875,293.7812,3.6672,5.2766,5.3969,4.9656,-0.6841,-1.742,12.8921,12.806
11/05/2025,12:00:00,267.8562,310.5,115.0375,49.95,290.375,38.6375,295.1875,295.25,3.6453,5.5203,5.7219,4.9266,-0.7309,-1.78,12.7865,12.6955
11/05/2025,13:00:00,269.025,311.625,113.925,49.625,290.975,38.1312,296.0312,296.125,3.5406,5.3,5.5516,4.9625,-0.7191,-1.781,12.9246,12.832
11/05/2025,14:00:00,268.0687,311.25,114.2625,49.9062,291.1,38.3,296.125,296.1562,3.7922,5.4719,5.3344,4.9156,-0.7387,-1.8065,12.9961,12.8872
11/05/2025,15:00:00,268.0687,312.375,113.7625,50.0312,291.45,39.4375,296.8438,296.9062,3.6797,5.3953,5.4078,5.1016,-0.7283,-1.7875,12.9409,12.8352
11/05/2025,16:00:00,266.9,312.6562,113.8125,49.1812,292.3,38.775,297.4688,297.625,3.4578,5.2172,5.3828,4.7203,-0.7239,-1.8025,12.9474,12.8905
11/05/2025,17:00:00,266.9,309.6562,114.425,49.3375,291.75,38.275,296.6562,296.6875,3.7,5.1141,4.9672,4.8484,-0.6919,-1.7285,12.6874,12.5931
11/05/2025,18:00:00,267.325,312,114.2625,48.2437,292.975,37.0938,297.7188,297.8125,3.4297,5.0766,5.1797,4.7312,-0.7558,-1.878,12.9051,12.819
11/05/2025,19:00:00,663.5312,374.0312,125.275,48.2687,331.45,35.8125,348.1875,348.3125,1.6234,2.3672,2.6844,2.65,-1.3578,-4.4975,15.1346,15.0176
11/05/2025,20:00:00,465.375,356.5,125.35,48.3187,325.675,36.2812,335.4688,335.5312,2.2109,3.6234,3.6047,3.3391,-0.9409,-2.861,13.4251,13.3471
11/05/2025,21:00:00,279.8624,322.2812,119.675,48.05,300.35,37.2062,305.1875,305.3125,3.6422,5.4266,5.0672,4.3687,-0.7331,-1.9085,12.9132,12.8125
11/05/2025,22:00:00,267.4313,318.5625,114.675,47.6125,294.05,37.3187,299.2188,299.1875,3.7875,5.3656,5.5156,5.075,-0.7208,-1.753,12.7784,12.6874
11/05/2025,23:00:00,270.0875,316.125,114.8625,47.7562,293.375,37.2375,298.4375,298.4688,3.7812,5.3484,5.6422,5.1094,-0.7584,-1.8215,12.923,12.8385
12/05/2025,00:00:00,269.025,314.5625,115.325,47.325,293.325,37.0312,297.9375,298.0312,3.6828,5.2531,5.4516,4.8625,-0.6793,-1.755,12.9181,12.8239
12/05/2025,01:00:00,335.8562,323.1562,114.0625,47.225,299.125,36.075,305.6562,305.7812,2.9312,4.8672,5.0109,3.95,-0.7344,-2.042,12.9555,12.8547
12/05/2025,02:00:00,366.4562,331.3125,116.3,47.3687,305.8,36.025,313.4375,313.5625,2.7016,4.5797,4.7906,3.9516,-0.9168,-2.316,13.0693,12.9685
12/05/2025,03:00:00,364.9688,331.75,115.0625,47.2,305.625,36.1437,313.9062,313.9688,2.9766,4.6281,4.5516,3.7188,-0.814,-2.212,13.1294,13.04
12/05/2025,04:00:00,365.8187,334.75,114.6875,47.6062,307.15,35.8062,315.9688,316.0625,2.9312,4.7687,4.7922,3.6891,-0.7943,-2.233,13.1034,13.0091
12/05/2025,05:00:00,366.0312,331.5625,115.3125,47.175,306.675,35.4625,315,315,2.9562,4.8234,4.6547,3.7172,-0.8061,-2.296,13.0205,12.936
12/05/2025,06:00:00,662.2562,377.1875,125.125,46.0437,333.55,33.6312,350.6875,350.7812,1.3516,2.5844,3.0781,2.1906,-1.3447,-4.408,15.1769,15.0518
12/05/2025,07:00:00,465.2687,345.4375,119.1125,45.3687,317.05,33.3625,328.0938,328.0625,2.4078,3.9312,3.6484,3.0328,-0.9448,-2.798,13.651,13.5486
12/05/2025,08:00:00,661.3,357.3125,119.075,47.0062,315.85,34.4813,333.5312,333.625,1.7891,2.8141,2.9406,2.4,-1.465,-4.5675,15.601,15.4677
12/05/2025,09:00:00,463.25,349.9688,122.2875,47.5938,319.8,35.6063,329.7812,329.8438,2.0812,3.9391,4.1453,3.0859,-0.9912,-2.877,13.4056,13.3228
12/05/2025,10:00:00,316.625,314.7812,116.6125,48.975,295,37.3875,301.0625,301.125,3.1141,5.3359,5.3062,3.825,-0.8507,-2.03,12.9669,12.8694
12/05/2025,11:00:00,316.8375,312.2812,113.65,49.3625,291.925,37.925,297.875,297.8125,3.1687,4.9703,5.1672,3.7531,-0.7847,-1.984,13.0839,13.0059
12/05/2025,12:00:00,317.6875,311.75,114.0625,49.4688,292,37.8687,297.7812,297.8125,3.0828,4.9875,5.1047,4.0359,-0.7808,-1.973,12.9929,12.9198
12/05/2025,13:00:00,316.4125,311.5625,114.2,49.4437,292.625,37.825,298.125,298.25,3.1125,5.4,5.4688,4.2328,-0.7462,-1.9525,13.0822,12.9896
12/05/2025,14:00:00,469.9437,339.8125,113.75,49.2687,307.025,37.1063,318.7812,318.875,2.2812,4.0453,4.2406,3.3109,-0.9802,-2.8585,13.755,13.6705
12/05/2025,15:00:00,660.3438,362.0625,122.4375,48.8125,322.5,36.3312,338.875,338.9688,1.4922,2.4359,2.4281,2.4281,-1.3644,-4.3515,15.5133,15.3832
12/05/2025,16:00:00,659.3875,362.9062,124.2,48.525,324.6,36.0062,340.5312,340.625,1.6234,2.6172,2.5984,2.6375,-1.3307,-4.3355,15.393,15.2581
12/05/2025,17:00:00,658.9625,368.0938,125.6125,48.5187,328.85,35.9437,343.625,343.6562,1.3266,2.3875,2.5453,2.2406,-1.374,-4.284,15.0095,14.9185
12/05/2025,18:00:00,660.025,368.8125,125.975,48.3187,329.85,35.7625,344.3125,344.4062,1.4969,2.3156,2.4906,2.1578,-1.3425,-4.2555,14.938,14.8356
12/05/2025,19:00:00,660.2375,366.8438,126.175,48.1937,329,35.7,342.8438,342.875,1.6703,2.5687,2.7937,2.2781,-1.3027,-4.231,14.8275,14.7267
12/05/2025,20:00:00,660.1312,369.1875,126.1125,48.35,330.125,35.9188,344.4688,344.5,1.2844,2.575,2.5625,2.2953,-1.3526,-4.2425,14.8632,14.7787
12/05/2025,21:00:00,659.9187,366.25,126.9,48.2188,329.525,35.775,343.8438,343.8438,1.4844,2.5281,2.575,2.5578,-1.3753,-4.3305,14.9802,14.8827
12/05/2025,22:00:00,660.1312,367.0312,126.5625,47.8312,328.875,35.8563,343.4688,343.5938,1.6344,2.4609,2.7047,2.5844,-1.3937,-4.416,14.7349,14.6423
12/05/2025,23:00:00,659.7063,363.9062,124.8375,47.25,327.075,35.7125,341.5625,341.5625,1.4359,2.5094,2.4859,2.4797,-1.388,-4.2605,14.6423,14.5496
13/05/2025,00:00:00,663.85,365.6875,124.9,47.0875,327.975,35.575,342.25,342.375,1.6969,2.7578,2.7937,2.4641,-1.3456,-4.2855,14.7056,14.6114
13/05/2025,01:00:00,664.4875,368.9688,125.1625,46.8,330.2,35.3062,345.125,345.1875,1.4328,2.1328,2.4469,2.2219,-1.3438,-4.208,14.5756,14.4716
13/05/2025,02:00:00,664.8063,368.7188,124.7125,46.7625,329.775,35.1937,345,345.125,1.7203,2.6375,2.8094,2.5156,-1.3548,-4.2725,14.9087,14.8129
13/05/2025,03:00:00,664.0625,370.5625,125.75,46.7,331.3,35.0125,346.6875,346.7188,1.525,2.4516,2.7734,2.2656,-1.3206,-4.2915,15.0891,14.9981
13/05/2025,04:00:00,664.1687,367.5938,125.4625,46.925,329.475,34.8563,344.5,344.4688,1.5047,2.4312,2.5875,2.2188,-1.4103,-4.331,15.0127,14.8925
13/05/2025,05:00:00,661.9375,363.5938,123.7875,46.4562,327.1,34.875,341.875,341.9062,1.5016,2.2094,2.5469,2.4734,-1.2782,-4.206,15.003,14.9087
13/05/2025,06:00:00,663.9563,366.4375,124.3125,46.6187,328.225,34.95,343.0625,343.2188,1.6516,2.6562,2.7547,2.2156,-1.3679,-4.2785,14.964,14.8519
13/05/2025,07:00:00,459.85,346.1875,125.425,47.1375,319.975,36.0062,328.7188,328.75,2.0406,3.7703,4.025,3.2219,-0.9684,-2.7905,13.3341,13.2366
13/05/2025,08:00:00,661.0875,355.375,118.4375,48.3062,313.625,35.7812,331,331.0938,1.7875,2.6953,2.8406,2.3766,-1.4593,-4.5015,15.2078,15.1038
13/05/2025,09:00:00,422.3438,331.2188,116.3125,46.4688,307.675,35,316.875,316.9375,2.3391,4.0234,4.2812,3.5375,-0.9094,-2.5475,13.1651,13.0758
13/05/2025,10:00:00,364.9688,320.125,115.3,48.4,297.8,36.7125,305.5312,305.5938,2.6172,4.5359,4.7188,3.7094,-0.8446,-2.2105,13.0936,12.9912
13/05/2025,11:00:00,366.0312,318.6875,113.4875,48.7312,295.85,36.8312,303.4062,303.4688,2.7281,4.6578,4.7766,3.8406,-0.779,-2.165,13.2512,13.1489
13/05/2025,12:00:00,268.2812,310.5625,120.5375,49.0625,292.925,37.8687,295.875,295.9062,3.5172,5.3375,5.1531,4.5687,-0.6871,-1.702,12.8255,12.6695
13/05/2025,13:00:00,267.9625,306.9688,113.7,49.1562,287.175,37.8312,291.75,291.8125,3.6359,5.6812,5.8406,4.5625,-0.7444,-1.756,12.8889,12.8027
13/05/2025,14:00:00,267.4313,313.375,115.6125,49.0812,291.625,37.7938,295.9062,296,3.3219,5.2969,5.4547,4.6937,-0.667,-1.7085,12.9149,12.8141
13/05/2025,15:00:00,267.2188,308.6875,114.6125,48.9187,289.525,37.6125,294.0312,294.1875,3.3328,5.4109,5.6516,4.4031,-0.7519,-1.7745,12.7134,12.6289
13/05/2025,16:00:00,622.4125,348.5938,115.875,48.5938,308.45,36.2188,324.9688,325.0312,1.8547,2.6078,2.9219,2.6375,-1.3517,-4.2995,15.4076,15.276
13/05/2025,17:00:00,660.5563,369.7188,127.7,48.4312,330.525,36.05,346.0625,346.125,1.4328,2.2469,2.5375,2.1891,-1.3408,-4.3155,14.4716,14.3562
13/05/2025,18:00:00,660.45,364.7188,131.275,47.6625,332.15,36.1125,345.125,345.1562,1.6828,2.6344,2.5031,3.1016,-1.3915,-4.4615,14.0524,13.9207
13/05/2025,19:00:00,660.1312,365.4375,130.6625,47.6062,331.875,36.025,344.8125,344.875,1.5125,2.4187,2.8312,2.9062,-1.339,-4.293,14.1482,14.0004
13/05/2025,20:00:00,659.7063,364.9375,130.15,47.1062,331.25,36.1312,344.4688,344.5625,1.6922,2.6562,2.6562,2.9328,-1.388,-4.377,14.002,13.8704
13/05/2025,21:00:00,660.5563,367.875,131.625,46.775,333.325,35.975,346.5312,346.6562,1.5828,2.5938,2.8031,3.0297,-1.3084,-4.4045,13.6737,13.5161
13/05/2025,22:00:00,660.45,370.5938,126.6,47.4312,331.375,35.7375,345.2188,345.3438,1.4922,2.5359,2.6391,2.2859,-1.3486,-4.2415,14.6845,14.5789
13/05/2025,23:00:00,665.2312,369.7188,126.875,47.4875,331.525,35.7812,345.3438,345.375,1.3672,2.3312,2.6469,1.8906,-1.3653,-4.302,14.8096,14.7137
14/05/2025,00:00:00,664.3812,367.2188,127.5,47.5,330.975,35.6187,344.4375,344.375,1.525,2.5906,2.8141,2.4484,-1.2808,-4.274,14.8454,14.7397
14/05/2025,01:00:00,664.7,363.1562,124.275,47.0625,326.3,35.1812,340.4688,340.5938,1.5625,2.7703,2.7562,2.2125,-1.3311,-4.2305,14.7934,14.6894
14/05/2025,02:00:00,664.275,366.4062,125.3625,46.775,328.35,35.25,343.2188,343.2812,1.6375,2.5344,2.8594,2.6375,-1.3259,-4.26,14.8112,14.7072
14/05/2025,03:00:00,664.9125,366.1562,124.95,47.025,328.6,35.2125,343.375,343.4375,1.4625,2.425,2.6281,2.6625,-1.3092,-4.2225,14.7787,14.6585
14/05/2025,04:00:00,663.85,367.9688,125.5625,46.7562,329.525,35.1,344.5938,344.6562,1.5859,2.6266,2.8891,2.8359,-1.3723,-4.439,14.9282,14.8096
14/05/2025,05:00:00,665.8688,369.7188,125.5875,46.4937,330.925,34.9312,345.875,345.9688,1.6703,2.575,2.6469,2.6406,-1.3793,-4.3765,14.7722,14.6536
14/05/2025,06:00:00,650.9938,367.0312,125.5125,46.9937,329.525,35.1125,344.2812,344.375,1.625,2.6375,2.8953,2.6625,-1.3569,-4.216,14.4602,14.3871
14/05/2025,07:00:00,461.0187,344.2188,121.55,47.675,317.575,35.9375,326.875,326.9375,2.0906,4.0094,4.0719,3.575,-0.8862,-2.7275,13.5356,13.4511
14/05/2025,08:00:00,659.6,356.2188,120.025,48.8125,314.575,36.325,331.7812,331.8438,1.5016,2.5844,2.8078,2.3422,-1.4046,-4.5795,15.2776,15.1493
14/05/2025,09:00:00,461.125,349.9062,123.6125,49.1875,321.075,37.2437,330.4062,330.4375,1.9469,3.675,4.0687,3.3422,-0.9168,-2.739,13.4268,13.3569
14/05/2025,10:00:00,269.7687,318.9375,124.4375,49.5938,303.625,38.2375,306.3438,306.4375,3.475,4.8203,5.0297,4.3906,-0.6447,-1.62,12.8986,12.8125
14/05/2025,11:00:00,362.525,322.5312,119.3125,49.7312,300.475,37.7687,305.8125,305.9375,2.6125,4.7406,4.8594,3.7516,-0.8,-2.1885,13.0758,12.9864
14/05/2025,12:00:00,363.4812,322.5,122.35,49.45,302.3,37.5438,306.5625,306.6562,2.6281,4.7344,4.7328,3.8312,-0.8241,-2.232,13.0693,12.9766
14/05/2025,13:00:00,268.4938,313.625,121.1625,49.7062,294.05,38.4625,296.5312,296.5625,3.6719,5.5375,5.3719,4.7859,-0.7558,-1.8415,12.9262,12.8206
14/05/2025,14:00:00,625.4938,353.5312,118.2,49.8,311.6,37.1,328.25,328.4688,1.6984,2.7609,3.0484,2.4484,-1.4322,-4.3855,15.2939,15.1558
14/05/2025,15:00:00,468.5625,360.625,124.4875,49.875,328.775,37.4688,339.625,339.5938,1.9375,3.0953,3.8641,3.1156,-0.9435,-2.621,13.2382,13.1489
14/05/2025,16:00:00,664.1687,363,124.4875,49.5562,323.875,37.0187,340.0938,340.25,1.5516,2.5406,2.5281,2.2406,-1.3683,-4.3515,15.3296,15.198
14/05/2025,17:00:00,662.2562,362.7188,124.8375,49.7,325.175,37.0875,340.3438,340.4062,1.6422,2.6172,2.7031,2.5016,-1.4208,-4.397,15.3946,15.2857
14/05/2025,18:00:00,662.4688,364.9375,125.55,49.4937,326.975,36.9875,342.125,342.2188,1.5453,2.5344,2.7953,2.3781,-1.3224,-4.297,15.2402,15.1216
14/05/2025,19:00:00,663.425,366.2188,125.775,48.6687,328.475,36.8375,343.2188,343.3438,1.4219,2.3687,2.5594,2.3469,-1.3534,-4.3055,15.0518,14.9364
14/05/2025,20:00:00,662.3625,368.1875,126.0375,48.1062,330.225,36.4688,345.125,345.1875,1.5234,2.5609,2.5797,2.5469,-1.2896,-4.2355,14.9867,14.873
14/05/2025,21:00:00,662.6813,366.5625,127,47.9437,329.85,36.35,344.5312,344.6562,1.5422,2.5984,2.6562,2.4672,-1.4002,-4.439,14.821,14.7105
14/05/2025,22:00:00,663.425,365.4062,126.3125,47.8062,328.175,36.1937,342.7812,342.9062,1.6516,2.8031,2.9281,2.4031,-1.4296,-4.4445,15.0241,14.9234
14/05/2025,23:00:00,663.3187,363.7812,125.5875,47.925,327.125,36.2375,341.7188,341.7812,1.6469,2.4953,2.4609,2.4969,-1.2996,-4.2385,15.0452,14.9412
15/05/2025,00:00:00,663.3187,364.5,124.7,47.8937,327.35,36.0438,342.0312,342.125,1.4313,2.3625,2.4891,2.5812,-1.3932,-4.3715,15.0518,14.9282
15/05/2025,01:00:00,662.6813,367.5,124.9625,47.6312,329.025,35.75,344.2188,344.3125,1.7359,2.6687,2.6531,2.7031,-1.3504,-4.342,14.99,14.8811
15/05/2025,02:00:00,662.575,367.5625,125.2,47.5562,329.65,35.625,344.7188,344.7812,1.5563,2.5312,2.8156,2.575,-1.3473,-4.3125,15.0664,14.9526
15/05/2025,03:00:00,663.6375,366.7188,126.7,47.3062,330.4,35.5312,344.7812,344.8125,1.2641,2.6516,2.9078,2.3422,-1.3246,-4.256,14.86,14.7397
15/05/2025,04:00:00,661.6188,363.4688,125.4,47.1562,327.725,35.3312,342.25,342.25,1.6797,2.6625,2.7484,2.6812,-1.3517,-4.323,15.0014,14.8941
15/05/2025,05:00:00,662.7875,363.1562,123.7375,47.2437,325.975,35.1,340.875,340.9375,1.525,2.5125,3.0016,2.4,-1.3443,-4.315,15.0518,14.951
15/05/2025,06:00:00,659.175,366.25,124.9375,47.6187,328.025,35.6688,343.1875,343.2188,1.6141,2.4156,2.6656,2.5766,-1.3828,-4.352,15.0599,14.9559
15/05/2025,07:00:00,459.7438,350.4375,123.7375,48.5,321.275,36.7062,330.5938,330.5312,1.8672,3.7687,3.9719,3.4328,-0.9129,-2.724,13.4268,13.3422
15/05/2025,08:00:00,423.725,319.375,123.3625,49.0437,299.075,37.4562,305.6875,305.75,2.5547,4.2656,4.2875,3.7266,-0.9877,-3.0775,14.3124,14.1986
15/05/2025,09:00:00,331.1813,320.3125,124.175,49.6875,301.175,38.025,305.0938,305.125,2.7906,4.9328,4.9984,3.8719,-0.8206,-2.0945,13.0026,12.9067
15/05/2025,10:00:00,333.3063,316.7188,121.1375,50.1187,297.675,38.5062,301.5312,301.5625,2.9531,4.9125,5.2437,4.1484,-0.7663,-2.052,13.105,13.0107
15/05/2025,11:00:00,332.6687,317.0312,122.2,49.9562,298.625,38.3062,301.9688,302.0625,3.0234,4.6266,4.7859,3.9266,-0.8468,-2.1485,13.0042,12.9181
15/05/2025,12:00:00,330.7562,317,121.8625,50.25,298.875,38.5375,302.4375,302.4375,2.6797,4.8797,4.9812,3.6812,-0.8249,-2.0905,12.975,12.8986
15/05/2025,13:00:00,332.5625,317.9375,122.2875,49.8937,299.85,38.1562,303.4062,303.5,2.8781,5.0016,5.2047,3.95,-0.7269,-2.035,13.0449,12.9457
15/05/2025,14:00:00,381.1188,331.9062,122.05,49.9062,308.275,37.8812,315.5,315.5625,2.5281,4.5656,4.7203,3.7766,-0.8507,-2.3675,13.1229,13.0254
15/05/2025,15:00:00,625.9187,353.5,120.1375,50.1375,315.6,37.45,331.8438,331.9062,1.9703,2.8469,2.9453,2.7937,-1.5381,-4.42,14.808,14.6975
15/05/2025,16:00:00,663.425,371.4375,127.275,49.875,330.7,37.4562,347,347.125,1.5734,2.3438,2.7344,2.5016,-1.3683,-4.4085,14.9705,14.8746
15/05/2025,17:00:00,662.6813,363.6875,126.275,49.8375,327.4,37.3062,342,342.0625,1.4859,2.2797,2.3781,2.5953,-1.3228,-4.331,14.7836,14.6634
15/05/2025,18:00:00,663.1062,364.8438,124.3125,49.6625,324.875,37.3812,341.125,341.1562,1.5109,2.7453,2.85,2.5,-1.3399,-4.354,14.9737,14.8665
15/05/2025,19:00:00,663.2125,367.0312,126.1375,49.1437,328.35,37.4188,344.1875,344.2188,1.6641,2.6266,2.7469,2.4484,-1.3692,-4.3995,14.8307,14.73
15/05/2025,20:00:00,663,368.4062,127.3125,48.8438,331.15,37.25,345.7188,345.7188,1.4906,2.575,2.5703,2.3047,-1.3408,-4.341,14.7463,14.6471
15/05/2025,21:00:00,663.3187,366.875,126.2875,47.5562,330.45,36.1187,345.0938,345.2188,1.6344,2.7109,2.7328,2.5953,-1.3154,-4.3645,14.977,14.8714
15/05/2025,22:00:00,663.1062,370,126.45,48.1812,331.35,35.9625,346.4688,346.5312,1.5594,2.725,2.7,2.4875,-1.4357,-4.407,14.86,14.7592
15/05/2025,23:00:00,663,364.375,126.1,47.4562,328.725,35.7062,343.0625,343.125,1.5609,2.5359,2.7422,2.5375,-1.3639,-4.326,14.7235,14.6114
16/05/2025,00:00:00,663.7438,367.9062,126.3375,47.6125,329.95,35.7,344.2188,344.3125,1.35,2.6641,2.7094,2.2375,-1.3346,-4.299,14.8503,14.7463
16/05/2025,01:00:00,662.2562,368.9688,125.975,47.5562,330.975,35.6,345.375,345.4375,1.4078,2.5391,2.3922,2.5031,-1.346,-4.2845,14.5691,14.4651
16/05/2025,02:00:00,662.8938,369.125,126.375,47.4437,331.5,35.4813,345.875,345.9688,1.4359,2.6344,2.7359,2.5562,-1.3044,-4.3305,14.7804,14.6796
16/05/2025,03:00:00,662.575,364.5312,126.5,47.3812,329.25,35.3875,343.3125,343.375,1.5484,2.5734,2.6984,2.5938,-1.3749,-4.4315,14.9656,14.8324
16/05/2025,04:00:00,663.2125,365,124.625,47.1687,327.525,35.3812,342.1562,342.2812,1.5078,2.7109,2.6344,2.6078,-1.3622,-4.327,14.9071,14.795
16/05/2025,05:00:00,662.575,365.4688,124.8375,46.925,328.475,35.0375,343.0312,343.0938,1.4734,2.4766,2.5594,2.4781,-1.3534,-4.2705,14.9835,14.8324
16/05/2025,06:00:00,663.2125,365.9062,124.275,47.4437,327.4,35.2375,342.125,342.2188,1.4469,2.5422,2.4594,2.7906,-1.4033,-4.3625,15.0452,14.9347
16/05/2025,07:00:00,301.5375,334.6562,124.1875,45.2125,319.05,34.1625,320.5312,320.4375,3.4125,5.0781,5.0766,4.0844,-0.7597,-1.768,12.7199,12.624
16/05/2025,08:00:00,566.8438,333.375,113.45,48.5625,296,36.4875,311.0938,311.0938,1.8187,3.1234,3.3328,3.1984,-1.2996,-4.1985,15.4222,15.3199
16/05/2025,09:00:00,466.0125,354.1562,124.1625,49.0312,323.025,37.1375,332.625,332.6562,2.2453,3.3281,3.8406,3.5672,-0.8971,-2.796,13.3228,13.2415
16/05/2025,10:00:00,277.2062,309.6875,128.1625,49.9,296.55,38.8687,298.6562,298.75,3.3859,4.9922,5.4297,4.7594,-0.7606,-1.79,12.6955,12.6012
16/05/2025,11:00:00,276.3562,306.4062,119.7125,50.2125,290,39.0812,293.0312,293.0625,3.4328,5.6047,5.6031,4.2422,-0.7195,-1.772,12.9002,12.806
16/05/2025,12:00:00,276.25,304.8125,121.25,50.5062,289.95,39.4,292.125,292.1875,3.2016,5.5812,5.7125,4.4109,-0.6705,-1.7235,12.9522,12.8678
16/05/2025,13:00:00,276.1437,305,121.0875,50.7437,290.3,39.4688,292.5312,292.5625,3.5891,5.4,5.325,3.9688,-0.6679,-1.7245,12.7296,12.6305
16/05/2025,14:00:00,277.1,305.8125,120.8125,50.5938,290.75,39.375,293.2188,293.2188,3.1297,5.6266,5.6312,4.3031,-0.7287,-1.8005,12.8482,12.7767
16/05/2025,15:00:00,277.1,306.4688,121.3875,50.1062,291.975,39.0938,293.9062,294,3.2156,5.5484,5.575,4.1797,-0.7112,-1.7915,12.9344,12.845
16/05/2025,16:00:00,526.15,330.75,116.575,49.8812,298.325,37.75,310.9062,311,2.0859,3.2578,3.6797,3.3578,-1.311,-4.1405,15.0875,14.9656
16/05/2025,17:00:00,455.7062,361.1875,127.0625,49.65,332.55,37.45,341.875,341.875,2.0891,3.2609,3.6406,3.475,-0.933,-2.653,12.988,12.9035
16/05/2025,18:00:00,275.7188,317.9062,127.675,49.6,301.2,38.5187,303.6875,303.75,3.4062,5.4656,5.2391,3.8984,-0.7304,-1.8175,12.7751,12.6776
16/05/2025,19:00:00,275.7188,306.7188,119.75,48.5,290.8,38.2625,293.75,293.7812,3.3672,5.6328,5.5812,4.3031,-0.7961,-1.8745,12.9718,12.8856
16/05/2025,20:00:00,496.0813,322.7188,114.4875,48.1,292.175,36.9937,303.5,303.5312,2.2859,3.3984,3.5906,3.6,-1.1627,-3.675,14.8974,14.7771
16/05/2025,21:00:00,663.425,368.7188,124.525,48.3062,326.375,36.5312,343.4062,343.5625,1.6281,2.4344,2.8328,2.7672,-1.3469,-4.469,15.2614,15.1379
16/05/2025,22:00:00,663.9563,370.3438,126.7125,47.9937,330.925,36.4375,346.3125,346.3438,1.575,2.5516,2.3875,2.6594,-1.4107,-4.4605,15.1086,15.0014
16/05/2025,23:00:00,664.1687,371.5625,127.1125,47.8375,332.1,36.1875,347.4062,347.375,1.6,2.6781,2.7094,2.5719,-1.3736,-4.4205,15.0631,14.9672
17/05/2025,00:00:00,639.7312,364.6562,124.975,47.7188,328.125,36.0562,342.3125,342.375,1.625,2.65,2.8156,2.6344,-1.2896,-4.1655,14.756,14.6585
17/05/2025,01:00:00,466.3313,349.75,122.85,47.05,320.85,36.075,330.5625,330.625,2.0687,3.7859,4.0609,3.3828,-0.9737,-2.876,13.4381,13.3585
17/05/2025,02:00:00,322.7875,315.5,123.3375,46.9937,296.875,36.4,301.25,301.2812,2.8797,5.1344,5.3453,3.8641,-0.8197,-2.126,12.9555,12.8661
17/05/2025,03:00:00,465.9062,338.6562,117.2375,47.3062,309.25,35.8812,320,320.0625,2.1312,3.6031,3.8031,3.175,-0.9448,-2.845,13.6932,13.6087
17/05/2025,04:00:00,268.1749,313.4062,124.2375,47.5375,295.675,36.8937,296.8438,296.875,3.7859,5.2859,5.4609,4.85,-0.6989,-1.791,13.0481,12.9539
17/05/2025,05:00:00,268.0687,308.2188,123.05,47.725,291.45,37.1625,289.9688,290.0312,3.8187,5.7719,5.3516,4.7188,-0.7751,-1.866,12.9067,12.819
17/05/2025,06:00:00,267.1124,308.2812,125.6125,47.1375,292.675,37.1375,289.5,289.625,3.3328,5.0453,5.2266,4.6828,-0.6044,-1.6895,13.0189,12.9392
17/05/2025,07:00:00,265.9437,307.5625,123.6625,47.5562,292.025,37.4437,290.0312,290.0625,3.4766,5.1641,5.3094,4.7094,-0.6276,-1.6955,13.0481,12.9522
17/05/2025,08:00:00,660.875,351.2812,116.3125,48.7687,309.45,36.7188,326.2188,326.2188,1.6859,2.3984,2.5312,2.5922,-1.5026,-4.7855,16.0105,15.8756
17/05/2025,09:00:00,660.45,372.7188,126.975,48.8812,330.825,36.4625,347.4375,347.5,1.525,2.3641,2.9812,2.6047,-1.3359,-4.3845,14.9347,14.8372
17/05/2025,10:00:00,469.2,348.375,123.1,48.8062,319.55,36.6812,329.4688,329.4062,2.0828,3.7609,4.1156,3.2141,-0.9667,-2.8795,13.2805,13.1781
17/05/2025,11:00:00,566.4187,351.9062,117.025,48.7625,313.375,36.225,327.8438,327.9062,1.6125,2.8562,3.3438,3.1844,-1.1491,-3.5505,14.3676,14.2847
17/05/2025,12:00:00,273.1687,328.625,129.4375,48.7937,314.325,37.1937,314.2188,314.2812,3.4812,5.0234,5.1437,4.3672,-0.7029,-1.653,12.7329,12.6305
17/05/2025,13:00:00,616.1438,341.125,112.9375,48.3438,299.725,35.8062,316.25,316.25,1.8172,2.725,2.9375,2.8937,-1.4532,-4.7265,16.0787,15.9683
17/05/2025,14:00:00,660.2375,368.0625,124,48.0625,326.625,35.3375,343.2188,343.3438,1.5594,2.4969,2.5609,2.4906,-1.3425,-4.358,15.2159,15.1249
17/05/2025,15:00:00,660.6625,370.6562,125.725,48.1312,330.85,35.425,346.125,346.125,1.65,2.6109,2.6656,2.4562,-1.3639,-4.3615,14.9689,14.873
17/05/2025,16:00:00,662.4688,360.5,125.4,48.0187,326.275,35.4312,340.5938,340.6562,1.5172,2.4016,2.4031,2.4625,-1.3097,-4.332,14.9835,14.8714
17/05/2025,17:00:00,623.5813,366.2188,125.2125,48.325,328.375,36.1,342.875,343,1.8062,3.125,3.3266,2.8562,-1.3919,-4.061,13.9825,13.9012
17/05/2025,18:00:00,290.275,325.25,125.075,47.9375,310.075,36.45,310.5625,310.6875,3.1625,4.7609,5.6,4.5891,-0.6517,-1.731,12.8856,12.7995
17/05/2025,19:00:00,530.2937,326.3438,114.55,47.3875,293.85,35.925,306.2812,306.5625,2.0531,3.3875,3.7922,3.4766,-1.3049,-4.008,14.626,14.5252
17/05/2025,20:00:00,288.8937,321.0938,129.75,46.9375,308.075,36.5375,306.375,306.4062,3.2234,4.4562,5.2531,4.5109,-0.6985,-1.7465,12.819,12.728
17/05/2025,21:00:00,663.425,363.2188,121.25,47.1687,321.35,35.5,338.375,338.4688,1.5938,2.3625,2.8125,2.7562,-1.4107,-4.49,15.3719,15.2419
17/05/2025,22:00:00,663.6375,368.0312,124.675,47.2312,328.275,35.3375,344.2812,344.3125,1.5969,2.4875,2.6937,2.5109,-1.3788,-4.3615,14.938,14.8259
17/05/2025,23:00:00,663.6375,365.1875,124.7625,47.1937,328.2,35.3687,343.0312,343.1562,1.4797,2.3672,2.725,2.5391,-1.3736,-4.387,14.912,14.8048
18/05/2025,00:00:00,663,367.875,125.925,46.925,330.45,35.15,345.2188,345.2188,1.7094,2.5797,2.8812,2.5578,-1.3303,-4.4,15.0729,14.9705
18/05/2025,01:00:00,662.8938,367.375,124.325,46.475,328.85,34.8625,343.9688,344.0625,1.5984,2.6016,2.6891,2.4328,-1.3613,-4.3735,15.1476,15.0274
18/05/2025,02:00:00,663.2125,371.5,125.575,46.5187,331.475,34.9375,347.0312,347.125,1.5953,2.575,2.9844,2.6875,-1.4007,-4.434,15.2435,15.1297
18/05/2025,03:00:00,663.3187,365.8125,124.175,46.5562,328.425,34.5687,343.1562,343.2188,1.5703,2.9453,2.7188,1.8312,-1.3482,-4.322,15.1265,15.016
18/05/2025,04:00:00,663.425,366.5625,124.8625,46.5562,329.475,34.5812,344.25,344.3438,1.5875,2.8391,2.9187,2.0812,-1.3184,-4.294,15.1021,14.9965
18/05/2025,05:00:00,663.425,367.125,124.9,46.4187,330.1,34.7125,344.9062,344.9688,1.4719,2.5844,2.7453,2.2953,-1.2839,-4.2345,15.0826,14.9802
18/05/2025,06:00:00,662.3625,365.625,123.95,46.5938,328.025,34.8937,342.8125,342.8438,1.3906,2.5125,2.6109,2.4219,-1.2952,-4.267,15.1427,15.0404
18/05/2025,07:00:00,567.2688,359.8125,123.05,48.1937,324.275,35.9375,337.2188,337.25,1.6703,2.9531,3.1781,2.6359,-1.199,-3.6615,14.2425,14.1466
18/05/2025,08:00:00,295.0563,333.125,127.125,49.3125,316.775,38.0125,317.9688,318.0938,3.1609,4.775,4.9703,4.1766,-0.6679,-1.7655,12.8547,12.7475
18/05/2025,09:00:00,264.8812,312.375,119.7375,49.6312,293.975,38.7562,297.0625,297.125,3.425,5.3937,5.5562,4.8141,-0.6946,-1.771,12.9067,12.7767
18/05/2025,10:00:00,265.0938,314.4375,120.8,50.5875,294.5,39.7312,296.4688,296.4375,3.4094,5.3687,5.5375,4.8344,-0.6552,-1.7185,13.0741,12.9977
18/05/2025,11:00:00,266.6875,314.0312,120.7625,50.7625,294.15,39.7062,296.375,296.4375,3.5156,5.6391,5.8109,5.0172,-0.7304,-1.7955,12.9067,12.8141
18/05/2025,12:00:00,264.35,314.8125,120.95,50.9812,294.75,39.9187,296.875,296.9688,3.5359,5.5938,5.65,4.8844,-0.7479,-1.813,12.9685,12.8775
18/05/2025,13:00:00,266.7937,319.0938,122,51.0125,296.4,39.8687,299.0625,299.2188,3.6047,5.5437,5.7359,4.9297,-0.7641,-1.9035,12.8092,12.7166
18/05/2025,14:00:00,264.35,319.625,121,50.825,297.625,39.5625,301,301.125,3.3812,4.9828,5.2891,4.8875,-0.744,-1.8655,12.8645,12.7784
18/05/2025,15:00:00,264.8812,323.8125,120.925,50.5687,299.9,39.2687,303.0312,303.1562,3.4328,5.2125,5.875,4.8797,-0.7169,-1.8025,13.0319,12.936
18/05/2025,16:00:00,352.8562,331.375,116.7625,50.1437,303,38.3312,310.375,310.4688,2.7703,5.0172,5.3016,4.0047,-0.8162,-2.2635,13.1082,13.0107
18/05/2025,17:00:00,465.8,357.0625,119.9875,49.55,320,37.3687,330.8125,330.875,2.1266,3.4641,4.2219,3.1266,-1.0205,-2.963,13.6656,13.5584
18/05/2025,18:00:00,455.4938,341.375,116.9,48.9312,311,36.925,322.0625,322.125,1.9359,3.35,3.8047,3.1828,-0.9299,-2.8145,13.937,13.8314
18/05/2025,19:00:00,659.7063,373.75,126.375,49.1187,330.875,36.5812,347.5938,347.6875,1.7219,2.5297,2.9031,2.4516,-1.3661,-4.5605,15.3719,15.2533
18/05/2025,20:00:00,660.025,375.25,127.3125,49.1375,333.925,36.775,349.5312,349.5625,1.6906,2.7922,2.8781,2.5297,-1.3683,-4.4475,15.0875,14.9656
18/05/2025,21:00:00,660.025,374.2812,128.2125,48.8125,333.975,36.8875,349.25,349.2812,1.6375,2.55,2.6484,2.4406,-1.3106,-4.3695,15.0501,14.9331
18/05/2025,22:00:00,660.1312,375.625,127.9375,48.1437,334.85,36.475,350.0625,350.0938,1.5234,2.6422,2.6516,2.3172,-1.3359,-4.4215,14.9786,14.86
18/05/2025,23:00:00,661.725,377.2812,127.7375,47.8875,335.425,36.3,350.7812,350.8438,1.5422,2.5891,2.6828,2.3281,-1.3202,-4.353,15.1655,15.0322
19/05/2025,00:00:00,661.8313,373.3438,127.775,47.7562,333.75,36.1063,348.4688,348.5625,1.5125,2.5031,2.7078,2.3969,-1.4335,-4.469,15.1054,14.9981
19/05/2025,01:00:00,660.1312,366.5312,125.325,47.325,329.275,35.7062,344.0312,344.0625,1.6203,2.7828,2.6781,2.4625,-1.346,-4.3785,15.0794,14.964
19/05/2025,02:00:00,659.6,367.0625,125.6625,47.1125,330,35.5687,344.375,344.5,1.6437,2.7172,2.7031,2.4141,-1.3701,-4.35,15.0924,14.9737
19/05/2025,03:00:00,659.6,370.375,126.725,47.3312,332.475,35.55,346.5312,346.5938,1.4562,2.5328,2.5672,2.1344,-1.3088,-4.2945,15.1249,14.9998
19/05/2025,04:00:00,660.45,371.5,126.675,46.7562,333.125,35.3875,347.0938,347.1562,1.425,2.6156,2.6156,2.2531,-1.3158,-4.2895,14.8584,14.743
19/05/2025,05:00:00,660.5563,373.6562,127.0625,46.7625,334.1,35.1937,348.125,348.25,1.4,2.6094,2.6219,2.2141,-1.3548,-4.321,14.769,14.6715
19/05/2025,06:00:00,660.3438,369.25,125.0625,47.2188,330,35.3375,344.4375,344.5312,1.3719,2.2734,2.4594,2.3328,-1.3456,-4.288,14.8974,14.8129
19/05/2025,07:00:00,571.0938,356.6875,122.8875,48.4688,321.025,36.5187,333.875,334,1.6016,2.7437,2.3531,2.8781,-1.1137,-3.7125,14.691,14.5903
19/05/2025,08:00:00,663.425,375.4375,127.925,49.3375,332.475,36.9813,348.75,348.875,1.5172,2.4859,2.8031,2.3469,-1.3989,-4.5125,15.0371,14.9234
19/05/2025,09:00:00,458.575,354.8438,125.75,49.4437,327.925,37.3687,336.5,336.4375,2.1094,3.2922,4.1187,3.4937,-1.0017,-2.8075,13.183,13.0936
19/05/2025,10:00:00,268.8125,318.5312,131.8,50.7062,304.35,39.525,305.9375,305.9062,3.2031,4.5625,5.4062,4.7578,-0.6604,-1.7185,12.9002,12.8304
19/05/2025,11:00:00,267.1124,310.5,117.625,51.0375,291.2,39.8312,295.375,295.4375,3.5219,5.2234,5.1906,5.0016,-0.7138,-1.78,12.8287,12.7394
19/05/2025,12:00:00,270.5125,311.4375,119.7,50.825,292.35,39.4562,295.8438,295.8438,3.6891,5.6437,5.6547,4.9297,-0.7313,-1.836,12.9604,12.8694
19/05/2025,13:00:00,268.4938,311.5312,121.225,50.325,293.275,39.025,295.6562,295.625,3.6641,5.8031,5.8344,4.7859,-0.6959,-1.805,13.0367,12.9376
19/05/2025,14:00:00,269.875,311.5938,121.5,50.6125,293.7,39.2125,295.9688,296.0312,3.4578,5.2812,5.6406,5.1547,-0.7523,-1.8685,12.7524,12.6874
19/05/2025,15:00:00,595.6375,347.125,117.25,50.2625,308.45,37.6875,323.5,323.5938,1.9516,2.9453,3.1016,2.6437,-1.3849,-4.4905,15.5685,15.3881
19/05/2025,16:00:00,660.45,373.2188,128.525,50.1125,332.55,37.6063,348.625,348.7188,1.5203,2.1766,2.6031,2.5578,-1.3849,-4.439,14.8356,14.7008
19/05/2025,17:00:00,480.675,368.8438,127.725,49.925,335.85,38.2313,346.3125,346.3125,1.8187,3.1219,4.225,3.3094,-0.9877,-2.6965,12.9929,12.9035
19/05/2025,18:00:00,501.6062,335.0625,118.2875,49.8187,305.725,38.3625,316.6875,316.75,2.3266,3.6375,3.6234,3.8047,-1.1334,-3.652,15.1639,15.0485
19/05/2025,19:00:00,662.3625,373.1562,127.2875,49.4312,330.6,37.9875,347,347.125,1.3937,2.7094,2.9234,2.3953,-1.3753,-4.4545,15.0566,14.9331
19/05/2025,20:00:00,662.0437,371.7812,127.6375,49.0187,333.225,37.4312,348.0625,348.0312,1.2719,2.7203,3.1719,2.2656,-1.2734,-4.226,14.7576,14.6601
19/05/2025,21:00:00,661.4062,372,128.375,49.0875,334.425,37.4562,348.9688,349,1.2281,2.4844,2.9437,2.0547,-1.3364,-4.2885,14.6081,14.5155
19/05/2025,22:00:00,661.8313,369.3125,127.3,48.4812,332.35,36.85,347.0312,347.0625,1.4391,2.3172,2.6594,2.2625,-1.3508,-4.332,14.9347,14.8486
19/05/2025,23:00:00,661.4062,364.5,126.3375,47.8312,330.125,36.2687,344.2188,344.25,1.3656,2.5219,2.9812,2.2531,-1.3071,-4.276,14.9104,14.7885
20/05/2025,00:00:00,485.1375,353.4688,125.9125,47.8312,327.075,36.3563,336.1875,336.2812,1.9719,3.8312,3.9047,2.8719,-0.9343,-2.87,13.4186,13.3293
20/05/2025,01:00:00,663,363.9062,124.4625,47.4937,325.225,35.85,340.8125,340.9375,1.4031,2.6953,2.7516,2.2703,-1.2966,-4.365,15.1964,15.0729
20/05/2025,02:00:00,664.0625,368.75,125.8375,47.0875,330.575,35.5187,345.4062,345.4375,1.4125,2.4062,2.6703,2.2844,-1.3797,-4.3435,14.8307,14.7137
20/05/2025,03:00:00,529.8688,356.375,122.8625,46.875,323.2,35.4375,335.375,335.375,1.8328,3.4844,3.5625,2.8281,-1.0651,-3.3555,13.6949,13.6071
20/05/2025,04:00:00,461.3375,348.5625,120.375,46.5125,318.35,35.325,328.4688,328.5312,2.1719,3.9453,3.9125,3.2734,-0.9313,-2.89,13.3422,13.2447
20/05/2025,05:00:00,448.2687,346.8438,120.9,46.4562,318.025,35.1875,327.9062,327.9375,2.4094,4.5281,4.6391,3.6062,-0.8376,-2.6395,13.118,13.0302
20/05/2025,06:00:00,460.4874,347.6875,120.75,46.8,321.35,35.5125,330.4062,330.4062,2.2391,3.7141,4.0125,3.6047,-0.9387,-2.707,13.209,13.1082
20/05/2025,07:00:00,386.75,328,115.2125,48.95,303.55,36.5938,310.8438,310.875,2.55,4.5297,4.3469,3.7484,-0.8289,-2.3385,13.4934,13.404
20/05/2025,08:00:00,388.1312,324.25,119.875,49.7,302.025,37.0812,306.6562,306.6875,2.4109,4.45,4.2859,3.9703,-0.8442,-2.4155,13.3861,13.3195
20/05/2025,09:00:00,388.875,324.6875,120.4125,50.075,302.325,37.4625,306.8438,306.9375,2.5687,4.6656,4.3844,3.8312,-0.8074,-2.3815,13.651,13.5616
20/05/2025,10:00:00,388.2374,328.125,120.2625,50.5938,303.775,37.8563,309.4375,309.5625,2.5469,4.6734,4.3953,3.8516,-0.8621,-2.437,13.5015,13.4186
20/05/2025,11:00:00,390.2562,328.0312,119.1625,50.9,302.8,38.0312,309.0625,309.1875,2.6891,4.6953,4.575,4.2437,-0.8249,-2.41,13.5779,13.4999
20/05/2025,12:00:00,389.1937,326.3438,118.8,51.3937,301.325,38.4562,307.625,307.6562,2.7609,4.5781,4.4109,4.0391,-0.8381,-2.424,13.6754,13.6006
20/05/2025,13:00:00,389.4062,326.25,118.975,51.1812,301.825,38.2812,307.8438,307.9062,2.5812,4.6156,4.4203,3.9766,-0.877,-2.471,13.6786,13.573
20/05/2025,14:00:00,388.3438,327.1562,119.1,51.5062,302.375,38.475,308.7812,308.8438,2.575,4.5656,4.5031,3.9641,-0.8696,-2.4715,13.6445,13.5811
20/05/2025,15:00:00,644.3,351.4688,119.4375,51.5,310.6,38.4312,327.2188,327.2812,1.8094,2.6234,2.6156,2.5922,-1.4024,-4.8185,16.3485,16.2331
20/05/2025,16:00:00,664.9125,370.6562,127.3875,50.5875,328.175,38.0562,343.9062,344.0312,1.7828,2.3391,2.6734,2.6312,-1.3508,-4.5255,15.0956,14.9737
20/05/2025,17:00:00,485.8812,366.6875,127.35,50.2812,331.225,38.0375,341.8438,341.9062,2.1484,3.0938,3.3953,3.4109,-0.9868,-2.8265,13.0059,12.9051
20/05/2025,18:00:00,617.6312,348.75,120.9875,50.3187,309.625,37.9813,324.9688,325.125,1.6531,2.3641,2.4781,3.0687,-1.269,-4.534,16.1486,16.0154
20/05/2025,19:00:00,460.5938,347.0312,124.85,49.55,318.95,38.1937,327.8125,327.875,2.6203,4.1016,4.1078,3.6422,-0.9907,-2.932,13.5064,13.4121
20/05/2025,20:00:00,625.2812,343.6875,116.85,49.0875,304.625,37.475,320.0938,320.1562,1.8219,3.0031,2.8953,2.8109,-1.3486,-4.5405,15.8935,15.7521
20/05/2025,21:00:00,665.3375,365.25,125.125,48.5437,325.125,37.1625,340.75,340.75,1.5875,2.4906,2.4953,2.5938,-1.3924,-4.465,15.1411,14.9998
20/05/2025,22:00:00,654.1813,354.4375,123.8875,48.5312,316.8,37.025,331.9688,332.0625,1.5609,2.7469,2.6641,2.5875,-1.4256,-4.701,15.8675,15.7521
20/05/2025,23:00:00,576.9375,358.3438,123.4875,47.9937,323.775,36.7875,336.8125,336.8438,1.8187,3.0344,3.0156,2.95,-1.0603,-3.5145,14.21,14.0979
21/05/2025,00:00:00,388.7687,332.5,115.85,48.5187,305.3,36.7188,313.0938,313.2188,2.2891,4.1312,4.2766,3.9937,-0.8486,-2.416,13.5957,13.5243
21/05/2025,01:00:00,429.6749,333.0625,118.4125,47.1375,307.75,35.7437,315.7188,315.7812,2.8547,4.4625,4.725,4.5125,-0.9352,-2.6915,13.9207,13.8298
21/05/2025,02:00:00,296.7562,316.9062,123.05,47.725,297.2,36.0438,295.6562,295.625,3.1406,5.0016,5.4406,4.2812,-0.7431,-1.9785,12.9961,12.9327
21/05/2025,03:00:00,437.9625,327.6562,114.8125,47.3125,299.775,35.6875,306.5625,306.6875,2.2906,3.8328,3.7812,3.9031,-0.9916,-2.841,13.7566,13.6705
21/05/2025,04:00:00,542.4062,346.75,116.9625,47.9937,311.325,35.8125,323.8438,323.9062,2.0578,3.4312,3.2672,3.1469,-1.1019,-3.423,14.2409,14.1287
21/05/2025,05:00:00,536.0312,351.5,119.1125,47.1187,315.75,35.3875,328.0625,328.1875,2.0484,3.35,3.2234,3.0703,-1.1102,-3.414,13.976,13.8752
21/05/2025,06:00:00,658.1125,363.7188,125.5375,47.65,324.775,35.65,339.4688,339.5625,1.8969,2.6953,2.6547,2.7437,-1.3788,-4.5205,15.1102,14.9867
21/05/2025,07:00:00,459.9562,350.25,123.625,47.8625,323.05,36.0938,330.9375,330.8438,2.6359,3.625,3.7703,3.5672,-0.9767,-2.813,13.027,12.9425
21/05/2025,08:00:00,390.575,316.5,123.6625,50.0437,296.4,37.7938,299.1875,299.2812,2.4094,4.3641,4.5109,4.1109,-1.0188,-2.9715,14.9201,14.8291
21/05/2025,09:00:00,433.5,334.25,116.35,50.0875,301.35,37.7062,310.9375,310.9375,2.4297,4.2844,4.3062,3.9078,-0.8774,-2.685,14.6471,14.5691
21/05/2025,10:00:00,264.8812,314.5938,119.2,50.9688,292.55,39.1312,292.25,292.3125,3.4641,5.5094,5.9172,4.7687,-0.7453,-1.838,12.8629,12.819
21/05/2025,11:00:00,264.8812,309.3125,120.5125,51.3875,289.625,39.4812,287.4375,287.5,3.4937,5.4187,6.075,4.8812,-0.6911,-1.7555,12.9522,12.884
21/05/2025,12:00:00,264.9874,309.5,121.1,50.8438,290,38.8375,286.8125,286.8438,3.5812,5.4891,5.9812,4.8844,-0.7243,-1.824,12.8499,12.7832
21/05/2025,13:00:00,265.9437,309.125,121.075,51.225,290.425,39.0312,287.3438,287.375,3.4953,5.4703,5.9,4.8031,-0.7112,-1.8155,12.9522,12.8872
21/05/2025,14:00:00,265.2,310.25,121.175,50.7125,291.275,38.6063,288.3125,288.3438,3.5031,5.3891,6.0484,4.9453,-0.6211,-1.7245,12.9604,12.9002
21/05/2025,15:00:00,657.3688,361.625,119.75,50.525,315.3,37.625,331.7188,331.9375,2.1297,2.8469,2.9719,2.0812,-1.3683,-4.544,15.9163,15.7911
21/05/2025,16:00:00,666.2937,372.6875,126.9375,50.4187,328.725,37.575,344.9688,345,1.8672,2.8516,2.9859,2.2391,-1.4199,-4.6295,15.8886,15.7407
21/05/2025,17:00:00,575.7688,360.625,126.1125,50.05,324.675,37.4188,336.5312,336.5625,2.3875,3.4344,3.6703,2.8812,-1.2344,-3.8055,14.1499,14.0524
21/05/2025,18:00:00,319.4938,316.7188,129.75,49.4937,305.075,38.0375,305.4375,305.5312,2.8891,5.5125,5.8141,4.3812,-0.7326,-2.0855,13.0725,12.9961
21/05/2025,19:00:00,664.0625,360.7188,121.8125,49.7375,318.225,37.0625,334.75,334.7812,1.9469,2.825,2.9641,2.3984,-1.3836,-4.569,15.8837,15.757
21/05/2025,20:00:00,570.4563,357.875,122.6625,49.2062,319.325,37.5687,333.0625,333.0625,2.2109,3.0672,3.1125,3.0141,-1.1391,-3.733,14.5009,14.3725
21/05/2025,21:00:00,663.425,365.6875,124.6625,48.1125,323.925,36.2875,339.8125,339.875,1.6703,2.3937,2.8047,2.4219,-1.3736,-4.5865,15.8496,15.731
21/05/2025,22:00:00,615.6125,362.0938,122.4625,48.3875,322.625,35.75,336.4062,336.375,1.9375,3.0719,3.3547,2.5672,-1.2624,-4.1065,15.1249,14.9949
21/05/2025,23:00:00,499.9062,353.5,121.2375,47.6125,319.1,35.6812,329.9375,329.9062,2.4062,3.5875,3.9641,3.2984,-1.0887,-3.2515,13.8671,13.768
22/05/2025,00:00:00,296.0125,316.8125,131.5,47.2562,304.775,36.4437,303.5625,303.6875,3.0266,5.4125,5.7953,4.3953,-0.6994,-1.8995,12.8434,12.754
22/05/2025,01:00:00,270.725,303.4688,123.7125,46.9062,289.525,36.925,289,289.0625,3.0234,5.3344,5.7859,4.3984,-0.66,-1.755,12.9002,12.8158
22/05/2025,02:00:00,338.6188,316.5,125.175,47.5125,299.25,36.1063,298.9062,299.0312,2.975,5.2859,5.3047,4.0594,-0.7816,-2.135,13.0887,12.9945
22/05/2025,03:00:00,315.1375,311.875,124.05,46.8625,295.85,36.2125,295.3438,295.4062,3.0281,5.1547,5.2719,4.2188,-0.7646,-2.0585,13.1619,13.0871
22/05/2025,04:00:00,492.15,321.6875,114.6,47.2437,290.775,35.6,301.4375,301.6562,2.5625,3.9062,4.2031,3.5391,-1.2725,-3.883,14.8925,14.7901
22/05/2025,05:00:00,660.3438,361.4062,120.5,47.6812,319.225,35.4813,335.5312,335.6562,1.8078,2.4875,2.6031,2.2094,-1.3788,-4.5375,15.8545,15.7229
22/05/2025,06:00:00,493,357.9062,119.65,46.7625,319.3,35.3625,332,332.0312,2.3766,3.8734,4.0766,3.1375,-0.996,-3.059,13.4219,13.3341
22/05/2025,07:00:00,265.5187,311.9375,134.3125,47.625,303.925,37.0938,302.2812,302.25,3.5625,5.4609,5.1078,4.4109,-0.6521,-1.679,12.7654,12.6792
22/05/2025,08:00:00,662.3625,343.1562,114.4375,48.7437,300.7,36.0625,318.3125,318.375,1.8187,2.5938,2.9578,2.2141,-1.451,-4.97,16.576,16.4525
22/05/2025,09:00:00,463.0375,356.2812,121.675,48.925,323.55,36.6688,334.0938,334.0938,2.1734,3.0875,4.1078,3.3516,-0.8411,-2.5725,13.0644,12.9669
22/05/2025,10:00:00,263.8187,314.9375,130.85,49.4437,303.2,38.3687,302.875,302.9062,3.7234,5.6312,5.3859,4.9141,-0.7178,-1.6815,12.6776,12.585
22/05/2025,11:00:00,268.4938,305.6875,119.3,49.85,289.025,38.7812,291.5,291.5312,3.6281,5.9937,5.9156,4.9437,-0.7221,-1.827,12.8271,12.7247
22/05/2025,12:00:00,267.9625,305,121.525,50.0125,289.35,38.95,289.875,289.9375,3.5312,5.9844,5.925,4.8,-0.7759,-1.8925,12.793,12.7134
22/05/2025,13:00:00,268.1749,304.8438,121.5,50.1875,289.6,39.1187,290.375,290.4062,3.7406,5.3781,5.3656,4.6953,-0.6968,-1.828,12.9246,12.8434
22/05/2025,14:00:00,268.1749,305.8125,121.625,50.1125,290.675,38.9562,291.5,291.625,3.5859,5.5922,5.4203,4.6422,-0.7213,-1.8615,12.9782,12.8986
22/05/2025,15:00:00,659.9187,362.3125,123.1125,50.125,320.7,37.3625,336.5625,336.6562,1.9328,2.6984,2.8781,2.3594,-1.4081,-4.4885,15.5295,15.4093
22/05/2025,16:00:00,660.025,360.125,124.7625,49.975,321.5,37.4688,336.5312,336.6562,2.0422,2.6641,2.8094,2.4031,-1.4996,-4.67,15.4125,15.2809
22/05/2025,17:00:00,425.6375,345.7812,122.0375,49.5062,315.95,37.5625,325.0312,325.0625,2.5344,4.1578,4.8656,3.8922,-1.0153,-2.648,12.8872,12.7865
22/05/2025,18:00:00,266.5812,312.25,128.8125,49.2875,297.45,38.9875,299.125,299.2188,3.4297,5.3891,5.4344,4.5703,-0.6854,-1.7465,12.8547,12.7442
22/05/2025,19:00:00,443.1687,333.5938,113,49.1062,301.6,37.3625,311.9375,312.0938,2.4953,3.8734,4.1641,3.6906,-0.8884,-2.7205,13.4804,13.3682
22/05/2025,20:00:00,337.025,315.125,122.5875,48.7562,298,38.05,301.5312,301.6562,2.9156,4.7219,4.6609,3.7359,-0.8306,-2.2455,13.1489,13.0627
22/05/2025,21:00:00,661.1937,369,124.2125,48.7375,325.125,37,340.9688,341,1.8875,2.5969,2.8109,2.3984,-1.3456,-4.5615,15.4677,15.3329
22/05/2025,22:00:00,491.0875,357.375,122.05,48.8312,324.275,36.7687,335.0625,335.1875,2.1437,3.0437,3.4953,2.9688,-0.9829,-2.782,13.0595,12.9539
22/05/2025,23:00:00,456.2374,346.4062,117.625,48.0625,315.6,36.7562,325.4688,325.5312,2.4453,4.0406,4.3109,3.9937,-0.8074,-2.542,13.3244,13.235
23/05/2025,00:00:00,265.7312,315.7188,131.1125,47.8937,302.1,37.875,301.4688,301.5,3.3125,5.1094,4.8172,3.9406,-0.7943,-1.871,12.754,12.6663
23/05/2025,01:00:00,266.0499,316.375,122.5875,47.7312,297.85,37.275,297.9062,297.9688,3.1922,5.1953,5.5687,4.6172,-0.6023,-1.622,12.7865,12.6922
23/05/2025,02:00:00,264.775,305.6562,122.25,47.325,290.425,37.4813,289.7812,289.8125,3.4141,5.1031,5.0109,4.4156,-0.6211,-1.729,12.8921,12.7962
23/05/2025,03:00:00,266.0499,305.125,123.675,47.3687,290.4,37.275,288.4688,288.5625,3.8766,5.6641,5.4203,4.3547,-0.7033,-1.804,12.897,12.8092
23/05/2025,04:00:00,265.0938,305.4688,123.525,47.05,291.175,36.7375,289.1875,289.3125,3.6094,5.4141,5.3562,4.8484,-0.6482,-1.7625,12.8417,12.741
23/05/2025,05:00:00,265.625,305.5938,124.0625,47.1375,291.875,36.7125,289.4375,289.5625,3.7516,5.5797,5.4969,4.9937,-0.7169,-1.8425,13.0173,12.9246
23/05/2025,06:00:00,432.3312,343.0625,115.125,46.6562,310.025,35.45,320.5938,320.5938,2.5453,3.8531,4.1687,3.6391,-0.9684,-2.7565,13.5324,13.4511
23/05/2025,07:00:00,268.7062,305.4688,129.025,47.8562,294.05,37.6312,295.3125,295.3438,3.3172,5.4187,5.6406,4.3312,-0.6836,-1.755,12.8255,12.7475
23/05/2025,08:00:00,484.3938,325.6875,110.3,48.7188,292.15,36.45,304.6875,304.8125,2.1375,3.0891,3.35,2.9922,-1.0852,-3.1705,14.3319,14.2425
23/05/2025,09:00:00,458.4688,340.625,115.1125,49.1437,306.5,36.8812,318.5938,318.625,2.7047,4.225,4.0766,3.7812,-0.9299,-2.8275,13.6396,13.5454
23/05/2025,10:00:00,266.9,305.1562,120.0375,50.0687,289.125,39.075,292.0938,292.0938,2.9047,5.5219,5.6109,4.6531,-0.7248,-1.784,12.962,12.8645
23/05/2025,11:00:00,273.4874,316.0625,129.125,50.3,303.25,39.275,301.0938,301.1875,2.5703,4.55,4.8187,4.15,-0.6801,-1.666,12.9327,12.8596
23/05/2025,12:00:00,268.3875,305,119.25,50.2687,288.7,39.0625,291.2188,291.2812,3.0453,5.7484,5.6656,4.2906,-0.7479,-1.8255,12.9685,12.8791
23/05/2025,13:00:00,268.2812,308.25,125.425,50.35,292.375,39.325,292.1875,292.2188,3.4641,5.3266,4.9781,4.0719,-0.7042,-1.759,12.9149,12.832
23/05/2025,14:00:00,268.2812,305.875,120.8125,50.2437,289.9,39.1312,290.7812,290.8438,3.3187,5.7453,5.7094,4.4859,-0.6876,-1.7995,13.014,12.923
23/05/2025,15:00:00,266.9,306.9375,120.875,50.5312,290.55,39.5125,291.2812,291.4062,3.3609,5.6984,5.5953,4.3141,-0.7449,-1.845,12.9051,12.832
23/05/2025,16:00:00,267.9625,307.375,121.1,50.3125,291.25,39.875,292.0938,292.2188,3.0766,5.9016,5.8984,4.5687,-0.7274,-1.8005,12.9522,12.8612
23/05/2025,17:00:00,268.9187,308.75,121.0625,49.8875,292.875,39.5562,294.25,294.375,2.8125,5.2422,5.3953,4.2328,-0.737,-1.7885,13.0887,13.0091
23/05/2025,18:00:00,302.1749,310.4062,121.525,49.3125,293.375,38.9625,295.5,295.625,2.8344,5.4406,5.6219,4.2,-0.7646,-2.069,13.3682,13.2708
23/05/2025,19:00:00,263.7125,317.5,131.975,49.2625,304.975,39.1875,303.3438,303.4062,3.0359,5.0672,5.1984,4.0437,-0.6237,-1.651,13.0156,12.9295
23/05/2025,20:00:00,265.3063,311.8438,120.7625,49.175,295.6,38.9813,297.7812,297.75,2.9359,5.5828,5.7297,4.275,-0.6477,-1.712,13.1472,13.0611
23/05/2025,21:00:00,263.075,311.9062,122.2375,48.5875,296.375,38.6875,297,297.0312,2.7687,5.2969,5.5453,4.3484,-0.6876,-1.742,13.092,12.9847
23/05/2025,22:00:00,264.9874,312.4375,122.775,48.8625,297.075,38.875,297.75,297.875,2.7391,5.4906,5.6984,4.1297,-0.6009,-1.6455,13.1505,13.0546
23/05/2025,23:00:00,265.5187,313.2812,122.4875,48.85,297.65,38.8312,298.625,298.6562,2.95,5.4406,5.3812,4.0031,-0.716,-1.7605,12.7767,12.7036
24/05/2025,00:00:00,266.0499,314.1875,122.8,48.075,298.875,38.1437,299.75,299.8438,2.9984,5.1781,5.5234,4.4641,-0.6596,-1.7395,12.91,12.8255
24/05/2025,01:00:00,264.0312,314.9688,123.0625,47.8375,299.85,37.9312,300.6562,300.75,2.9844,5.4422,5.5844,4.3937,-0.6539,-1.7285,12.9831,12.8921
24/05/2025,02:00:00,264.6687,316.1562,123.75,47.625,301,37.5062,301.7188,301.8125,3.0516,5.3531,5.4266,4.3094,-0.6736,-1.827,12.9295,12.8304
24/05/2025,03:00:00,263.5,322.875,124.0625,47.6,304.6,37.2125,306.3438,306.4062,3.05,5.5047,5.4844,4.15,-0.6679,-1.8225,13.1115,13.0238
24/05/2025,04:00:00,265.8375,318.75,125.2375,47.05,300.175,37.0625,302.4688,302.5,3.4109,5.6594,5.5484,4.325,-0.7151,-1.8035,12.9912,12.871
24/05/2025,05:00:00,265.0938,316.5312,124.2125,47.25,298.775,37.2188,300.1875,300.2188,3.4359,5.4781,5.3875,4.4797,-0.6854,-1.787,13.04,12.9457
24/05/2025,06:00:00,264.8812,312.2812,123.3875,47.325,295.975,37.225,296.125,296.2188,3.1375,5.5781,5.7469,4.6578,-0.7094,-1.784,12.7719,12.6841
24/05/2025,07:00:00,265.2,312.125,123.5375,48.825,295.75,38.325,296.75,296.8125,3.1906,5.5672,5.7734,4.7234,-0.6775,-1.7505,12.9002,12.8223
24/05/2025,08:00:00,264.8812,312.8125,122.0125,50.05,295.55,39.6187,298,298.0938,3.3469,4.9266,5.475,4.8047,-0.66,-1.7825,12.9376,12.8482
24/05/2025,09:00:00,509.15,367.7812,122.8125,50.05,325.95,38.5812,338.5,338.6562,2.2375,3.0547,3.6156,2.9656,-1.0568,-3.277,13.5974,13.495
24/05/2025,10:00:00,285.4938,341.6875,131.0625,51.0062,322.1,39.9625,325.4375,325.5,3.3484,4.8875,5.4719,4.0797,-0.6652,-1.7495,12.7101,12.6126
24/05/2025,11:00:00,266.1562,326.7188,121.6625,50.7562,303.275,39.7937,307.375,307.375,3.5625,5.1844,5.25,4.2609,-0.7431,-1.8145,12.6695,12.5801
24/05/2025,12:00:00,268.6,321.2812,119.7875,50.3812,298.675,39.1125,303.0625,303.125,3.4,5.4766,5.4516,4.1766,-0.7318,-1.8015,12.7638,12.6825
24/05/2025,13:00:00,267.5375,320.7812,120.725,50.7,298.5,39.4375,302.5938,302.5938,3.5516,5.4453,5.5734,4.2625,-0.6547,-1.743,12.936,12.8596
24/05/2025,14:00:00,267.6437,321.1562,120.55,50.9062,298.625,39.7062,302.7188,302.75,3.5391,5.3719,5.1719,4.2234,-0.7204,-1.8125,12.7605,12.6289
24/05/2025,15:00:00,268.7062,324,121.2,50.8125,301,39.9437,304.9062,305.0312,3.6734,5.4812,5.4906,4.2359,-0.7129,-1.791,12.7962,12.7069
24/05/2025,16:00:00,268.7062,320.9375,120.425,49.6312,300.125,39.1812,304.4688,304.5,3.1828,5.1625,5.3766,4.8422,-0.7024,-1.7945,12.7345,12.6467
24/05/2025,17:00:00,266.6875,310.125,119.775,48.9312,293.8,38.7687,297.125,297.2188,3.7219,5.4078,5.2344,4.3078,-0.6731,-1.754,12.923,12.819
24/05/2025,18:00:00,269.1312,306.25,121.1625,48.8875,292.275,38.8187,294.5312,294.5625,3.5938,5.6781,5.6844,4.3469,-0.7116,-1.8165,12.9653,12.8791
24/05/2025,19:00:00,267.75,305.1875,121.975,48.7687,292.375,38.7,292.7812,292.875,3.475,5.4797,5.8406,4.925,-0.6981,-1.828,12.9718,12.8856
24/05/2025,20:00:00,268.4938,306,122.2375,48.5437,293.025,38.5875,293.1562,293.2188,3.6094,5.525,5.5266,4.5484,-0.6937,-1.814,13.0367,12.9425
24/05/2025,21:00:00,270.0875,312.1562,126.55,48.3562,297.1,38.3187,297.375,297.5312,3.5859,5.4719,6.0234,4.6297,-0.6394,-1.7605,12.9994,12.9149
24/05/2025,22:00:00,267.325,312.0625,122.375,47.9875,296.2,37.75,297.2188,297.25,3.5219,5.6391,5.6125,4.6937,-0.6779,-1.7875,12.8986,12.8044
24/05/2025,23:00:00,268.1749,313.4062,123.025,47.5938,297.125,37.6625,297.8125,297.9375,3.675,5.1359,5.6203,4.8344,-0.695,-1.812,12.9555,12.8775
25/05/2025,00:00:00,267.2188,313.4062,123.8625,47.1937,298.05,37.2188,298.0312,298.0938,3.6094,5.4344,5.6984,4.6625,-0.7016,-1.8325,12.8921,12.8092
25/05/2025,01:00:00,269.025,313.9375,124.025,47.25,298.7,37.0438,298.5312,298.5938,3.7937,5.2844,5.6047,4.8719,-0.6666,-1.823,12.9701,12.884
25/05/2025,02:00:00,267.8562,312.875,122.9625,47.1562,297.125,37.1625,298,298.0625,3.5516,5.7656,6.1359,4.8656,-0.653,-1.744,12.9246,12.8174
25/05/2025,03:00:00,269.025,312.7812,124.025,47.1812,297.55,37.1437,297.4688,297.5,3.8734,5.7156,5.4219,4.4078,-0.7252,-1.862,12.9002,12.8239
25/05/2025,04:00:00,267.6437,318.2812,123.8625,47.1062,300.125,36.6875,300.3125,300.375,3.9406,5.7016,5.725,4.7031,-0.6933,-1.8795,12.845,12.7524
25/05/2025,05:00:00,267.5375,316.0938,123.15,47.175,297.525,36.825,297.6562,297.7188,3.8719,5.7578,5.9406,4.7672,-0.6705,-1.8355,12.9766,12.871
25/05/2025,06:00:00,267.2188,308.7812,124.4,46.8625,294.25,36.3,293.8125,293.9062,3.7719,5.475,5.775,4.8156,-0.7068,-1.8395,12.7881,12.7134
25/05/2025,07:00:00,264.0312,304.4375,124.6875,46.9812,292.3,36.275,290.0625,290.0625,3.8375,5.8609,5.7781,4.5828,-0.7304,-1.832,12.8678,12.7784
25/05/2025,08:00:00,267.75,305.0312,123.425,48.2312,292.075,37.6187,290.6875,290.7812,3.7016,5.5719,5.6391,4.7047,-0.6482,-1.7955,12.8856,12.7849
25/05/2025,09:00:00,266.6875,306,122.925,49.3,292.375,38.5625,292.0938,292.1875,3.7453,5.4797,5.4594,4.6547,-0.7318,-1.8845,12.9653,12.8807
25/05/2025,10:00:00,267.75,309.0938,122.325,49.575,294,38.625,295.1875,295.25,3.5469,5.5797,5.8719,4.7687,-0.7169,-1.849,12.767,12.6841
25/05/2025,11:00:00,260.4187,310.75,121.6,49.55,294.375,39,296.8125,296.875,3.7641,5.4594,5.6062,4.6453,-0.7681,-1.8535,12.8092,12.7183
25/05/2025,12:00:00,264.8812,311.5625,122.6,48.8312,295.65,38.4813,296.8438,296.9375,3.9344,5.6469,5.7812,4.8156,-0.6924,-1.83,12.9344,12.8515
25/05/2025,13:00:00,267.0062,310.9688,121.3625,49.825,295,38.775,297.4062,297.5312,3.8406,5.8109,5.7422,4.5703,-0.6994,-1.8135,12.8564,12.7703
25/05/2025,14:00:00,268.1749,311.0312,122.0625,48.8812,295.725,38.0312,297.2188,297.2188,3.7297,5.55,5.5031,4.2969,-0.7077,-1.8255,12.8239,12.7377
25/05/2025,15:00:00,268.0687,311.5938,122.9875,48.75,296.675,38.0125,297.4688,297.5625,3.4984,5.5625,5.8922,4.6922,-0.6609,-1.7675,12.8223,12.7361
25/05/2025,16:00:00,267.8562,313,123,49.2125,297.275,38.1125,298.9688,299.0625,3.5141,5.5938,5.6437,4.4641,-0.6814,-1.8645,12.8678,12.7719
25/05/2025,17:00:00,268.1749,314.4062,122.8375,49.5125,297.1,38.3875,300.2188,300.25,3.5125,5.7609,5.8687,4.6812,-0.6596,-1.846,12.936,12.8547
25/05/2025,18:00:00,268.0687,304.125,120.625,49.4688,290,38.9688,291.9062,291.9375,3.2062,5.4437,5.6078,4.4609,-0.6639,-1.76,12.8223,12.7296
25/05/2025,19:00:00,267.8562,302.5625,121.8375,48.25,289.95,38.425,289.8438,289.9062,3.5703,5.7156,5.8766,4.6109,-0.7265,-1.819,12.9002,12.8109
25/05/2025,20:00:00,267.5375,304.0312,123.05,47.775,291.4,37.9625,290.0938,290.1875,3.6453,5.4688,5.5578,4.4812,-0.6018,-1.713,13.014,12.91
25/05/2025,21:00:00,268.3875,305.0938,123.1375,47.8687,292.475,37.875,291.4062,291.5,3.3266,5.6234,5.8109,4.4859,-0.7182,-1.802,12.8678,12.7897
25/05/2025,22:00:00,268.0687,306.2812,123.375,47.625,293.325,37.6375,292.1875,292.1875,3.6016,5.4984,5.6719,4.5469,-0.6871,-1.8035,12.9409,12.8547
25/05/2025,23:00:00,268.2812,309.5,123.1875,47.3312,294.875,37.3937,294.25,294.3438,3.5578,5.3359,5.2859,4.4937,-0.674,-1.785,13.0644,12.9734
26/05/2025,00:00:00,268.1749,310.0938,123.8625,47.2125,295.825,37.1312,294.8438,294.9062,3.4094,5.6531,5.7672,4.4359,-0.6889,-1.805,12.9181,12.8287
26/05/2025,01:00:00,267.8562,309.3438,123.85,47.0062,295.75,37.1312,294.625,294.6875,3.6047,5.7812,5.7406,4.5406,-0.6578,-1.77,12.975,12.8856
26/05/2025,02:00:00,268.9187,309.9688,124.0375,46.9437,296.45,36.8687,295.1875,295.25,3.8844,5.6734,5.7141,4.4641,-0.7059,-1.818,12.78,12.6841
26/05/2025,03:00:00,268.3875,311.25,124.5375,46.8438,297.525,36.4625,296.0625,296.1562,4.1453,5.3625,5.4328,4.8719,-0.6574,-1.817,12.8759,12.7962
26/05/2025,04:00:00,268.1749,312.7812,124.1125,46.8062,298.25,36.5625,297.0625,297.125,3.75,5.8312,5.7375,4.3875,-0.723,-1.86,12.9116,12.8271
26/05/2025,05:00:00,268.8125,314.8125,125.575,46.6125,300.175,36.325,298.6562,298.75,3.9375,5.6219,5.6891,4.8078,-0.6709,-1.897,12.9799,12.8889
26/05/2025,06:00:00,268.6,312.5312,124.3375,47.1375,298.15,36.5,297.8438,297.8438,3.5906,5.7297,5.8328,4.7078,-0.6814,-1.879,13.0806,12.9912
26/05/2025,07:00:00,267.5375,303.9375,124.8,48.1312,291.325,37.5062,291.375,291.4375,3.6406,5.6937,5.7094,4.5125,-0.6259,-1.736,12.9295,12.8271
26/05/2025,08:00:00,268.2812,305.375,121.525,49.45,290.4,39.0437,289.875,289.9062,3.7687,5.5687,5.6906,4.7531,-0.6845,-1.839,12.9441,12.8612
26/05/2025,09:00:00,268.0687,305.6562,122.0625,49.8125,290.925,39.1562,290.2812,290.3125,3.8937,5.6906,5.5266,4.6016,-0.6552,-1.8075,13.0059,12.923
26/05/2025,10:00:00,267.8562,306.2188,121.575,50.2625,291.3,39.4187,291.1875,291.3125,3.7703,5.4906,5.7703,5.0938,-0.7676,-1.884,12.923,12.8125
26/05/2025,11:00:00,268.4938,307.4688,121.725,50.075,292.2,39.1062,292.1875,292.2812,3.9125,5.8859,5.8594,4.6953,-0.6911,-1.819,12.962,12.8596
26/05/2025,12:00:00,267.6437,312.4375,121.175,50.325,294.575,39.0875,296.2812,296.3125,3.7375,5.6969,5.975,4.8359,-0.7164,-1.8425,12.9246,12.8255
26/05/2025,13:00:00,267.8562,311.6562,121.225,50.1875,294.775,39.1625,296.0625,296.0938,4.0172,5.6703,5.5156,4.5297,-0.7392,-1.8715,12.9149,12.8158
26/05/2025,14:00:00,268.7062,312.3438,121.0125,50.4,295.175,39.4375,296.9062,296.9062,3.8187,5.3859,5.7359,4.8531,-0.6014,-1.745,13.0855,12.975
26/05/2025,15:00:00,267.8562,313.125,121.475,49.7812,296.375,38.7938,297.5938,297.625,3.8344,5.675,5.8906,4.8484,-0.7339,-1.8935,12.8352,12.7394
26/05/2025,16:00:00,280.9249,313.3125,121.9875,49.9437,297.05,38.9125,298.0938,298.1562,3.8328,5.6469,5.5953,4.675,-0.7681,-2.067,13.118,13.0189
26/05/2025,17:00:00,568.7562,375.3125,123.375,49.9937,327.825,37.425,343.3438,343.5625,2.1141,2.9391,3.2375,2.4828,-1.0988,-3.727,14.1547,14.0442
26/05/2025,18:00:00,346.6937,327.0312,120.7875,49.4875,304.825,37.7875,311.5,311.5312,3.0125,5.0266,5.0016,4.0562,-0.7983,-2.293,13.1944,13.0806
26/05/2025,19:00:00,466.65,348.125,118.9375,49.1687,314.275,37.05,326.2188,326.2812,2.4844,3.8422,4.2047,3.6531,-0.9422,-3.0885,14.0312,13.9191
26/05/2025,20:00:00,335.75,320.125,125.9375,49.4062,305.95,37.9813,307.4375,307.4062,3.2094,5.3062,5.4344,4.2781,-0.7479,-2.191,13.1814,13.0627
26/05/2025,21:00:00,425.9562,338.5312,115.9,49.3062,308.9,37.3062,319.1875,319.2812,2.7625,4.1141,4.2812,3.6719,-0.8809,-2.589,13.3471,13.2301
26/05/2025,22:00:00,266.475,312.875,126.3,49.225,297.55,38.3062,298.9688,299.0312,3.4969,5.6031,5.1156,4.2375,-0.6736,-1.694,12.9246,12.8223
26/05/2025,23:00:00,268.2812,304.1875,121.475,48.8438,289.975,38.15,290.4688,290.4688,3.5969,5.5453,5.7562,4.7172,-0.6705,-1.787,12.8824,12.7703
27/05/2025,00:00:00,268.0687,305.4062,122.825,48.7188,291.175,38.0812,290.4062,290.4688,3.6656,5.5156,5.4047,4.7359,-0.6718,-1.8095,12.9718,12.8726
27/05/2025,01:00:00,267.9625,305.5312,122.55,48.8062,291.75,38.0938,291.3125,291.375,3.5312,5.3469,5.5734,4.8234,-0.6924,-1.8085,12.871,12.7621
27/05/2025,02:00:00,267.4313,306.875,122.425,48.8125,292.7,38.0187,292.3125,292.3125,3.6859,5.5328,5.6969,4.9859,-0.6788,-1.8025,12.9604,12.8596
27/05/2025,03:00:00,269.9812,310.6562,123.825,48.425,295.15,37.85,295.3438,295.4062,3.6937,5.7437,5.8969,4.8047,-0.6407,-1.811,13.0238,12.9132
27/05/2025,04:00:00,268.9187,310.7812,122.775,47.2625,295.775,36.8125,295.625,295.6875,3.9203,5.65,5.3937,4.6344,-0.6849,-1.824,12.8564,12.7524
27/05/2025,05:00:00,267.8562,310.25,124.4625,46.7625,297,36.25,295.375,295.4375,3.7937,5.6609,5.5609,4.8234,-0.6889,-1.8395,13.053,12.9262
27/05/2025,06:00:00,466.1188,351.9688,116.4375,47.1312,316.875,35.1562,328.5938,328.7188,2.4656,3.5875,4.2172,3.5766,-1.0236,-3.045,13.6737,13.5632
27/05/2025,07:00:00,269.025,315.75,123.3375,48.7312,298.1,38.1125,301.1875,301.25,3.8094,5.4422,5.5078,4.7672,-0.7103,-1.8675,12.7605,12.689
27/05/2025,08:00:00,298.775,312.1562,119.6625,49.7312,292.65,38.9875,296.5312,296.5312,3.8094,5.4703,5.2344,4.5641,-0.6464,-1.9215,13.0806,12.9782
27/05/2025,09:00:00,265.2,309.0625,120.425,50.1937,290.325,39.75,292.125,292.1875,3.8578,5.8484,5.9328,5.0922,-0.6705,-1.8005,12.78,12.6711
27/05/2025,10:00:00,266.475,307.4375,121.3,49.85,290.375,39.1312,290.5625,290.6562,3.9812,5.9781,5.9641,5.1687,-0.7414,-1.83,12.9425,12.8092
27/05/2025,11:00:00,265.3063,307.9062,122.95,48.3562,291.675,37.5187,290.625,290.6875,3.8219,5.7344,5.6531,4.9312,-0.6561,-1.796,13.0075,12.8921
27/05/2025,12:00:00,266.1562,310.6875,122.85,49.1125,293.125,38.025,292.625,292.6875,4.0641,5.5437,5.4016,4.6859,-0.6709,-1.789,12.8092,12.6857
27/05/2025,13:00:00,266.2625,311.4062,122.125,49.8312,293.45,38.7437,293.625,293.7188,4.1187,5.7906,5.6922,4.7953,-0.7274,-1.871,12.9555,12.858
27/05/2025,14:00:00,266.7937,311.0625,121.975,49.275,293.7,38.35,294.125,294.1562,3.8547,5.3281,5.5312,4.8,-0.6779,-1.829,12.9457,12.8385
27/05/2025,15:00:00,426.0625,347.7188,116.6875,49.4375,313.475,37.325,323.75,323.7812,2.775,3.9094,4.1828,3.8641,-0.9094,-2.6405,13.287,13.1781
27/05/2025,16:00:00,466.5437,356.875,119.25,49.4187,318.2,37.225,330.5938,330.75,2.3516,4.2234,4.5078,3.4,-0.9671,-3.0625,13.6949,13.5925
27/05/2025,17:00:00,460.0625,353.2812,120.425,49.375,318.65,37.1562,330.3438,330.4062,2.5531,3.9219,3.8906,3.5875,-0.9903,-3.0145,13.5779,13.469
27/05/2025,18:00:00,385.7937,324.125,120.3625,49.2437,302.975,37.3875,310.3125,310.2812,2.7641,4.9766,4.9734,3.7812,-0.8604,-2.474,13.287,13.1733
27/05/2025,19:00:00,264.9874,307.5312,123.7375,48.8312,291.75,38.3312,292.7188,292.75,3.5875,5.3719,5.1469,4.3906,-0.6176,-1.7,13.0871,12.9587
27/05/2025,20:00:00,265.4125,302,121.8,48.7875,288.2,38.05,286.8438,286.8438,3.7391,5.5562,5.7188,4.9391,-0.6819,-1.8185,13.0969,12.9815
27/05/2025,21:00:00,264.775,301.9375,122.8625,48.6125,288.75,38.15,286.5,286.5938,3.9688,5.8219,5.6219,4.9281,-0.6867,-1.8165,12.9734,12.8856
27/05/2025,22:00:00,264.8812,302,122.7875,48.0562,289.3,37.875,287.125,287.1562,3.9688,5.6234,5.5156,4.5984,-0.6346,-1.781,13.1278,13.0221
27/05/2025,23:00:00,267.5375,303.2812,122.875,47.8375,290.35,37.7188,288.375,288.4688,3.7781,5.5922,5.6109,4.9187,-0.7309,-1.8785,12.8482,12.7442
28/05/2025,00:00:00,268.0687,304.125,123.5,47.8687,291.475,37.575,289.375,289.4688,3.8578,5.7016,5.6609,5.0125,-0.6972,-1.846,12.9636,12.8547
28/05/2025,01:00:00,268.3875,307.5938,123.7375,47.5625,293.075,37.375,291.6562,291.75,3.9656,5.6844,5.5094,4.8312,-0.688,-1.842,12.936,12.8352
28/05/2025,02:00:00,268.4938,307.0625,123.4125,48.0562,293.375,37.4813,292.0312,292.0938,3.7828,5.5547,5.5234,4.9437,-0.7003,-1.8305,12.962,12.8612
28/05/2025,03:00:00,267.8562,308.1875,123.475,47.7188,294.125,37.3125,292.8438,292.9688,3.85,5.7531,5.6937,4.9375,-0.6863,-1.838,13.066,12.9587
28/05/2025,04:00:00,267.5375,308.0938,123.375,47.575,294.375,37.1125,293.1875,293.3125,3.8562,5.5328,5.7469,5.0516,-0.744,-1.9095,12.7036,12.5882
28/05/2025,05:00:00,267.1124,308.75,124.05,47.9375,294.875,37.2437,294.3438,294.375,4.1328,5.5562,5.6047,5.0109,-0.66,-1.7995,12.7426,12.6321
28/05/2025,06:00:00,267.0062,305.5625,123.45,47.8312,293.05,37.1125,293.0625,293.125,3.7922,5.4594,5.7562,5.1578,-0.6705,-1.794,12.767,12.6597
28/05/2025,07:00:00,267.5375,304.125,124.5625,48.3125,292.625,37.6187,291.9688,292.0312,3.3656,5.1422,5.4953,5.0781,-0.7427,-1.9145,12.8791,12.78
28/05/2025,08:00:00,267.5375,304.6562,123.6625,49.3625,292.175,38.4875,293.25,293.2812,3.9875,5.2672,5.2125,4.5875,-0.5904,-1.706,12.8775,12.7767
28/05/2025,09:00:00,268.1749,303.8438,121.675,50.3062,290.375,39.35,292.125,292.1562,3.7312,5.0891,5.2359,4.8094,-0.7318,-1.8105,12.6419,12.5362
28/05/2025,10:00:00,267.8562,302.6562,121.3375,50.4437,289.8,39.4375,291.625,291.6875,3.8375,5.4609,5.2937,4.8641,-0.6088,-1.7165,12.6435,12.5509
28/05/2025,11:00:00,268.1749,302.4062,121.2375,50.7312,289.275,39.4937,291.4375,291.5,-6.25,5.1219,5.2078,-6.25,-0.6718,-1.812,12.7491,12.6386
28/05/2025,12:00:00,266.6875,304.25,120.8375,50.1687,289.75,39.0875,292.0625,292.0938,-6.25,5.4797,5.0875,-6.25,-0.7514,-1.9535,12.8872,12.7816
28/05/2025,13:00:00,268.2812,304.1562,122.05,50.125,290.6,38.8812,292.6875,292.7812,-6.25,5.1203,5.2016,-6.25,-0.6972,-1.974,12.8596,12.7491
28/05/2025,14:00:00,268.0687,307.1562,120.95,49.5812,291.65,38.4813,294.3125,294.375,-6.25,4.9781,5.4859,-6.25,-0.6539,-1.87,12.8109,12.7036
28/05/2025,15:00:00,268.3875,305.0312,122.225,49.7,291.75,38.5812,293.7812,293.7812,-6.25,4.7953,5.2453,-6.25,-0.6302,-1.797,12.8271,12.7166
28/05/2025,16:00:00,650.9938,360.3125,123.1875,49.4688,318.35,37.0062,333.4062,333.6562,2.35,2.7766,2.8453,-6.25,-1.3456,-4.5195,14.7804,14.6666
28/05/2025,17:00:00,463.25,350.6875,125.8625,49.3438,321.075,37.1875,330.0312,330.0938,3.6828,4.3344,4.3922,-6.25,-0.982,-2.926,13.1034,12.9912
28/05/2025,18:00:00,264.0312,316.1875,128.425,47.7437,300.7,35.85,298.5312,298.5625,3.6828,5.6234,5.3469,6.0109,-0.7164,-1.7865,12.494,12.4274
28/05/2025,19:00:00,304.0875,303.625,116.9875,45.8812,287.975,34.2562,287.9375,288.0312,5.1703,4.8,4.6187,5.7734,-0.7746,-1.879,12.5557,12.5492
28/05/2025,20:00:00,293.5687,290.375,117.375,45.5375,279.475,34.2875,277.1562,277.2812,5.35,4.9547,4.75,5.5328,-0.7112,-2.028,13.1554,13.0725
28/05/2025,21:00:00,663.6375,348.0312,116.6125,45.5187,309.35,33.6187,324.25,324.3438,2.7109,2.1375,2.25,3.0562,-1.2616,-4.2585,14.8275,14.717
28/05/2025,22:00:00,432.9688,326.125,117.1,45.3125,300.825,33.1625,308.8125,308.9062,4.4078,4.5125,4.3156,5.2031,-0.7619,-2.5,12.8807,12.8044
28/05/2025,23:00:00,265.9437,295.0625,115.2,45.7875,281.175,33.975,281.75,281.8125,5.3078,5.2547,5.1469,5.4734,-0.6512,-1.7445,12.819,12.7329
29/05/2025,00:00:00,266.2625,290.5,117.0875,46.4,278.225,34.5312,275.0625,275.125,5.5437,5.5672,5.4312,5.9703,-0.7462,-1.828,12.5119,12.442
29/05/2025,01:00:00,265.7312,290.2812,117.3875,47.0437,277.45,35.175,274.2812,274.375,5.4781,5.2,4.9859,6.1187,-0.7016,-1.8425,12.7345,12.663
29/05/2025,02:00:00,267.0062,290.6562,116.5,47.2937,277.275,35.7188,274.75,274.7812,5.5859,5.3797,4.9312,5.6891,-0.6451,-1.9025,12.8596,12.78
29/05/2025,03:00:00,265.2,293.0312,117.1875,46.625,278.5,35.4375,275.7188,275.8125,5.0437,4.8672,4.8266,5.8797,-0.7086,-2.05,12.7767,12.6939
29/05/2025,04:00:00,265.8375,292.9375,117.075,46.7312,278.8,35.2687,276.1562,276.25,5.4,5.2906,4.9453,6.0969,-0.6482,-2.063,12.7897,12.7199
29/05/2025,05:00:00,264.9874,291.9375,116.325,47.2312,278.925,36.0187,276.0625,276.125,5.4469,5.3516,5.1359,6.0234,-0.6968,-1.8045,12.7995,12.7264
29/05/2025,06:00:00,265.625,292.6875,116.525,47.3125,279.075,36.1187,276.6875,276.7812,5.3141,5.3984,5.1437,6.0406,-0.6976,-1.913,12.7914,12.7085
29/05/2025,07:00:00,266.1562,290.4688,115.5375,48.325,277.425,36.9688,276.5,276.625,5.4375,5.4531,5.2687,5.9578,-0.6569,-1.952,12.8092,12.7394
29/05/2025,08:00:00,265.8375,289.875,114.8875,49.2375,276.925,37.5375,275.875,275.9688,5.2609,5.1609,4.9094,5.8562,-0.6337,-1.9265,12.767,12.702
29/05/2025,09:00:00,260.6312,309.1562,119.0125,49.9187,293.95,38.1375,293.0625,293.0312,5.0406,4.7594,4.8734,5.8937,-0.6281,-1.608,12.6386,12.5557
29/05/2025,10:00:00,264.6687,299.1875,111.6625,49.9562,279.625,38.1063,282.625,282.625,5.4187,-6.25,-6.2453,5.9703,-0.6355,-1.7105,12.715,12.6467
29/05/2025,11:00:00,264.775,295.2188,113.525,50.625,278.25,38.8062,279.375,279.375,5.3344,-6.25,-6.25,6.0922,-0.6587,-1.8175,12.65,12.5834
29/05/2025,12:00:00,265.625,295.0938,113.2375,51.5,277.25,39.9875,278.9375,278.9688,5.525,-6.25,-6.25,6.1359,-0.6985,-2.0195,12.8515,12.7784
29/05/2025,13:00:00,264.5625,296.9375,111.9875,51.1875,277.375,39.6,279.7812,279.8125,5.4031,-6.25,-6.25,5.7125,-0.7164,-2.179,12.8775,12.793
29/05/2025,14:00:00,265.2,296,112.1125,50.375,277.95,39.1562,279.4688,279.5625,5.4375,-6.25,-6.25,6.1344,-0.6421,-1.883,12.8255,12.7556
29/05/2025,15:00:00,289.5312,299.7188,112.4375,50.1187,280.6,38.925,282.7188,282.8438,5.3844,5.4969,5.5141,5.8734,-0.674,-1.9145,12.8824,12.7946
29/05/2025,16:00:00,660.1312,353.375,119.125,49.1062,310.625,36.875,326.4688,326.5625,2.8547,2.725,2.7984,3.9625,-1.2703,-4.41,14.9705,14.8324
29/05/2025,17:00:00,441.3624,334.5625,122.2125,47.4625,309.2,35.5438,317.0312,317.0938,3.775,3.8391,4.0922,5.3094,-0.8289,-2.618,12.9067,12.7914
29/05/2025,18:00:00,265.7312,304.875,120.225,48.4187,288.6,36.575,289.5,289.5312,5.4469,5.3844,5.2953,5.7797,-0.6561,-1.736,12.5882,12.5216
29/05/2025,19:00:00,265.8375,296,116.9875,48.375,281.375,36.5125,280.375,280.4062,5.7453,5.5266,5.2312,5.7734,-0.6635,-1.723,12.6646,12.5899
29/05/2025,20:00:00,265.0938,291.5312,114.85,49.0687,277,37.4125,275.875,275.8438,5.8594,5.5859,5.4844,6.2297,-0.6189,-1.728,12.6987,12.6224
29/05/2025,21:00:00,266.0499,291.4062,114.9125,49.4125,276.35,37.65,275.7188,275.8125,5.5156,4.9937,5.1125,6.3922,-0.6447,-1.8965,12.9084,12.8239
29/05/2025,22:00:00,266.6875,291.25,114.3,50.2562,276.125,38.4875,276.375,276.4375,5.7609,5.4672,5.3641,6.2266,-0.6556,-2.0035,12.8369,12.7556
29/05/2025,23:00:00,266.3688,292.3125,114.05,49.4062,276.525,38.1125,276.7188,276.8438,5.4391,5.4391,5.575,6.5094,-0.6622,-2.09,12.9067,12.8255
30/05/2025,00:00:00,265.4125,292.8125,113.8125,49.0875,277.6,37.5562,277.1875,277.2812,5.7781,5.6531,5.5187,5.8094,-0.6237,-1.7285,12.5362,12.4599
30/05/2025,01:00:00,265.0938,293.8125,115.6375,48.35,278.825,37.3687,278.0625,278.2188,5.6531,5.6922,5.5797,6.1641,-0.674,-1.813,12.5882,12.4972
30/05/2025,02:00:00,266.2625,298.2188,115.625,47.75,281.025,36.9688,281.0625,281.1875,5.7156,5.4828,5.2578,5.9969,-0.6241,-1.904,12.8076,12.7296
30/05/2025,03:00:00,265.0938,298.3438,115.875,48.7562,281.35,36.9813,281.8125,281.8438,5.5031,5.3062,5.3187,6.1203,-0.6793,-2.0335,12.7394,12.6597
30/05/2025,04:00:00,265.7312,298.3125,115.475,49.075,281.175,37.0687,281.875,281.9688,5.7359,5.6766,5.5141,6.0609,-0.6456,-2.055,12.8271,12.7605
30/05/2025,05:00:00,265.9437,295,115.325,48.9,280.625,37.0312,280.2188,280.3438,5.8172,5.5875,5.4906,6.1359,-0.6259,-1.805,12.7605,12.6841
30/05/2025,06:00:00,266.2625,300.1562,114.85,48.85,281.025,37.2313,281.9375,282.0312,5.6562,5.7609,5.6359,6.0828,-0.6254,-1.7695,12.5947,12.5151
30/05/2025,07:00:00,265.8375,299.3438,115.55,49.5687,281.05,37.8563,281.8438,281.9688,5.6203,5.4297,5.3703,5.8641,-0.6775,-1.9545,12.728,12.6614
30/05/2025,08:00:00,264.9874,297.5625,113.4,51.3125,279.175,39.95,281.7188,281.7812,5.6719,5.6266,5.4906,5.9016,-0.6631,-2.007,12.8759,12.7881
30/05/2025,09:00:00,266.3688,297.1562,112.05,52.0187,278.525,40.7062,282,282.0625,5.7297,5.6734,5.5203,5.8187,-0.6565,-1.9395,12.7296,12.6321
30/05/2025,10:00:00,266.2625,296.7812,111.2875,51.6312,279.15,40.3375,282.375,282.4062,5.9281,5.8359,5.6781,6.2516,-0.6648,-1.753,12.7247,12.6451
30/05/2025,11:00:00,261.5875,297.1875,112.6375,52.375,279.025,41.1437,282.6562,282.6875,5.6453,5.5125,5.4469,6.1266,-0.6193,-1.8305,12.7979,12.7134
30/05/2025,12:00:00,264.8812,298.7812,111.7375,53.4187,279,42.0812,283.3125,283.3438,5.6687,5.6531,5.6219,5.8797,-0.6386,-1.93,12.5801,12.4907
30/05/2025,13:00:00,266.2625,299.4688,110.1125,53.6875,278.375,42.3062,283.4375,283.5312,5.8484,5.7484,5.7031,5.9859,-0.6451,-2.0795,12.819,12.7329
30/05/2025,14:00:00,266.0499,300.0938,109.3875,54.1312,278.525,42.5875,283.9688,284.0312,5.6047,5.5969,5.5437,5.7422,-0.604,-1.8605,12.7507,12.663
30/05/2025,15:00:00,265.9437,300.7812,109.4125,54.15,279.425,42.7375,284.7812,284.875,5.5078,5.5125,5.4234,5.9844,-0.7024,-1.83,12.7036,12.6143
30/05/2025,16:00:00,439.45,326.3438,113.875,52.175,297.025,40.925,306.5312,306.6562,3.4875,3.6281,3.3687,4.5797,-0.961,-2.8375,13.2886,13.1797
30/05/2025,17:00:00,436.5812,333.2812,122.5,51.6812,306.55,40.6312,314.2812,314.3125,3.5859,3.9594,4.0875,5.2984,-0.9094,-2.7615,12.585,12.4664
30/05/2025,18:00:00,266.5812,305.5938,120.5375,51.975,288,40.6,291.125,291.2188,5.7516,5.625,5.2547,5.7656,-0.7856,-1.8245,12.5882,12.5119
30/05/2025,19:00:00,454.5375,318.4375,107.7375,50.1812,285.1,38.0062,296.625,296.8438,3.7047,3.725,3.6453,4.6891,-0.9557,-2.9305,13.7339,13.612
30/05/2025,20:00:00,426.5938,321.1562,117.3,49.7687,299.5,38.6375,306.625,306.7188,4.0578,3.7672,3.8172,5.1219,-0.8717,-2.5055,13.0384,12.9051
30/05/2025,21:00:00,468.0312,322.75,115.55,49.2687,295.9,38.0625,304.9375,305,3.7516,3.4406,3.4453,4.9406,-0.8569,-2.875,13.4657,13.3813
30/05/2025,22:00:00,426.9125,322.3125,116,48.8937,298.525,37.7625,306.25,306.25,3.6547,3.3453,3.4297,5.4156,-0.8884,-2.7095,12.9718,12.8629
30/05/2025,23:00:00,468.4563,326.6875,116.125,48.7062,300.325,37.5312,309.0312,309.0938,3.9484,3.3406,3.7984,5.7078,-0.9492,-2.937,13.1278,13.0124
31/05/2025,00:00:00,265.3063,309.9688,119.375,49.6812,294.825,38.4375,295.3125,295.2812,5.4688,5.0984,4.8922,5.5891,-0.6333,-1.6325,12.6711,12.5736
31/05/2025,01:00:00,267.75,296.6562,111.9125,49.025,279,37.7375,282.125,282.1562,5.8922,5.6297,5.3594,5.9469,-0.6569,-1.7975,12.5606,12.4875
31/05/2025,02:00:00,267.0062,294.0625,114.25,49.3625,278.6,37.7125,279.1875,279.1875,5.5297,5.5578,5.5203,6.1234,-0.6294,-1.9025,12.7345,12.6711
31/05/2025,03:00:00,267.4313,293.375,114.8,48.775,278.225,37.65,278.125,278.0938,5.6672,5.6797,5.5766,5.8172,-0.6526,-2.047,12.897,12.8109
31/05/2025,04:00:00,267.75,294,114.9375,48.6687,278.625,37.25,278.3438,278.4688,5.7656,5.7812,5.5734,5.6203,-0.737,-2.1715,12.7816,12.6906
31/05/2025,05:00:00,267.325,295.7812,114.6375,48.7062,280.25,37.5875,279.5938,279.6875,5.7625,5.6234,5.4406,5.9234,-0.6771,-1.7905,12.676,12.585
31/05/2025,06:00:00,267.8562,296,115.1625,48.7812,280.3,37.65,280.1562,280.25,5.7406,5.4453,5.5125,5.8031,-0.6499,-1.8555,12.6289,12.5444
31/05/2025,07:00:00,267.8562,295.1562,114.725,50.6687,279.35,39.3625,280.75,280.7812,5.7031,5.5672,5.4234,6.0578,-0.7077,-2.082,12.7995,12.7442
31/05/2025,08:00:00,267.6437,294.4688,111.8875,51.3812,277.325,40.1437,280.375,280.4688,5.8469,5.5594,5.2656,5.7578,-0.6416,-1.8795,12.8401,12.7589
31/05/2025,09:00:00,267.4313,294.6562,112.0125,52.575,277.5,41.5187,280.7812,280.8438,5.6609,5.5984,5.5125,6.5484,-0.6075,-1.8995,12.5996,12.5216
31/05/2025,10:00:00,267.6437,296.8125,110.95,54.1,278.125,43.075,281.9062,282.0312,5.7328,5.425,5.3484,6.3328,-0.681,-1.807,12.7865,12.7118
31/05/2025,11:00:00,268.6,296.9375,110.8375,54.9937,277.625,43.8687,282.25,282.3125,5.8094,5.6437,5.4922,6.4125,-0.6858,-1.8525,12.676,12.598
31/05/2025,12:00:00,267.4313,297.1562,111.25,55.4937,276.075,44.025,280.9062,281,5.8109,5.6719,5.5594,5.6219,-0.6569,-1.723,12.5736,12.507
31/05/2025,13:00:00,266.6875,299.3125,116.15,51.0875,280.925,39.9437,284.8125,284.875,5.5781,4.9437,5.2453,5.85,-0.6075,-1.8385,12.8255,12.7069
31/05/2025,14:00:00,266.5812,293.375,107.825,51.725,274.225,39.4562,278.6875,278.6875,5.2312,5.3109,5.5125,6.1781,-0.674,-1.854,12.6012,12.5249
31/05/2025,15:00:00,266.3688,295.25,112.0125,48,277.875,37.5687,279.4375,279.5,5.9828,5.3187,5.4859,6.4984,-0.6587,-1.8255,12.7183,12.6321
31/05/2025,16:00:00,267.1124,293.375,116.175,49.6812,278.25,38.05,278.5625,278.6562,6.0562,5.2953,5.1937,6.0219,-0.7099,-1.9235,12.7118,12.611
31/05/2025,17:00:00,266.7937,294.3125,113.8875,50.0062,278.025,38.375,279.5,279.5,5.9375,5.25,5.0891,6.2516,-0.6718,-1.9935,12.7605,12.6776
31/05/2025,18:00:00,267.75,294.75,114.2125,50.25,278.275,38.65,279.7188,279.8438,5.8656,5.4109,5.85,5.5219,-0.6429,-2.054,12.8271,12.7377
31/05/2025,19:00:00,266.9,296.1562,117.175,50.4937,281.075,38.85,280.4375,280.4688,5.8453,5.1453,5.1609,6.125,-0.6823,-1.8675,12.5655,12.4729
31/05/2025,20:00:00,267.75,294.5625,122.3375,51.2,281.8,39.7,279.3125,279.375,5.7328,5.1125,5.3047,6.7141,-0.6814,-1.7895,12.5931,12.5103
31/05/2025,21:00:00,266.6875,294.625,120.5125,51.4875,281.375,40.1312,279.6562,279.7188,5.9844,5.4281,5.3109,6.3984,-0.6202,-1.8045,12.7329,12.6516
31/05/2025,22:00:00,267.1124,294.7812,120.4,51.325,281.5,40.05,280.0312,280.125,5.2531,5.1812,5.4437,6.4016,-0.6779,-1.969,12.754,12.6727
31/05/2025,23:00:00,266.7937,296.125,120.9625,50.5562,282.475,39.3687,280.0625,280.1562,5.4766,5.2344,5.3125,6.3391,-0.6591,-2.028,12.8369,12.7556
01/06/2025,00:00:00,267.4313,296.0938,120.2625,50.8625,282.65,39.6062,280.2188,280.2812,5.7016,5.2188,5.2562,6.2469,-0.6841,-1.8295,12.6045,12.5265
*** END OF DATA ***
